credit_id,customer_id,as_of_date,credit_score,num_open_accounts,num_credit_inquiries_6m,credit_utilization_ratio,num_late_payments_30d,num_late_payments_90d,num_defaults_prior,bankruptcies,total_credit_limit,total_outstanding_debt,oldest_account_age_months
CR500001,CUST100001,2024-06-30,631,4,1,0.707,2,0,0,0,184000,130100,6
CR500002,CUST100002,2024-06-30,429,5,1,0.748,3,2,1,1,58000,43400,66
CR500003,CUST100003,2024-06-30,503,2,4,0.658,2,2,0,0,128000,84200,30
CR500004,CUST100004,2024-06-30,576,5,4,0.373,0,0,0,0,218000,81300,344
CR500005,CUST100005,2024-06-30,681,6,1,0.155,1,1,0,0,91000,14100,105
CR500006,CUST100006,2024-06-30,701,6,0,0.583,0,0,0,0,413000,240800,340
CR500007,CUST100007,2024-06-30,669,2,1,0.511,0,0,0,0,156000,79700,68
CR500008,CUST100008,2024-06-30,657,3,0,0.227,0,0,0,0,648000,147100,6
CR500009,CUST100009,2024-06-30,553,4,3,0.642,0,0,1,0,229000,147000,75
CR500010,CUST100010,2024-06-30,676,1,2,0.316,1,0,0,0,586000,185200,193
CR500011,CUST100011,2024-06-30,618,7,1,0.417,4,0,0,0,417000,173900,182
CR500012,CUST100012,2024-06-30,548,2,5,0.39,0,0,0,0,129000,50300,234
CR500013,CUST100013,2024-06-30,693,6,3,0.122,1,0,0,0,85000,10400,92
CR500014,CUST100014,2024-06-30,452,3,4,0.465,3,2,0,0,118000,54900,6
CR500015,CUST100015,2024-06-30,588,7,2,0.386,2,0,0,0,188000,72600,27
CR500016,CUST100016,2024-06-30,621,4,1,0.599,4,1,0,0,216000,129400,132
CR500017,CUST100017,2024-06-30,618,4,2,0.077,2,0,0,0,71000,5500,8
CR500018,CUST100018,2024-06-30,738,4,2,0.228,0,0,0,0,1015000,231400,406
CR500019,CUST100019,2024-06-30,722,6,1,0.29,0,0,0,0,278000,80600,328
CR500020,CUST100020,2024-06-30,631,3,3,0.467,4,0,0,0,257000,120000,178
CR500021,CUST100021,2024-06-30,736,3,0,0.427,0,0,0,0,474000,202400,284
CR500022,CUST100022,2024-06-30,504,4,3,0.603,3,3,0,0,96000,57900,134
CR500023,CUST100023,2024-06-30,613,5,2,0.446,1,0,0,0,174000,77600,365
CR500024,CUST100024,2024-06-30,686,3,0,0.183,0,0,0,0,329000,60200,186
CR500025,CUST100025,2024-06-30,597,4,1,0.205,5,1,0,0,130000,26600,68
CR500026,CUST100026,2024-06-30,767,5,1,0.85,0,0,0,0,1082000,919700,376
CR500027,CUST100027,2024-06-30,621,5,2,0.159,2,1,0,0,325000,51700,195
CR500028,CUST100028,2024-06-30,642,1,0,0.646,0,0,0,0,68000,43900,171
CR500029,CUST100029,2024-06-30,709,7,1,0.518,0,0,0,0,377000,195300,110
CR500030,CUST100030,2024-06-30,566,1,0,0.747,2,1,0,0,274000,204700,222
CR500031,CUST100031,2024-06-30,714,3,2,0.642,1,0,0,0,433000,278000,289
CR500032,CUST100032,2024-06-30,758,4,2,0.34,0,0,0,0,613000,208400,249
CR500033,CUST100033,2024-06-30,663,0,1,0.251,0,0,0,0,233000,58500,115
CR500034,CUST100034,2024-06-30,649,4,0,0.641,1,0,0,0,266000,170500,6
CR500035,CUST100035,2024-06-30,416,3,1,0.274,2,2,2,0,37000,10100,423
CR500036,CUST100036,2024-06-30,589,3,4,0.154,4,0,0,0,353000,54400,141
CR500037,CUST100037,2024-06-30,724,4,1,0.103,1,0,0,0,281000,28900,266
CR500038,CUST100038,2024-06-30,570,2,0,0.63,1,1,0,0,165000,104000,285
CR500039,CUST100039,2024-06-30,578,6,2,0.196,2,0,0,0,115000,22500,7
CR500040,CUST100040,2024-06-30,568,0,1,0.131,1,1,0,0,160000,21000,340
CR500041,CUST100041,2024-06-30,522,2,2,0.64,1,0,0,0,82000,52500,287
CR500042,CUST100042,2024-06-30,634,5,2,0.405,1,0,0,0,330000,133600,125
CR500043,CUST100043,2024-06-30,698,1,1,0.159,0,0,0,0,191000,30400,127
CR500044,CUST100044,2024-06-30,655,7,2,0.616,1,0,0,0,703000,433000,220
CR500045,CUST100045,2024-06-30,817,5,1,0.178,0,0,0,0,403000,71700,273
CR500046,CUST100046,2024-06-30,485,3,3,0.495,2,0,0,0,114000,56400,31
CR500047,CUST100047,2024-06-30,665,1,3,0.211,0,0,0,0,173000,36500,6
CR500048,CUST100048,2024-06-30,629,2,0,0.237,3,0,0,0,538000,127500,249
CR500049,CUST100049,2024-06-30,679,4,1,0.496,0,0,0,0,62000,30800,480
CR500050,CUST100050,2024-06-30,550,5,4,0.363,2,2,1,0,74000,26900,262
CR500051,CUST100051,2024-06-30,814,1,1,0.038,0,0,0,0,817000,31000,162
CR500052,CUST100052,2024-06-30,514,5,4,0.715,3,0,1,0,94000,67200,334
CR500053,CUST100053,2024-06-30,531,0,3,0.453,2,0,1,0,146000,66100,146
CR500054,CUST100054,2024-06-30,687,3,6,0.501,0,0,0,0,401000,200900,140
CR500055,CUST100055,2024-06-30,698,8,0,0.199,0,0,0,0,286000,56900,176
CR500056,CUST100056,2024-06-30,643,2,0,0.503,4,0,0,0,270000,135800,12
CR500057,CUST100057,2024-06-30,587,2,2,0.514,3,0,0,0,137000,70400,358
CR500058,CUST100058,2024-06-30,853,9,3,0.14,0,0,0,0,2853000,399400,139
CR500059,CUST100059,2024-06-30,721,6,1,0.348,0,0,0,0,234000,81400,182
CR500060,CUST100060,2024-06-30,668,7,1,0.492,0,0,0,0,206000,101400,249
CR500061,CUST100061,2024-06-30,820,3,0,0.053,0,0,0,0,355000,18800,332
CR500062,CUST100062,2024-06-30,799,4,2,0.28,1,0,0,0,612000,171400,270
CR500063,CUST100063,2024-06-30,710,5,1,0.419,0,0,0,0,248000,103900,433
CR500064,CUST100064,2024-06-30,577,8,2,0.285,1,1,0,0,245000,69800,20
CR500065,CUST100065,2024-06-30,790,4,2,0.506,0,0,0,0,619000,313200,6
CR500066,CUST100066,2024-06-30,632,2,1,0.136,2,0,0,0,351000,47700,352
CR500067,CUST100067,2024-06-30,716,4,0,0.362,2,2,0,0,366000,132500,56
CR500068,CUST100068,2024-06-30,660,3,3,0.475,0,0,0,0,598000,284000,277
CR500069,CUST100069,2024-06-30,520,5,3,0.648,1,1,0,0,48000,31100,6
CR500070,CUST100070,2024-06-30,699,2,0,0.406,0,0,0,0,447000,181500,321
CR500071,CUST100071,2024-06-30,790,2,0,0.36,1,0,0,0,1672000,601900,221
CR500072,CUST100072,2024-06-30,600,7,2,0.19,4,0,0,0,326000,61900,205
CR500073,CUST100073,2024-06-30,546,2,4,0.641,1,0,1,0,127000,81400,332
CR500074,CUST100074,2024-06-30,635,4,0,0.643,6,0,0,0,740000,475800,372
CR500075,CUST100075,2024-06-30,649,6,0,0.177,1,0,0,0,119000,21100,24
CR500076,CUST100076,2024-06-30,711,8,1,0.696,0,0,1,0,193000,134300,116
CR500077,CUST100077,2024-06-30,540,4,2,0.342,1,1,0,0,159000,54400,67
CR500078,CUST100078,2024-06-30,647,4,0,0.593,2,0,0,0,154000,91300,131
CR500079,CUST100079,2024-06-30,655,4,1,0.192,1,0,0,0,261000,50100,269
CR500080,CUST100080,2024-06-30,564,2,2,0.519,1,1,0,0,99000,51400,77
CR500081,CUST100081,2024-06-30,682,4,2,0.437,1,0,0,0,722000,315500,185
CR500082,CUST100082,2024-06-30,541,4,3,0.386,3,0,1,0,133000,51300,299
CR500083,CUST100083,2024-06-30,733,5,1,0.569,0,0,0,0,281000,159900,260
CR500084,CUST100084,2024-06-30,490,0,3,0.705,0,0,2,0,277000,195300,167
CR500085,CUST100085,2024-06-30,546,2,3,0.291,4,0,2,0,210000,61100,136
CR500086,CUST100086,2024-06-30,598,2,5,0.239,2,0,0,0,61000,14600,169
CR500087,CUST100087,2024-06-30,557,0,3,0.583,1,1,1,0,339000,197600,314
CR500088,CUST100088,2024-06-30,784,4,1,0.22,0,0,0,0,610000,134200,383
CR500089,CUST100089,2024-06-30,472,0,0,0.183,3,1,1,0,57000,10400,99
CR500090,CUST100090,2024-06-30,655,5,1,0.323,0,0,1,0,174000,56200,171
CR500091,CUST100091,2024-06-30,633,5,1,0.203,2,0,1,0,314000,63700,179
CR500092,CUST100092,2024-06-30,669,4,0,0.251,0,0,0,0,130000,32600,85
CR500093,CUST100093,2024-06-30,683,3,1,0.403,0,0,0,0,242000,97500,246
CR500094,CUST100094,2024-06-30,625,2,2,0.574,3,0,0,0,273000,156700,176
CR500095,CUST100095,2024-06-30,765,9,0,0.028,1,0,0,0,234000,6600,68
CR500096,CUST100096,2024-06-30,834,4,3,0.134,0,0,0,0,3651000,489200,163
CR500097,CUST100097,2024-06-30,749,6,2,0.079,0,0,0,0,362000,28600,300
CR500098,CUST100098,2024-06-30,614,7,0,0.516,3,0,0,0,75000,38700,209
CR500099,CUST100099,2024-06-30,688,2,1,0.075,0,0,0,0,95000,7100,21
CR500100,CUST100100,2024-06-30,576,4,3,0.589,0,0,0,0,258000,152000,152
CR500101,CUST100101,2024-06-30,601,4,0,0.571,2,0,0,0,380000,217000,242
CR500102,CUST100102,2024-06-30,644,1,2,0.423,4,0,0,0,169000,71500,315
CR500103,CUST100103,2024-06-30,395,3,1,0.325,2,2,0,1,74000,24000,91
CR500104,CUST100104,2024-06-30,610,3,1,0.949,1,0,0,0,165000,156600,72
CR500105,CUST100105,2024-06-30,825,3,2,0.057,0,0,0,0,233000,13300,480
CR500106,CUST100106,2024-06-30,628,6,1,0.157,1,0,0,0,107000,16800,247
CR500107,CUST100107,2024-06-30,646,2,1,0.107,3,0,0,0,247000,26400,108
CR500108,CUST100108,2024-06-30,623,8,0,0.712,2,0,1,0,441000,314000,84
CR500109,CUST100109,2024-06-30,708,5,2,0.451,1,0,0,0,378000,170500,332
CR500110,CUST100110,2024-06-30,474,4,2,0.527,4,0,0,0,49000,25800,224
CR500111,CUST100111,2024-06-30,680,6,0,0.803,1,0,0,0,182000,146100,396
CR500112,CUST100112,2024-06-30,599,4,4,0.344,1,1,1,0,203000,69800,146
CR500113,CUST100113,2024-06-30,669,5,0,0.698,0,0,0,0,439000,306400,136
CR500114,CUST100114,2024-06-30,703,4,2,0.333,0,0,0,0,101000,33600,6
CR500115,CUST100115,2024-06-30,635,8,1,0.497,2,0,0,0,402000,199800,83
CR500116,CUST100116,2024-06-30,585,2,5,0.249,1,1,0,0,63000,15700,44
CR500117,CUST100117,2024-06-30,637,4,2,0.851,4,0,0,0,135000,114900,144
CR500118,CUST100118,2024-06-30,651,4,1,0.423,0,0,0,0,353000,149300,245
CR500119,CUST100119,2024-06-30,767,6,1,0.183,0,0,0,0,801000,146600,379
CR500120,CUST100120,2024-06-30,629,1,0,0.527,2,0,0,0,122000,64300,223
CR500121,CUST100121,2024-06-30,721,4,1,0.467,0,0,0,0,302000,141000,6
CR500122,CUST100122,2024-06-30,405,6,3,0.456,2,0,1,0,84000,38300,413
CR500123,CUST100123,2024-06-30,561,2,5,0.224,0,0,0,0,132000,29600,49
CR500124,CUST100124,2024-06-30,647,2,0,0.539,3,0,0,0,468000,252300,306
CR500125,CUST100125,2024-06-30,514,9,2,0.724,1,0,0,0,29000,21000,347
CR500126,CUST100126,2024-06-30,533,2,2,0.375,2,1,1,0,172000,64500,47
CR500127,CUST100127,2024-06-30,661,6,2,0.229,0,0,0,0,107000,24500,33
CR500128,CUST100128,2024-06-30,650,8,0,0.665,1,0,0,0,376000,250000,64
CR500129,CUST100129,2024-06-30,544,5,2,0.879,0,0,0,0,105000,92300,183
CR500130,CUST100130,2024-06-30,646,5,3,0.476,2,0,0,0,196000,93300,48
CR500131,CUST100131,2024-06-30,547,5,2,0.466,2,1,1,0,130000,60600,201
CR500132,CUST100132,2024-06-30,587,3,2,0.24,0,0,0,0,295000,70800,6
CR500133,CUST100133,2024-06-30,510,2,0,0.539,4,0,0,0,57000,30700,263
CR500134,CUST100134,2024-06-30,600,7,1,0.323,2,0,0,0,138000,44600,17
CR500135,CUST100135,2024-06-30,689,2,2,0.225,0,0,0,0,293000,65900,197
CR500136,CUST100136,2024-06-30,578,2,4,0.455,2,0,0,0,568000,258400,251
CR500137,CUST100137,2024-06-30,547,4,4,0.483,8,3,2,0,168000,81100,215
CR500138,CUST100138,2024-06-30,728,4,3,0.609,1,0,0,0,395000,240600,271
CR500139,CUST100139,2024-06-30,531,2,1,0.238,3,1,3,0,63000,15000,265
CR500140,CUST100140,2024-06-30,673,1,0,0.285,2,0,0,0,305000,86900,209
CR500141,CUST100141,2024-06-30,597,3,4,0.636,3,1,0,0,126000,80100,189
CR500142,CUST100142,2024-06-30,659,1,1,0.279,0,0,0,0,422000,117700,6
CR500143,CUST100143,2024-06-30,746,6,1,0.481,0,0,0,0,1142000,549300,322
CR500144,CUST100144,2024-06-30,720,3,0,0.307,0,0,0,0,129000,39600,222
CR500145,CUST100145,2024-06-30,696,6,1,0.386,0,0,0,0,661000,255100,224
CR500146,CUST100146,2024-06-30,714,6,0,0.519,0,0,0,0,321000,166600,27
CR500147,CUST100147,2024-06-30,624,6,2,0.266,4,0,0,0,130000,34600,261
CR500148,CUST100148,2024-06-30,610,2,0,0.535,7,0,0,0,129000,69000,480
CR500149,CUST100149,2024-06-30,690,3,2,0.358,1,0,0,0,308000,110300,140
CR500150,CUST100150,2024-06-30,640,4,1,0.152,1,0,0,0,122000,18500,140
CR500151,CUST100151,2024-06-30,821,5,1,0.107,2,0,0,0,3613000,386600,200
CR500152,CUST100152,2024-06-30,653,1,2,0.198,3,0,0,0,178000,35200,75
CR500153,CUST100153,2024-06-30,482,1,3,0.809,1,0,2,0,57000,46100,6
CR500154,CUST100154,2024-06-30,676,0,1,0.288,0,0,0,0,125000,36000,119
CR500155,CUST100155,2024-06-30,720,7,2,0.277,0,0,0,0,406000,112500,6
CR500156,CUST100156,2024-06-30,542,2,2,0.471,3,1,3,0,99000,46600,337
CR500157,CUST100157,2024-06-30,679,2,0,0.442,1,0,0,0,265000,117100,183
CR500158,CUST100158,2024-06-30,528,4,2,0.464,2,1,0,0,83000,38500,83
CR500159,CUST100159,2024-06-30,761,5,4,0.239,1,0,0,0,1232000,294400,232
CR500160,CUST100160,2024-06-30,522,4,3,0.406,2,0,0,0,36000,14600,57
CR500161,CUST100161,2024-06-30,733,2,0,0.397,0,0,0,0,357000,141700,291
CR500162,CUST100162,2024-06-30,695,3,4,0.501,0,0,0,0,165000,82700,178
CR500163,CUST100163,2024-06-30,672,3,0,0.295,1,1,0,0,411000,121200,409
CR500164,CUST100164,2024-06-30,658,2,2,0.398,0,0,0,0,115000,45800,118
CR500165,CUST100165,2024-06-30,655,5,2,0.225,1,0,0,0,233000,52400,233
CR500166,CUST100166,2024-06-30,688,8,1,0.448,1,0,0,0,551000,246800,6
CR500167,CUST100167,2024-06-30,676,3,0,0.266,0,0,0,0,655000,174200,38
CR500168,CUST100168,2024-06-30,780,8,1,0.445,0,0,0,0,402000,178900,258
CR500169,CUST100169,2024-06-30,738,5,1,0.377,0,0,0,0,408000,153800,245
CR500170,CUST100170,2024-06-30,519,2,0,0.363,0,0,0,0,91000,33000,74
CR500171,CUST100171,2024-06-30,639,3,1,0.327,1,0,0,0,303000,99100,193
CR500172,CUST100172,2024-06-30,796,3,1,0.205,0,0,0,0,246000,50400,350
CR500173,CUST100173,2024-06-30,650,2,2,0.319,0,0,0,0,280000,89300,358
CR500174,CUST100174,2024-06-30,821,8,1,0.059,0,0,0,0,896000,52900,278
CR500175,CUST100175,2024-06-30,684,3,1,0.155,0,0,0,0,128000,19800,227
CR500176,CUST100176,2024-06-30,627,6,2,0.092,3,0,0,0,411000,37800,142
CR500177,CUST100177,2024-06-30,622,5,0,0.46,4,0,0,0,1008000,463700,18
CR500178,CUST100178,2024-06-30,622,3,0,0.147,5,0,0,0,81000,11900,150
CR500179,CUST100179,2024-06-30,640,5,1,0.351,1,0,0,0,190000,66700,135
CR500180,CUST100180,2024-06-30,703,1,1,0.197,0,0,0,0,955000,188100,295
CR500181,CUST100181,2024-06-30,687,2,2,0.07,1,0,0,0,177000,12400,480
CR500182,CUST100182,2024-06-30,628,2,3,0.232,4,0,0,0,848000,196700,402
CR500183,CUST100183,2024-06-30,658,3,3,0.364,0,0,0,0,390000,142000,6
CR500184,CUST100184,2024-06-30,662,4,1,0.027,0,0,0,0,298000,8000,6
CR500185,CUST100185,2024-06-30,574,3,2,0.095,1,0,1,0,111000,10500,56
CR500186,CUST100186,2024-06-30,639,2,2,0.674,3,0,0,0,320000,215700,74
CR500187,CUST100187,2024-06-30,748,3,1,0.095,0,0,0,0,544000,51700,107
CR500188,CUST100188,2024-06-30,832,6,0,0.272,1,1,0,0,412000,112100,76
CR500189,CUST100189,2024-06-30,654,3,0,0.511,0,0,0,0,218000,111400,6
CR500190,CUST100190,2024-06-30,646,7,1,0.144,2,0,0,0,149000,21500,186
CR500191,CUST100191,2024-06-30,749,6,0,0.156,0,0,0,0,1948000,303900,262
CR500192,CUST100192,2024-06-30,578,5,6,0.464,4,0,0,0,418000,194000,89
CR500193,CUST100193,2024-06-30,667,5,5,0.154,0,0,0,0,600000,92400,438
CR500194,CUST100194,2024-06-30,662,2,0,0.309,3,0,0,0,311000,96100,345
CR500195,CUST100195,2024-06-30,567,4,2,0.355,1,0,0,0,172000,61100,86
CR500196,CUST100196,2024-06-30,580,4,2,0.342,2,1,0,0,163000,55700,209
CR500197,CUST100197,2024-06-30,874,5,1,0.448,0,0,1,0,582000,260700,208
CR500198,CUST100198,2024-06-30,717,2,0,0.637,0,0,0,0,193000,122900,181
CR500199,CUST100199,2024-06-30,581,4,2,0.739,2,0,0,0,71000,52500,366
CR500200,CUST100200,2024-06-30,757,4,0,0.358,0,0,0,0,136000,48700,337
CR500201,CUST100201,2024-06-30,599,2,0,0.363,2,2,0,0,110000,39900,12
CR500202,CUST100202,2024-06-30,400,4,5,0.34,3,3,1,0,80000,27200,279
CR500203,CUST100203,2024-06-30,581,4,3,0.803,1,1,0,0,201000,161400,6
CR500204,CUST100204,2024-06-30,761,3,0,0.488,0,0,0,0,402000,196200,406
CR500205,CUST100205,2024-06-30,407,3,2,0.432,4,0,2,0,76000,32800,209
CR500206,CUST100206,2024-06-30,551,2,4,0.459,3,0,0,0,169000,77600,368
CR500207,CUST100207,2024-06-30,514,3,6,0.557,1,1,1,0,145000,80800,204
CR500208,CUST100208,2024-06-30,759,4,0,0.168,0,0,0,0,1163000,195400,126
CR500209,CUST100209,2024-06-30,569,3,2,0.294,0,0,1,0,82000,24100,86
CR500210,CUST100210,2024-06-30,684,2,0,0.61,0,0,0,0,506000,308700,335
CR500211,CUST100211,2024-06-30,680,3,1,0.698,0,0,0,0,867000,605200,181
CR500212,CUST100212,2024-06-30,684,2,2,0.53,1,0,0,0,585000,310000,206
CR500213,CUST100213,2024-06-30,604,3,2,0.607,0,0,0,0,143000,86800,390
CR500214,CUST100214,2024-06-30,708,6,1,0.239,0,0,0,0,283000,67600,6
CR500215,CUST100215,2024-06-30,702,2,1,0.415,0,0,0,0,582000,241500,217
CR500216,CUST100216,2024-06-30,697,6,2,0.233,1,1,0,0,342000,79700,6
CR500217,CUST100217,2024-06-30,697,3,1,0.108,0,0,0,0,333000,36000,58
CR500218,CUST100218,2024-06-30,651,4,1,0.31,0,0,0,0,209000,64800,310
CR500219,CUST100219,2024-06-30,468,0,5,0.21,2,1,0,0,178000,37400,63
CR500220,CUST100220,2024-06-30,605,3,0,0.325,1,0,0,0,155000,50400,248
CR500221,CUST100221,2024-06-30,490,4,1,0.336,2,1,1,0,101000,33900,6
CR500222,CUST100222,2024-06-30,667,2,1,0.392,0,0,0,0,248000,97200,262
CR500223,CUST100223,2024-06-30,642,2,4,0.762,5,0,0,0,48000,36600,12
CR500224,CUST100224,2024-06-30,820,2,1,0.262,0,0,0,0,1451000,380200,179
CR500225,CUST100225,2024-06-30,802,5,3,0.296,0,0,0,0,656000,194200,112
CR500226,CUST100226,2024-06-30,708,7,0,0.422,2,0,0,0,713000,300900,293
CR500227,CUST100227,2024-06-30,608,3,3,0.469,2,0,1,0,259000,121500,286
CR500228,CUST100228,2024-06-30,627,1,0,0.584,4,0,0,0,151000,88200,128
CR500229,CUST100229,2024-06-30,648,3,1,0.299,3,0,0,0,165000,49300,65
CR500230,CUST100230,2024-06-30,619,5,1,0.341,1,0,1,0,803000,273800,261
CR500231,CUST100231,2024-06-30,636,4,0,0.23,4,0,0,0,177000,40700,312
CR500232,CUST100232,2024-06-30,730,5,1,0.021,0,0,0,0,516000,10800,6
CR500233,CUST100233,2024-06-30,642,4,0,0.443,5,0,0,0,186000,82400,26
CR500234,CUST100234,2024-06-30,617,5,1,0.558,1,0,0,0,273000,152300,230
CR500235,CUST100235,2024-06-30,640,6,0,0.25,4,0,0,0,92000,23000,96
CR500236,CUST100236,2024-06-30,819,3,2,0.023,0,0,0,0,1038000,23900,480
CR500237,CUST100237,2024-06-30,693,8,3,0.093,0,0,0,0,813000,75600,207
CR500238,CUST100238,2024-06-30,563,1,3,0.539,1,1,0,0,171000,92200,271
CR500239,CUST100239,2024-06-30,829,2,2,0.02,0,0,0,0,314000,6300,260
CR500240,CUST100240,2024-06-30,560,4,3,0.577,2,0,0,0,410000,236600,222
CR500241,CUST100241,2024-06-30,779,3,0,0.332,3,0,0,0,427000,141800,228
CR500242,CUST100242,2024-06-30,600,2,0,0.262,3,0,0,0,90000,23600,333
CR500243,CUST100243,2024-06-30,650,0,2,0.357,0,0,0,0,1008000,359900,186
CR500244,CUST100244,2024-06-30,593,2,1,0.368,2,1,0,0,193000,71000,65
CR500245,CUST100245,2024-06-30,629,3,1,0.119,2,0,0,0,537000,63900,91
CR500246,CUST100246,2024-06-30,608,1,1,0.106,4,0,1,0,516000,54700,378
CR500247,CUST100247,2024-06-30,634,5,1,0.395,2,1,0,0,258000,101900,245
CR500248,CUST100248,2024-06-30,673,8,2,0.234,1,1,0,0,451000,105500,259
CR500249,CUST100249,2024-06-30,607,2,1,0.262,3,0,0,0,380000,99600,146
CR500250,CUST100250,2024-06-30,566,2,5,0.644,3,0,0,0,79000,50900,6
CR500251,CUST100251,2024-06-30,582,5,3,0.534,2,2,0,0,216000,115300,298
CR500252,CUST100252,2024-06-30,517,5,4,0.541,6,1,0,0,157000,84900,210
CR500253,CUST100253,2024-06-30,628,2,2,0.492,1,0,0,0,498000,245000,46
CR500254,CUST100254,2024-06-30,694,2,1,0.245,0,0,0,0,484000,118600,288
CR500255,CUST100255,2024-06-30,537,2,4,0.19,0,0,1,0,74000,14100,6
CR500256,CUST100256,2024-06-30,578,3,2,0.808,6,0,0,0,117000,94500,199
CR500257,CUST100257,2024-06-30,704,4,2,0.394,0,0,0,0,532000,209600,42
CR500258,CUST100258,2024-06-30,588,4,1,0.274,5,3,1,0,160000,43800,232
CR500259,CUST100259,2024-06-30,682,1,1,0.428,0,0,0,0,555000,237500,480
CR500260,CUST100260,2024-06-30,604,7,3,0.534,1,1,0,0,164000,87600,119
CR500261,CUST100261,2024-06-30,735,7,1,0.286,0,0,0,0,321000,91800,209
CR500262,CUST100262,2024-06-30,463,5,1,0.529,3,2,2,0,216000,114300,108
CR500263,CUST100263,2024-06-30,679,4,1,0.488,0,0,0,0,292000,142500,259
CR500264,CUST100264,2024-06-30,728,2,1,0.246,1,0,0,0,268000,65900,170
CR500265,CUST100265,2024-06-30,645,3,1,0.325,0,0,1,0,284000,92300,205
CR500266,CUST100266,2024-06-30,573,1,2,0.154,3,0,0,0,275000,42400,108
CR500267,CUST100267,2024-06-30,660,3,1,0.203,1,0,0,0,201000,40800,6
CR500268,CUST100268,2024-06-30,625,3,2,0.466,4,0,0,0,66000,30800,69
CR500269,CUST100269,2024-06-30,685,4,1,0.343,0,0,0,0,169000,58000,40
CR500270,CUST100270,2024-06-30,793,6,0,0.141,0,0,0,0,1069000,150700,229
CR500271,CUST100271,2024-06-30,688,1,1,0.153,1,0,0,0,143000,21900,120
CR500272,CUST100272,2024-06-30,739,4,1,0.372,1,0,1,0,549000,204200,304
CR500273,CUST100273,2024-06-30,650,3,2,0.893,1,1,0,0,197000,175900,51
CR500274,CUST100274,2024-06-30,528,2,2,0.388,3,1,1,0,292000,113300,203
CR500275,CUST100275,2024-06-30,733,8,2,0.519,1,0,0,0,475000,246500,140
CR500276,CUST100276,2024-06-30,653,4,0,0.068,0,0,0,0,270000,18400,250
CR500277,CUST100277,2024-06-30,669,3,1,0.442,0,0,0,0,428000,189200,305
CR500278,CUST100278,2024-06-30,634,0,0,0.156,2,0,0,0,236000,36800,61
CR500279,CUST100279,2024-06-30,662,0,1,0.152,1,0,0,0,124000,18800,136
CR500280,CUST100280,2024-06-30,492,2,5,0.52,3,1,1,0,34000,17700,182
CR500281,CUST100281,2024-06-30,741,4,3,0.517,0,0,0,0,792000,409500,132
CR500282,CUST100282,2024-06-30,605,4,0,0.683,2,0,0,0,191000,130500,201
CR500283,CUST100283,2024-06-30,592,3,4,0.188,1,0,0,0,895000,168300,81
CR500284,CUST100284,2024-06-30,534,0,2,0.846,5,1,0,0,191000,161600,262
CR500285,CUST100285,2024-06-30,641,3,1,0.325,3,0,0,0,57000,18500,239
CR500286,CUST100286,2024-06-30,723,5,2,0.371,0,0,0,0,276000,102400,8
CR500287,CUST100287,2024-06-30,638,4,3,0.599,2,0,0,0,599000,358800,444
CR500288,CUST100288,2024-06-30,546,4,3,0.215,1,1,2,0,417000,89700,200
CR500289,CUST100289,2024-06-30,649,2,2,0.587,3,0,0,0,258000,151400,290
CR500290,CUST100290,2024-06-30,469,3,4,0.709,3,1,1,0,89000,63100,93
CR500291,CUST100291,2024-06-30,770,4,2,0.39,0,0,0,0,377000,147000,187
CR500292,CUST100292,2024-06-30,660,3,2,0.298,0,0,0,0,537000,160000,398
CR500293,CUST100293,2024-06-30,497,3,4,0.479,5,0,0,0,65000,31100,114
CR500294,CUST100294,2024-06-30,546,3,2,0.254,4,2,1,0,152000,38600,290
CR500295,CUST100295,2024-06-30,569,5,0,0.196,2,0,0,0,118000,23100,140
CR500296,CUST100296,2024-06-30,704,2,1,0.222,0,0,0,0,733000,162700,76
CR500297,CUST100297,2024-06-30,706,5,0,0.154,1,0,0,0,378000,58200,147
CR500298,CUST100298,2024-06-30,549,3,2,0.48,2,1,2,0,250000,120000,205
CR500299,CUST100299,2024-06-30,589,2,4,0.1,1,1,1,0,72000,7200,9
CR500300,CUST100300,2024-06-30,725,4,1,0.509,0,0,0,0,402000,204600,213
CR500301,CUST100301,2024-06-30,596,4,5,0.431,1,1,0,0,334000,144000,164
CR500302,CUST100302,2024-06-30,685,3,2,0.392,2,0,0,0,646000,253200,157
CR500303,CUST100303,2024-06-30,755,3,0,0.495,0,0,0,0,833000,412300,6
CR500304,CUST100304,2024-06-30,633,4,2,0.497,5,0,1,0,178000,88500,6
CR500305,CUST100305,2024-06-30,656,1,1,0.427,0,0,0,0,160000,68300,376
CR500306,CUST100306,2024-06-30,704,1,3,0.25,0,0,0,0,210000,52500,291
CR500307,CUST100307,2024-06-30,641,5,4,0.639,1,0,0,0,176000,112500,217
CR500308,CUST100308,2024-06-30,594,3,2,0.382,3,1,0,0,311000,118800,93
CR500309,CUST100309,2024-06-30,762,7,2,0.219,0,0,0,0,705000,154400,125
CR500310,CUST100310,2024-06-30,500,3,1,0.424,0,0,0,0,77000,32600,23
CR500311,CUST100311,2024-06-30,601,5,1,0.285,4,0,0,0,137000,39000,43
CR500312,CUST100312,2024-06-30,556,3,1,0.519,1,1,0,0,129000,67000,48
CR500313,CUST100313,2024-06-30,687,3,3,0.073,0,0,0,0,157000,11500,183
CR500314,CUST100314,2024-06-30,678,4,3,0.055,1,0,0,0,114000,6300,293
CR500315,CUST100315,2024-06-30,770,5,3,0.093,0,0,0,0,563000,52400,262
CR500316,CUST100316,2024-06-30,734,6,1,0.349,2,0,0,0,530000,185000,395
CR500317,CUST100317,2024-06-30,621,2,2,0.271,3,0,0,0,279000,75600,149
CR500318,CUST100318,2024-06-30,755,3,4,0.148,1,0,0,0,473000,70000,252
CR500319,CUST100319,2024-06-30,729,2,0,0.536,0,0,0,0,501000,268500,6
CR500320,CUST100320,2024-06-30,640,1,1,0.561,0,0,0,0,493000,276600,164
CR500321,CUST100321,2024-06-30,519,6,1,0.381,4,1,1,0,110000,41900,247
CR500322,CUST100322,2024-06-30,619,5,0,0.233,4,0,0,0,293000,68300,65
CR500323,CUST100323,2024-06-30,660,4,1,0.325,1,0,0,0,161000,52300,137
CR500324,CUST100324,2024-06-30,570,4,4,0.598,2,0,0,0,232000,138700,151
CR500325,CUST100325,2024-06-30,478,4,1,0.213,0,0,0,0,63000,13400,414
CR500326,CUST100326,2024-06-30,612,2,1,0.46,3,0,0,0,251000,115500,113
CR500327,CUST100327,2024-06-30,615,2,2,0.6,3,0,0,0,67000,40200,6
CR500328,CUST100328,2024-06-30,827,4,2,0.141,0,0,0,0,701000,98800,91
CR500329,CUST100329,2024-06-30,714,6,2,0.471,3,0,0,0,299000,140800,115
CR500330,CUST100330,2024-06-30,576,5,2,0.699,0,0,0,0,341000,238400,235
CR500331,CUST100331,2024-06-30,566,4,2,0.324,3,1,0,0,139000,45000,131
CR500332,CUST100332,2024-06-30,568,8,2,0.176,4,4,0,0,93000,16400,265
CR500333,CUST100333,2024-06-30,657,3,1,0.39,0,0,0,0,410000,159900,329
CR500334,CUST100334,2024-06-30,606,2,1,0.292,4,0,0,0,121000,35300,99
CR500335,CUST100335,2024-06-30,643,4,0,0.383,2,0,1,0,342000,131000,320
CR500336,CUST100336,2024-06-30,684,2,1,0.489,0,0,0,0,488000,238600,237
CR500337,CUST100337,2024-06-30,767,3,1,0.02,0,0,0,0,939000,18800,179
CR500338,CUST100338,2024-06-30,601,3,1,0.78,3,0,0,0,118000,92000,456
CR500339,CUST100339,2024-06-30,605,3,1,0.542,4,0,0,0,95000,51500,6
CR500340,CUST100340,2024-06-30,713,4,5,0.431,0,0,0,0,534000,230200,311
CR500341,CUST100341,2024-06-30,658,4,2,0.435,0,0,0,0,600000,261000,292
CR500342,CUST100342,2024-06-30,693,7,2,0.138,1,0,0,0,560000,77300,162
CR500343,CUST100343,2024-06-30,673,3,1,0.147,1,0,0,0,230000,33800,480
CR500344,CUST100344,2024-06-30,463,3,2,0.273,3,1,2,0,89000,24300,133
CR500345,CUST100345,2024-06-30,658,5,0,0.566,0,0,0,0,131000,74100,152
CR500346,CUST100346,2024-06-30,796,2,0,0.236,0,0,0,0,503000,118700,384
CR500347,CUST100347,2024-06-30,646,3,1,0.207,2,0,0,0,302000,62500,189
CR500348,CUST100348,2024-06-30,547,2,1,0.38,2,2,1,0,73000,27700,118
CR500349,CUST100349,2024-06-30,614,5,2,0.26,2,0,0,0,398000,103500,216
CR500350,CUST100350,2024-06-30,692,6,0,0.301,0,0,0,0,381000,114700,273
CR500351,CUST100351,2024-06-30,661,5,2,0.261,1,0,0,0,99000,25800,232
CR500352,CUST100352,2024-06-30,510,2,3,0.717,0,0,0,0,86000,61700,9
CR500353,CUST100353,2024-06-30,661,2,1,0.45,0,0,1,0,454000,204300,230
CR500354,CUST100354,2024-06-30,598,4,2,0.349,2,0,0,0,287000,100200,10
CR500355,CUST100355,2024-06-30,660,2,1,0.248,1,0,0,0,865000,214500,350
CR500356,CUST100356,2024-06-30,726,5,1,0.296,0,0,0,0,218000,64500,11
CR500357,CUST100357,2024-06-30,506,0,2,0.526,1,0,1,0,28000,14700,6
CR500358,CUST100358,2024-06-30,751,2,0,0.421,0,0,0,0,505000,212600,128
CR500359,CUST100359,2024-06-30,769,5,3,0.162,1,0,0,0,691000,111900,70
CR500360,CUST100360,2024-06-30,618,3,3,0.385,3,0,0,0,562000,216400,244
CR500361,CUST100361,2024-06-30,693,2,1,0.223,0,0,0,0,181000,40400,243
CR500362,CUST100362,2024-06-30,837,4,1,0.02,0,0,0,0,307000,6100,259
CR500363,CUST100363,2024-06-30,830,4,0,0.166,0,0,0,0,381000,63200,191
CR500364,CUST100364,2024-06-30,520,1,5,0.378,2,2,1,0,156000,59000,290
CR500365,CUST100365,2024-06-30,610,2,1,0.46,1,1,0,0,68000,31300,196
CR500366,CUST100366,2024-06-30,703,7,1,0.578,0,0,0,0,424000,245100,251
CR500367,CUST100367,2024-06-30,684,5,2,0.533,1,0,1,0,217000,115700,314
CR500368,CUST100368,2024-06-30,772,5,0,0.152,0,0,0,0,674000,102400,160
CR500369,CUST100369,2024-06-30,577,7,1,0.308,1,0,0,0,276000,85000,6
CR500370,CUST100370,2024-06-30,457,5,3,0.605,2,1,1,0,48000,29000,54
CR500371,CUST100371,2024-06-30,749,8,2,0.02,0,0,0,0,125000,2500,183
CR500372,CUST100372,2024-06-30,660,0,5,0.62,0,0,0,0,439000,272200,186
CR500373,CUST100373,2024-06-30,671,0,2,0.339,0,0,0,0,658000,223100,271
CR500374,CUST100374,2024-06-30,552,2,3,0.412,2,0,2,0,120000,49400,6
CR500375,CUST100375,2024-06-30,663,4,0,0.214,0,0,0,0,151000,32300,55
CR500376,CUST100376,2024-06-30,681,5,2,0.236,1,1,0,0,331000,78100,214
CR500377,CUST100377,2024-06-30,581,4,2,0.502,3,1,0,0,339000,170200,146
CR500378,CUST100378,2024-06-30,531,1,3,0.786,3,0,0,0,216000,169800,66
CR500379,CUST100379,2024-06-30,762,7,3,0.135,0,0,0,0,577000,77900,115
CR500380,CUST100380,2024-06-30,628,3,0,0.31,0,0,0,0,210000,65100,149
CR500381,CUST100381,2024-06-30,656,5,2,0.543,2,1,0,0,109000,59200,230
CR500382,CUST100382,2024-06-30,585,2,3,0.671,1,1,0,0,137000,91900,26
CR500383,CUST100383,2024-06-30,512,4,4,0.329,5,1,2,0,83000,27300,173
CR500384,CUST100384,2024-06-30,693,4,1,0.441,2,0,0,0,543000,239500,177
CR500385,CUST100385,2024-06-30,749,4,3,0.192,0,0,0,0,205000,39400,480
CR500386,CUST100386,2024-06-30,727,3,2,0.161,0,0,0,0,192000,30900,369
CR500387,CUST100387,2024-06-30,583,5,4,0.544,1,1,0,0,389000,211600,167
CR500388,CUST100388,2024-06-30,501,0,1,0.864,3,1,0,1,75000,64800,240
CR500389,CUST100389,2024-06-30,807,6,0,0.041,0,0,0,0,391000,16000,200
CR500390,CUST100390,2024-06-30,670,6,3,0.37,0,0,0,0,802000,296700,77
CR500391,CUST100391,2024-06-30,541,1,3,0.327,1,1,0,0,66000,21600,329
CR500392,CUST100392,2024-06-30,716,6,1,0.058,0,0,0,0,1294000,75100,90
CR500393,CUST100393,2024-06-30,775,4,1,0.178,0,0,1,0,135000,24000,6
CR500394,CUST100394,2024-06-30,708,2,2,0.142,0,0,0,0,136000,19300,400
CR500395,CUST100395,2024-06-30,583,1,4,0.69,1,1,0,0,52000,35900,97
CR500396,CUST100396,2024-06-30,643,2,0,0.113,1,0,0,0,132000,14900,354
CR500397,CUST100397,2024-06-30,740,6,2,0.397,0,0,0,0,202000,80200,355
CR500398,CUST100398,2024-06-30,796,4,0,0.634,0,0,0,0,1018000,645400,275
CR500399,CUST100399,2024-06-30,704,6,1,0.666,1,0,0,0,163000,108600,386
CR500400,CUST100400,2024-06-30,581,1,2,0.208,3,2,0,0,114000,23700,250
CR500401,CUST100401,2024-06-30,547,0,2,0.363,1,1,1,0,155000,56300,300
CR500402,CUST100402,2024-06-30,636,8,0,0.462,2,0,0,0,70000,32300,172
CR500403,CUST100403,2024-06-30,892,4,1,0.099,0,0,0,0,605000,59900,221
CR500404,CUST100404,2024-06-30,731,6,0,0.331,0,0,0,0,354000,117200,177
CR500405,CUST100405,2024-06-30,669,2,2,0.357,2,0,0,0,292000,104200,175
CR500406,CUST100406,2024-06-30,710,5,1,0.477,0,0,1,0,930000,443600,279
CR500407,CUST100407,2024-06-30,510,1,4,0.308,2,0,2,0,45000,13900,10
CR500408,CUST100408,2024-06-30,615,3,0,0.427,3,0,0,0,157000,67000,228
CR500409,CUST100409,2024-06-30,811,4,4,0.308,0,0,0,0,314000,96700,238
CR500410,CUST100410,2024-06-30,537,7,1,0.293,2,0,1,0,80000,23400,429
CR500411,CUST100411,2024-06-30,641,2,2,0.105,3,0,0,0,238000,25000,236
CR500412,CUST100412,2024-06-30,591,4,0,0.265,0,0,0,0,226000,59900,21
CR500413,CUST100413,2024-06-30,599,1,6,0.371,2,0,0,0,232000,86100,160
CR500414,CUST100414,2024-06-30,637,4,1,0.328,6,0,0,0,68000,22300,12
CR500415,CUST100415,2024-06-30,661,3,2,0.259,0,0,0,0,737000,190900,62
CR500416,CUST100416,2024-06-30,738,4,2,0.083,1,0,0,0,604000,50100,103
CR500417,CUST100417,2024-06-30,653,4,1,0.274,1,0,0,0,178000,48800,6
CR500418,CUST100418,2024-06-30,637,3,2,0.209,2,0,0,0,403000,84200,480
CR500419,CUST100419,2024-06-30,470,2,2,0.655,2,2,0,0,99000,64800,178
CR500420,CUST100420,2024-06-30,682,5,2,0.387,0,0,0,0,553000,214000,109
CR500421,CUST100421,2024-06-30,690,2,4,0.434,0,0,0,0,369000,160100,480
CR500422,CUST100422,2024-06-30,755,1,0,0.373,0,0,0,0,730000,272300,222
CR500423,CUST100423,2024-06-30,702,5,1,0.066,0,0,0,0,197000,13000,151
CR500424,CUST100424,2024-06-30,740,4,0,0.285,0,0,0,0,256000,73000,292
CR500425,CUST100425,2024-06-30,757,1,2,0.094,0,0,0,0,1083000,101800,309
CR500426,CUST100426,2024-06-30,810,7,1,0.273,0,0,0,0,401000,109500,465
CR500427,CUST100427,2024-06-30,588,4,1,0.514,2,2,0,0,284000,146000,245
CR500428,CUST100428,2024-06-30,591,3,5,0.69,1,1,0,0,167000,115200,229
CR500429,CUST100429,2024-06-30,703,4,2,0.54,1,0,0,0,358000,193300,257
CR500430,CUST100430,2024-06-30,692,4,3,0.47,1,0,0,0,188000,88400,177
CR500431,CUST100431,2024-06-30,660,5,0,0.386,0,0,0,0,245000,94600,337
CR500432,CUST100432,2024-06-30,622,5,3,0.579,3,0,0,0,202000,117000,333
CR500433,CUST100433,2024-06-30,643,3,3,0.319,4,0,0,0,474000,151200,19
CR500434,CUST100434,2024-06-30,602,5,2,0.568,2,0,0,0,179000,101700,77
CR500435,CUST100435,2024-06-30,687,1,4,0.187,0,0,0,0,339000,63400,387
CR500436,CUST100436,2024-06-30,492,2,3,0.474,1,0,0,0,168000,79600,78
CR500437,CUST100437,2024-06-30,394,2,1,0.376,2,1,0,0,98000,36800,9
CR500438,CUST100438,2024-06-30,606,1,3,0.205,4,0,0,0,192000,39400,133
CR500439,CUST100439,2024-06-30,691,1,0,0.195,1,0,0,0,249000,48600,361
CR500440,CUST100440,2024-06-30,543,4,2,0.337,4,1,1,0,95000,32000,130
CR500441,CUST100441,2024-06-30,719,4,1,0.237,0,0,0,0,683000,161900,142
CR500442,CUST100442,2024-06-30,641,3,2,0.726,2,0,0,0,267000,193800,228
CR500443,CUST100443,2024-06-30,723,3,2,0.758,0,0,0,0,177000,134200,84
CR500444,CUST100444,2024-06-30,537,3,2,0.209,0,0,0,0,196000,41000,97
CR500445,CUST100445,2024-06-30,569,7,4,0.216,6,1,0,0,41000,8900,178
CR500446,CUST100446,2024-06-30,553,2,1,0.582,3,1,2,0,70000,40700,91
CR500447,CUST100447,2024-06-30,399,1,1,0.408,2,1,0,0,104000,42400,145
CR500448,CUST100448,2024-06-30,659,4,2,0.313,0,0,0,0,167000,52300,7
CR500449,CUST100449,2024-06-30,581,3,2,0.604,1,1,0,0,92000,55600,149
CR500450,CUST100450,2024-06-30,585,4,2,0.468,3,0,0,0,96000,44900,196
CR500451,CUST100451,2024-06-30,602,2,1,0.32,1,0,0,0,199000,63700,6
CR500452,CUST100452,2024-06-30,650,5,3,0.286,0,0,0,0,107000,30600,86
CR500453,CUST100453,2024-06-30,595,5,3,0.335,3,1,1,0,87000,29100,6
CR500454,CUST100454,2024-06-30,718,6,1,0.109,0,0,0,0,1388000,151300,137
CR500455,CUST100455,2024-06-30,588,4,4,0.165,1,1,0,0,473000,78000,328
CR500456,CUST100456,2024-06-30,423,5,1,0.415,5,1,0,0,86000,35700,97
CR500457,CUST100457,2024-06-30,726,4,0,0.307,0,0,0,0,134000,41100,326
CR500458,CUST100458,2024-06-30,549,5,2,0.191,2,2,2,0,184000,35100,224
CR500459,CUST100459,2024-06-30,627,4,1,0.467,2,0,0,0,299000,139600,207
CR500460,CUST100460,2024-06-30,663,3,0,0.16,0,0,0,0,697000,111500,101
CR500461,CUST100461,2024-06-30,756,5,1,0.028,2,0,0,0,368000,10300,48
CR500462,CUST100462,2024-06-30,689,2,0,0.406,0,0,1,0,208000,84400,71
CR500463,CUST100463,2024-06-30,593,2,1,0.618,3,0,0,0,287000,177400,248
CR500464,CUST100464,2024-06-30,714,4,1,0.035,0,0,1,0,699000,24500,198
CR500465,CUST100465,2024-06-30,689,4,2,0.24,0,0,0,0,464000,111400,78
CR500466,CUST100466,2024-06-30,705,2,1,0.092,1,0,0,0,118000,10900,177
CR500467,CUST100467,2024-06-30,440,2,1,0.703,3,0,0,0,75000,52700,6
CR500468,CUST100468,2024-06-30,694,2,0,0.36,1,0,0,0,551000,198400,39
CR500469,CUST100469,2024-06-30,681,2,4,0.458,1,0,0,0,281000,128700,269
CR500470,CUST100470,2024-06-30,641,1,3,0.107,3,0,0,0,102000,10900,51
CR500471,CUST100471,2024-06-30,633,1,1,0.473,2,0,0,0,590000,279100,229
CR500472,CUST100472,2024-06-30,671,6,1,0.255,1,1,0,0,194000,49500,108
CR500473,CUST100473,2024-06-30,827,4,1,0.105,0,0,0,0,554000,58200,342
CR500474,CUST100474,2024-06-30,709,3,2,0.176,0,0,0,0,419000,73700,55
CR500475,CUST100475,2024-06-30,720,5,2,0.351,0,0,0,0,207000,72700,247
CR500476,CUST100476,2024-06-30,734,4,3,0.326,0,0,0,0,304000,99100,107
CR500477,CUST100477,2024-06-30,597,2,2,0.607,1,1,0,0,164000,99500,6
CR500478,CUST100478,2024-06-30,642,1,1,0.364,3,0,0,0,214000,77900,142
CR500479,CUST100479,2024-06-30,697,5,0,0.249,0,0,0,0,406000,101100,49
CR500480,CUST100480,2024-06-30,594,3,3,0.449,3,0,0,0,342000,153600,405
CR500481,CUST100481,2024-06-30,585,3,3,0.198,3,0,0,1,92000,18200,78
CR500482,CUST100482,2024-06-30,535,3,2,0.386,3,0,2,0,293000,113100,122
CR500483,CUST100483,2024-06-30,666,3,2,0.323,0,0,0,0,433000,139900,213
CR500484,CUST100484,2024-06-30,870,1,1,0.02,0,0,0,0,657000,13100,480
CR500485,CUST100485,2024-06-30,638,3,2,0.322,2,0,0,0,95000,30600,6
CR500486,CUST100486,2024-06-30,626,4,1,0.428,2,0,0,0,498000,213100,6
CR500487,CUST100487,2024-06-30,651,5,1,0.454,1,0,0,0,491000,222900,27
CR500488,CUST100488,2024-06-30,760,4,1,0.02,1,0,0,0,290000,5800,43
CR500489,CUST100489,2024-06-30,688,3,1,0.201,2,0,0,0,186000,37400,442
CR500490,CUST100490,2024-06-30,748,4,2,0.551,0,0,0,0,269000,148200,213
CR500491,CUST100491,2024-06-30,645,8,1,0.214,1,0,0,0,159000,34000,297
CR500492,CUST100492,2024-06-30,699,4,2,0.368,0,0,0,0,274000,100800,156
CR500493,CUST100493,2024-06-30,592,1,2,0.419,1,0,1,0,75000,31400,291
CR500494,CUST100494,2024-06-30,613,6,2,0.489,3,0,0,0,177000,86600,142
CR500495,CUST100495,2024-06-30,540,3,3,0.433,3,1,0,0,201000,87000,210
CR500496,CUST100496,2024-06-30,583,3,2,0.246,3,1,0,0,320000,78700,187
CR500497,CUST100497,2024-06-30,715,7,0,0.387,0,0,0,0,242000,93700,172
CR500498,CUST100498,2024-06-30,529,3,3,0.316,0,0,2,0,121000,38200,232
CR500499,CUST100499,2024-06-30,791,4,2,0.199,0,0,0,0,449000,89400,139
CR500500,CUST100500,2024-06-30,679,5,2,0.087,1,0,0,0,253000,22000,341
CR500501,CUST100501,2024-06-30,601,0,0,0.326,5,0,0,0,480000,156500,142
CR500502,CUST100502,2024-06-30,689,3,2,0.466,0,0,0,0,207000,96500,302
CR500503,CUST100503,2024-06-30,651,3,2,0.566,0,0,0,0,136000,77000,73
CR500504,CUST100504,2024-06-30,831,1,0,0.242,1,1,0,0,1160000,280700,282
CR500505,CUST100505,2024-06-30,555,4,1,0.431,3,1,3,0,99000,42700,6
CR500506,CUST100506,2024-06-30,576,1,3,0.198,0,0,1,0,375000,74200,106
CR500507,CUST100507,2024-06-30,539,2,2,0.447,1,1,0,0,301000,134500,100
CR500508,CUST100508,2024-06-30,634,1,5,0.509,3,0,0,0,236000,120100,185
CR500509,CUST100509,2024-06-30,749,4,3,0.268,0,0,0,0,548000,146900,223
CR500510,CUST100510,2024-06-30,638,4,3,0.335,3,0,0,0,309000,103500,372
CR500511,CUST100511,2024-06-30,691,2,3,0.384,0,0,0,0,1221000,468900,219
CR500512,CUST100512,2024-06-30,644,5,1,0.235,1,0,0,0,496000,116600,205
CR500513,CUST100513,2024-06-30,514,1,1,0.194,2,1,1,0,73000,14200,136
CR500514,CUST100514,2024-06-30,579,3,3,0.552,3,1,0,0,199000,109800,6
CR500515,CUST100515,2024-06-30,648,4,1,0.246,0,0,1,0,183000,45000,222
CR500516,CUST100516,2024-06-30,650,4,0,0.37,0,0,0,0,560000,207200,6
CR500517,CUST100517,2024-06-30,791,4,1,0.412,0,0,0,0,1019000,419800,239
CR500518,CUST100518,2024-06-30,833,4,2,0.116,0,0,0,0,339000,39300,208
CR500519,CUST100519,2024-06-30,508,2,2,0.615,0,0,2,0,115000,70700,170
CR500520,CUST100520,2024-06-30,720,4,3,0.404,1,0,0,0,239000,96600,266
CR500521,CUST100521,2024-06-30,532,4,1,0.691,2,2,2,0,210000,145100,158
CR500522,CUST100522,2024-06-30,715,2,1,0.342,0,0,0,0,278000,95100,480
CR500523,CUST100523,2024-06-30,686,1,1,0.157,0,0,0,0,260000,40800,135
CR500524,CUST100524,2024-06-30,621,2,1,0.459,0,0,0,0,414000,190000,99
CR500525,CUST100525,2024-06-30,674,3,1,0.675,1,0,0,0,133000,89800,238
CR500526,CUST100526,2024-06-30,664,5,1,0.258,1,1,0,0,189000,48800,179
CR500527,CUST100527,2024-06-30,480,3,4,0.442,5,1,0,0,130000,57500,6
CR500528,CUST100528,2024-06-30,647,6,3,0.415,1,0,0,0,306000,127000,76
CR500529,CUST100529,2024-06-30,742,3,4,0.387,0,0,0,0,188000,72800,310
CR500530,CUST100530,2024-06-30,477,3,2,0.705,1,0,1,0,107000,75400,6
CR500531,CUST100531,2024-06-30,671,4,1,0.326,1,0,0,0,329000,107300,201
CR500532,CUST100532,2024-06-30,440,5,2,0.524,2,1,0,0,101000,52900,47
CR500533,CUST100533,2024-06-30,745,2,0,0.436,0,0,0,0,283000,123400,6
CR500534,CUST100534,2024-06-30,557,3,1,0.294,5,1,1,0,231000,67900,126
CR500535,CUST100535,2024-06-30,467,2,2,0.564,3,0,0,0,97000,54700,261
CR500536,CUST100536,2024-06-30,529,2,3,0.274,3,3,1,0,81000,22200,276
CR500537,CUST100537,2024-06-30,573,4,1,0.338,2,2,0,0,277000,93600,6
CR500538,CUST100538,2024-06-30,678,3,3,0.195,0,0,0,0,307000,59900,320
CR500539,CUST100539,2024-06-30,618,4,1,0.455,0,0,0,0,135000,61400,188
CR500540,CUST100540,2024-06-30,675,3,1,0.173,0,0,1,0,377000,65200,227
CR500541,CUST100541,2024-06-30,773,5,0,0.618,0,0,0,0,246000,152000,210
CR500542,CUST100542,2024-06-30,587,6,5,0.615,6,1,0,0,176000,108200,104
CR500543,CUST100543,2024-06-30,768,3,2,0.681,0,0,0,0,471000,320800,346
CR500544,CUST100544,2024-06-30,676,2,3,0.047,0,0,0,0,222000,10400,324
CR500545,CUST100545,2024-06-30,489,4,2,0.52,1,1,0,0,104000,54100,290
CR500546,CUST100546,2024-06-30,788,3,1,0.287,1,0,0,0,238000,68300,22
CR500547,CUST100547,2024-06-30,682,3,2,0.65,0,0,0,0,372000,241800,46
CR500548,CUST100548,2024-06-30,518,3,3,0.435,5,0,0,0,28000,12200,6
CR500549,CUST100549,2024-06-30,587,2,1,0.247,2,2,0,0,209000,51600,42
CR500550,CUST100550,2024-06-30,499,0,4,0.408,1,1,1,0,101000,41200,284
CR500551,CUST100551,2024-06-30,711,5,3,0.143,0,0,0,0,572000,81800,215
CR500552,CUST100552,2024-06-30,634,5,1,0.194,3,0,0,0,130000,25200,114
CR500553,CUST100553,2024-06-30,505,4,2,0.221,0,0,0,0,93000,20600,258
CR500554,CUST100554,2024-06-30,652,3,3,0.406,0,0,0,0,244000,99100,126
CR500555,CUST100555,2024-06-30,632,3,1,0.255,3,1,0,0,492000,125500,284
CR500556,CUST100556,2024-06-30,494,3,1,0.346,3,3,1,0,104000,36000,290
CR500557,CUST100557,2024-06-30,635,4,2,0.287,1,0,0,0,187000,53700,91
CR500558,CUST100558,2024-06-30,624,4,1,0.682,3,0,0,0,90000,61400,6
CR500559,CUST100559,2024-06-30,783,4,4,0.207,0,0,0,0,741000,153400,328
CR500560,CUST100560,2024-06-30,649,1,2,0.663,4,0,0,0,449000,297700,102
CR500561,CUST100561,2024-06-30,587,3,1,0.323,3,3,0,0,238000,76900,34
CR500562,CUST100562,2024-06-30,680,4,2,0.276,0,0,0,0,108000,29800,280
CR500563,CUST100563,2024-06-30,591,2,3,0.286,4,3,1,0,64000,18300,183
CR500564,CUST100564,2024-06-30,699,5,4,0.414,2,0,0,0,326000,135000,165
CR500565,CUST100565,2024-06-30,742,5,2,0.261,0,0,0,0,401000,104700,80
CR500566,CUST100566,2024-06-30,691,2,0,0.275,1,0,0,0,135000,37100,101
CR500567,CUST100567,2024-06-30,479,3,3,0.417,4,0,0,0,117000,48800,6
CR500568,CUST100568,2024-06-30,643,1,2,0.267,3,0,0,0,197000,52600,175
CR500569,CUST100569,2024-06-30,546,8,2,0.162,1,0,0,0,113000,18300,380
CR500570,CUST100570,2024-06-30,723,4,1,0.445,0,0,0,0,572000,254500,9
CR500571,CUST100571,2024-06-30,809,3,0,0.439,0,0,0,0,284000,124700,352
CR500572,CUST100572,2024-06-30,762,6,3,0.515,0,0,0,0,237000,122100,102
CR500573,CUST100573,2024-06-30,734,3,2,0.167,1,0,0,0,263000,43900,311
CR500574,CUST100574,2024-06-30,634,6,2,0.27,4,0,0,0,42000,11300,140
CR500575,CUST100575,2024-06-30,843,2,2,0.149,0,0,0,0,796000,118600,115
CR500576,CUST100576,2024-06-30,595,4,1,0.249,2,0,0,0,339000,84400,142
CR500577,CUST100577,2024-06-30,677,3,2,0.319,2,0,0,0,198000,63200,133
CR500578,CUST100578,2024-06-30,467,3,3,0.374,2,1,1,0,94000,35200,120
CR500579,CUST100579,2024-06-30,654,7,2,0.146,0,0,0,0,345000,50400,122
CR500580,CUST100580,2024-06-30,650,0,1,0.459,2,1,0,0,182000,83500,302
CR500581,CUST100581,2024-06-30,391,5,2,0.427,3,0,2,0,84000,35900,65
CR500582,CUST100582,2024-06-30,622,3,1,0.472,2,0,0,0,99000,46700,205
CR500583,CUST100583,2024-06-30,695,6,2,0.128,0,0,0,0,374000,47900,384
CR500584,CUST100584,2024-06-30,661,3,2,0.728,0,0,0,0,250000,182000,329
CR500585,CUST100585,2024-06-30,650,4,3,0.49,0,0,0,0,229000,112200,395
CR500586,CUST100586,2024-06-30,677,5,4,0.375,0,0,0,0,164000,61500,269
CR500587,CUST100587,2024-06-30,664,2,1,0.425,0,0,0,0,372000,158100,6
CR500588,CUST100588,2024-06-30,493,3,1,0.622,1,1,1,0,115000,71500,164
CR500589,CUST100589,2024-06-30,611,5,3,0.556,1,1,0,0,610000,339200,274
CR500590,CUST100590,2024-06-30,684,3,3,0.677,1,0,0,0,304000,205800,96
CR500591,CUST100591,2024-06-30,614,2,3,0.109,2,0,0,0,69000,7500,285
CR500592,CUST100592,2024-06-30,694,2,0,0.308,0,0,0,0,391000,120400,365
CR500593,CUST100593,2024-06-30,534,5,2,0.186,0,0,0,0,202000,37600,232
CR500594,CUST100594,2024-06-30,675,3,2,0.065,0,0,0,0,308000,20000,262
CR500595,CUST100595,2024-06-30,599,7,6,0.318,2,2,0,0,112000,35600,197
CR500596,CUST100596,2024-06-30,688,5,3,0.456,1,1,0,0,133000,60600,6
CR500597,CUST100597,2024-06-30,595,7,2,0.509,4,0,0,0,421000,214300,144
CR500598,CUST100598,2024-06-30,625,3,2,0.574,1,0,0,0,539000,309400,322
CR500599,CUST100599,2024-06-30,684,2,2,0.195,1,0,0,0,59000,11500,253
CR500600,CUST100600,2024-06-30,665,5,2,0.54,0,0,1,0,221000,119300,376
CR500601,CUST100601,2024-06-30,569,4,3,0.444,2,2,0,0,122000,54200,135
CR500602,CUST100602,2024-06-30,646,3,1,0.445,3,0,0,0,226000,100600,400
CR500603,CUST100603,2024-06-30,703,5,0,0.354,0,0,0,0,336000,118900,235
CR500604,CUST100604,2024-06-30,766,4,1,0.057,0,0,0,0,434000,24700,171
CR500605,CUST100605,2024-06-30,644,3,2,0.507,2,0,0,0,41000,20800,224
CR500606,CUST100606,2024-06-30,692,2,0,0.235,0,0,0,0,114000,26800,145
CR500607,CUST100607,2024-06-30,734,8,2,0.054,0,0,0,0,106000,5700,16
CR500608,CUST100608,2024-06-30,674,8,3,0.25,2,0,0,0,192000,48000,393
CR500609,CUST100609,2024-06-30,554,3,0,0.684,1,1,2,0,149000,101900,157
CR500610,CUST100610,2024-06-30,698,6,0,0.361,0,0,0,0,692000,249800,303
CR500611,CUST100611,2024-06-30,594,0,3,0.107,3,2,0,0,595000,63700,88
CR500612,CUST100612,2024-06-30,659,3,1,0.335,1,0,0,0,153000,51300,223
CR500613,CUST100613,2024-06-30,654,2,3,0.141,0,0,0,0,785000,110700,156
CR500614,CUST100614,2024-06-30,650,3,2,0.504,0,0,0,0,166000,83700,15
CR500615,CUST100615,2024-06-30,743,4,0,0.465,0,0,0,0,235000,109300,366
CR500616,CUST100616,2024-06-30,768,2,4,0.316,0,0,0,0,1025000,323900,480
CR500617,CUST100617,2024-06-30,757,6,2,0.511,1,0,0,0,244000,124700,339
CR500618,CUST100618,2024-06-30,731,3,1,0.542,0,0,0,0,203000,110000,446
CR500619,CUST100619,2024-06-30,479,4,5,0.523,2,2,1,0,37000,19400,299
CR500620,CUST100620,2024-06-30,731,4,2,0.542,0,0,0,0,142000,77000,191
CR500621,CUST100621,2024-06-30,727,6,2,0.199,0,0,0,0,259000,51500,39
CR500622,CUST100622,2024-06-30,623,2,2,0.204,3,0,0,0,164000,33500,136
CR500623,CUST100623,2024-06-30,656,1,2,0.364,0,0,0,0,521000,189600,226
CR500624,CUST100624,2024-06-30,795,7,1,0.241,0,0,0,0,179000,43100,170
CR500625,CUST100625,2024-06-30,666,3,0,0.491,3,1,0,0,371000,182200,26
CR500626,CUST100626,2024-06-30,587,2,6,0.136,0,0,0,0,214000,29100,10
CR500627,CUST100627,2024-06-30,486,5,3,0.383,2,0,0,0,57000,21800,204
CR500628,CUST100628,2024-06-30,673,2,1,0.354,0,0,0,0,347000,122800,397
CR500629,CUST100629,2024-06-30,577,4,2,0.803,2,0,0,0,169000,135700,221
CR500630,CUST100630,2024-06-30,545,4,2,0.78,1,1,0,0,250000,195000,6
CR500631,CUST100631,2024-06-30,653,2,2,0.32,0,0,0,0,207000,66200,148
CR500632,CUST100632,2024-06-30,514,3,0,0.263,2,1,0,0,150000,39400,238
CR500633,CUST100633,2024-06-30,581,3,0,0.412,3,3,0,0,111000,45700,136
CR500634,CUST100634,2024-06-30,668,3,4,0.321,0,0,0,0,142000,45600,316
CR500635,CUST100635,2024-06-30,622,4,0,0.461,3,0,0,0,311000,143400,480
CR500636,CUST100636,2024-06-30,592,0,2,0.256,4,3,0,0,365000,93400,204
CR500637,CUST100637,2024-06-30,590,3,2,0.443,3,1,1,0,209000,92600,271
CR500638,CUST100638,2024-06-30,709,2,6,0.186,0,0,0,0,581000,108100,44
CR500639,CUST100639,2024-06-30,648,3,1,0.215,2,0,0,0,136000,29200,149
CR500640,CUST100640,2024-06-30,731,6,2,0.518,0,0,0,0,375000,194200,56
CR500641,CUST100641,2024-06-30,628,5,1,0.484,2,0,0,0,524000,253600,321
CR500642,CUST100642,2024-06-30,649,0,0,0.86,1,0,0,0,181000,155700,260
CR500643,CUST100643,2024-06-30,792,2,3,0.085,1,0,0,0,383000,32600,383
CR500644,CUST100644,2024-06-30,662,4,0,0.244,0,0,0,0,147000,35900,249
CR500645,CUST100645,2024-06-30,636,2,4,0.353,2,0,0,0,151000,53300,210
CR500646,CUST100646,2024-06-30,659,1,1,0.211,0,0,0,0,70000,14800,210
CR500647,CUST100647,2024-06-30,640,3,0,0.241,2,0,1,0,234000,56400,323
CR500648,CUST100648,2024-06-30,520,3,2,0.693,2,0,0,0,140000,97000,260
CR500649,CUST100649,2024-06-30,510,5,2,0.388,3,3,3,0,123000,47700,89
CR500650,CUST100650,2024-06-30,774,4,4,0.49,1,0,0,0,365000,178800,443
CR500651,CUST100651,2024-06-30,648,3,4,0.536,0,0,0,0,116000,62200,144
CR500652,CUST100652,2024-06-30,690,5,3,0.262,0,0,0,0,397000,104000,6
CR500653,CUST100653,2024-06-30,764,3,2,0.49,2,0,0,0,241000,118100,480
CR500654,CUST100654,2024-06-30,706,6,3,0.354,0,0,0,0,895000,316800,6
CR500655,CUST100655,2024-06-30,587,6,3,0.643,2,1,0,0,350000,225000,62
CR500656,CUST100656,2024-06-30,597,1,0,0.25,4,0,0,0,188000,47000,345
CR500657,CUST100657,2024-06-30,751,7,1,0.342,0,0,0,0,804000,275000,89
CR500658,CUST100658,2024-06-30,780,4,2,0.246,0,0,0,0,467000,114900,245
CR500659,CUST100659,2024-06-30,588,3,7,0.11,3,1,0,0,76000,8400,293
CR500660,CUST100660,2024-06-30,551,7,3,0.381,5,0,1,0,135000,51400,365
CR500661,CUST100661,2024-06-30,622,2,2,0.416,0,0,0,0,71000,29500,298
CR500662,CUST100662,2024-06-30,661,1,0,0.259,0,0,0,0,158000,40900,11
CR500663,CUST100663,2024-06-30,597,1,1,0.55,3,2,0,0,51000,28100,266
CR500664,CUST100664,2024-06-30,591,1,3,0.487,4,3,0,0,479000,233300,317
CR500665,CUST100665,2024-06-30,631,2,1,0.228,0,0,0,0,265000,60400,366
CR500666,CUST100666,2024-06-30,713,3,1,0.184,0,0,0,0,292000,53700,480
CR500667,CUST100667,2024-06-30,642,3,2,0.428,1,0,0,0,94000,40200,10
CR500668,CUST100668,2024-06-30,530,3,4,0.264,2,2,0,0,137000,36200,122
CR500669,CUST100669,2024-06-30,560,1,6,0.23,4,0,0,0,187000,43000,124
CR500670,CUST100670,2024-06-30,574,4,4,0.494,0,0,0,0,72000,35600,275
CR500671,CUST100671,2024-06-30,796,7,2,0.05,2,0,0,0,302000,15100,326
CR500672,CUST100672,2024-06-30,707,6,3,0.544,0,0,1,0,417000,226800,87
CR500673,CUST100673,2024-06-30,662,6,1,0.491,0,0,0,0,237000,116400,210
CR500674,CUST100674,2024-06-30,605,6,1,0.129,2,0,0,0,134000,17300,221
CR500675,CUST100675,2024-06-30,568,3,2,0.705,1,1,0,0,818000,576700,63
CR500676,CUST100676,2024-06-30,691,5,1,0.731,0,0,0,0,311000,227300,9
CR500677,CUST100677,2024-06-30,449,3,4,0.165,1,1,0,0,96000,15800,11
CR500678,CUST100678,2024-06-30,590,7,1,0.103,1,1,0,0,234000,24100,62
CR500679,CUST100679,2024-06-30,623,5,0,0.598,2,0,0,0,67000,40100,189
CR500680,CUST100680,2024-06-30,735,6,0,0.07,0,0,0,0,288000,20200,160
CR500681,CUST100681,2024-06-30,766,2,0,0.251,0,0,0,0,357000,89600,392
CR500682,CUST100682,2024-06-30,747,5,1,0.624,0,0,0,0,524000,327000,402
CR500683,CUST100683,2024-06-30,642,8,1,0.13,3,0,0,0,220000,28600,257
CR500684,CUST100684,2024-06-30,662,3,1,0.527,1,0,0,0,238000,125400,214
CR500685,CUST100685,2024-06-30,654,4,3,0.347,0,0,0,0,147000,51000,236
CR500686,CUST100686,2024-06-30,653,3,0,0.61,0,0,0,0,925000,564200,389
CR500687,CUST100687,2024-06-30,616,5,1,0.102,4,0,0,0,60000,6100,43
CR500688,CUST100688,2024-06-30,414,3,3,0.307,2,2,0,0,140000,43000,47
CR500689,CUST100689,2024-06-30,748,5,2,0.143,0,0,0,0,518000,74100,132
CR500690,CUST100690,2024-06-30,661,3,1,0.464,1,0,1,0,246000,114100,134
CR500691,CUST100691,2024-06-30,575,4,2,0.355,5,2,0,0,103000,36600,322
CR500692,CUST100692,2024-06-30,445,2,3,0.424,0,0,2,0,93000,39400,306
CR500693,CUST100693,2024-06-30,559,5,5,0.172,2,1,0,0,74000,12700,6
CR500694,CUST100694,2024-06-30,606,3,0,0.666,2,0,0,0,339000,225800,373
CR500695,CUST100695,2024-06-30,740,2,0,0.505,0,0,0,0,2034000,1027200,293
CR500696,CUST100696,2024-06-30,794,4,0,0.198,0,0,0,0,730000,144500,50
CR500697,CUST100697,2024-06-30,798,2,0,0.276,0,0,0,0,1384000,382000,25
CR500698,CUST100698,2024-06-30,645,4,2,0.404,0,0,0,0,312000,126000,90
CR500699,CUST100699,2024-06-30,593,8,3,0.547,2,2,0,0,227000,124200,53
CR500700,CUST100700,2024-06-30,659,2,1,0.198,1,0,0,0,223000,44200,361
CR500701,CUST100701,2024-06-30,565,4,4,0.118,2,0,1,0,274000,32300,66
CR500702,CUST100702,2024-06-30,733,4,1,0.441,2,0,0,0,289000,127400,71
CR500703,CUST100703,2024-06-30,445,5,3,0.332,3,0,1,0,101000,33500,142
CR500704,CUST100704,2024-06-30,532,2,3,0.157,5,1,0,0,86000,13500,14
CR500705,CUST100705,2024-06-30,690,4,0,0.335,0,0,0,0,151000,50600,187
CR500706,CUST100706,2024-06-30,731,5,0,0.342,1,0,0,0,485000,165900,264
CR500707,CUST100707,2024-06-30,636,4,1,0.277,2,0,0,0,235000,65100,311
CR500708,CUST100708,2024-06-30,538,6,3,0.209,0,0,1,0,97000,20300,246
CR500709,CUST100709,2024-06-30,585,7,3,0.362,2,1,0,0,202000,73100,48
CR500710,CUST100710,2024-06-30,611,2,2,0.29,4,0,0,0,120000,34800,392
CR500711,CUST100711,2024-06-30,559,3,4,0.381,5,1,1,0,92000,35100,333
CR500712,CUST100712,2024-06-30,724,2,1,0.437,0,0,0,0,634000,277100,214
CR500713,CUST100713,2024-06-30,635,4,3,0.114,4,0,0,0,107000,12200,257
CR500714,CUST100714,2024-06-30,675,3,1,0.299,0,0,0,0,245000,73300,124
CR500715,CUST100715,2024-06-30,581,4,3,0.137,4,1,0,0,291000,39900,130
CR500716,CUST100716,2024-06-30,626,4,2,0.098,2,0,0,0,346000,33900,213
CR500717,CUST100717,2024-06-30,560,0,2,0.559,1,1,0,0,76000,42500,167
CR500718,CUST100718,2024-06-30,767,7,1,0.29,1,0,0,0,191000,55400,123
CR500719,CUST100719,2024-06-30,556,8,1,0.63,1,1,0,0,149000,93900,233
CR500720,CUST100720,2024-06-30,632,0,0,0.459,6,0,0,0,259000,118900,194
CR500721,CUST100721,2024-06-30,456,4,3,0.678,1,1,1,0,243000,164800,136
CR500722,CUST100722,2024-06-30,549,7,3,0.45,1,0,0,0,161000,72400,148
CR500723,CUST100723,2024-06-30,682,3,2,0.803,0,0,0,0,646000,518700,135
CR500724,CUST100724,2024-06-30,728,4,1,0.027,0,0,0,0,305000,8200,27
CR500725,CUST100725,2024-06-30,600,2,1,0.279,1,0,0,0,125000,34900,99
CR500726,CUST100726,2024-06-30,640,1,3,0.39,4,0,0,0,110000,42900,14
CR500727,CUST100727,2024-06-30,812,3,0,0.124,0,0,0,0,589000,73000,315
CR500728,CUST100728,2024-06-30,685,3,2,0.056,0,0,0,0,365000,20400,297
CR500729,CUST100729,2024-06-30,709,6,3,0.057,3,0,0,0,413000,23500,130
CR500730,CUST100730,2024-06-30,720,4,5,0.144,0,0,1,0,546000,78600,206
CR500731,CUST100731,2024-06-30,654,3,0,0.493,2,0,0,0,130000,64100,222
CR500732,CUST100732,2024-06-30,647,6,1,0.385,3,0,0,0,53000,20400,476
CR500733,CUST100733,2024-06-30,776,2,1,0.141,0,0,0,0,947000,133500,151
CR500734,CUST100734,2024-06-30,582,5,3,0.19,3,2,0,0,260000,49400,6
CR500735,CUST100735,2024-06-30,717,3,2,0.583,0,0,0,0,401000,233800,6
CR500736,CUST100736,2024-06-30,505,5,2,0.508,5,2,0,0,26000,13200,317
CR500737,CUST100737,2024-06-30,689,3,1,0.193,0,0,0,0,369000,71200,220
CR500738,CUST100738,2024-06-30,709,4,1,0.461,0,0,0,0,159000,73300,340
CR500739,CUST100739,2024-06-30,596,3,0,0.861,2,0,0,0,193000,166200,101
CR500740,CUST100740,2024-06-30,646,4,1,0.468,2,0,0,0,253000,118400,398
CR500741,CUST100741,2024-06-30,668,2,0,0.298,0,0,0,0,330000,98300,164
CR500742,CUST100742,2024-06-30,636,3,0,0.402,1,0,1,0,226000,90900,172
CR500743,CUST100743,2024-06-30,766,4,2,0.333,2,0,0,0,1033000,344000,173
CR500744,CUST100744,2024-06-30,544,1,4,0.319,1,1,0,0,80000,25500,7
CR500745,CUST100745,2024-06-30,701,5,1,0.339,0,0,0,0,461000,156300,291
CR500746,CUST100746,2024-06-30,619,3,1,0.796,1,0,0,0,215000,171100,281
CR500747,CUST100747,2024-06-30,617,8,0,0.434,6,0,1,0,197000,85500,106
CR500748,CUST100748,2024-06-30,649,6,1,0.472,2,0,0,0,130000,61400,123
CR500749,CUST100749,2024-06-30,718,5,2,0.438,0,0,0,0,141000,61800,231
CR500750,CUST100750,2024-06-30,602,4,3,0.305,0,0,0,0,89000,27100,307
CR500751,CUST100751,2024-06-30,627,3,3,0.555,3,0,0,0,106000,58800,50
CR500752,CUST100752,2024-06-30,565,3,4,0.475,1,1,0,0,173000,82200,169
CR500753,CUST100753,2024-06-30,787,6,1,0.178,1,0,0,0,211000,37600,107
CR500754,CUST100754,2024-06-30,696,1,3,0.529,0,0,0,0,196000,103700,314
CR500755,CUST100755,2024-06-30,900,2,2,0.074,0,0,0,0,812000,60100,400
CR500756,CUST100756,2024-06-30,661,2,2,0.376,0,0,0,0,494000,185700,83
CR500757,CUST100757,2024-06-30,792,6,0,0.082,0,0,0,0,784000,64300,245
CR500758,CUST100758,2024-06-30,713,4,3,0.399,1,0,0,0,202000,80600,405
CR500759,CUST100759,2024-06-30,662,2,1,0.045,0,0,0,0,768000,34600,156
CR500760,CUST100760,2024-06-30,558,2,2,0.65,1,1,0,0,173000,112400,248
CR500761,CUST100761,2024-06-30,591,2,4,0.292,1,0,0,0,319000,93100,137
CR500762,CUST100762,2024-06-30,609,1,2,0.69,6,0,0,0,85000,58600,148
CR500763,CUST100763,2024-06-30,661,4,3,0.18,1,0,0,0,1057000,190300,6
CR500764,CUST100764,2024-06-30,732,6,1,0.623,0,0,0,0,634000,395000,215
CR500765,CUST100765,2024-06-30,714,6,1,0.287,0,0,0,0,534000,153300,22
CR500766,CUST100766,2024-06-30,656,2,1,0.109,0,0,0,0,159000,17300,280
CR500767,CUST100767,2024-06-30,745,3,1,0.354,0,0,0,0,543000,192200,480
CR500768,CUST100768,2024-06-30,623,3,4,0.322,0,0,0,0,233000,75000,129
CR500769,CUST100769,2024-06-30,656,6,1,0.349,0,0,0,0,325000,113400,283
CR500770,CUST100770,2024-06-30,748,3,3,0.325,0,0,0,0,532000,172900,53
CR500771,CUST100771,2024-06-30,666,1,1,0.173,0,0,0,0,710000,122800,23
CR500772,CUST100772,2024-06-30,706,6,2,0.25,0,0,0,0,588000,147000,86
CR500773,CUST100773,2024-06-30,669,2,2,0.396,1,0,0,0,829000,328300,57
CR500774,CUST100774,2024-06-30,716,6,2,0.153,1,0,0,0,259000,39600,455
CR500775,CUST100775,2024-06-30,514,6,3,0.295,1,1,2,0,83000,24500,144
CR500776,CUST100776,2024-06-30,662,3,4,0.619,0,0,0,0,150000,92800,284
CR500777,CUST100777,2024-06-30,675,4,2,0.168,1,0,0,0,228000,38300,328
CR500778,CUST100778,2024-06-30,682,4,2,0.097,0,0,0,0,546000,53000,434
CR500779,CUST100779,2024-06-30,475,6,1,0.172,1,0,1,0,27000,4600,264
CR500780,CUST100780,2024-06-30,684,2,0,0.1,1,0,0,0,492000,49200,109
CR500781,CUST100781,2024-06-30,708,3,3,0.221,0,0,0,0,322000,71200,256
CR500782,CUST100782,2024-06-30,678,3,0,0.332,0,0,0,0,156000,51800,385
CR500783,CUST100783,2024-06-30,642,4,6,0.37,2,0,0,0,204000,75500,284
CR500784,CUST100784,2024-06-30,653,7,2,0.296,0,0,0,0,200000,59200,272
CR500785,CUST100785,2024-06-30,632,0,1,0.418,1,0,0,0,220000,92000,210
CR500786,CUST100786,2024-06-30,692,2,1,0.698,0,0,0,0,258000,180100,77
CR500787,CUST100787,2024-06-30,592,6,6,0.326,4,1,0,0,65000,21200,165
CR500788,CUST100788,2024-06-30,479,2,0,0.848,5,1,0,0,129000,109400,41
CR500789,CUST100789,2024-06-30,723,3,3,0.24,1,0,0,0,797000,191300,359
CR500790,CUST100790,2024-06-30,755,3,1,0.499,0,0,0,0,703000,350800,63
CR500791,CUST100791,2024-06-30,691,6,3,0.451,1,0,0,0,508000,229100,119
CR500792,CUST100792,2024-06-30,466,2,1,0.861,0,0,0,0,136000,117100,90
CR500793,CUST100793,2024-06-30,697,3,2,0.408,1,0,0,0,440000,179500,6
CR500794,CUST100794,2024-06-30,714,2,1,0.202,0,0,0,0,375000,75800,6
CR500795,CUST100795,2024-06-30,703,4,2,0.126,0,0,0,0,742000,93500,110
CR500796,CUST100796,2024-06-30,574,6,1,0.442,3,1,0,0,288000,127300,116
CR500797,CUST100797,2024-06-30,704,3,0,0.192,0,0,0,0,478000,91800,112
CR500798,CUST100798,2024-06-30,758,2,0,0.122,0,0,0,0,818000,99800,278
CR500799,CUST100799,2024-06-30,764,4,1,0.333,0,0,0,0,334000,111200,6
CR500800,CUST100800,2024-06-30,640,5,1,0.388,1,0,1,0,116000,45000,230
CR500801,CUST100801,2024-06-30,739,6,0,0.337,0,0,0,0,277000,93300,197
CR500802,CUST100802,2024-06-30,602,3,2,0.447,1,0,0,0,108000,48300,55
CR500803,CUST100803,2024-06-30,755,4,2,0.236,1,0,0,0,533000,125800,308
CR500804,CUST100804,2024-06-30,743,5,1,0.15,1,0,1,0,396000,59400,132
CR500805,CUST100805,2024-06-30,649,2,1,0.098,0,0,0,0,339000,33200,166
CR500806,CUST100806,2024-06-30,613,6,4,0.199,1,0,0,0,173000,34400,291
CR500807,CUST100807,2024-06-30,666,0,1,0.284,0,0,0,0,171000,48600,245
CR500808,CUST100808,2024-06-30,582,1,4,0.289,3,2,0,0,140000,40500,6
CR500809,CUST100809,2024-06-30,723,6,1,0.091,2,0,0,0,545000,49600,232
CR500810,CUST100810,2024-06-30,744,8,0,0.418,2,0,0,0,1113000,465200,214
CR500811,CUST100811,2024-06-30,692,3,1,0.435,0,0,0,0,636000,276700,256
CR500812,CUST100812,2024-06-30,633,2,0,0.402,1,0,0,0,123000,49400,288
CR500813,CUST100813,2024-06-30,799,5,0,0.443,1,0,0,0,232000,102800,432
CR500814,CUST100814,2024-06-30,588,1,5,0.36,1,0,0,0,65000,23400,6
CR500815,CUST100815,2024-06-30,642,0,2,0.238,0,0,0,0,347000,82600,138
CR500816,CUST100816,2024-06-30,696,5,2,0.323,0,0,0,0,193000,62300,145
CR500817,CUST100817,2024-06-30,803,1,0,0.372,0,0,0,0,724000,269300,361
CR500818,CUST100818,2024-06-30,735,4,2,0.089,1,0,0,0,539000,48000,358
CR500819,CUST100819,2024-06-30,641,4,0,0.88,1,0,1,0,121000,106500,439
CR500820,CUST100820,2024-06-30,744,7,1,0.028,0,0,0,0,203000,5700,117
CR500821,CUST100821,2024-06-30,716,5,2,0.108,0,0,0,0,403000,43500,137
CR500822,CUST100822,2024-06-30,643,1,0,0.219,3,0,0,0,175000,38300,6
CR500823,CUST100823,2024-06-30,608,5,1,0.103,3,0,0,0,256000,26400,21
CR500824,CUST100824,2024-06-30,564,4,8,0.647,4,0,0,0,54000,34900,6
CR500825,CUST100825,2024-06-30,633,2,2,0.152,3,0,0,0,231000,35100,237
CR500826,CUST100826,2024-06-30,712,5,1,0.169,1,0,1,0,725000,122500,41
CR500827,CUST100827,2024-06-30,588,3,3,0.323,1,1,0,0,282000,91100,34
CR500828,CUST100828,2024-06-30,620,1,1,0.507,3,0,0,0,250000,126800,11
CR500829,CUST100829,2024-06-30,667,3,0,0.307,1,0,1,0,257000,78900,236
CR500830,CUST100830,2024-06-30,578,2,2,0.533,2,1,0,0,129000,68800,155
CR500831,CUST100831,2024-06-30,575,4,2,0.295,1,1,0,0,107000,31600,239
CR500832,CUST100832,2024-06-30,632,4,0,0.129,3,0,0,0,121000,15600,291
CR500833,CUST100833,2024-06-30,657,3,3,0.42,2,0,0,0,507000,212900,169
CR500834,CUST100834,2024-06-30,619,4,3,0.496,2,0,0,0,85000,42200,112
CR500835,CUST100835,2024-06-30,647,3,1,0.477,4,0,1,0,353000,168400,6
CR500836,CUST100836,2024-06-30,683,2,2,0.537,0,0,0,0,592000,317900,393
CR500837,CUST100837,2024-06-30,700,2,2,0.225,0,0,0,0,274000,61600,240
CR500838,CUST100838,2024-06-30,711,2,2,0.653,0,0,0,0,281000,183500,252
CR500839,CUST100839,2024-06-30,603,2,3,0.714,3,0,0,0,447000,319200,241
CR500840,CUST100840,2024-06-30,575,4,2,0.381,2,0,0,0,125000,47600,235
CR500841,CUST100841,2024-06-30,592,2,3,0.642,0,0,0,0,103000,66100,217
CR500842,CUST100842,2024-06-30,611,1,0,0.56,3,1,0,0,157000,87900,134
CR500843,CUST100843,2024-06-30,553,4,4,0.659,3,2,0,0,137000,90300,39
CR500844,CUST100844,2024-06-30,697,4,3,0.232,0,0,0,0,459000,106500,32
CR500845,CUST100845,2024-06-30,642,5,2,0.274,2,0,0,0,120000,32900,396
CR500846,CUST100846,2024-06-30,694,3,1,0.108,2,0,0,0,629000,67900,384
CR500847,CUST100847,2024-06-30,835,2,1,0.694,1,1,0,0,376000,260900,220
CR500848,CUST100848,2024-06-30,600,1,1,0.223,2,0,0,0,186000,41500,344
CR500849,CUST100849,2024-06-30,896,4,3,0.182,0,0,0,0,1930000,351300,480
CR500850,CUST100850,2024-06-30,535,7,3,0.16,3,1,1,0,463000,74100,194
CR500851,CUST100851,2024-06-30,598,3,2,0.627,4,0,0,0,185000,116000,6
CR500852,CUST100852,2024-06-30,696,1,4,0.313,1,0,0,0,260000,81400,308
CR500853,CUST100853,2024-06-30,702,5,0,0.141,0,0,0,0,269000,37900,365
CR500854,CUST100854,2024-06-30,674,5,3,0.42,0,0,0,0,325000,136500,96
CR500855,CUST100855,2024-06-30,714,6,2,0.393,1,0,0,0,428000,168200,11
CR500856,CUST100856,2024-06-30,623,4,3,0.583,2,0,0,0,94000,54800,208
CR500857,CUST100857,2024-06-30,410,2,2,0.512,3,2,0,0,42000,21500,196
CR500858,CUST100858,2024-06-30,645,4,1,0.097,3,0,0,0,251000,24300,280
CR500859,CUST100859,2024-06-30,704,4,3,0.132,1,0,0,0,620000,81800,203
CR500860,CUST100860,2024-06-30,699,1,1,0.156,1,0,0,0,747000,116500,217
CR500861,CUST100861,2024-06-30,649,5,1,0.766,1,0,0,0,344000,263500,480
CR500862,CUST100862,2024-06-30,685,4,3,0.207,0,0,0,0,255000,52800,10
CR500863,CUST100863,2024-06-30,749,3,3,0.687,1,0,0,0,539000,370300,197
CR500864,CUST100864,2024-06-30,649,5,1,0.432,5,1,0,0,177000,76500,166
CR500865,CUST100865,2024-06-30,731,6,2,0.274,0,0,0,0,351000,96200,146
CR500866,CUST100866,2024-06-30,697,3,1,0.169,1,0,0,0,221000,37300,257
CR500867,CUST100867,2024-06-30,590,2,2,0.278,1,1,0,0,183000,50900,91
CR500868,CUST100868,2024-06-30,716,5,1,0.212,0,0,0,0,714000,151400,256
CR500869,CUST100869,2024-06-30,695,2,1,0.291,0,0,0,0,556000,161800,132
CR500870,CUST100870,2024-06-30,574,1,2,0.434,2,1,0,0,57000,24700,340
CR500871,CUST100871,2024-06-30,632,4,1,0.179,3,0,0,0,177000,31700,6
CR500872,CUST100872,2024-06-30,633,1,1,0.188,5,0,0,0,470000,88400,239
CR500873,CUST100873,2024-06-30,606,3,2,0.294,2,0,0,0,156000,45900,382
CR500874,CUST100874,2024-06-30,607,5,2,0.473,3,0,0,0,164000,77600,148
CR500875,CUST100875,2024-06-30,777,1,0,0.13,0,0,0,0,435000,56600,104
CR500876,CUST100876,2024-06-30,651,3,1,0.685,0,0,0,0,731000,500700,416
CR500877,CUST100877,2024-06-30,590,1,2,0.491,2,0,0,0,188000,92300,203
CR500878,CUST100878,2024-06-30,577,1,1,0.356,4,1,0,0,287000,102200,162
CR500879,CUST100879,2024-06-30,623,3,1,0.499,5,0,0,0,161000,80300,313
CR500880,CUST100880,2024-06-30,716,2,0,0.169,0,0,0,0,202000,34100,176
CR500881,CUST100881,2024-06-30,704,2,2,0.212,2,0,0,0,249000,52800,328
CR500882,CUST100882,2024-06-30,549,3,4,0.476,2,0,1,0,43000,20500,6
CR500883,CUST100883,2024-06-30,734,1,0,0.098,0,0,0,0,1250000,122500,149
CR500884,CUST100884,2024-06-30,728,3,3,0.666,1,0,0,0,570000,379600,125
CR500885,CUST100885,2024-06-30,875,1,1,0.098,1,0,0,0,336000,32900,242
CR500886,CUST100886,2024-06-30,674,4,3,0.224,0,0,0,0,123000,27600,366
CR500887,CUST100887,2024-06-30,655,2,0,0.237,0,0,0,0,1365000,323500,194
CR500888,CUST100888,2024-06-30,613,1,2,0.379,1,0,0,0,336000,127300,6
CR500889,CUST100889,2024-06-30,680,4,1,0.442,0,0,0,0,289000,127700,19
CR500890,CUST100890,2024-06-30,504,3,3,0.662,0,0,1,0,129000,85400,218
CR500891,CUST100891,2024-06-30,558,2,2,0.515,2,0,2,0,79000,40700,53
CR500892,CUST100892,2024-06-30,554,3,3,0.218,1,1,0,0,262000,57100,287
CR500893,CUST100893,2024-06-30,526,5,1,0.289,2,1,0,0,155000,44800,6
CR500894,CUST100894,2024-06-30,576,5,1,0.163,1,0,0,0,214000,34900,19
CR500895,CUST100895,2024-06-30,544,2,2,0.689,3,2,0,0,333000,229400,262
CR500896,CUST100896,2024-06-30,685,3,2,0.347,2,0,0,0,240000,83300,176
CR500897,CUST100897,2024-06-30,753,3,2,0.212,0,0,0,0,131000,27800,202
CR500898,CUST100898,2024-06-30,715,5,1,0.21,0,0,0,0,477000,100200,277
CR500899,CUST100899,2024-06-30,681,0,2,0.48,0,0,0,0,417000,200200,201
CR500900,CUST100900,2024-06-30,457,9,2,0.659,3,2,1,0,41000,27000,113
CR500901,CUST100901,2024-06-30,580,3,1,0.455,2,1,0,0,271000,123300,206
CR500902,CUST100902,2024-06-30,770,5,2,0.092,1,0,0,0,725000,66700,266
CR500903,CUST100903,2024-06-30,671,5,0,0.076,0,0,0,0,840000,63800,369
CR500904,CUST100904,2024-06-30,583,0,3,0.32,1,1,0,0,131000,41900,302
CR500905,CUST100905,2024-06-30,677,0,2,0.465,0,0,0,0,513000,238500,58
CR500906,CUST100906,2024-06-30,676,3,2,0.061,2,0,0,0,113000,6900,309
CR500907,CUST100907,2024-06-30,725,4,4,0.177,0,0,0,0,121000,21400,480
CR500908,CUST100908,2024-06-30,826,3,3,0.235,0,0,0,0,591000,138900,360
CR500909,CUST100909,2024-06-30,690,1,0,0.503,1,0,0,0,150000,75400,268
CR500910,CUST100910,2024-06-30,602,4,2,0.442,2,1,0,0,233000,103000,25
CR500911,CUST100911,2024-06-30,851,4,1,0.449,1,0,0,0,788000,353800,435
CR500912,CUST100912,2024-06-30,542,2,4,0.449,0,0,0,0,232000,104200,300
CR500913,CUST100913,2024-06-30,639,1,1,0.432,2,1,0,0,73000,31500,246
CR500914,CUST100914,2024-06-30,698,2,3,0.426,0,0,0,0,534000,227500,6
CR500915,CUST100915,2024-06-30,667,3,2,0.613,1,0,0,0,250000,153200,438
CR500916,CUST100916,2024-06-30,803,5,0,0.371,0,0,0,0,623000,231100,135
CR500917,CUST100917,2024-06-30,601,7,1,0.265,3,0,0,0,221000,58600,76
CR500918,CUST100918,2024-06-30,775,4,1,0.564,0,0,0,0,531000,299500,219
CR500919,CUST100919,2024-06-30,573,2,1,0.216,2,2,0,0,112000,24200,287
CR500920,CUST100920,2024-06-30,817,3,2,0.165,0,0,1,0,1074000,177200,170
CR500921,CUST100921,2024-06-30,703,2,1,0.395,0,0,0,0,293000,115700,406
CR500922,CUST100922,2024-06-30,521,4,1,0.44,5,0,1,0,36000,15800,310
CR500923,CUST100923,2024-06-30,638,2,0,0.21,1,0,0,0,350000,73500,108
CR500924,CUST100924,2024-06-30,680,6,2,0.192,2,0,0,0,136000,26100,245
CR500925,CUST100925,2024-06-30,520,1,2,0.782,1,0,2,0,320000,250200,6
CR500926,CUST100926,2024-06-30,658,9,2,0.597,1,0,0,0,234000,139700,66
CR500927,CUST100927,2024-06-30,669,4,2,0.083,0,0,0,0,188000,15600,85
CR500928,CUST100928,2024-06-30,471,3,2,0.393,2,1,1,0,103000,40500,120
CR500929,CUST100929,2024-06-30,655,7,1,0.21,1,0,0,0,456000,95800,221
CR500930,CUST100930,2024-06-30,717,3,0,0.421,1,0,0,0,173000,72800,6
CR500931,CUST100931,2024-06-30,647,5,1,0.148,5,1,0,0,207000,30600,286
CR500932,CUST100932,2024-06-30,765,5,2,0.171,0,0,0,0,830000,141900,251
CR500933,CUST100933,2024-06-30,709,3,2,0.141,0,0,0,0,204000,28800,221
CR500934,CUST100934,2024-06-30,636,5,2,0.516,1,1,0,0,238000,122800,212
CR500935,CUST100935,2024-06-30,624,4,0,0.619,2,1,0,0,804000,497700,356
CR500936,CUST100936,2024-06-30,510,2,3,0.316,2,1,2,0,74000,23400,6
CR500937,CUST100937,2024-06-30,733,3,0,0.25,0,0,0,0,1290000,322500,480
CR500938,CUST100938,2024-06-30,584,4,2,0.425,2,2,0,0,257000,109200,107
CR500939,CUST100939,2024-06-30,758,4,3,0.29,0,0,0,0,170000,49300,194
CR500940,CUST100940,2024-06-30,677,1,4,0.215,0,0,0,0,340000,73100,54
CR500941,CUST100941,2024-06-30,742,4,1,0.381,0,0,0,0,699000,266300,347
CR500942,CUST100942,2024-06-30,778,2,1,0.02,2,0,0,0,303000,6100,315
CR500943,CUST100943,2024-06-30,428,3,3,0.264,2,0,0,0,29000,7700,54
CR500944,CUST100944,2024-06-30,768,6,4,0.121,0,0,0,0,561000,67900,229
CR500945,CUST100945,2024-06-30,750,1,1,0.372,0,0,0,0,207000,77000,154
CR500946,CUST100946,2024-06-30,705,4,0,0.383,2,0,0,0,213000,81600,313
CR500947,CUST100947,2024-06-30,546,2,1,0.373,3,3,2,0,48000,17900,285
CR500948,CUST100948,2024-06-30,729,2,3,0.4,0,0,0,0,289000,115600,186
CR500949,CUST100949,2024-06-30,609,4,0,0.393,1,0,0,0,297000,116700,167
CR500950,CUST100950,2024-06-30,773,3,0,0.133,1,0,0,0,228000,30300,36
CR500951,CUST100951,2024-06-30,364,4,4,0.753,0,0,4,0,68000,51200,316
CR500952,CUST100952,2024-06-30,635,4,1,0.564,0,0,0,0,336000,189500,274
CR500953,CUST100953,2024-06-30,616,3,0,0.302,1,0,0,0,232000,70100,101
CR500954,CUST100954,2024-06-30,540,4,2,0.59,1,1,1,0,77000,45400,6
CR500955,CUST100955,2024-06-30,667,3,1,0.291,0,0,0,0,390000,113500,269
CR500956,CUST100956,2024-06-30,612,3,2,0.286,4,1,0,0,303000,86700,64
CR500957,CUST100957,2024-06-30,563,1,3,0.473,2,1,0,0,211000,99800,75
CR500958,CUST100958,2024-06-30,534,2,2,0.399,3,2,0,0,46000,18400,157
CR500959,CUST100959,2024-06-30,591,4,3,0.218,2,0,0,0,92000,20100,53
CR500960,CUST100960,2024-06-30,672,3,4,0.514,0,0,0,0,137000,70400,54
CR500961,CUST100961,2024-06-30,735,6,2,0.6,0,0,0,0,421000,252600,92
CR500962,CUST100962,2024-06-30,733,7,1,0.449,0,0,0,0,164000,73600,231
CR500963,CUST100963,2024-06-30,679,1,0,0.205,0,0,0,0,470000,96400,124
CR500964,CUST100964,2024-06-30,684,3,2,0.391,0,0,0,0,313000,122400,444
CR500965,CUST100965,2024-06-30,734,4,0,0.425,1,0,0,0,1049000,445800,145
CR500966,CUST100966,2024-06-30,766,4,1,0.165,0,0,0,0,496000,81800,247
CR500967,CUST100967,2024-06-30,464,4,3,0.493,5,2,1,0,32000,15800,14
CR500968,CUST100968,2024-06-30,570,2,1,0.466,2,2,0,0,103000,48000,44
CR500969,CUST100969,2024-06-30,571,2,1,0.525,0,0,0,0,170000,89200,132
CR500970,CUST100970,2024-06-30,697,2,0,0.223,0,0,0,0,640000,142700,231
CR500971,CUST100971,2024-06-30,557,2,4,0.222,2,1,0,0,170000,37700,247
CR500972,CUST100972,2024-06-30,563,3,2,0.745,0,0,0,0,65000,48400,6
CR500973,CUST100973,2024-06-30,683,5,4,0.376,0,0,0,0,216000,81200,154
CR500974,CUST100974,2024-06-30,757,5,3,0.198,0,0,0,0,1025000,203000,166
CR500975,CUST100975,2024-06-30,568,4,5,0.459,1,1,0,0,390000,179000,213
CR500976,CUST100976,2024-06-30,668,2,1,0.515,0,0,0,0,319000,164300,376
CR500977,CUST100977,2024-06-30,728,7,3,0.669,0,0,0,0,252000,168600,308
CR500978,CUST100978,2024-06-30,823,6,2,0.057,1,0,0,0,259000,14800,111
CR500979,CUST100979,2024-06-30,606,2,3,0.62,0,0,0,0,538000,333600,350
CR500980,CUST100980,2024-06-30,744,4,3,0.682,0,0,0,0,916000,624700,320
CR500981,CUST100981,2024-06-30,760,3,2,0.285,0,0,0,0,861000,245400,416
CR500982,CUST100982,2024-06-30,741,3,1,0.441,0,0,0,0,769000,339100,85
CR500983,CUST100983,2024-06-30,550,2,4,0.305,2,0,1,0,147000,44800,150
CR500984,CUST100984,2024-06-30,549,3,0,0.486,3,2,1,0,86000,41800,131
CR500985,CUST100985,2024-06-30,591,2,1,0.7,3,1,0,0,235000,164500,223
CR500986,CUST100986,2024-06-30,493,5,3,0.352,1,0,0,0,78000,27500,320
CR500987,CUST100987,2024-06-30,716,8,1,0.218,0,0,0,0,171000,37300,225
CR500988,CUST100988,2024-06-30,526,4,2,0.664,4,2,1,0,66000,43800,209
CR500989,CUST100989,2024-06-30,608,3,2,0.499,2,0,0,0,118000,58900,337
CR500990,CUST100990,2024-06-30,763,8,1,0.147,0,0,1,0,522000,76700,438
CR500991,CUST100991,2024-06-30,667,3,0,0.466,1,1,0,0,328000,152800,163
CR500992,CUST100992,2024-06-30,602,3,0,0.475,1,1,0,0,149000,70800,168
CR500993,CUST100993,2024-06-30,628,6,0,0.556,1,0,0,0,365000,202900,53
CR500994,CUST100994,2024-06-30,614,1,0,0.357,1,0,0,0,65000,23200,203
CR500995,CUST100995,2024-06-30,634,3,1,0.508,3,0,0,0,712000,361700,73
CR500996,CUST100996,2024-06-30,819,1,3,0.182,1,0,0,0,403000,73300,66
CR500997,CUST100997,2024-06-30,520,4,1,0.699,1,1,1,0,153000,106900,22
CR500998,CUST100998,2024-06-30,642,2,3,0.418,1,0,0,0,360000,150500,420
CR500999,CUST100999,2024-06-30,586,4,3,0.244,4,2,0,0,152000,37100,338
CR501000,CUST101000,2024-06-30,664,3,1,0.238,0,0,0,0,178000,42400,239
CR501001,CUST101001,2024-06-30,649,4,1,0.545,2,0,0,0,162000,88300,341
CR501002,CUST101002,2024-06-30,601,4,0,0.319,2,0,0,0,418000,133300,273
CR501003,CUST101003,2024-06-30,602,4,1,0.115,3,0,0,0,462000,53100,122
CR501004,CUST101004,2024-06-30,618,1,1,0.651,5,0,0,0,552000,359400,233
CR501005,CUST101005,2024-06-30,722,5,2,0.524,2,0,0,0,760000,398200,316
CR501006,CUST101006,2024-06-30,352,4,5,0.54,0,0,2,0,95000,51300,113
CR501007,CUST101007,2024-06-30,700,7,0,0.479,0,0,0,0,654000,313300,480
CR501008,CUST101008,2024-06-30,701,3,1,0.456,0,0,0,0,125000,57000,93
CR501009,CUST101009,2024-06-30,619,4,0,0.564,1,0,0,0,144000,81200,209
CR501010,CUST101010,2024-06-30,617,4,2,0.506,4,0,0,0,256000,129500,341
CR501011,CUST101011,2024-06-30,549,2,3,0.178,1,1,3,0,228000,40600,213
CR501012,CUST101012,2024-06-30,647,2,2,0.161,0,0,0,0,139000,22400,60
CR501013,CUST101013,2024-06-30,642,2,0,0.617,1,0,0,0,421000,259800,376
CR501014,CUST101014,2024-06-30,654,4,1,0.33,0,0,0,0,253000,83500,359
CR501015,CUST101015,2024-06-30,731,2,1,0.267,0,0,0,0,206000,55000,159
CR501016,CUST101016,2024-06-30,677,2,1,0.112,0,0,0,0,678000,75900,178
CR501017,CUST101017,2024-06-30,755,3,2,0.029,2,0,0,0,614000,17800,267
CR501018,CUST101018,2024-06-30,627,5,3,0.462,4,0,0,0,670000,309500,182
CR501019,CUST101019,2024-06-30,789,1,3,0.163,0,0,0,0,296000,48200,225
CR501020,CUST101020,2024-06-30,708,5,0,0.412,0,0,0,0,280000,115400,191
CR501021,CUST101021,2024-06-30,574,3,1,0.176,4,2,1,0,169000,29700,387
CR501022,CUST101022,2024-06-30,635,2,2,0.139,1,0,0,0,1193000,165800,283
CR501023,CUST101023,2024-06-30,632,2,2,0.202,2,0,0,0,145000,29300,167
CR501024,CUST101024,2024-06-30,753,2,1,0.206,0,0,0,0,738000,152000,373
CR501025,CUST101025,2024-06-30,690,1,1,0.428,0,0,0,0,250000,107000,162
CR501026,CUST101026,2024-06-30,647,4,3,0.195,1,0,1,0,390000,76000,64
CR501027,CUST101027,2024-06-30,774,5,2,0.43,0,0,0,0,677000,291100,443
CR501028,CUST101028,2024-06-30,664,3,1,0.235,0,0,0,0,142000,33400,370
CR501029,CUST101029,2024-06-30,685,4,0,0.388,1,0,0,0,321000,124500,343
CR501030,CUST101030,2024-06-30,703,4,2,0.245,1,0,0,0,283000,69300,323
CR501031,CUST101031,2024-06-30,628,5,0,0.288,1,0,0,0,286000,82400,392
CR501032,CUST101032,2024-06-30,550,5,5,0.337,2,0,3,0,138000,46500,342
CR501033,CUST101033,2024-06-30,592,4,5,0.297,2,0,0,0,184000,54600,30
CR501034,CUST101034,2024-06-30,666,2,1,0.298,0,0,0,0,172000,51300,380
CR501035,CUST101035,2024-06-30,579,1,2,0.329,0,0,0,0,108000,35500,140
CR501036,CUST101036,2024-06-30,662,3,1,0.242,0,0,0,0,236000,57100,177
CR501037,CUST101037,2024-06-30,640,1,1,0.098,0,0,0,0,191000,18700,258
CR501038,CUST101038,2024-06-30,581,4,3,0.25,3,0,0,0,61000,15200,288
CR501039,CUST101039,2024-06-30,603,2,0,0.213,3,0,0,0,309000,65800,166
CR501040,CUST101040,2024-06-30,718,5,2,0.215,0,0,0,0,770000,165600,188
CR501041,CUST101041,2024-06-30,638,4,0,0.362,2,0,0,0,313000,113300,188
CR501042,CUST101042,2024-06-30,615,1,2,0.495,4,0,0,0,197000,97500,136
CR501043,CUST101043,2024-06-30,666,4,2,0.55,0,0,0,0,516000,283800,379
CR501044,CUST101044,2024-06-30,669,5,2,0.476,1,0,0,0,469000,223200,6
CR501045,CUST101045,2024-06-30,762,5,0,0.282,0,0,0,0,1093000,308200,313
CR501046,CUST101046,2024-06-30,729,6,3,0.246,0,0,0,0,443000,109000,6
CR501047,CUST101047,2024-06-30,552,3,1,0.532,5,1,0,0,205000,109100,71
CR501048,CUST101048,2024-06-30,585,2,1,0.352,1,1,0,0,638000,224600,121
CR501049,CUST101049,2024-06-30,687,7,1,0.2,0,0,0,0,279000,55800,184
CR501050,CUST101050,2024-06-30,600,5,2,0.562,2,0,0,0,260000,146100,139
CR501051,CUST101051,2024-06-30,555,11,5,0.277,4,0,0,0,237000,65600,10
CR501052,CUST101052,2024-06-30,694,4,2,0.255,1,0,1,0,186000,47400,308
CR501053,CUST101053,2024-06-30,749,5,1,0.335,0,0,0,0,745000,249600,479
CR501054,CUST101054,2024-06-30,640,7,4,0.242,1,0,0,0,65000,15700,188
CR501055,CUST101055,2024-06-30,648,4,0,0.543,2,0,0,0,505000,274200,304
CR501056,CUST101056,2024-06-30,685,4,0,0.345,0,0,0,0,455000,157000,264
CR501057,CUST101057,2024-06-30,654,2,0,0.199,0,0,0,0,151000,30000,94
CR501058,CUST101058,2024-06-30,585,3,2,0.694,5,1,0,0,173000,120100,96
CR501059,CUST101059,2024-06-30,573,3,0,0.382,3,1,0,0,275000,105000,313
CR501060,CUST101060,2024-06-30,640,2,0,0.545,0,0,0,0,184000,100300,183
CR501061,CUST101061,2024-06-30,643,5,0,0.121,2,0,0,0,182000,22000,79
CR501062,CUST101062,2024-06-30,655,2,0,0.21,0,0,0,0,100000,21000,142
CR501063,CUST101063,2024-06-30,575,4,3,0.286,4,2,0,0,155000,44300,161
CR501064,CUST101064,2024-06-30,642,2,1,0.439,2,0,0,0,78000,34200,93
CR501065,CUST101065,2024-06-30,890,3,2,0.02,0,0,0,0,1682000,33600,105
CR501066,CUST101066,2024-06-30,546,4,2,0.494,0,0,1,0,171000,84500,261
CR501067,CUST101067,2024-06-30,578,6,3,0.294,2,1,0,0,393000,115500,365
CR501068,CUST101068,2024-06-30,474,3,1,0.643,5,1,0,0,131000,84200,119
CR501069,CUST101069,2024-06-30,567,2,2,0.719,2,0,0,0,124000,89200,131
CR501070,CUST101070,2024-06-30,803,6,0,0.255,1,0,0,0,277000,70600,125
CR501071,CUST101071,2024-06-30,597,4,2,0.212,0,0,0,0,459000,97300,184
CR501072,CUST101072,2024-06-30,650,2,0,0.361,2,0,0,0,655000,236500,244
CR501073,CUST101073,2024-06-30,647,5,1,0.275,0,0,0,0,516000,141900,225
CR501074,CUST101074,2024-06-30,766,3,1,0.263,1,0,0,0,1155000,303800,263
CR501075,CUST101075,2024-06-30,689,4,1,0.585,0,0,0,0,226000,132200,6
CR501076,CUST101076,2024-06-30,802,4,1,0.02,0,0,0,0,832000,16600,422
CR501077,CUST101077,2024-06-30,831,4,1,0.348,1,1,0,0,269000,93600,221
CR501078,CUST101078,2024-06-30,621,3,1,0.687,2,0,0,0,295000,202700,348
CR501079,CUST101079,2024-06-30,654,5,0,0.703,1,0,0,0,293000,206000,120
CR501080,CUST101080,2024-06-30,540,2,2,0.314,1,1,1,0,152000,47700,217
CR501081,CUST101081,2024-06-30,448,3,0,0.825,2,1,2,0,59000,48700,382
CR501082,CUST101082,2024-06-30,636,5,1,0.314,2,1,0,0,735000,230800,40
CR501083,CUST101083,2024-06-30,799,3,3,0.252,0,0,0,0,737000,185700,277
CR501084,CUST101084,2024-06-30,638,3,2,0.193,0,0,0,0,151000,29100,302
CR501085,CUST101085,2024-06-30,645,0,1,0.25,3,0,0,0,330000,82500,117
CR501086,CUST101086,2024-06-30,578,4,1,0.408,5,0,0,0,444000,181200,6
CR501087,CUST101087,2024-06-30,675,3,2,0.41,0,0,0,0,431000,176700,224
CR501088,CUST101088,2024-06-30,599,2,2,0.276,2,2,0,0,115000,31700,310
CR501089,CUST101089,2024-06-30,580,1,1,0.529,1,1,0,0,82000,43400,245
CR501090,CUST101090,2024-06-30,745,4,2,0.522,1,0,0,0,572000,298600,152
CR501091,CUST101091,2024-06-30,667,5,2,0.367,1,0,0,0,113000,41500,252
CR501092,CUST101092,2024-06-30,665,5,0,0.595,0,0,0,0,90000,53600,349
CR501093,CUST101093,2024-06-30,558,2,2,0.325,5,1,2,0,81000,26300,6
CR501094,CUST101094,2024-06-30,658,1,1,0.663,1,0,0,0,136000,90200,375
CR501095,CUST101095,2024-06-30,698,2,1,0.161,2,0,0,0,723000,116400,127
CR501096,CUST101096,2024-06-30,608,1,2,0.347,3,0,1,0,139000,48200,214
CR501097,CUST101097,2024-06-30,735,10,0,0.204,0,0,0,0,389000,79400,31
CR501098,CUST101098,2024-06-30,637,0,2,0.457,5,0,0,0,312000,142600,88
CR501099,CUST101099,2024-06-30,706,4,0,0.229,0,0,0,0,245000,56100,340
CR501100,CUST101100,2024-06-30,518,4,5,0.314,4,1,1,0,101000,31700,107
CR501101,CUST101101,2024-06-30,691,4,1,0.682,0,0,0,0,303000,206600,125
CR501102,CUST101102,2024-06-30,853,4,3,0.681,0,0,0,0,394000,268300,163
CR501103,CUST101103,2024-06-30,566,2,1,0.207,1,0,0,0,76000,15700,153
CR501104,CUST101104,2024-06-30,589,1,5,0.515,0,0,0,0,233000,120000,275
CR501105,CUST101105,2024-06-30,466,8,1,0.449,0,0,2,0,118000,53000,352
CR501106,CUST101106,2024-06-30,699,5,0,0.507,1,1,0,0,419000,212400,199
CR501107,CUST101107,2024-06-30,579,2,2,0.333,2,1,0,0,225000,74900,285
CR501108,CUST101108,2024-06-30,560,2,1,0.319,2,0,0,0,205000,65400,183
CR501109,CUST101109,2024-06-30,845,3,0,0.116,0,0,0,0,705000,81800,172
CR501110,CUST101110,2024-06-30,543,4,2,0.546,2,0,2,0,233000,127200,147
CR501111,CUST101111,2024-06-30,755,3,1,0.72,2,0,0,0,383000,275800,121
CR501112,CUST101112,2024-06-30,586,4,4,0.314,3,0,0,1,143000,44900,152
CR501113,CUST101113,2024-06-30,689,2,0,0.317,0,0,0,0,261000,82700,39
CR501114,CUST101114,2024-06-30,556,2,1,0.606,2,1,1,0,181000,109700,475
CR501115,CUST101115,2024-06-30,560,3,5,0.161,1,0,0,0,463000,74500,179
CR501116,CUST101116,2024-06-30,601,3,0,0.282,2,0,0,0,177000,49900,347
CR501117,CUST101117,2024-06-30,758,7,2,0.466,1,0,0,0,163000,76000,42
CR501118,CUST101118,2024-06-30,675,3,2,0.465,0,0,0,0,183000,85100,139
CR501119,CUST101119,2024-06-30,593,3,3,0.141,3,0,0,0,63000,8900,131
CR501120,CUST101120,2024-06-30,621,5,1,0.653,0,0,0,0,152000,99300,341
CR501121,CUST101121,2024-06-30,781,1,1,0.517,0,0,0,0,307000,158700,123
CR501122,CUST101122,2024-06-30,598,7,2,0.52,3,3,0,0,123000,64000,6
CR501123,CUST101123,2024-06-30,701,6,3,0.503,1,0,0,0,742000,373200,480
CR501124,CUST101124,2024-06-30,622,4,1,0.36,1,0,0,0,557000,200500,73
CR501125,CUST101125,2024-06-30,676,5,1,0.305,4,0,0,0,499000,152200,94
CR501126,CUST101126,2024-06-30,739,2,1,0.071,1,0,0,0,313000,22200,319
CR501127,CUST101127,2024-06-30,752,5,1,0.386,0,0,0,0,521000,201100,456
CR501128,CUST101128,2024-06-30,740,4,3,0.259,0,0,0,0,1060000,274500,419
CR501129,CUST101129,2024-06-30,802,6,1,0.355,0,0,0,0,341000,121100,32
CR501130,CUST101130,2024-06-30,648,6,3,0.671,2,0,0,0,123000,82500,344
CR501131,CUST101131,2024-06-30,376,4,2,0.492,1,0,0,0,64000,31500,331
CR501132,CUST101132,2024-06-30,685,3,2,0.548,1,0,0,0,100000,54800,320
CR501133,CUST101133,2024-06-30,559,4,6,0.123,3,2,1,0,261000,32100,37
CR501134,CUST101134,2024-06-30,612,5,1,0.37,4,0,0,0,482000,178300,300
CR501135,CUST101135,2024-06-30,701,4,0,0.207,0,0,0,0,395000,81800,145
CR501136,CUST101136,2024-06-30,822,7,0,0.625,1,0,0,0,473000,295600,11
CR501137,CUST101137,2024-06-30,768,6,1,0.361,0,0,1,0,199000,71800,115
CR501138,CUST101138,2024-06-30,621,4,2,0.225,2,0,0,0,214000,48200,107
CR501139,CUST101139,2024-06-30,615,2,2,0.362,2,0,0,0,64000,23200,84
CR501140,CUST101140,2024-06-30,580,4,5,0.161,2,0,0,0,61000,9800,134
CR501141,CUST101141,2024-06-30,599,2,2,0.645,4,1,0,0,293000,189000,452
CR501142,CUST101142,2024-06-30,592,2,1,0.638,2,0,0,0,124000,79100,6
CR501143,CUST101143,2024-06-30,611,2,0,0.238,4,0,0,0,121000,28800,103
CR501144,CUST101144,2024-06-30,690,3,2,0.056,1,0,0,0,347000,19400,27
CR501145,CUST101145,2024-06-30,649,2,0,0.182,2,0,0,0,249000,45300,181
CR501146,CUST101146,2024-06-30,648,3,2,0.297,0,0,0,0,412000,122400,134
CR501147,CUST101147,2024-06-30,680,4,3,0.417,1,0,0,0,120000,50000,30
CR501148,CUST101148,2024-06-30,622,4,1,0.522,4,0,0,0,79000,41200,231
CR501149,CUST101149,2024-06-30,619,2,0,0.251,6,0,0,0,285000,71500,263
CR501150,CUST101150,2024-06-30,619,5,2,0.282,2,0,1,0,177000,49900,35
CR501151,CUST101151,2024-06-30,737,5,2,0.488,0,0,1,0,532000,259600,225
CR501152,CUST101152,2024-06-30,511,1,2,0.441,4,0,0,0,69000,30400,6
CR501153,CUST101153,2024-06-30,677,1,2,0.369,2,0,0,0,687000,253500,220
CR501154,CUST101154,2024-06-30,566,3,1,0.935,2,1,0,0,140000,130900,83
CR501155,CUST101155,2024-06-30,638,2,1,0.562,4,0,0,0,360000,202300,201
CR501156,CUST101156,2024-06-30,658,2,1,0.188,0,0,0,0,114000,21400,241
CR501157,CUST101157,2024-06-30,543,4,2,0.565,4,1,4,0,251000,141800,6
CR501158,CUST101158,2024-06-30,817,4,1,0.084,1,0,0,0,224000,18800,29
CR501159,CUST101159,2024-06-30,463,4,1,0.514,1,1,0,0,27000,13900,105
CR501160,CUST101160,2024-06-30,656,1,0,0.075,1,0,1,0,268000,20100,353
CR501161,CUST101161,2024-06-30,691,3,0,0.354,0,0,0,0,160000,56600,368
CR501162,CUST101162,2024-06-30,687,2,0,0.446,0,0,0,0,374000,166800,70
CR501163,CUST101163,2024-06-30,621,2,1,0.601,4,0,0,0,109000,65500,304
CR501164,CUST101164,2024-06-30,580,2,1,0.144,4,3,0,0,96000,13800,215
CR501165,CUST101165,2024-06-30,780,2,1,0.12,0,0,0,0,416000,49900,123
CR501166,CUST101166,2024-06-30,649,7,1,0.405,1,0,0,0,168000,68000,201
CR501167,CUST101167,2024-06-30,616,2,2,0.724,2,0,0,0,575000,416300,205
CR501168,CUST101168,2024-06-30,611,1,1,0.554,1,0,1,0,265000,146800,408
CR501169,CUST101169,2024-06-30,639,3,0,0.848,5,0,1,0,244000,206900,130
CR501170,CUST101170,2024-06-30,625,9,1,0.425,2,0,0,0,598000,254200,181
CR501171,CUST101171,2024-06-30,643,1,2,0.389,2,0,0,0,296000,115100,242
CR501172,CUST101172,2024-06-30,780,6,1,0.278,0,0,0,0,454000,126200,149
CR501173,CUST101173,2024-06-30,448,4,1,0.59,5,1,0,0,94000,55500,6
CR501174,CUST101174,2024-06-30,692,3,0,0.446,0,0,0,0,123000,54900,194
CR501175,CUST101175,2024-06-30,633,2,1,0.485,2,0,0,0,350000,169800,216
CR501176,CUST101176,2024-06-30,615,1,3,0.163,1,0,0,0,146000,23800,26
CR501177,CUST101177,2024-06-30,606,4,2,0.67,3,1,0,0,425000,284800,232
CR501178,CUST101178,2024-06-30,583,2,2,0.129,2,0,0,0,384000,49500,288
CR501179,CUST101179,2024-06-30,807,6,0,0.089,0,0,0,0,177000,15800,307
CR501180,CUST101180,2024-06-30,621,3,2,0.413,3,0,0,0,224000,92500,33
CR501181,CUST101181,2024-06-30,634,5,2,0.585,1,0,1,0,171000,100000,213
CR501182,CUST101182,2024-06-30,581,0,2,0.447,4,1,0,0,75000,33500,38
CR501183,CUST101183,2024-06-30,644,2,1,0.641,2,0,0,0,273000,175000,10
CR501184,CUST101184,2024-06-30,652,2,0,0.59,0,0,0,0,494000,291500,153
CR501185,CUST101185,2024-06-30,569,0,4,0.153,0,0,0,0,66000,10100,92
CR501186,CUST101186,2024-06-30,744,2,2,0.457,0,0,0,0,496000,226700,480
CR501187,CUST101187,2024-06-30,515,3,2,0.276,4,0,2,0,103000,28400,93
CR501188,CUST101188,2024-06-30,598,5,3,0.46,4,2,0,0,378000,173900,215
CR501189,CUST101189,2024-06-30,633,4,2,0.281,3,0,0,0,134000,37700,199
CR501190,CUST101190,2024-06-30,734,8,1,0.615,0,0,0,0,1060000,651900,285
CR501191,CUST101191,2024-06-30,648,0,2,0.158,2,0,0,0,188000,29700,335
CR501192,CUST101192,2024-06-30,794,6,0,0.497,1,0,0,0,1008000,501000,293
CR501193,CUST101193,2024-06-30,602,0,2,0.568,2,1,1,0,75000,42600,180
CR501194,CUST101194,2024-06-30,639,1,1,0.114,5,0,0,0,255000,29100,352
CR501195,CUST101195,2024-06-30,675,3,0,0.377,0,0,0,0,418000,157600,119
CR501196,CUST101196,2024-06-30,692,0,2,0.386,0,0,0,0,292000,112700,200
CR501197,CUST101197,2024-06-30,646,2,1,0.359,3,0,0,0,358000,128500,43
CR501198,CUST101198,2024-06-30,620,1,0,0.414,1,0,0,0,319000,132100,28
CR501199,CUST101199,2024-06-30,721,5,1,0.312,0,0,0,0,567000,176900,324
CR501200,CUST101200,2024-06-30,687,3,0,0.38,0,0,0,0,257000,97700,142
CR501201,CUST101201,2024-06-30,581,3,2,0.414,0,0,0,0,263000,108900,298
CR501202,CUST101202,2024-06-30,678,6,1,0.253,0,0,0,0,326000,82500,185
CR501203,CUST101203,2024-06-30,590,3,0,0.183,3,0,0,0,116000,21200,130
CR501204,CUST101204,2024-06-30,767,6,3,0.304,1,0,0,0,141000,42900,466
CR501205,CUST101205,2024-06-30,716,5,2,0.087,0,0,0,0,95000,8300,75
CR501206,CUST101206,2024-06-30,695,6,5,0.339,1,0,0,0,536000,181700,348
CR501207,CUST101207,2024-06-30,587,4,4,0.204,2,2,0,0,81000,16500,17
CR501208,CUST101208,2024-06-30,729,6,1,0.332,0,0,0,0,172000,57100,107
CR501209,CUST101209,2024-06-30,704,3,2,0.495,1,0,0,0,78000,38600,305
CR501210,CUST101210,2024-06-30,623,1,5,0.06,2,0,0,0,49000,2900,257
CR501211,CUST101211,2024-06-30,664,5,2,0.216,0,0,0,0,369000,79700,6
CR501212,CUST101212,2024-06-30,716,4,0,0.363,1,0,0,0,232000,84200,277
CR501213,CUST101213,2024-06-30,671,4,4,0.245,1,0,0,0,108000,26500,200
CR501214,CUST101214,2024-06-30,618,3,0,0.592,1,0,0,0,149000,88200,56
CR501215,CUST101215,2024-06-30,630,2,0,0.397,5,1,0,0,241000,95700,48
CR501216,CUST101216,2024-06-30,814,3,1,0.565,0,0,0,0,1181000,667300,90
CR501217,CUST101217,2024-06-30,670,3,0,0.42,0,0,0,0,190000,79800,48
CR501218,CUST101218,2024-06-30,440,4,2,0.343,1,1,1,0,38000,13000,38
CR501219,CUST101219,2024-06-30,633,4,1,0.312,3,0,0,0,392000,122300,379
CR501220,CUST101220,2024-06-30,662,6,1,0.246,0,0,0,0,397000,97700,114
CR501221,CUST101221,2024-06-30,551,5,1,0.395,1,0,1,0,423000,167100,395
CR501222,CUST101222,2024-06-30,563,2,1,0.338,4,1,0,0,215000,72700,356
CR501223,CUST101223,2024-06-30,563,2,0,0.659,0,0,0,0,286000,188500,229
CR501224,CUST101224,2024-06-30,712,2,0,0.458,1,0,0,0,286000,131000,176
CR501225,CUST101225,2024-06-30,617,4,0,0.416,2,0,0,0,236000,98200,6
CR501226,CUST101226,2024-06-30,633,1,2,0.311,0,0,0,0,183000,56900,205
CR501227,CUST101227,2024-06-30,750,8,2,0.408,0,0,0,0,145000,59200,383
CR501228,CUST101228,2024-06-30,583,3,1,0.558,1,1,1,0,398000,222100,70
CR501229,CUST101229,2024-06-30,670,2,0,0.25,0,0,0,0,215000,53800,310
CR501230,CUST101230,2024-06-30,725,7,2,0.411,0,0,0,0,178000,73200,249
CR501231,CUST101231,2024-06-30,619,2,3,0.386,1,0,0,0,289000,111600,370
CR501232,CUST101232,2024-06-30,704,6,0,0.375,0,0,0,0,373000,139900,384
CR501233,CUST101233,2024-06-30,655,4,3,0.19,1,0,0,0,593000,112700,118
CR501234,CUST101234,2024-06-30,715,3,0,0.167,0,0,1,0,174000,29100,409
CR501235,CUST101235,2024-06-30,595,2,3,0.558,3,0,0,0,97000,54100,183
CR501236,CUST101236,2024-06-30,594,5,1,0.395,3,2,0,0,41000,16200,300
CR501237,CUST101237,2024-06-30,566,5,0,0.359,3,1,0,0,90000,32300,241
CR501238,CUST101238,2024-06-30,691,2,3,0.215,0,0,0,0,994000,213700,172
CR501239,CUST101239,2024-06-30,680,2,2,0.413,0,0,1,0,480000,198200,230
CR501240,CUST101240,2024-06-30,795,2,2,0.02,1,0,0,0,2191000,43800,277
CR501241,CUST101241,2024-06-30,615,1,1,0.856,2,0,1,0,219000,187500,302
CR501242,CUST101242,2024-06-30,753,4,1,0.367,0,0,0,0,346000,127000,391
CR501243,CUST101243,2024-06-30,556,1,0,0.294,2,0,1,0,83000,24400,6
CR501244,CUST101244,2024-06-30,631,3,0,0.281,3,0,0,0,214000,60100,191
CR501245,CUST101245,2024-06-30,638,2,1,0.138,5,0,0,0,89000,12300,121
CR501246,CUST101246,2024-06-30,484,2,1,0.32,1,1,2,0,215000,68800,364
CR501247,CUST101247,2024-06-30,679,2,1,0.524,2,0,0,0,157000,82300,109
CR501248,CUST101248,2024-06-30,679,5,3,0.204,1,0,0,0,696000,142000,336
CR501249,CUST101249,2024-06-30,563,2,1,0.308,3,1,0,0,394000,121400,45
CR501250,CUST101250,2024-06-30,614,0,0,0.633,1,0,0,0,397000,251300,95
CR501251,CUST101251,2024-06-30,617,4,2,0.2,2,0,0,0,337000,67400,6
CR501252,CUST101252,2024-06-30,580,1,1,0.215,3,2,0,0,493000,106000,70
CR501253,CUST101253,2024-06-30,682,7,1,0.229,0,0,0,0,178000,40800,360
CR501254,CUST101254,2024-06-30,614,5,2,0.131,1,0,0,0,163000,21400,208
CR501255,CUST101255,2024-06-30,538,2,3,0.16,1,0,3,0,89000,14200,477
CR501256,CUST101256,2024-06-30,418,3,4,0.46,4,1,3,0,83000,38200,142
CR501257,CUST101257,2024-06-30,749,4,1,0.049,0,0,0,0,251000,12300,309
CR501258,CUST101258,2024-06-30,699,5,1,0.172,1,0,0,0,544000,93600,399
CR501259,CUST101259,2024-06-30,747,4,1,0.37,0,0,0,0,527000,195000,346
CR501260,CUST101260,2024-06-30,649,1,2,0.514,2,0,0,0,134000,68900,203
CR501261,CUST101261,2024-06-30,729,3,2,0.22,1,0,0,0,390000,85800,234
CR501262,CUST101262,2024-06-30,636,5,1,0.546,4,0,0,0,151000,82400,6
CR501263,CUST101263,2024-06-30,579,5,2,0.369,3,3,0,0,302000,111400,130
CR501264,CUST101264,2024-06-30,554,5,2,0.293,2,0,0,0,275000,80600,321
CR501265,CUST101265,2024-06-30,624,2,1,0.281,2,0,0,0,137000,38500,80
CR501266,CUST101266,2024-06-30,698,4,2,0.36,0,0,0,0,394000,141800,148
CR501267,CUST101267,2024-06-30,563,3,3,0.66,6,3,0,0,94000,62000,117
CR501268,CUST101268,2024-06-30,643,1,1,0.798,1,0,0,0,209000,166800,113
CR501269,CUST101269,2024-06-30,564,2,3,0.511,3,0,0,0,79000,40400,219
CR501270,CUST101270,2024-06-30,627,2,0,0.403,2,0,0,0,459000,185000,6
CR501271,CUST101271,2024-06-30,679,2,4,0.197,0,0,0,0,581000,114500,181
CR501272,CUST101272,2024-06-30,582,0,2,0.347,1,1,0,0,136000,47200,376
CR501273,CUST101273,2024-06-30,665,4,1,0.043,0,0,0,0,93000,4000,183
CR501274,CUST101274,2024-06-30,654,3,2,0.26,1,0,0,0,218000,56700,98
CR501275,CUST101275,2024-06-30,669,4,2,0.337,0,0,0,0,156000,52600,124
CR501276,CUST101276,2024-06-30,575,1,5,0.542,3,1,0,0,135000,73200,165
CR501277,CUST101277,2024-06-30,833,3,1,0.155,0,0,0,0,553000,85700,64
CR501278,CUST101278,2024-06-30,606,5,2,0.235,1,0,0,0,109000,25600,278
CR501279,CUST101279,2024-06-30,736,8,2,0.381,0,0,1,0,549000,209200,307
CR501280,CUST101280,2024-06-30,811,2,1,0.575,0,0,1,0,308000,177100,125
CR501281,CUST101281,2024-06-30,643,1,2,0.502,3,0,0,0,259000,130000,421
CR501282,CUST101282,2024-06-30,646,2,2,0.675,1,0,0,0,110000,74200,8
CR501283,CUST101283,2024-06-30,677,2,2,0.365,0,0,0,0,184000,67200,293
CR501284,CUST101284,2024-06-30,706,3,1,0.058,0,0,0,0,143000,8300,205
CR501285,CUST101285,2024-06-30,689,7,1,0.135,2,0,0,0,502000,67800,123
CR501286,CUST101286,2024-06-30,807,3,2,0.704,0,0,0,0,1417000,997600,456
CR501287,CUST101287,2024-06-30,819,4,1,0.087,1,0,0,0,875000,76100,473
CR501288,CUST101288,2024-06-30,669,0,1,0.134,3,0,0,0,118000,15800,296
CR501289,CUST101289,2024-06-30,603,3,2,0.263,1,0,0,0,767000,201700,298
CR501290,CUST101290,2024-06-30,732,6,1,0.181,0,0,0,0,244000,44200,274
CR501291,CUST101291,2024-06-30,731,4,0,0.057,1,0,0,0,210000,12000,157
CR501292,CUST101292,2024-06-30,559,1,2,0.185,2,1,1,0,85000,15700,229
CR501293,CUST101293,2024-06-30,736,2,3,0.242,1,1,0,0,276000,66800,298
CR501294,CUST101294,2024-06-30,587,2,3,0.719,2,2,0,0,258000,185500,109
CR501295,CUST101295,2024-06-30,596,3,4,0.574,1,1,0,0,295000,169300,257
CR501296,CUST101296,2024-06-30,652,2,2,0.644,1,0,0,0,306000,197100,91
CR501297,CUST101297,2024-06-30,622,3,1,0.466,3,0,0,0,201000,93700,87
CR501298,CUST101298,2024-06-30,623,6,2,0.571,1,1,0,0,327000,186700,277
CR501299,CUST101299,2024-06-30,668,2,0,0.131,1,0,0,0,418000,54800,84
CR501300,CUST101300,2024-06-30,721,3,2,0.528,0,0,0,0,444000,234400,274
CR501301,CUST101301,2024-06-30,618,0,2,0.288,2,0,0,0,173000,49800,38
CR501302,CUST101302,2024-06-30,660,0,2,0.249,0,0,0,0,192000,47800,204
CR501303,CUST101303,2024-06-30,618,5,2,0.219,4,0,0,0,278000,60900,122
CR501304,CUST101304,2024-06-30,588,8,3,0.342,2,0,0,0,60000,20500,86
CR501305,CUST101305,2024-06-30,708,2,1,0.127,0,0,0,0,445000,56500,407
CR501306,CUST101306,2024-06-30,766,5,0,0.028,0,0,0,0,177000,5000,172
CR501307,CUST101307,2024-06-30,540,2,3,0.603,3,1,0,0,130000,78400,329
CR501308,CUST101308,2024-06-30,739,5,1,0.159,0,0,0,0,567000,90200,251
CR501309,CUST101309,2024-06-30,584,3,3,0.301,3,0,0,0,134000,40300,7
CR501310,CUST101310,2024-06-30,747,3,1,0.597,0,0,0,0,225000,134300,6
CR501311,CUST101311,2024-06-30,696,4,1,0.379,0,0,0,0,454000,172100,219
CR501312,CUST101312,2024-06-30,670,3,2,0.587,0,0,0,0,157000,92200,156
CR501313,CUST101313,2024-06-30,683,2,1,0.398,0,0,0,0,282000,112200,155
CR501314,CUST101314,2024-06-30,661,3,0,0.558,0,0,1,0,555000,309700,6
CR501315,CUST101315,2024-06-30,664,6,4,0.288,0,0,1,0,235000,67700,335
CR501316,CUST101316,2024-06-30,742,2,0,0.348,1,1,0,0,227000,79000,287
CR501317,CUST101317,2024-06-30,673,2,1,0.134,0,0,0,0,159000,21300,228
CR501318,CUST101318,2024-06-30,691,2,2,0.297,1,0,0,0,99000,29400,281
CR501319,CUST101319,2024-06-30,646,4,0,0.305,2,0,0,0,176000,53700,147
CR501320,CUST101320,2024-06-30,748,5,0,0.395,0,0,0,0,590000,233000,217
CR501321,CUST101321,2024-06-30,555,5,1,0.447,3,0,1,0,163000,72900,170
CR501322,CUST101322,2024-06-30,706,3,2,0.264,1,1,0,0,405000,106900,51
CR501323,CUST101323,2024-06-30,759,2,1,0.41,0,0,0,0,414000,169700,350
CR501324,CUST101324,2024-06-30,562,3,3,0.381,4,1,0,0,137000,52200,125
CR501325,CUST101325,2024-06-30,632,3,6,0.287,2,0,1,0,303000,87000,285
CR501326,CUST101326,2024-06-30,690,2,0,0.297,0,0,0,0,228000,67700,169
CR501327,CUST101327,2024-06-30,681,3,1,0.875,0,0,0,0,658000,575800,254
CR501328,CUST101328,2024-06-30,651,3,2,0.094,0,0,0,0,1110000,104300,480
CR501329,CUST101329,2024-06-30,492,1,3,0.858,2,1,1,0,239000,205100,357
CR501330,CUST101330,2024-06-30,716,2,0,0.63,0,0,0,0,407000,256400,134
CR501331,CUST101331,2024-06-30,693,3,2,0.39,2,0,0,0,266000,103700,204
CR501332,CUST101332,2024-06-30,608,4,0,0.597,1,0,0,0,308000,183900,113
CR501333,CUST101333,2024-06-30,659,2,1,0.139,0,0,0,0,290000,40300,233
CR501334,CUST101334,2024-06-30,596,3,4,0.666,4,0,0,0,84000,55900,328
CR501335,CUST101335,2024-06-30,621,3,1,0.139,2,0,0,0,87000,12100,353
CR501336,CUST101336,2024-06-30,718,3,0,0.23,0,0,0,0,575000,132200,6
CR501337,CUST101337,2024-06-30,742,7,1,0.456,0,0,0,0,359000,163700,193
CR501338,CUST101338,2024-06-30,583,5,6,0.213,1,1,0,0,119000,25300,273
CR501339,CUST101339,2024-06-30,622,6,1,0.38,2,0,0,0,511000,194200,247
CR501340,CUST101340,2024-06-30,608,2,3,0.475,0,0,0,0,156000,74100,241
CR501341,CUST101341,2024-06-30,644,6,0,0.634,2,0,0,0,380000,240900,126
CR501342,CUST101342,2024-06-30,837,7,0,0.346,0,0,0,0,1122000,388200,313
CR501343,CUST101343,2024-06-30,680,3,2,0.181,0,0,0,0,385000,69700,189
CR501344,CUST101344,2024-06-30,676,0,4,0.303,0,0,1,0,186000,56400,187
CR501345,CUST101345,2024-06-30,516,2,3,0.389,3,0,3,0,69000,26800,131
CR501346,CUST101346,2024-06-30,591,6,4,0.348,1,1,0,0,477000,166000,153
CR501347,CUST101347,2024-06-30,872,5,3,0.237,0,0,0,0,1532000,363100,96
CR501348,CUST101348,2024-06-30,684,6,2,0.144,0,0,0,0,231000,33300,63
CR501349,CUST101349,2024-06-30,680,1,0,0.637,0,0,1,0,164000,104500,285
CR501350,CUST101350,2024-06-30,790,3,2,0.02,0,0,0,0,1284000,25700,372
CR501351,CUST101351,2024-06-30,672,5,1,0.571,0,0,0,0,341000,194700,260
CR501352,CUST101352,2024-06-30,648,4,2,0.574,3,1,0,0,756000,433900,374
CR501353,CUST101353,2024-06-30,549,3,3,0.897,3,0,2,0,361000,323800,6
CR501354,CUST101354,2024-06-30,663,1,1,0.209,1,0,0,0,471000,98400,303
CR501355,CUST101355,2024-06-30,605,5,3,0.49,1,1,0,0,195000,95600,341
CR501356,CUST101356,2024-06-30,715,2,2,0.288,0,0,1,0,782000,225200,312
CR501357,CUST101357,2024-06-30,700,4,1,0.274,1,0,0,0,608000,166600,437
CR501358,CUST101358,2024-06-30,682,1,1,0.253,1,0,0,0,284000,71900,147
CR501359,CUST101359,2024-06-30,627,1,1,0.229,3,0,0,0,92000,21100,15
CR501360,CUST101360,2024-06-30,639,4,4,0.407,3,0,0,0,103000,41900,214
CR501361,CUST101361,2024-06-30,686,2,2,0.272,0,0,0,0,185000,50300,6
CR501362,CUST101362,2024-06-30,603,2,2,0.471,1,0,0,0,259000,122000,198
CR501363,CUST101363,2024-06-30,533,1,3,0.239,1,1,0,0,153000,36600,271
CR501364,CUST101364,2024-06-30,659,3,0,0.52,0,0,0,0,376000,195500,7
CR501365,CUST101365,2024-06-30,756,4,0,0.217,0,0,0,0,417000,90500,358
CR501366,CUST101366,2024-06-30,593,2,1,0.249,3,3,0,0,603000,150100,307
CR501367,CUST101367,2024-06-30,660,4,3,0.609,0,0,0,0,222000,135200,72
CR501368,CUST101368,2024-06-30,575,8,0,0.26,5,1,0,0,201000,52300,60
CR501369,CUST101369,2024-06-30,745,3,1,0.45,0,0,0,0,603000,271400,246
CR501370,CUST101370,2024-06-30,694,5,2,0.407,0,0,0,0,492000,200200,214
CR501371,CUST101371,2024-06-30,547,0,3,0.604,0,0,1,0,300000,181200,137
CR501372,CUST101372,2024-06-30,663,0,3,0.403,1,0,0,0,177000,71300,348
CR501373,CUST101373,2024-06-30,593,4,2,0.354,2,2,0,0,41000,14500,132
CR501374,CUST101374,2024-06-30,680,7,0,0.457,0,0,0,0,1059000,484000,34
CR501375,CUST101375,2024-06-30,633,6,2,0.398,1,0,0,0,210000,83600,257
CR501376,CUST101376,2024-06-30,588,0,2,0.828,1,1,0,0,123000,101800,379
CR501377,CUST101377,2024-06-30,731,6,3,0.209,0,0,0,0,173000,36200,187
CR501378,CUST101378,2024-06-30,743,4,3,0.183,1,0,0,0,492000,90000,450
CR501379,CUST101379,2024-06-30,526,7,3,0.571,3,0,2,0,166000,94800,347
CR501380,CUST101380,2024-06-30,850,5,1,0.068,0,0,0,0,578000,39300,301
CR501381,CUST101381,2024-06-30,490,2,0,0.383,1,0,0,0,36000,13800,6
CR501382,CUST101382,2024-06-30,702,2,5,0.022,0,0,1,0,368000,8100,175
CR501383,CUST101383,2024-06-30,662,1,3,0.128,0,0,0,0,244000,31200,45
CR501384,CUST101384,2024-06-30,620,3,1,0.512,2,0,0,0,256000,131100,310
CR501385,CUST101385,2024-06-30,722,2,2,0.219,0,0,0,0,195000,42700,296
CR501386,CUST101386,2024-06-30,488,2,0,0.369,1,0,0,0,35000,12900,69
CR501387,CUST101387,2024-06-30,557,3,4,0.823,3,2,2,0,174000,143200,254
CR501388,CUST101388,2024-06-30,682,5,0,0.482,1,1,0,0,380000,183200,148
CR501389,CUST101389,2024-06-30,641,2,1,0.258,4,0,0,0,274000,70700,110
CR501390,CUST101390,2024-06-30,794,2,3,0.162,0,0,0,0,616000,99800,69
CR501391,CUST101391,2024-06-30,729,5,2,0.152,1,0,0,0,323000,49100,95
CR501392,CUST101392,2024-06-30,652,2,3,0.207,0,0,0,0,278000,57500,152
CR501393,CUST101393,2024-06-30,632,3,1,0.457,0,0,0,0,126000,57600,182
CR501394,CUST101394,2024-06-30,628,1,1,0.305,0,0,1,0,279000,85100,251
CR501395,CUST101395,2024-06-30,659,3,0,0.179,0,0,0,0,335000,60000,256
CR501396,CUST101396,2024-06-30,563,3,1,0.404,3,3,0,0,171000,69100,209
CR501397,CUST101397,2024-06-30,663,3,0,0.059,0,0,0,0,269000,15900,263
CR501398,CUST101398,2024-06-30,598,5,4,0.143,6,2,0,0,371000,53100,141
CR501399,CUST101399,2024-06-30,556,6,2,0.306,3,2,1,0,200000,61200,6
CR501400,CUST101400,2024-06-30,629,2,1,0.342,2,0,0,0,292000,99900,100
CR501401,CUST101401,2024-06-30,735,2,1,0.341,0,0,0,0,373000,127200,225
CR501402,CUST101402,2024-06-30,669,2,0,0.494,2,0,0,0,403000,199100,36
CR501403,CUST101403,2024-06-30,703,8,4,0.33,1,0,0,0,192000,63400,21
CR501404,CUST101404,2024-06-30,693,3,3,0.31,1,0,0,0,455000,141000,344
CR501405,CUST101405,2024-06-30,747,2,0,0.51,2,0,0,0,121000,61700,288
CR501406,CUST101406,2024-06-30,676,1,2,0.246,0,0,0,0,358000,88100,6
CR501407,CUST101407,2024-06-30,693,1,1,0.385,0,0,0,0,444000,170900,6
CR501408,CUST101408,2024-06-30,489,1,1,0.164,2,0,0,0,88000,14400,50
CR501409,CUST101409,2024-06-30,643,4,1,0.145,4,0,0,0,456000,66100,29
CR501410,CUST101410,2024-06-30,708,5,0,0.184,0,0,0,0,430000,79100,289
CR501411,CUST101411,2024-06-30,737,4,1,0.368,0,0,0,0,463000,170400,309
CR501412,CUST101412,2024-06-30,594,1,2,0.125,4,0,0,0,170000,21200,289
CR501413,CUST101413,2024-06-30,522,4,3,0.467,2,2,0,0,370000,172800,63
CR501414,CUST101414,2024-06-30,718,2,1,0.214,0,0,0,0,421000,90100,104
CR501415,CUST101415,2024-06-30,707,5,1,0.232,0,0,0,0,721000,167300,198
CR501416,CUST101416,2024-06-30,666,3,3,0.249,0,0,0,0,369000,91900,217
CR501417,CUST101417,2024-06-30,664,3,2,0.166,0,0,0,0,379000,62900,78
CR501418,CUST101418,2024-06-30,648,3,0,0.12,4,0,0,0,393000,47200,162
CR501419,CUST101419,2024-06-30,592,2,4,0.584,0,0,0,0,75000,43800,208
CR501420,CUST101420,2024-06-30,644,4,3,0.416,3,0,0,0,323000,134400,152
CR501421,CUST101421,2024-06-30,475,6,3,0.707,4,1,0,0,127000,89800,6
CR501422,CUST101422,2024-06-30,648,2,2,0.368,4,0,0,0,303000,111500,6
CR501423,CUST101423,2024-06-30,684,4,0,0.088,1,0,1,0,433000,38100,77
CR501424,CUST101424,2024-06-30,569,4,4,0.384,2,1,0,0,117000,44900,113
CR501425,CUST101425,2024-06-30,504,8,2,0.231,1,1,0,0,120000,27700,159
CR501426,CUST101426,2024-06-30,601,1,0,0.397,0,0,0,0,115000,45700,136
CR501427,CUST101427,2024-06-30,618,2,0,0.241,3,0,0,0,73000,17600,295
CR501428,CUST101428,2024-06-30,756,4,0,0.298,0,0,0,0,341000,101600,339
CR501429,CUST101429,2024-06-30,689,2,4,0.057,3,0,0,0,265000,15100,297
CR501430,CUST101430,2024-06-30,762,5,0,0.211,0,0,0,0,555000,117100,151
CR501431,CUST101431,2024-06-30,568,3,2,0.619,3,1,0,0,201000,124400,218
CR501432,CUST101432,2024-06-30,677,4,1,0.44,1,0,0,0,236000,103800,157
CR501433,CUST101433,2024-06-30,701,4,0,0.196,0,0,0,0,344000,67400,245
CR501434,CUST101434,2024-06-30,470,4,2,0.28,1,1,1,0,92000,25800,186
CR501435,CUST101435,2024-06-30,803,3,5,0.14,0,0,0,0,954000,133600,329
CR501436,CUST101436,2024-06-30,645,4,0,0.505,2,0,0,0,769000,388300,152
CR501437,CUST101437,2024-06-30,518,7,0,0.575,3,0,1,0,183000,105200,67
CR501438,CUST101438,2024-06-30,634,3,0,0.43,1,0,0,0,190000,81700,6
CR501439,CUST101439,2024-06-30,690,3,0,0.537,1,0,0,0,274000,147100,6
CR501440,CUST101440,2024-06-30,546,4,5,0.545,1,0,0,0,296000,161300,258
CR501441,CUST101441,2024-06-30,756,3,1,0.362,0,0,0,0,3198000,1157700,426
CR501442,CUST101442,2024-06-30,711,5,1,0.21,0,0,0,0,154000,32300,86
CR501443,CUST101443,2024-06-30,581,6,4,0.112,0,0,0,0,63000,7100,179
CR501444,CUST101444,2024-06-30,750,7,0,0.427,0,0,0,0,348000,148600,191
CR501445,CUST101445,2024-06-30,516,2,1,0.525,2,1,0,0,273000,143300,70
CR501446,CUST101446,2024-06-30,766,6,2,0.742,1,0,0,0,407000,302000,163
CR501447,CUST101447,2024-06-30,705,4,0,0.571,0,0,0,0,456000,260400,196
CR501448,CUST101448,2024-06-30,607,8,3,0.595,2,0,1,0,97000,57700,16
CR501449,CUST101449,2024-06-30,551,4,5,0.557,4,0,0,0,148000,82400,357
CR501450,CUST101450,2024-06-30,676,6,1,0.387,1,0,0,0,245000,94800,215
CR501451,CUST101451,2024-06-30,688,1,0,0.141,0,0,0,0,587000,82800,196
CR501452,CUST101452,2024-06-30,596,3,3,0.256,3,1,0,0,139000,35600,236
CR501453,CUST101453,2024-06-30,511,4,1,0.667,2,1,2,0,171000,114100,136
CR501454,CUST101454,2024-06-30,688,2,3,0.429,0,0,0,0,344000,147600,322
CR501455,CUST101455,2024-06-30,725,3,2,0.656,0,0,0,0,515000,337800,270
CR501456,CUST101456,2024-06-30,773,4,1,0.345,0,0,0,0,761000,262500,446
CR501457,CUST101457,2024-06-30,624,3,1,0.308,4,0,0,0,210000,64700,298
CR501458,CUST101458,2024-06-30,676,0,2,0.218,0,0,0,0,353000,77000,264
CR501459,CUST101459,2024-06-30,747,2,2,0.415,0,0,0,0,384000,159400,8
CR501460,CUST101460,2024-06-30,616,6,1,0.387,1,0,0,0,75000,29000,47
CR501461,CUST101461,2024-06-30,583,2,3,0.34,1,1,0,0,226000,76800,77
CR501462,CUST101462,2024-06-30,694,4,0,0.235,1,0,1,0,88000,20700,163
CR501463,CUST101463,2024-06-30,775,2,1,0.366,0,0,0,0,647000,236800,286
CR501464,CUST101464,2024-06-30,505,2,3,0.436,2,0,2,0,122000,53200,51
CR501465,CUST101465,2024-06-30,482,4,3,0.179,0,0,1,0,90000,16100,71
CR501466,CUST101466,2024-06-30,635,6,0,0.231,1,0,0,0,339000,78300,136
CR501467,CUST101467,2024-06-30,693,4,1,0.26,0,0,0,0,404000,105000,260
CR501468,CUST101468,2024-06-30,663,1,2,0.075,0,0,1,0,128000,9600,290
CR501469,CUST101469,2024-06-30,716,4,0,0.25,1,0,0,0,625000,156200,310
CR501470,CUST101470,2024-06-30,733,5,1,0.51,0,0,0,0,540000,275400,267
CR501471,CUST101471,2024-06-30,564,2,1,0.597,0,0,0,0,81000,48400,6
CR501472,CUST101472,2024-06-30,730,2,2,0.025,0,0,0,0,597000,14900,96
CR501473,CUST101473,2024-06-30,675,3,0,0.411,0,0,0,0,711000,292200,202
CR501474,CUST101474,2024-06-30,639,6,0,0.399,0,0,1,0,171000,68200,32
CR501475,CUST101475,2024-06-30,648,2,0,0.599,2,0,0,0,320000,191700,96
CR501476,CUST101476,2024-06-30,676,1,1,0.599,0,0,0,0,725000,434300,480
CR501477,CUST101477,2024-06-30,703,4,3,0.381,1,0,1,0,215000,81900,393
CR501478,CUST101478,2024-06-30,726,10,3,0.2,2,0,0,0,567000,113400,408
CR501479,CUST101479,2024-06-30,757,2,0,0.219,1,0,0,0,130000,28500,201
CR501480,CUST101480,2024-06-30,621,7,1,0.161,2,1,0,0,314000,50600,90
CR501481,CUST101481,2024-06-30,634,4,1,0.469,2,0,0,0,169000,79300,215
CR501482,CUST101482,2024-06-30,766,4,2,0.446,0,0,0,0,1010000,450500,372
CR501483,CUST101483,2024-06-30,628,4,0,0.171,3,0,1,0,173000,29600,146
CR501484,CUST101484,2024-06-30,593,3,1,0.418,1,1,0,0,235000,98200,6
CR501485,CUST101485,2024-06-30,666,2,1,0.108,1,0,0,0,195000,21100,202
CR501486,CUST101486,2024-06-30,650,4,0,0.112,0,0,1,0,206000,23100,63
CR501487,CUST101487,2024-06-30,777,2,2,0.062,0,0,0,0,231000,14300,297
CR501488,CUST101488,2024-06-30,730,7,1,0.267,1,0,0,0,677000,180800,298
CR501489,CUST101489,2024-06-30,581,1,1,0.326,1,1,0,0,85000,27700,356
CR501490,CUST101490,2024-06-30,644,4,4,0.355,0,0,0,0,167000,59300,262
CR501491,CUST101491,2024-06-30,622,5,0,0.194,4,0,0,0,146000,28300,280
CR501492,CUST101492,2024-06-30,645,5,1,0.428,0,0,0,0,280000,119800,295
CR501493,CUST101493,2024-06-30,619,5,2,0.389,1,1,0,0,336000,130700,249
CR501494,CUST101494,2024-06-30,838,6,1,0.162,1,0,0,0,458000,74200,301
CR501495,CUST101495,2024-06-30,535,7,1,0.442,2,1,2,0,102000,45100,12
CR501496,CUST101496,2024-06-30,704,3,0,0.07,0,0,0,0,395000,27700,400
CR501497,CUST101497,2024-06-30,627,4,3,0.086,1,0,0,0,378000,32500,189
CR501498,CUST101498,2024-06-30,732,3,2,0.751,1,0,0,0,166000,124700,6
CR501499,CUST101499,2024-06-30,728,9,1,0.25,0,0,0,0,157000,39200,101
CR501500,CUST101500,2024-06-30,578,1,1,0.37,2,0,0,0,64000,23700,370
CR501501,CUST101501,2024-06-30,638,3,4,0.298,5,0,0,0,172000,51300,62
CR501502,CUST101502,2024-06-30,669,3,2,0.376,1,0,0,0,293000,110200,6
CR501503,CUST101503,2024-06-30,676,2,0,0.395,2,0,0,0,484000,191200,100
CR501504,CUST101504,2024-06-30,603,5,1,0.443,7,0,0,0,209000,92600,263
CR501505,CUST101505,2024-06-30,619,3,1,0.388,2,0,0,0,160000,62100,261
CR501506,CUST101506,2024-06-30,571,0,5,0.29,5,1,0,0,80000,23200,6
CR501507,CUST101507,2024-06-30,596,7,3,0.187,3,1,0,0,47000,8800,320
CR501508,CUST101508,2024-06-30,592,3,4,0.169,3,0,0,0,247000,41700,81
CR501509,CUST101509,2024-06-30,645,6,0,0.283,0,0,0,0,322000,91100,391
CR501510,CUST101510,2024-06-30,760,4,0,0.451,1,0,0,0,210000,94700,214
CR501511,CUST101511,2024-06-30,601,1,1,0.301,2,0,0,0,177000,53300,307
CR501512,CUST101512,2024-06-30,721,5,1,0.354,1,0,0,0,273000,96600,322
CR501513,CUST101513,2024-06-30,596,2,5,0.272,5,1,0,0,96000,26100,25
CR501514,CUST101514,2024-06-30,591,2,4,0.261,2,2,0,0,46000,12000,44
CR501515,CUST101515,2024-06-30,754,5,1,0.179,1,0,0,0,184000,32900,68
CR501516,CUST101516,2024-06-30,687,2,0,0.203,0,0,0,0,904000,183500,288
CR501517,CUST101517,2024-06-30,586,2,1,0.225,5,1,0,0,48000,10800,122
CR501518,CUST101518,2024-06-30,605,3,2,0.257,3,0,0,0,180000,46300,204
CR501519,CUST101519,2024-06-30,568,3,1,0.474,1,0,2,0,189000,89600,6
CR501520,CUST101520,2024-06-30,627,3,1,0.472,2,0,0,0,113000,53300,6
CR501521,CUST101521,2024-06-30,668,4,1,0.327,0,0,0,0,121000,39600,236
CR501522,CUST101522,2024-06-30,584,7,0,0.363,3,0,0,0,67000,24300,118
CR501523,CUST101523,2024-06-30,510,5,1,0.382,0,0,0,0,103000,39300,235
CR501524,CUST101524,2024-06-30,522,1,3,0.831,6,1,1,0,223000,185300,30
CR501525,CUST101525,2024-06-30,671,2,1,0.476,2,0,0,0,308000,146600,251
CR501526,CUST101526,2024-06-30,682,2,2,0.075,0,0,0,0,111000,8300,74
CR501527,CUST101527,2024-06-30,652,3,2,0.539,1,0,0,0,332000,178900,64
CR501528,CUST101528,2024-06-30,571,4,2,0.836,3,1,0,0,121000,101200,197
CR501529,CUST101529,2024-06-30,704,5,2,0.198,0,0,0,0,457000,90500,247
CR501530,CUST101530,2024-06-30,522,3,1,0.573,1,1,1,0,103000,59000,6
CR501531,CUST101531,2024-06-30,560,9,3,0.266,1,0,0,0,360000,95800,336
CR501532,CUST101532,2024-06-30,729,5,1,0.415,1,0,0,0,544000,225800,120
CR501533,CUST101533,2024-06-30,762,4,0,0.075,1,0,0,0,640000,48000,97
CR501534,CUST101534,2024-06-30,555,1,1,0.155,3,0,2,0,123000,19100,134
CR501535,CUST101535,2024-06-30,606,2,1,0.43,1,0,0,0,227000,97600,128
CR501536,CUST101536,2024-06-30,664,4,2,0.363,0,0,0,0,198000,71900,6
CR501537,CUST101537,2024-06-30,688,8,2,0.274,3,0,1,0,1080000,295900,162
CR501538,CUST101538,2024-06-30,557,4,4,0.49,3,1,2,0,219000,107300,208
CR501539,CUST101539,2024-06-30,769,4,2,0.053,0,0,0,0,527000,27900,153
CR501540,CUST101540,2024-06-30,756,5,3,0.518,1,0,0,0,290000,150200,189
CR501541,CUST101541,2024-06-30,561,4,2,0.345,5,0,0,0,203000,70000,73
CR501542,CUST101542,2024-06-30,653,4,4,0.157,0,0,0,0,390000,61200,300
CR501543,CUST101543,2024-06-30,667,6,0,0.448,0,0,0,0,456000,204300,361
CR501544,CUST101544,2024-06-30,589,2,2,0.99,3,1,0,0,328000,324700,463
CR501545,CUST101545,2024-06-30,603,2,1,0.793,4,0,0,0,129000,102300,6
CR501546,CUST101546,2024-06-30,649,1,3,0.452,1,0,0,0,109000,49300,377
CR501547,CUST101547,2024-06-30,711,5,1,0.45,0,0,0,0,177000,79600,480
CR501548,CUST101548,2024-06-30,651,3,5,0.304,0,0,0,0,229000,69600,6
CR501549,CUST101549,2024-06-30,526,5,2,0.556,4,1,1,0,72000,40000,362
CR501550,CUST101550,2024-06-30,654,3,0,0.362,0,0,0,0,137000,49600,312
CR501551,CUST101551,2024-06-30,707,5,1,0.167,0,0,0,0,396000,66100,110
CR501552,CUST101552,2024-06-30,771,10,4,0.272,1,0,0,0,775000,210800,230
CR501553,CUST101553,2024-06-30,430,5,1,0.516,3,1,2,0,100000,51600,203
CR501554,CUST101554,2024-06-30,727,5,1,0.128,0,0,0,0,295000,37800,63
CR501555,CUST101555,2024-06-30,702,6,0,0.218,0,0,0,0,155000,33800,162
CR501556,CUST101556,2024-06-30,875,2,0,0.17,1,0,0,0,799000,135800,365
CR501557,CUST101557,2024-06-30,616,2,2,0.348,1,0,0,0,220000,76600,358
CR501558,CUST101558,2024-06-30,532,3,5,0.425,2,1,1,0,103000,43800,206
CR501559,CUST101559,2024-06-30,732,1,0,0.611,0,0,0,0,293000,179000,380
CR501560,CUST101560,2024-06-30,727,7,2,0.269,1,0,0,0,150000,40400,60
CR501561,CUST101561,2024-06-30,744,5,1,0.123,0,0,0,0,792000,97400,301
CR501562,CUST101562,2024-06-30,746,6,2,0.36,2,0,0,0,566000,203800,279
CR501563,CUST101563,2024-06-30,621,5,0,0.545,0,0,0,0,337000,183700,153
CR501564,CUST101564,2024-06-30,703,3,2,0.535,3,0,0,0,231000,123600,242
CR501565,CUST101565,2024-06-30,761,6,2,0.169,0,0,0,0,1059000,179000,97
CR501566,CUST101566,2024-06-30,765,2,1,0.311,1,1,1,0,311000,96700,105
CR501567,CUST101567,2024-06-30,561,4,5,0.484,3,0,0,0,299000,144700,14
CR501568,CUST101568,2024-06-30,597,2,2,0.309,1,1,0,0,178000,55000,308
CR501569,CUST101569,2024-06-30,629,6,2,0.193,2,0,0,0,196000,37800,132
CR501570,CUST101570,2024-06-30,750,4,0,0.358,0,0,0,0,333000,119200,6
CR501571,CUST101571,2024-06-30,759,5,1,0.229,0,0,0,0,288000,66000,95
CR501572,CUST101572,2024-06-30,509,3,2,0.224,0,0,0,0,98000,22000,332
CR501573,CUST101573,2024-06-30,622,3,1,0.259,3,0,0,0,564000,146100,254
CR501574,CUST101574,2024-06-30,649,1,0,0.321,1,0,0,0,733000,235300,249
CR501575,CUST101575,2024-06-30,434,4,2,0.596,1,0,1,0,40000,23800,50
CR501576,CUST101576,2024-06-30,568,2,4,0.435,1,0,0,0,109000,47400,134
CR501577,CUST101577,2024-06-30,778,7,0,0.093,0,0,0,0,337000,31300,266
CR501578,CUST101578,2024-06-30,510,3,4,0.71,3,3,0,0,88000,62500,121
CR501579,CUST101579,2024-06-30,640,3,1,0.605,2,0,0,0,157000,95000,48
CR501580,CUST101580,2024-06-30,757,8,4,0.06,0,0,0,0,342000,20500,136
CR501581,CUST101581,2024-06-30,711,9,2,0.359,1,0,0,0,222000,79700,112
CR501582,CUST101582,2024-06-30,769,7,3,0.574,1,0,0,0,349000,200300,419
CR501583,CUST101583,2024-06-30,564,5,3,0.295,3,3,0,0,111000,32700,229
CR501584,CUST101584,2024-06-30,583,4,2,0.243,1,1,0,0,118000,28700,283
CR501585,CUST101585,2024-06-30,695,1,1,0.254,0,0,0,0,199000,50500,428
CR501586,CUST101586,2024-06-30,748,3,1,0.175,1,1,0,0,167000,29200,77
CR501587,CUST101587,2024-06-30,764,7,1,0.043,0,0,0,0,299000,12900,65
CR501588,CUST101588,2024-06-30,762,3,4,0.312,1,0,0,0,730000,227800,188
CR501589,CUST101589,2024-06-30,689,5,0,0.645,0,0,0,0,252000,162500,279
CR501590,CUST101590,2024-06-30,712,4,2,0.311,0,0,0,0,701000,218000,205
CR501591,CUST101591,2024-06-30,597,1,4,0.168,6,1,0,0,350000,58800,189
CR501592,CUST101592,2024-06-30,636,0,3,0.4,3,0,0,0,499000,199600,56
CR501593,CUST101593,2024-06-30,674,6,1,0.472,0,0,0,0,596000,281300,229
CR501594,CUST101594,2024-06-30,646,4,0,0.227,3,0,0,0,173000,39300,198
CR501595,CUST101595,2024-06-30,644,3,0,0.113,4,0,0,0,195000,22000,140
CR501596,CUST101596,2024-06-30,620,6,3,0.201,2,0,0,0,227000,45600,198
CR501597,CUST101597,2024-06-30,538,3,2,0.477,5,3,1,0,66000,31500,7
CR501598,CUST101598,2024-06-30,713,5,3,0.144,0,0,0,0,162000,23300,218
CR501599,CUST101599,2024-06-30,754,4,1,0.359,3,0,0,0,680000,244100,340
CR501600,CUST101600,2024-06-30,739,3,0,0.118,0,0,0,0,278000,32800,271
CR501601,CUST101601,2024-06-30,601,2,0,0.266,1,0,0,0,91000,24200,6
CR501602,CUST101602,2024-06-30,736,2,2,0.404,0,0,0,0,594000,240000,187
CR501603,CUST101603,2024-06-30,622,0,2,0.217,0,0,0,0,295000,64000,6
CR501604,CUST101604,2024-06-30,653,0,0,0.665,0,0,0,0,123000,81800,160
CR501605,CUST101605,2024-06-30,834,4,1,0.566,1,0,0,0,234000,132400,417
CR501606,CUST101606,2024-06-30,590,2,2,0.33,1,1,0,0,104000,34300,42
CR501607,CUST101607,2024-06-30,680,4,0,0.256,1,0,0,0,247000,63200,156
CR501608,CUST101608,2024-06-30,517,2,3,0.213,2,0,0,0,124000,26400,8
CR501609,CUST101609,2024-06-30,606,3,1,0.419,2,0,0,0,764000,320100,453
CR501610,CUST101610,2024-06-30,730,4,1,0.267,1,0,0,0,559000,149300,79
CR501611,CUST101611,2024-06-30,733,5,2,0.469,0,0,0,0,210000,98500,240
CR501612,CUST101612,2024-06-30,658,1,3,0.271,0,0,0,0,374000,101400,138
CR501613,CUST101613,2024-06-30,690,2,3,0.395,0,0,0,0,170000,67200,170
CR501614,CUST101614,2024-06-30,570,3,4,0.514,5,0,0,0,163000,83800,244
CR501615,CUST101615,2024-06-30,633,4,2,0.176,1,0,0,0,113000,19900,132
CR501616,CUST101616,2024-06-30,660,5,0,0.132,0,0,0,0,215000,28400,53
CR501617,CUST101617,2024-06-30,672,5,2,0.29,0,0,0,0,543000,157500,212
CR501618,CUST101618,2024-06-30,770,7,0,0.328,1,0,0,0,595000,195200,291
CR501619,CUST101619,2024-06-30,777,7,3,0.246,0,0,0,0,462000,113700,128
CR501620,CUST101620,2024-06-30,736,6,0,0.399,0,0,0,0,249000,99400,340
CR501621,CUST101621,2024-06-30,538,3,3,0.518,3,2,1,0,123000,63700,429
CR501622,CUST101622,2024-06-30,610,4,1,0.346,1,1,0,0,205000,70900,87
CR501623,CUST101623,2024-06-30,479,1,2,0.441,2,2,1,0,82000,36200,211
CR501624,CUST101624,2024-06-30,664,4,2,0.378,0,0,0,0,281000,106200,157
CR501625,CUST101625,2024-06-30,525,4,2,0.374,2,1,1,0,114000,42600,134
CR501626,CUST101626,2024-06-30,725,1,1,0.61,0,0,0,0,171000,104300,248
CR501627,CUST101627,2024-06-30,761,4,0,0.323,0,0,0,0,780000,251900,6
CR501628,CUST101628,2024-06-30,493,5,0,0.219,3,1,0,0,168000,36800,182
CR501629,CUST101629,2024-06-30,694,4,1,0.167,0,0,0,0,352000,58800,276
CR501630,CUST101630,2024-06-30,488,0,4,0.326,2,2,1,0,61000,19900,289
CR501631,CUST101631,2024-06-30,506,3,2,0.414,6,0,1,0,250000,103500,23
CR501632,CUST101632,2024-06-30,470,4,0,0.536,4,2,0,0,188000,100800,357
CR501633,CUST101633,2024-06-30,705,4,1,0.65,0,0,0,0,495000,321800,129
CR501634,CUST101634,2024-06-30,700,3,0,0.168,0,0,0,0,431000,72400,6
CR501635,CUST101635,2024-06-30,756,7,3,0.342,1,1,0,0,432000,147700,200
CR501636,CUST101636,2024-06-30,727,4,2,0.455,1,0,0,0,228000,103700,6
CR501637,CUST101637,2024-06-30,531,5,2,0.433,3,0,2,0,187000,81000,417
CR501638,CUST101638,2024-06-30,549,4,3,0.865,3,1,0,0,260000,224900,223
CR501639,CUST101639,2024-06-30,631,3,1,0.229,3,0,0,0,325000,74400,245
CR501640,CUST101640,2024-06-30,628,5,1,0.519,1,0,0,0,182000,94500,155
CR501641,CUST101641,2024-06-30,492,3,2,0.466,1,1,0,0,183000,85300,89
CR501642,CUST101642,2024-06-30,651,3,1,0.766,0,0,0,0,334000,255800,398
CR501643,CUST101643,2024-06-30,779,3,2,0.061,0,0,0,0,597000,36400,55
CR501644,CUST101644,2024-06-30,545,4,3,0.355,0,0,1,0,59000,20900,325
CR501645,CUST101645,2024-06-30,610,1,2,0.309,0,0,0,0,174000,53800,320
CR501646,CUST101646,2024-06-30,584,5,2,0.196,2,2,0,0,165000,32300,20
CR501647,CUST101647,2024-06-30,657,6,2,0.384,0,0,0,0,353000,135600,61
CR501648,CUST101648,2024-06-30,682,4,0,0.52,0,0,0,0,151000,78500,208
CR501649,CUST101649,2024-06-30,629,3,1,0.29,1,0,0,0,255000,74000,113
CR501650,CUST101650,2024-06-30,553,4,0,0.249,3,0,0,0,90000,22400,67
CR501651,CUST101651,2024-06-30,791,8,2,0.321,2,1,0,0,884000,283800,339
CR501652,CUST101652,2024-06-30,498,5,1,0.567,0,0,0,0,125000,70900,373
CR501653,CUST101653,2024-06-30,538,1,1,0.477,2,1,1,0,137000,65300,26
CR501654,CUST101654,2024-06-30,743,4,3,0.488,0,0,0,0,134000,65400,102
CR501655,CUST101655,2024-06-30,876,3,0,0.055,0,0,0,0,820000,45100,195
CR501656,CUST101656,2024-06-30,680,1,0,0.701,0,0,0,0,177000,124100,37
CR501657,CUST101657,2024-06-30,607,2,0,0.712,1,0,0,0,187000,133100,229
CR501658,CUST101658,2024-06-30,654,2,1,0.26,1,0,0,0,147000,38200,6
CR501659,CUST101659,2024-06-30,590,5,5,0.424,2,2,0,0,114000,48300,208
CR501660,CUST101660,2024-06-30,653,2,2,0.381,0,0,0,0,150000,57200,246
CR501661,CUST101661,2024-06-30,649,5,1,0.451,3,0,0,0,378000,170500,135
CR501662,CUST101662,2024-06-30,639,4,3,0.208,2,0,0,0,180000,37400,391
CR501663,CUST101663,2024-06-30,658,0,1,0.095,0,0,0,0,457000,43400,6
CR501664,CUST101664,2024-06-30,570,2,2,0.683,2,1,0,0,226000,154400,6
CR501665,CUST101665,2024-06-30,626,3,3,0.654,5,0,0,0,218000,142600,82
CR501666,CUST101666,2024-06-30,624,1,2,0.54,3,0,0,0,88000,47500,6
CR501667,CUST101667,2024-06-30,614,5,3,0.53,1,0,0,0,98000,51900,338
CR501668,CUST101668,2024-06-30,608,5,0,0.171,1,0,0,0,261000,44600,372
CR501669,CUST101669,2024-06-30,693,7,1,0.107,0,0,0,0,393000,42100,130
CR501670,CUST101670,2024-06-30,777,4,2,0.33,1,0,0,0,199000,65700,183
CR501671,CUST101671,2024-06-30,483,6,2,0.241,2,0,1,0,180000,43400,6
CR501672,CUST101672,2024-06-30,731,6,2,0.368,0,0,0,0,716000,263500,127
CR501673,CUST101673,2024-06-30,751,7,1,0.078,0,0,0,0,238000,18600,125
CR501674,CUST101674,2024-06-30,764,3,2,0.174,0,0,0,0,634000,110300,295
CR501675,CUST101675,2024-06-30,583,1,3,0.456,2,1,0,0,138000,62900,262
CR501676,CUST101676,2024-06-30,622,0,1,0.556,0,0,0,0,453000,251900,299
CR501677,CUST101677,2024-06-30,813,6,2,0.265,1,0,0,0,429000,113700,111
CR501678,CUST101678,2024-06-30,771,4,0,0.127,0,0,0,0,360000,45700,200
CR501679,CUST101679,2024-06-30,663,1,0,0.393,0,0,1,0,470000,184700,219
CR501680,CUST101680,2024-06-30,580,4,3,0.406,2,0,0,0,143000,58100,6
CR501681,CUST101681,2024-06-30,779,7,1,0.02,0,0,0,0,310000,6200,140
CR501682,CUST101682,2024-06-30,831,6,0,0.22,1,0,0,0,668000,147000,239
CR501683,CUST101683,2024-06-30,628,2,1,0.29,7,0,0,0,135000,39200,138
CR501684,CUST101684,2024-06-30,683,6,2,0.508,0,0,0,0,688000,349500,6
CR501685,CUST101685,2024-06-30,542,6,1,0.214,1,0,3,0,92000,19700,198
CR501686,CUST101686,2024-06-30,590,3,2,0.473,0,0,1,0,106000,50100,245
CR501687,CUST101687,2024-06-30,542,2,0,0.321,3,1,1,0,75000,24100,6
CR501688,CUST101688,2024-06-30,646,4,0,0.349,4,0,0,0,99000,34600,123
CR501689,CUST101689,2024-06-30,698,0,3,0.415,0,0,0,0,231000,95900,237
CR501690,CUST101690,2024-06-30,715,3,1,0.416,0,0,0,0,442000,183900,408
CR501691,CUST101691,2024-06-30,700,3,2,0.784,0,0,0,0,128000,100400,293
CR501692,CUST101692,2024-06-30,660,5,1,0.158,0,0,0,0,216000,34100,217
CR501693,CUST101693,2024-06-30,688,2,4,0.372,0,0,0,0,460000,171100,19
CR501694,CUST101694,2024-06-30,578,1,3,0.28,3,2,0,0,95000,26600,99
CR501695,CUST101695,2024-06-30,752,5,2,0.307,0,0,0,0,272000,83500,312
CR501696,CUST101696,2024-06-30,669,5,2,0.52,4,0,0,0,155000,80600,238
CR501697,CUST101697,2024-06-30,570,2,3,0.283,1,0,1,0,125000,35400,233
CR501698,CUST101698,2024-06-30,678,5,2,0.627,0,0,0,0,366000,229500,146
CR501699,CUST101699,2024-06-30,699,3,0,0.308,0,0,0,0,660000,203300,35
CR501700,CUST101700,2024-06-30,598,2,2,0.314,3,1,0,0,75000,23600,35
CR501701,CUST101701,2024-06-30,694,8,4,0.436,0,0,0,0,552000,240700,388
CR501702,CUST101702,2024-06-30,691,3,1,0.823,1,1,0,0,639000,525900,323
CR501703,CUST101703,2024-06-30,652,1,1,0.205,0,0,0,0,179000,36700,6
CR501704,CUST101704,2024-06-30,666,3,1,0.523,0,0,0,0,189000,98800,50
CR501705,CUST101705,2024-06-30,628,4,2,0.401,3,0,0,0,153000,61400,260
CR501706,CUST101706,2024-06-30,694,5,0,0.374,2,0,0,0,228000,85300,261
CR501707,CUST101707,2024-06-30,657,3,1,0.274,1,0,0,0,137000,37500,238
CR501708,CUST101708,2024-06-30,632,2,0,0.308,2,0,0,0,282000,86900,14
CR501709,CUST101709,2024-06-30,513,7,2,0.515,2,2,0,0,91000,46900,95
CR501710,CUST101710,2024-06-30,555,7,2,0.215,1,1,0,0,165000,35500,287
CR501711,CUST101711,2024-06-30,631,2,1,0.091,5,0,0,0,150000,13600,203
CR501712,CUST101712,2024-06-30,727,7,0,0.185,0,0,0,0,778000,143900,178
CR501713,CUST101713,2024-06-30,718,4,4,0.376,1,0,0,0,435000,163600,129
CR501714,CUST101714,2024-06-30,627,5,4,0.764,3,0,0,0,300000,229200,59
CR501715,CUST101715,2024-06-30,623,3,2,0.612,3,1,0,0,167000,102200,215
CR501716,CUST101716,2024-06-30,673,2,1,0.135,0,0,0,0,190000,25600,6
CR501717,CUST101717,2024-06-30,496,3,4,0.215,4,1,0,0,76000,16300,6
CR501718,CUST101718,2024-06-30,696,6,3,0.305,1,0,0,0,353000,107700,149
CR501719,CUST101719,2024-06-30,666,4,3,0.347,0,0,0,0,171000,59300,225
CR501720,CUST101720,2024-06-30,654,2,0,0.624,0,0,0,0,364000,227100,182
CR501721,CUST101721,2024-06-30,618,3,0,0.286,2,0,0,0,177000,50600,81
CR501722,CUST101722,2024-06-30,603,3,0,0.336,2,0,0,0,256000,86000,104
CR501723,CUST101723,2024-06-30,584,3,4,0.578,2,2,0,0,72000,41600,6
CR501724,CUST101724,2024-06-30,652,5,0,0.324,0,0,0,0,174000,56400,6
CR501725,CUST101725,2024-06-30,683,4,3,0.634,0,0,0,0,535000,339200,127
CR501726,CUST101726,2024-06-30,485,4,3,0.679,2,2,2,0,309000,209800,76
CR501727,CUST101727,2024-06-30,722,7,2,0.424,0,0,0,0,238000,100900,222
CR501728,CUST101728,2024-06-30,749,3,0,0.559,0,0,0,0,470000,262700,254
CR501729,CUST101729,2024-06-30,666,3,3,0.284,1,0,0,0,579000,164400,284
CR501730,CUST101730,2024-06-30,613,2,2,0.572,4,0,0,0,182000,104100,149
CR501731,CUST101731,2024-06-30,629,2,0,0.111,4,0,0,0,98000,10900,468
CR501732,CUST101732,2024-06-30,756,3,1,0.175,1,0,0,0,272000,47600,186
CR501733,CUST101733,2024-06-30,637,2,1,0.246,1,1,0,0,240000,59000,269
CR501734,CUST101734,2024-06-30,734,5,0,0.087,1,0,0,0,99000,8600,386
CR501735,CUST101735,2024-06-30,655,3,2,0.29,2,0,0,0,541000,156900,216
CR501736,CUST101736,2024-06-30,619,3,1,0.389,2,0,0,0,154000,59900,150
CR501737,CUST101737,2024-06-30,654,3,0,0.643,0,0,0,0,563000,362000,107
CR501738,CUST101738,2024-06-30,721,4,0,0.331,0,0,0,0,351000,116200,6
CR501739,CUST101739,2024-06-30,522,2,3,0.46,3,1,0,0,136000,62600,228
CR501740,CUST101740,2024-06-30,724,4,1,0.346,0,0,0,0,136000,47100,228
CR501741,CUST101741,2024-06-30,660,4,0,0.311,0,0,0,0,189000,58800,347
CR501742,CUST101742,2024-06-30,673,3,0,0.159,0,0,0,0,309000,49100,252
CR501743,CUST101743,2024-06-30,617,4,3,0.14,4,1,0,0,407000,57000,22
CR501744,CUST101744,2024-06-30,598,3,3,0.528,1,1,0,0,239000,126200,26
CR501745,CUST101745,2024-06-30,719,3,3,0.602,1,0,0,0,803000,483400,241
CR501746,CUST101746,2024-06-30,699,2,5,0.147,1,0,0,0,384000,56400,103
CR501747,CUST101747,2024-06-30,852,3,3,0.109,0,0,0,0,725000,79000,308
CR501748,CUST101748,2024-06-30,758,2,0,0.44,0,0,0,0,1443000,634900,94
CR501749,CUST101749,2024-06-30,628,4,1,0.135,2,2,0,0,272000,36700,170
CR501750,CUST101750,2024-06-30,567,2,3,0.263,1,1,0,0,67000,17600,343
CR501751,CUST101751,2024-06-30,559,3,3,0.502,2,0,0,0,110000,55200,167
CR501752,CUST101752,2024-06-30,667,2,0,0.376,0,0,0,0,324000,121800,287
CR501753,CUST101753,2024-06-30,714,6,0,0.387,2,0,0,0,256000,99100,67
CR501754,CUST101754,2024-06-30,652,3,2,0.268,0,0,0,0,218000,58400,52
CR501755,CUST101755,2024-06-30,526,0,2,0.215,0,0,2,0,79000,17000,179
CR501756,CUST101756,2024-06-30,709,6,0,0.248,0,0,0,0,806000,199900,193
CR501757,CUST101757,2024-06-30,692,5,2,0.185,0,0,0,0,182000,33700,10
CR501758,CUST101758,2024-06-30,644,1,1,0.501,6,0,0,0,245000,122700,44
CR501759,CUST101759,2024-06-30,649,7,1,0.284,1,0,0,0,74000,21000,6
CR501760,CUST101760,2024-06-30,711,2,1,0.217,0,0,1,0,929000,201600,265
CR501761,CUST101761,2024-06-30,756,2,2,0.083,1,0,0,0,356000,29500,35
CR501762,CUST101762,2024-06-30,644,2,0,0.492,3,0,0,0,115000,56600,274
CR501763,CUST101763,2024-06-30,651,3,0,0.507,0,0,0,0,215000,109000,284
CR501764,CUST101764,2024-06-30,562,2,2,0.618,3,1,0,0,254000,157000,336
CR501765,CUST101765,2024-06-30,629,3,1,0.398,4,1,0,0,334000,132900,164
CR501766,CUST101766,2024-06-30,697,1,1,0.198,3,0,0,0,458000,90700,480
CR501767,CUST101767,2024-06-30,577,5,1,0.226,2,0,0,0,56000,12700,169
CR501768,CUST101768,2024-06-30,746,4,2,0.658,0,0,0,0,266000,175000,209
CR501769,CUST101769,2024-06-30,637,1,2,0.188,4,1,0,0,241000,45300,70
CR501770,CUST101770,2024-06-30,619,4,0,0.457,2,0,0,0,303000,138500,60
CR501771,CUST101771,2024-06-30,701,5,2,0.268,0,0,0,0,196000,52500,6
CR501772,CUST101772,2024-06-30,578,10,3,0.503,2,0,0,0,121000,60900,6
CR501773,CUST101773,2024-06-30,545,5,1,0.357,2,1,1,0,156000,55700,347
CR501774,CUST101774,2024-06-30,572,3,2,0.117,3,0,0,0,329000,38500,212
CR501775,CUST101775,2024-06-30,826,2,1,0.575,0,0,0,0,1223000,703200,245
CR501776,CUST101776,2024-06-30,599,2,1,0.383,2,0,0,0,189000,72400,233
CR501777,CUST101777,2024-06-30,707,1,1,0.355,1,0,0,0,446000,158300,167
CR501778,CUST101778,2024-06-30,763,8,3,0.178,0,0,0,0,1193000,212400,480
CR501779,CUST101779,2024-06-30,728,6,3,0.407,0,0,0,0,383000,155900,183
CR501780,CUST101780,2024-06-30,562,4,5,0.247,0,0,0,0,279000,68900,207
CR501781,CUST101781,2024-06-30,663,4,0,0.707,0,0,0,0,481000,340100,13
CR501782,CUST101782,2024-06-30,668,4,3,0.446,0,0,0,0,184000,82100,328
CR501783,CUST101783,2024-06-30,699,3,1,0.226,1,0,0,0,156000,35300,64
CR501784,CUST101784,2024-06-30,648,2,1,0.697,0,0,0,0,239000,166600,210
CR501785,CUST101785,2024-06-30,549,2,1,0.381,1,0,0,0,219000,83400,75
CR501786,CUST101786,2024-06-30,630,3,0,0.385,2,1,0,0,754000,290300,80
CR501787,CUST101787,2024-06-30,699,6,0,0.162,1,0,2,0,547000,88600,311
CR501788,CUST101788,2024-06-30,898,4,4,0.218,0,0,0,0,747000,162800,160
CR501789,CUST101789,2024-06-30,611,4,1,0.354,0,0,1,0,46000,16300,135
CR501790,CUST101790,2024-06-30,667,2,2,0.379,0,0,0,0,229000,86800,312
CR501791,CUST101791,2024-06-30,701,2,1,0.65,1,0,0,0,172000,111800,298
CR501792,CUST101792,2024-06-30,704,6,1,0.035,0,0,0,0,128000,4500,112
CR501793,CUST101793,2024-06-30,746,7,2,0.247,0,0,0,0,345000,85200,390
CR501794,CUST101794,2024-06-30,618,6,2,0.252,2,0,0,0,56000,14100,56
CR501795,CUST101795,2024-06-30,612,3,0,0.668,2,0,0,0,880000,587800,314
CR501796,CUST101796,2024-06-30,588,4,3,0.2,2,1,0,0,188000,37600,6
CR501797,CUST101797,2024-06-30,654,2,1,0.428,1,0,0,0,91000,38900,107
CR501798,CUST101798,2024-06-30,741,2,0,0.212,0,0,0,0,319000,67600,29
CR501799,CUST101799,2024-06-30,582,3,3,0.332,2,1,0,0,78000,25900,246
CR501800,CUST101800,2024-06-30,545,3,1,0.18,1,1,0,0,49000,8800,67
CR501801,CUST101801,2024-06-30,705,3,0,0.391,0,0,0,0,374000,146200,282
CR501802,CUST101802,2024-06-30,725,6,1,0.429,3,0,1,0,378000,162200,6
CR501803,CUST101803,2024-06-30,694,1,1,0.419,0,0,0,0,220000,92200,66
CR501804,CUST101804,2024-06-30,639,4,0,0.392,3,0,0,0,132000,51700,236
CR501805,CUST101805,2024-06-30,492,4,3,0.462,1,0,1,0,80000,37000,138
CR501806,CUST101806,2024-06-30,681,2,1,0.234,1,0,1,0,81000,19000,283
CR501807,CUST101807,2024-06-30,494,2,1,0.453,4,0,0,0,397000,179800,66
CR501808,CUST101808,2024-06-30,756,2,1,0.047,0,0,0,0,373000,17500,278
CR501809,CUST101809,2024-06-30,659,3,1,0.456,2,0,0,0,222000,101200,145
CR501810,CUST101810,2024-06-30,594,4,2,0.228,1,1,0,0,133000,30300,349
CR501811,CUST101811,2024-06-30,586,5,3,0.587,2,1,0,0,235000,137900,218
CR501812,CUST101812,2024-06-30,675,6,3,0.484,0,0,0,0,425000,205700,220
CR501813,CUST101813,2024-06-30,837,5,0,0.607,2,0,0,0,1012000,614300,124
CR501814,CUST101814,2024-06-30,756,6,1,0.23,1,0,0,0,351000,80700,237
CR501815,CUST101815,2024-06-30,608,3,1,0.37,1,0,0,0,492000,182000,373
CR501816,CUST101816,2024-06-30,809,7,1,0.042,0,0,0,0,428000,18000,382
CR501817,CUST101817,2024-06-30,596,2,4,0.198,3,1,0,0,218000,43200,436
CR501818,CUST101818,2024-06-30,685,2,2,0.216,1,0,0,0,241000,52100,174
CR501819,CUST101819,2024-06-30,742,5,2,0.563,0,0,0,0,368000,207200,6
CR501820,CUST101820,2024-06-30,569,5,3,0.718,3,0,0,0,39000,28000,419
CR501821,CUST101821,2024-06-30,742,3,1,0.139,0,0,0,0,366000,50900,267
CR501822,CUST101822,2024-06-30,692,4,1,0.356,0,0,0,0,286000,101800,175
CR501823,CUST101823,2024-06-30,554,1,0,0.444,1,0,0,0,278000,123400,69
CR501824,CUST101824,2024-06-30,676,1,0,0.348,0,0,0,0,115000,40000,6
CR501825,CUST101825,2024-06-30,757,2,1,0.444,2,0,0,0,335000,148700,87
CR501826,CUST101826,2024-06-30,725,5,1,0.342,1,0,0,0,489000,167200,330
CR501827,CUST101827,2024-06-30,656,5,2,0.411,0,0,0,0,125000,51400,211
CR501828,CUST101828,2024-06-30,692,0,1,0.478,0,0,0,0,382000,182600,214
CR501829,CUST101829,2024-06-30,711,2,1,0.237,0,0,0,0,222000,52600,128
CR501830,CUST101830,2024-06-30,576,2,3,0.115,2,2,0,0,220000,25300,191
CR501831,CUST101831,2024-06-30,679,6,5,0.498,0,0,0,0,626000,311700,103
CR501832,CUST101832,2024-06-30,611,3,0,0.545,3,0,0,0,209000,113900,127
CR501833,CUST101833,2024-06-30,602,2,1,0.615,1,0,0,0,100000,61500,211
CR501834,CUST101834,2024-06-30,722,2,2,0.06,1,0,0,0,316000,19000,352
CR501835,CUST101835,2024-06-30,657,4,1,0.28,0,0,0,0,381000,106700,144
CR501836,CUST101836,2024-06-30,556,3,6,0.181,2,0,0,0,401000,72600,322
CR501837,CUST101837,2024-06-30,489,8,1,0.557,1,1,1,0,94000,52400,19
CR501838,CUST101838,2024-06-30,650,2,4,0.313,0,0,0,0,225000,70400,270
CR501839,CUST101839,2024-06-30,761,2,1,0.135,0,0,0,0,291000,39300,480
CR501840,CUST101840,2024-06-30,624,1,1,0.287,2,0,0,0,445000,127700,6
CR501841,CUST101841,2024-06-30,847,4,1,0.408,0,0,0,0,793000,323500,377
CR501842,CUST101842,2024-06-30,611,2,1,0.478,0,0,0,0,128000,61200,109
CR501843,CUST101843,2024-06-30,737,3,2,0.121,0,0,0,0,283000,34200,51
CR501844,CUST101844,2024-06-30,703,3,2,0.211,0,0,0,0,267000,56300,276
CR501845,CUST101845,2024-06-30,514,2,2,0.493,3,1,1,0,131000,64600,108
CR501846,CUST101846,2024-06-30,567,2,1,0.179,5,0,0,0,181000,32400,24
CR501847,CUST101847,2024-06-30,612,6,4,0.448,0,0,0,0,119000,53300,331
CR501848,CUST101848,2024-06-30,665,1,1,0.398,1,0,0,0,449000,178700,447
CR501849,CUST101849,2024-06-30,538,2,0,0.835,2,1,0,0,262000,218800,82
CR501850,CUST101850,2024-06-30,726,2,2,0.384,1,0,0,0,415000,159400,253
CR501851,CUST101851,2024-06-30,589,1,2,0.705,0,0,0,0,173000,122000,76
CR501852,CUST101852,2024-06-30,688,4,1,0.389,1,0,0,0,332000,129100,186
CR501853,CUST101853,2024-06-30,623,2,2,0.685,1,0,0,0,260000,178100,408
CR501854,CUST101854,2024-06-30,555,2,2,0.585,1,0,1,0,134000,78400,161
CR501855,CUST101855,2024-06-30,667,4,2,0.712,0,0,0,0,119000,84700,309
CR501856,CUST101856,2024-06-30,660,3,1,0.179,0,0,0,0,125000,22400,142
CR501857,CUST101857,2024-06-30,709,3,2,0.053,1,0,0,0,355000,18800,149
CR501858,CUST101858,2024-06-30,665,3,1,0.292,0,0,0,0,467000,136400,337
CR501859,CUST101859,2024-06-30,532,3,1,0.599,3,1,0,0,204000,122200,187
CR501860,CUST101860,2024-06-30,642,5,1,0.18,4,0,0,0,368000,66200,277
CR501861,CUST101861,2024-06-30,572,3,3,0.398,2,1,0,0,520000,207000,49
CR501862,CUST101862,2024-06-30,715,2,2,0.412,0,0,0,0,558000,229900,242
CR501863,CUST101863,2024-06-30,510,6,3,0.432,4,1,1,0,42000,18100,125
CR501864,CUST101864,2024-06-30,606,4,3,0.182,3,0,0,0,52000,9500,193
CR501865,CUST101865,2024-06-30,618,2,3,0.432,3,1,0,0,274000,118400,42
CR501866,CUST101866,2024-06-30,442,1,2,0.424,3,1,0,0,31000,13100,262
CR501867,CUST101867,2024-06-30,709,3,1,0.453,0,0,0,0,484000,219300,49
CR501868,CUST101868,2024-06-30,594,6,3,0.419,0,0,0,0,112000,46900,310
CR501869,CUST101869,2024-06-30,673,2,2,0.425,0,0,0,0,74000,31400,72
CR501870,CUST101870,2024-06-30,701,6,1,0.035,0,0,0,0,747000,26100,456
CR501871,CUST101871,2024-06-30,720,5,1,0.37,0,0,0,0,555000,205400,6
CR501872,CUST101872,2024-06-30,587,0,2,0.589,4,1,0,0,152000,89500,167
CR501873,CUST101873,2024-06-30,665,3,1,0.283,1,1,0,0,344000,97400,322
CR501874,CUST101874,2024-06-30,617,3,0,0.134,2,0,0,0,288000,38600,57
CR501875,CUST101875,2024-06-30,773,7,2,0.522,0,0,0,0,393000,205100,316
CR501876,CUST101876,2024-06-30,671,5,2,0.345,0,0,0,0,472000,162800,139
CR501877,CUST101877,2024-06-30,660,1,2,0.243,0,0,0,0,410000,99600,57
CR501878,CUST101878,2024-06-30,568,4,1,0.295,2,0,0,0,187000,55200,13
CR501879,CUST101879,2024-06-30,740,4,2,0.522,0,0,0,0,434000,226500,165
CR501880,CUST101880,2024-06-30,828,2,2,0.349,1,0,0,0,542000,189200,377
CR501881,CUST101881,2024-06-30,560,7,2,0.428,2,0,0,0,202000,86500,249
CR501882,CUST101882,2024-06-30,643,5,1,0.315,0,0,0,0,218000,68700,370
CR501883,CUST101883,2024-06-30,735,7,4,0.386,0,0,0,0,147000,56700,227
CR501884,CUST101884,2024-06-30,606,1,0,0.639,3,0,0,0,354000,226200,176
CR501885,CUST101885,2024-06-30,596,2,1,0.419,1,1,0,0,827000,346500,88
CR501886,CUST101886,2024-06-30,695,3,2,0.347,1,0,0,0,361000,125300,211
CR501887,CUST101887,2024-06-30,726,8,1,0.427,0,0,0,0,364000,155400,356
CR501888,CUST101888,2024-06-30,436,8,4,0.29,3,0,1,0,101000,29300,147
CR501889,CUST101889,2024-06-30,640,5,1,0.429,1,1,0,0,303000,130000,252
CR501890,CUST101890,2024-06-30,708,6,1,0.16,0,0,0,0,130000,20800,131
CR501891,CUST101891,2024-06-30,427,6,7,0.383,2,0,1,0,66000,25300,235
CR501892,CUST101892,2024-06-30,690,4,0,0.363,2,0,0,0,362000,131400,149
CR501893,CUST101893,2024-06-30,623,2,1,0.393,2,0,0,0,191000,75100,210
CR501894,CUST101894,2024-06-30,725,7,1,0.076,0,0,0,0,467000,35500,257
CR501895,CUST101895,2024-06-30,775,5,1,0.091,2,1,0,0,1120000,101900,165
CR501896,CUST101896,2024-06-30,693,3,0,0.411,0,0,0,0,355000,145900,329
CR501897,CUST101897,2024-06-30,754,6,1,0.26,0,0,1,0,778000,202300,267
CR501898,CUST101898,2024-06-30,672,3,1,0.247,1,1,0,0,783000,193400,102
CR501899,CUST101899,2024-06-30,686,3,0,0.252,1,0,0,0,517000,130300,228
CR501900,CUST101900,2024-06-30,732,4,3,0.533,2,0,0,0,271000,144400,166
CR501901,CUST101901,2024-06-30,647,1,1,0.241,3,1,0,0,215000,51800,275
CR501902,CUST101902,2024-06-30,534,2,3,0.614,3,0,0,0,39000,23900,152
CR501903,CUST101903,2024-06-30,731,3,2,0.214,0,0,0,0,452000,96700,6
CR501904,CUST101904,2024-06-30,696,4,3,0.052,0,0,0,0,113000,5900,233
CR501905,CUST101905,2024-06-30,671,3,2,0.546,0,0,0,0,295000,161100,102
CR501906,CUST101906,2024-06-30,643,6,0,0.263,2,0,0,0,686000,180400,116
CR501907,CUST101907,2024-06-30,575,2,2,0.129,3,1,1,0,792000,102200,35
CR501908,CUST101908,2024-06-30,748,8,1,0.501,1,0,0,0,871000,436400,254
CR501909,CUST101909,2024-06-30,658,5,1,0.798,2,0,0,0,913000,728600,317
CR501910,CUST101910,2024-06-30,538,4,1,0.717,4,0,0,0,235000,168500,150
CR501911,CUST101911,2024-06-30,593,3,3,0.681,3,0,0,0,123000,83800,431
CR501912,CUST101912,2024-06-30,703,2,1,0.242,0,0,0,0,376000,91000,333
CR501913,CUST101913,2024-06-30,629,1,2,0.34,2,0,0,0,182000,61900,7
CR501914,CUST101914,2024-06-30,566,5,3,0.136,2,1,0,0,569000,77400,480
CR501915,CUST101915,2024-06-30,595,6,2,0.282,0,0,0,0,164000,46200,6
CR501916,CUST101916,2024-06-30,786,3,1,0.456,0,0,0,0,648000,295500,161
CR501917,CUST101917,2024-06-30,523,3,4,0.396,0,0,1,0,68000,26900,241
CR501918,CUST101918,2024-06-30,558,4,2,0.718,3,2,0,0,262000,188100,193
CR501919,CUST101919,2024-06-30,614,4,2,0.326,4,0,0,0,271000,88300,215
CR501920,CUST101920,2024-06-30,813,8,3,0.123,1,0,0,0,797000,98000,283
CR501921,CUST101921,2024-06-30,448,4,1,0.423,3,1,0,0,109000,46100,428
CR501922,CUST101922,2024-06-30,691,4,2,0.607,1,0,0,0,278000,168700,180
CR501923,CUST101923,2024-06-30,679,4,0,0.039,1,0,0,0,160000,6200,138
CR501924,CUST101924,2024-06-30,642,3,1,0.489,3,0,0,0,233000,113900,298
CR501925,CUST101925,2024-06-30,670,3,1,0.465,0,0,0,0,173000,80400,227
CR501926,CUST101926,2024-06-30,815,3,2,0.38,1,0,0,0,632000,240200,194
CR501927,CUST101927,2024-06-30,662,1,2,0.254,0,0,0,0,120000,30500,115
CR501928,CUST101928,2024-06-30,623,0,1,0.662,6,0,0,0,142000,94000,160
CR501929,CUST101929,2024-06-30,718,5,0,0.702,0,0,0,0,535000,375600,212
CR501930,CUST101930,2024-06-30,682,2,1,0.06,1,0,0,0,97000,5800,287
CR501931,CUST101931,2024-06-30,748,2,1,0.508,2,0,0,0,841000,427200,219
CR501932,CUST101932,2024-06-30,676,7,2,0.445,0,0,0,0,142000,63200,9
CR501933,CUST101933,2024-06-30,639,1,3,0.15,2,0,0,0,239000,35800,246
CR501934,CUST101934,2024-06-30,609,2,0,0.412,0,0,0,0,109000,44900,6
CR501935,CUST101935,2024-06-30,582,0,2,0.244,0,0,0,0,309000,75400,226
CR501936,CUST101936,2024-06-30,659,3,1,0.617,0,0,0,0,493000,304200,237
CR501937,CUST101937,2024-06-30,565,6,4,0.543,0,0,0,0,149000,80900,126
CR501938,CUST101938,2024-06-30,686,1,0,0.151,0,0,0,0,213000,32200,183
CR501939,CUST101939,2024-06-30,688,5,0,0.16,1,0,0,0,294000,47000,73
CR501940,CUST101940,2024-06-30,715,5,2,0.098,0,0,0,0,204000,20000,179
CR501941,CUST101941,2024-06-30,648,4,3,0.47,1,0,0,0,216000,101500,244
CR501942,CUST101942,2024-06-30,766,7,0,0.076,1,0,0,0,1837000,139600,191
CR501943,CUST101943,2024-06-30,616,4,3,0.441,0,0,0,0,151000,66600,6
CR501944,CUST101944,2024-06-30,647,0,1,0.096,9,0,0,0,207000,19900,33
CR501945,CUST101945,2024-06-30,779,3,1,0.277,0,0,0,0,161000,44600,133
CR501946,CUST101946,2024-06-30,479,4,3,0.309,2,1,0,0,127000,39200,6
CR501947,CUST101947,2024-06-30,627,1,1,0.247,2,0,0,0,1466000,362100,198
CR501948,CUST101948,2024-06-30,851,3,1,0.337,0,0,0,0,586000,197500,277
CR501949,CUST101949,2024-06-30,631,4,2,0.164,3,0,0,0,177000,29000,129
CR501950,CUST101950,2024-06-30,572,4,3,0.235,1,0,0,0,234000,55000,155
CR501951,CUST101951,2024-06-30,496,3,3,0.468,1,0,2,0,51000,23900,293
CR501952,CUST101952,2024-06-30,634,3,1,0.424,2,0,0,0,103000,43700,168
CR501953,CUST101953,2024-06-30,632,7,0,0.396,1,0,0,0,87000,34500,61
CR501954,CUST101954,2024-06-30,657,4,3,0.318,1,1,0,0,476000,151400,97
CR501955,CUST101955,2024-06-30,793,4,1,0.386,1,0,0,0,1294000,499500,236
CR501956,CUST101956,2024-06-30,586,1,4,0.264,0,0,0,0,207000,54600,92
CR501957,CUST101957,2024-06-30,520,6,2,0.969,5,2,0,0,308000,298500,6
CR501958,CUST101958,2024-06-30,574,2,1,0.299,2,1,0,0,149000,44600,6
CR501959,CUST101959,2024-06-30,552,7,2,0.496,3,0,2,0,118000,58500,19
CR501960,CUST101960,2024-06-30,612,2,4,0.571,1,0,0,0,69000,39400,31
CR501961,CUST101961,2024-06-30,597,3,4,0.257,3,1,0,0,219000,56300,121
CR501962,CUST101962,2024-06-30,643,4,3,0.352,2,0,0,0,305000,107400,212
CR501963,CUST101963,2024-06-30,547,4,1,0.537,1,1,0,0,68000,36500,82
CR501964,CUST101964,2024-06-30,609,3,2,0.448,0,0,0,0,399000,178800,220
CR501965,CUST101965,2024-06-30,668,3,3,0.44,0,0,0,0,176000,77400,380
CR501966,CUST101966,2024-06-30,621,2,1,0.422,2,0,0,0,227000,95800,313
CR501967,CUST101967,2024-06-30,650,5,1,0.538,1,0,0,0,210000,113000,255
CR501968,CUST101968,2024-06-30,753,1,0,0.439,1,0,0,0,1142000,501300,310
CR501969,CUST101969,2024-06-30,823,7,1,0.404,0,0,0,0,1377000,556300,190
CR501970,CUST101970,2024-06-30,691,2,1,0.104,0,0,0,0,428000,44500,257
CR501971,CUST101971,2024-06-30,669,2,1,0.45,2,0,0,0,196000,88200,267
CR501972,CUST101972,2024-06-30,663,9,1,0.293,0,0,0,0,144000,42200,288
CR501973,CUST101973,2024-06-30,635,6,4,0.568,1,0,0,0,193000,109600,259
CR501974,CUST101974,2024-06-30,581,5,3,0.229,2,0,0,0,196000,44900,31
CR501975,CUST101975,2024-06-30,681,4,3,0.557,0,0,0,0,484000,269600,34
CR501976,CUST101976,2024-06-30,501,3,2,0.331,3,2,0,0,107000,35400,229
CR501977,CUST101977,2024-06-30,615,5,1,0.556,2,0,0,0,87000,48400,111
CR501978,CUST101978,2024-06-30,810,3,2,0.21,0,0,0,0,463000,97200,215
CR501979,CUST101979,2024-06-30,690,4,0,0.325,1,0,0,0,216000,70200,117
CR501980,CUST101980,2024-06-30,602,1,2,0.316,5,0,0,0,72000,22800,207
CR501981,CUST101981,2024-06-30,638,3,1,0.406,3,0,0,0,216000,87700,386
CR501982,CUST101982,2024-06-30,542,4,2,0.663,4,0,2,0,50000,33200,193
CR501983,CUST101983,2024-06-30,618,4,0,0.383,3,0,0,0,132000,50600,109
CR501984,CUST101984,2024-06-30,678,5,0,0.197,0,0,0,0,90000,17700,116
CR501985,CUST101985,2024-06-30,690,4,0,0.525,1,0,0,0,1060000,556500,138
CR501986,CUST101986,2024-06-30,449,5,1,0.42,2,1,1,0,119000,50000,367
CR501987,CUST101987,2024-06-30,651,4,1,0.137,1,0,0,0,94000,12900,189
CR501988,CUST101988,2024-06-30,715,3,1,0.372,0,0,0,0,2013000,748800,288
CR501989,CUST101989,2024-06-30,548,4,2,0.433,1,1,3,0,191000,82700,20
CR501990,CUST101990,2024-06-30,665,1,3,0.336,0,0,0,0,364000,122300,231
CR501991,CUST101991,2024-06-30,706,2,2,0.396,1,0,0,0,684000,270900,290
CR501992,CUST101992,2024-06-30,518,6,3,0.191,1,1,0,0,54000,10300,132
CR501993,CUST101993,2024-06-30,619,3,1,0.454,2,0,0,0,96000,43600,349
CR501994,CUST101994,2024-06-30,712,1,2,0.14,0,0,0,0,519000,72700,70
CR501995,CUST101995,2024-06-30,702,6,1,0.16,0,0,0,0,611000,97800,172
CR501996,CUST101996,2024-06-30,619,4,3,0.657,3,0,0,0,256000,168200,123
CR501997,CUST101997,2024-06-30,616,4,2,0.467,5,0,0,0,464000,216700,350
CR501998,CUST101998,2024-06-30,589,6,4,0.33,0,0,0,0,172000,56800,304
CR501999,CUST101999,2024-06-30,772,2,1,0.025,1,0,0,0,207000,5200,205
CR502000,CUST102000,2024-06-30,670,4,3,0.318,0,0,0,0,270000,85900,137
CR502001,CUST102001,2024-06-30,704,7,1,0.336,0,0,0,0,388000,130400,360
CR502002,CUST102002,2024-06-30,614,2,1,0.668,1,0,0,0,237000,158300,128
CR502003,CUST102003,2024-06-30,641,2,1,0.612,4,0,0,0,78000,47700,300
CR502004,CUST102004,2024-06-30,641,4,3,0.657,1,1,0,0,176000,115600,298
CR502005,CUST102005,2024-06-30,742,4,2,0.02,0,0,0,0,291000,5800,277
CR502006,CUST102006,2024-06-30,677,3,1,0.251,1,0,0,0,114000,28600,139
CR502007,CUST102007,2024-06-30,705,4,3,0.599,0,0,0,0,117000,70100,6
CR502008,CUST102008,2024-06-30,578,1,2,0.634,1,1,0,0,144000,91300,83
CR502009,CUST102009,2024-06-30,619,6,2,0.241,1,0,0,0,297000,71600,190
CR502010,CUST102010,2024-06-30,638,2,3,0.439,6,0,0,0,276000,121200,411
CR502011,CUST102011,2024-06-30,698,4,0,0.302,0,0,0,0,119000,35900,114
CR502012,CUST102012,2024-06-30,598,4,3,0.308,0,0,0,0,187000,57600,133
CR502013,CUST102013,2024-06-30,496,3,3,0.382,2,2,1,0,233000,89000,69
CR502014,CUST102014,2024-06-30,604,5,1,0.094,2,0,0,0,231000,21700,6
CR502015,CUST102015,2024-06-30,480,5,2,0.589,2,0,3,0,114000,67100,93
CR502016,CUST102016,2024-06-30,624,1,1,0.387,3,0,0,0,194000,75100,6
CR502017,CUST102017,2024-06-30,750,3,3,0.199,0,0,0,0,703000,139900,244
CR502018,CUST102018,2024-06-30,596,3,2,0.531,3,0,0,0,175000,92900,281
CR502019,CUST102019,2024-06-30,560,3,2,0.505,2,0,0,0,109000,55000,23
CR502020,CUST102020,2024-06-30,753,6,1,0.553,0,0,0,0,291000,160900,146
CR502021,CUST102021,2024-06-30,548,3,2,0.466,5,0,0,0,147000,68500,6
CR502022,CUST102022,2024-06-30,465,2,2,0.68,2,1,0,0,31000,21100,331
CR502023,CUST102023,2024-06-30,626,5,1,0.265,2,0,0,0,321000,85100,87
CR502024,CUST102024,2024-06-30,707,4,1,0.377,0,0,0,0,250000,94200,84
CR502025,CUST102025,2024-06-30,578,4,4,0.19,2,2,0,0,136000,25800,190
CR502026,CUST102026,2024-06-30,578,3,2,0.602,1,1,0,0,62000,37300,78
CR502027,CUST102027,2024-06-30,580,2,3,0.387,1,0,0,0,383000,148200,233
CR502028,CUST102028,2024-06-30,537,5,2,0.293,0,0,0,0,74000,21700,123
CR502029,CUST102029,2024-06-30,617,4,1,0.192,1,0,0,0,157000,30100,67
CR502030,CUST102030,2024-06-30,654,4,0,0.439,0,0,0,0,903000,396400,403
CR502031,CUST102031,2024-06-30,457,5,2,0.504,5,2,3,0,86000,43300,87
CR502032,CUST102032,2024-06-30,782,4,2,0.538,1,0,0,0,189000,101700,296
CR502033,CUST102033,2024-06-30,627,4,1,0.279,1,0,0,0,120000,33500,305
CR502034,CUST102034,2024-06-30,716,4,1,0.183,0,0,0,0,283000,51800,272
CR502035,CUST102035,2024-06-30,765,2,1,0.619,0,0,0,0,753000,466100,214
CR502036,CUST102036,2024-06-30,661,4,3,0.117,0,0,0,0,313000,36600,186
CR502037,CUST102037,2024-06-30,766,8,2,0.185,0,0,0,0,694000,128400,303
CR502038,CUST102038,2024-06-30,480,4,1,0.32,2,1,0,0,148000,47400,147
CR502039,CUST102039,2024-06-30,743,4,0,0.415,1,0,0,0,381000,158100,334
CR502040,CUST102040,2024-06-30,406,3,3,0.802,1,0,0,0,134000,107500,214
CR502041,CUST102041,2024-06-30,630,3,2,0.625,2,0,0,0,161000,100600,200
CR502042,CUST102042,2024-06-30,724,3,0,0.081,0,0,0,0,142000,11500,291
CR502043,CUST102043,2024-06-30,619,3,2,0.468,3,0,0,0,319000,149300,102
CR502044,CUST102044,2024-06-30,731,4,2,0.062,0,0,0,0,340000,21100,6
CR502045,CUST102045,2024-06-30,643,3,4,0.264,1,0,0,0,265000,70000,188
CR502046,CUST102046,2024-06-30,647,5,2,0.637,3,0,1,0,212000,135000,353
CR502047,CUST102047,2024-06-30,698,2,1,0.732,0,0,0,0,284000,207900,367
CR502048,CUST102048,2024-06-30,521,4,1,0.337,2,2,0,0,188000,63400,216
CR502049,CUST102049,2024-06-30,603,1,4,0.421,1,1,1,0,493000,207600,6
CR502050,CUST102050,2024-06-30,741,6,1,0.078,0,0,0,0,857000,66800,89
CR502051,CUST102051,2024-06-30,669,4,0,0.849,0,0,0,0,211000,179100,38
CR502052,CUST102052,2024-06-30,556,4,3,0.345,4,1,1,0,94000,32400,236
CR502053,CUST102053,2024-06-30,575,5,3,0.41,3,0,0,0,62000,25400,48
CR502054,CUST102054,2024-06-30,624,5,2,0.16,0,0,0,0,418000,66900,361
CR502055,CUST102055,2024-06-30,463,5,1,0.294,2,0,0,0,65000,19100,151
CR502056,CUST102056,2024-06-30,640,5,0,0.388,3,0,1,0,531000,206000,367
CR502057,CUST102057,2024-06-30,568,3,1,0.593,3,2,0,0,102000,60500,254
CR502058,CUST102058,2024-06-30,606,5,0,0.486,2,0,1,0,102000,49600,206
CR502059,CUST102059,2024-06-30,667,4,1,0.172,0,0,0,0,132000,22700,181
CR502060,CUST102060,2024-06-30,733,7,3,0.044,0,0,0,0,270000,11900,228
CR502061,CUST102061,2024-06-30,649,5,2,0.531,2,1,0,0,187000,99300,367
CR502062,CUST102062,2024-06-30,708,2,2,0.764,1,1,0,0,286000,218500,308
CR502063,CUST102063,2024-06-30,708,4,5,0.381,0,0,0,0,180000,68600,333
CR502064,CUST102064,2024-06-30,714,4,4,0.494,1,0,0,0,171000,84500,235
CR502065,CUST102065,2024-06-30,693,3,0,0.438,0,0,0,0,790000,346000,315
CR502066,CUST102066,2024-06-30,747,3,0,0.23,0,0,0,0,127000,29200,227
CR502067,CUST102067,2024-06-30,665,5,1,0.409,0,0,0,0,473000,193500,143
CR502068,CUST102068,2024-06-30,695,1,0,0.343,0,0,0,0,232000,79600,12
CR502069,CUST102069,2024-06-30,576,4,2,0.561,3,0,0,0,174000,97600,125
CR502070,CUST102070,2024-06-30,546,4,3,0.225,1,1,0,0,91000,20500,230
CR502071,CUST102071,2024-06-30,687,0,2,0.145,0,0,0,0,502000,72800,117
CR502072,CUST102072,2024-06-30,625,1,0,0.553,1,0,0,0,87000,48100,241
CR502073,CUST102073,2024-06-30,675,4,0,0.298,0,0,0,0,268000,79900,243
CR502074,CUST102074,2024-06-30,635,4,0,0.512,3,0,0,0,548000,280600,6
CR502075,CUST102075,2024-06-30,636,2,1,0.372,3,0,0,0,220000,81800,203
CR502076,CUST102076,2024-06-30,710,4,3,0.282,1,0,0,0,681000,192000,480
CR502077,CUST102077,2024-06-30,711,4,1,0.317,0,0,0,0,1035000,328100,255
CR502078,CUST102078,2024-06-30,581,3,2,0.561,1,1,1,0,208000,116700,251
CR502079,CUST102079,2024-06-30,548,3,2,0.356,3,1,1,0,73000,26000,352
CR502080,CUST102080,2024-06-30,745,5,0,0.222,0,0,0,0,946000,210000,161
CR502081,CUST102081,2024-06-30,640,2,2,0.395,4,0,0,0,391000,154400,149
CR502082,CUST102082,2024-06-30,682,0,1,0.371,0,0,0,0,343000,127300,378
CR502083,CUST102083,2024-06-30,724,4,0,0.095,0,0,0,0,329000,31300,232
CR502084,CUST102084,2024-06-30,610,5,2,0.444,3,0,0,0,172000,76400,428
CR502085,CUST102085,2024-06-30,598,2,1,0.372,0,0,0,0,192000,71400,6
CR502086,CUST102086,2024-06-30,779,4,1,0.562,0,0,0,0,350000,196700,324
CR502087,CUST102087,2024-06-30,605,1,0,0.258,1,0,0,0,149000,38400,112
CR502088,CUST102088,2024-06-30,335,1,2,0.549,1,0,0,0,33000,18100,237
CR502089,CUST102089,2024-06-30,569,3,1,0.617,2,1,0,0,99000,61100,6
CR502090,CUST102090,2024-06-30,535,3,4,0.45,0,0,0,0,70000,31500,303
CR502091,CUST102091,2024-06-30,600,4,0,0.662,2,1,0,0,308000,203900,154
CR502092,CUST102092,2024-06-30,461,1,1,0.889,2,2,1,0,150000,133400,50
CR502093,CUST102093,2024-06-30,637,3,0,0.711,4,0,0,0,194000,137900,342
CR502094,CUST102094,2024-06-30,734,7,2,0.438,1,0,0,0,288000,126100,335
CR502095,CUST102095,2024-06-30,684,6,2,0.514,2,0,0,0,137000,70400,205
CR502096,CUST102096,2024-06-30,687,6,2,0.777,0,0,0,0,217000,168600,294
CR502097,CUST102097,2024-06-30,568,5,2,0.278,1,1,0,0,158000,43900,101
CR502098,CUST102098,2024-06-30,717,7,3,0.727,1,0,0,0,404000,293700,245
CR502099,CUST102099,2024-06-30,600,3,0,0.15,4,0,0,0,274000,41100,108
CR502100,CUST102100,2024-06-30,605,4,0,0.522,0,0,0,0,347000,181100,260
CR502101,CUST102101,2024-06-30,698,5,1,0.052,1,0,0,0,589000,30600,6
CR502102,CUST102102,2024-06-30,848,4,3,0.122,0,0,0,0,415000,50600,305
CR502103,CUST102103,2024-06-30,506,4,3,0.22,3,2,0,0,241000,53000,10
CR502104,CUST102104,2024-06-30,549,1,2,0.553,5,3,0,0,48000,26500,160
CR502105,CUST102105,2024-06-30,760,4,2,0.213,0,0,0,0,449000,95600,264
CR502106,CUST102106,2024-06-30,709,3,0,0.811,0,0,0,0,690000,559600,258
CR502107,CUST102107,2024-06-30,639,5,5,0.284,0,0,0,0,237000,67300,288
CR502108,CUST102108,2024-06-30,622,6,1,0.239,1,0,0,0,258000,61700,480
CR502109,CUST102109,2024-06-30,668,1,2,0.673,0,0,0,0,303000,203900,91
CR502110,CUST102110,2024-06-30,695,0,0,0.634,0,0,0,0,164000,104000,38
CR502111,CUST102111,2024-06-30,737,3,0,0.121,1,1,0,0,321000,38800,480
CR502112,CUST102112,2024-06-30,633,6,0,0.528,3,0,1,0,171000,90300,321
CR502113,CUST102113,2024-06-30,720,3,1,0.201,1,0,0,0,277000,55700,123
CR502114,CUST102114,2024-06-30,538,2,2,0.616,3,1,0,0,120000,73900,36
CR502115,CUST102115,2024-06-30,641,7,0,0.471,2,0,0,0,138000,65000,119
CR502116,CUST102116,2024-06-30,664,2,0,0.076,0,0,0,0,182000,13800,9
CR502117,CUST102117,2024-06-30,747,3,1,0.138,0,0,0,0,442000,61000,169
CR502118,CUST102118,2024-06-30,684,0,1,0.375,0,0,0,0,150000,56200,240
CR502119,CUST102119,2024-06-30,799,4,0,0.45,1,0,0,0,637000,286600,161
CR502120,CUST102120,2024-06-30,634,4,1,0.285,1,0,0,0,248000,70700,196
CR502121,CUST102121,2024-06-30,654,4,0,0.316,1,0,0,0,186000,58800,28
CR502122,CUST102122,2024-06-30,674,3,0,0.058,1,0,0,0,772000,44800,154
CR502123,CUST102123,2024-06-30,602,1,0,0.74,2,0,0,0,183000,135400,358
CR502124,CUST102124,2024-06-30,806,7,1,0.364,1,0,0,0,551000,200600,217
CR502125,CUST102125,2024-06-30,504,2,2,0.314,3,3,0,0,92000,28900,186
CR502126,CUST102126,2024-06-30,561,3,1,0.25,0,0,0,0,160000,40000,94
CR502127,CUST102127,2024-06-30,583,2,2,0.338,2,2,0,0,218000,73700,166
CR502128,CUST102128,2024-06-30,677,3,1,0.13,2,1,0,0,384000,49900,324
CR502129,CUST102129,2024-06-30,740,6,0,0.233,1,0,0,0,271000,63100,252
CR502130,CUST102130,2024-06-30,801,4,1,0.16,1,1,0,0,440000,70400,289
CR502131,CUST102131,2024-06-30,663,4,1,0.183,0,0,0,0,167000,30600,183
CR502132,CUST102132,2024-06-30,696,4,3,0.085,1,0,0,0,465000,39500,110
CR502133,CUST102133,2024-06-30,631,6,2,0.253,2,0,0,0,137000,34700,6
CR502134,CUST102134,2024-06-30,581,2,0,0.207,2,0,0,0,197000,40800,262
CR502135,CUST102135,2024-06-30,641,3,2,0.17,2,0,0,0,384000,65300,116
CR502136,CUST102136,2024-06-30,809,3,2,0.101,1,0,0,0,1496000,151100,433
CR502137,CUST102137,2024-06-30,577,3,4,0.142,2,2,0,0,191000,27100,217
CR502138,CUST102138,2024-06-30,667,4,0,0.138,2,0,0,0,488000,67300,42
CR502139,CUST102139,2024-06-30,637,5,1,0.427,2,1,0,0,323000,137900,250
CR502140,CUST102140,2024-06-30,727,10,0,0.371,0,0,0,0,469000,174000,218
CR502141,CUST102141,2024-06-30,521,3,1,0.633,4,1,0,0,117000,74100,190
CR502142,CUST102142,2024-06-30,452,3,2,0.325,4,1,2,0,130000,42200,82
CR502143,CUST102143,2024-06-30,687,3,0,0.169,2,0,0,0,326000,55100,84
CR502144,CUST102144,2024-06-30,681,2,4,0.318,0,0,0,0,215000,68400,312
CR502145,CUST102145,2024-06-30,456,4,4,0.767,1,1,0,1,73000,56000,142
CR502146,CUST102146,2024-06-30,669,0,0,0.18,0,0,0,0,219000,39400,300
CR502147,CUST102147,2024-06-30,573,5,1,0.379,4,0,0,0,244000,92500,7
CR502148,CUST102148,2024-06-30,592,8,2,0.547,2,2,0,0,83000,45400,277
CR502149,CUST102149,2024-06-30,785,4,1,0.174,0,0,0,0,929000,161600,131
CR502150,CUST102150,2024-06-30,691,2,2,0.154,0,0,0,0,593000,91300,338
CR502151,CUST102151,2024-06-30,588,2,4,0.637,1,1,0,0,103000,65600,146
CR502152,CUST102152,2024-06-30,681,2,0,0.58,1,0,0,0,457000,265100,6
CR502153,CUST102153,2024-06-30,474,5,8,0.354,0,0,0,0,106000,37500,46
CR502154,CUST102154,2024-06-30,745,4,1,0.165,0,0,0,0,535000,88300,386
CR502155,CUST102155,2024-06-30,762,6,1,0.162,0,0,0,0,316000,51200,78
CR502156,CUST102156,2024-06-30,651,2,1,0.565,1,0,0,0,323000,182500,480
CR502157,CUST102157,2024-06-30,654,3,1,0.733,0,0,0,0,173000,126800,105
CR502158,CUST102158,2024-06-30,773,5,2,0.485,0,0,0,0,637000,308900,228
CR502159,CUST102159,2024-06-30,710,4,2,0.321,0,0,0,0,187000,60000,121
CR502160,CUST102160,2024-06-30,597,3,1,0.282,3,1,0,0,245000,69100,139
CR502161,CUST102161,2024-06-30,661,2,0,0.522,0,0,0,0,319000,166500,6
CR502162,CUST102162,2024-06-30,744,6,1,0.495,0,0,0,0,161000,79700,14
CR502163,CUST102163,2024-06-30,565,1,1,0.302,4,0,0,0,166000,50100,278
CR502164,CUST102164,2024-06-30,728,5,2,0.339,1,0,0,0,474000,160700,148
CR502165,CUST102165,2024-06-30,622,3,3,0.236,1,0,0,0,228000,53800,319
CR502166,CUST102166,2024-06-30,470,5,3,0.218,2,0,0,0,45000,9800,171
CR502167,CUST102167,2024-06-30,649,2,1,0.489,0,0,0,0,348000,170200,284
CR502168,CUST102168,2024-06-30,547,1,3,0.639,3,0,1,0,180000,115000,189
CR502169,CUST102169,2024-06-30,690,4,1,0.073,0,0,0,0,343000,25000,343
CR502170,CUST102170,2024-06-30,753,4,4,0.506,0,0,0,0,495000,250500,236
CR502171,CUST102171,2024-06-30,472,3,2,0.434,2,1,0,0,35000,15200,193
CR502172,CUST102172,2024-06-30,766,8,2,0.151,0,0,0,0,249000,37600,400
CR502173,CUST102173,2024-06-30,511,3,3,0.327,1,0,1,0,107000,35000,420
CR502174,CUST102174,2024-06-30,583,2,3,0.509,1,0,0,0,132000,67200,135
CR502175,CUST102175,2024-06-30,403,6,1,0.567,3,2,0,0,96000,54400,136
CR502176,CUST102176,2024-06-30,530,3,2,0.225,5,0,0,0,78000,17600,238
CR502177,CUST102177,2024-06-30,838,2,3,0.577,0,0,0,0,1003000,578700,160
CR502178,CUST102178,2024-06-30,542,2,3,0.568,0,0,0,0,264000,150000,280
CR502179,CUST102179,2024-06-30,502,2,2,0.694,6,1,1,0,44000,30500,7
CR502180,CUST102180,2024-06-30,502,4,2,0.351,3,0,1,0,81000,28400,165
CR502181,CUST102181,2024-06-30,510,3,2,0.453,2,1,1,0,55000,24900,6
CR502182,CUST102182,2024-06-30,606,7,3,0.638,1,0,0,0,60000,38300,219
CR502183,CUST102183,2024-06-30,714,10,0,0.306,0,0,0,0,336000,102800,298
CR502184,CUST102184,2024-06-30,689,2,5,0.455,0,0,0,0,334000,152000,198
CR502185,CUST102185,2024-06-30,517,8,3,0.252,1,1,0,0,66000,16600,260
CR502186,CUST102186,2024-06-30,569,5,2,0.573,2,2,0,0,320000,183400,326
CR502187,CUST102187,2024-06-30,744,7,1,0.048,0,0,0,0,138000,6600,17
CR502188,CUST102188,2024-06-30,628,5,0,0.149,3,0,0,0,289000,43100,123
CR502189,CUST102189,2024-06-30,610,3,2,0.256,1,1,0,0,288000,73700,198
CR502190,CUST102190,2024-06-30,603,2,2,0.247,0,0,0,0,94000,23200,145
CR502191,CUST102191,2024-06-30,699,2,0,0.62,0,0,1,0,249000,154400,61
CR502192,CUST102192,2024-06-30,770,2,1,0.407,1,0,0,0,732000,297900,31
CR502193,CUST102193,2024-06-30,744,2,1,0.289,0,0,0,0,186000,53800,276
CR502194,CUST102194,2024-06-30,703,5,3,0.051,0,0,0,0,184000,9400,146
CR502195,CUST102195,2024-06-30,623,7,1,0.58,4,0,0,0,127000,73700,162
CR502196,CUST102196,2024-06-30,742,4,2,0.128,1,1,0,0,871000,111500,299
CR502197,CUST102197,2024-06-30,728,5,1,0.331,0,0,0,0,311000,102900,212
CR502198,CUST102198,2024-06-30,673,5,1,0.4,0,0,0,0,318000,127200,181
CR502199,CUST102199,2024-06-30,613,4,1,0.19,2,0,0,0,177000,33600,129
CR502200,CUST102200,2024-06-30,707,4,1,0.224,0,0,0,0,401000,89800,235
CR502201,CUST102201,2024-06-30,460,2,2,0.645,5,0,0,0,87000,56100,240
CR502202,CUST102202,2024-06-30,605,2,3,0.338,3,0,0,0,183000,61900,37
CR502203,CUST102203,2024-06-30,510,5,2,0.315,4,1,3,0,61000,19200,19
CR502204,CUST102204,2024-06-30,708,3,2,0.224,0,0,0,0,417000,93400,200
CR502205,CUST102205,2024-06-30,650,2,1,0.277,0,0,0,0,143000,39600,6
CR502206,CUST102206,2024-06-30,605,3,0,0.46,1,0,0,0,139000,63900,284
CR502207,CUST102207,2024-06-30,725,6,0,0.391,1,0,0,0,378000,147800,297
CR502208,CUST102208,2024-06-30,626,2,4,0.082,3,0,0,0,275000,22600,196
CR502209,CUST102209,2024-06-30,662,5,1,0.31,0,0,0,0,262000,81200,113
CR502210,CUST102210,2024-06-30,599,3,2,0.662,1,0,0,0,291000,192600,9
CR502211,CUST102211,2024-06-30,510,4,0,0.329,4,1,0,0,110000,36200,30
CR502212,CUST102212,2024-06-30,631,4,0,0.604,1,1,0,0,116000,70100,210
CR502213,CUST102213,2024-06-30,678,3,5,0.336,0,0,0,0,352000,118300,231
CR502214,CUST102214,2024-06-30,692,1,2,0.389,1,0,0,0,629000,244700,195
CR502215,CUST102215,2024-06-30,700,1,0,0.448,0,0,1,0,645000,289000,135
CR502216,CUST102216,2024-06-30,652,4,2,0.32,0,0,0,0,293000,93800,422
CR502217,CUST102217,2024-06-30,696,1,2,0.193,0,0,0,0,355000,68500,25
CR502218,CUST102218,2024-06-30,758,7,1,0.103,2,0,0,0,1331000,137100,198
CR502219,CUST102219,2024-06-30,619,1,1,0.231,0,0,0,0,196000,45300,6
CR502220,CUST102220,2024-06-30,614,1,0,0.523,3,0,0,0,439000,229600,6
CR502221,CUST102221,2024-06-30,603,3,0,0.346,4,0,0,0,154000,53300,313
CR502222,CUST102222,2024-06-30,486,2,3,0.459,5,1,1,0,69000,31700,6
CR502223,CUST102223,2024-06-30,560,2,3,0.195,2,1,0,0,178000,34700,31
CR502224,CUST102224,2024-06-30,724,5,0,0.096,1,0,0,0,257000,24700,95
CR502225,CUST102225,2024-06-30,690,2,1,0.146,0,0,0,0,179000,26100,162
CR502226,CUST102226,2024-06-30,655,4,1,0.16,1,0,0,0,221000,35400,118
CR502227,CUST102227,2024-06-30,685,5,2,0.322,0,0,0,0,552000,177700,101
CR502228,CUST102228,2024-06-30,605,3,2,0.578,4,0,0,0,124000,71700,381
CR502229,CUST102229,2024-06-30,720,3,1,0.428,1,0,2,0,444000,190000,110
CR502230,CUST102230,2024-06-30,524,3,3,0.269,3,1,1,0,152000,40900,390
CR502231,CUST102231,2024-06-30,753,2,1,0.283,1,0,0,0,837000,236900,190
CR502232,CUST102232,2024-06-30,724,4,1,0.351,1,0,0,0,1422000,499100,90
CR502233,CUST102233,2024-06-30,437,2,1,0.363,4,0,2,0,110000,39900,163
CR502234,CUST102234,2024-06-30,522,5,2,0.742,1,1,1,0,142000,105400,96
CR502235,CUST102235,2024-06-30,705,6,1,0.084,0,0,0,0,208000,17500,341
CR502236,CUST102236,2024-06-30,599,2,4,0.347,1,1,0,0,258000,89500,243
CR502237,CUST102237,2024-06-30,802,3,2,0.121,0,0,0,0,1156000,139900,97
CR502238,CUST102238,2024-06-30,688,3,0,0.469,0,0,0,0,357000,167400,267
CR502239,CUST102239,2024-06-30,816,4,2,0.156,0,0,0,0,902000,140700,212
CR502240,CUST102240,2024-06-30,628,3,1,0.354,4,0,0,0,194000,68700,288
CR502241,CUST102241,2024-06-30,669,4,0,0.393,0,0,0,0,207000,81400,306
CR502242,CUST102242,2024-06-30,562,0,1,0.285,1,1,0,0,160000,45600,298
CR502243,CUST102243,2024-06-30,698,3,1,0.393,0,0,0,0,315000,123800,230
CR502244,CUST102244,2024-06-30,669,6,2,0.402,3,0,0,0,53000,21300,117
CR502245,CUST102245,2024-06-30,705,5,1,0.038,1,0,0,0,260000,9900,102
CR502246,CUST102246,2024-06-30,721,2,2,0.345,0,0,0,0,189000,65200,209
CR502247,CUST102247,2024-06-30,602,6,0,0.704,3,0,0,0,617000,434400,155
CR502248,CUST102248,2024-06-30,487,4,5,0.359,3,0,2,0,86000,30900,411
CR502249,CUST102249,2024-06-30,547,5,3,0.679,2,0,1,0,46000,31200,120
CR502250,CUST102250,2024-06-30,556,4,0,0.275,1,1,1,0,248000,68200,61
CR502251,CUST102251,2024-06-30,646,4,1,0.138,2,0,0,0,97000,13400,402
CR502252,CUST102252,2024-06-30,697,6,2,0.358,1,0,0,0,113000,40500,6
CR502253,CUST102253,2024-06-30,606,1,0,0.536,4,0,0,0,359000,192400,211
CR502254,CUST102254,2024-06-30,559,0,4,0.267,1,1,0,0,321000,85700,367
CR502255,CUST102255,2024-06-30,702,8,0,0.349,0,0,0,0,133000,46400,48
CR502256,CUST102256,2024-06-30,709,2,2,0.103,0,0,0,0,617000,63600,164
CR502257,CUST102257,2024-06-30,664,4,0,0.092,1,0,0,0,232000,21300,103
CR502258,CUST102258,2024-06-30,575,4,2,0.426,0,0,0,0,162000,69000,6
CR502259,CUST102259,2024-06-30,608,2,2,0.552,3,0,0,0,439000,242300,37
CR502260,CUST102260,2024-06-30,589,3,1,0.536,2,2,0,0,260000,139400,289
CR502261,CUST102261,2024-06-30,705,5,1,0.144,1,0,0,0,326000,46900,274
CR502262,CUST102262,2024-06-30,661,3,0,0.317,0,0,0,0,121000,38400,6
CR502263,CUST102263,2024-06-30,627,4,1,0.276,1,0,0,0,185000,51100,248
CR502264,CUST102264,2024-06-30,665,2,4,0.428,0,0,0,0,258000,110400,208
CR502265,CUST102265,2024-06-30,682,1,1,0.65,1,0,0,0,350000,227500,289
CR502266,CUST102266,2024-06-30,569,5,4,0.551,1,1,0,0,240000,132200,217
CR502267,CUST102267,2024-06-30,776,1,1,0.3,0,0,0,0,806000,241800,106
CR502268,CUST102268,2024-06-30,729,3,2,0.236,0,0,0,0,413000,97500,288
CR502269,CUST102269,2024-06-30,605,2,2,0.252,4,0,0,0,174000,43800,299
CR502270,CUST102270,2024-06-30,601,5,1,0.414,0,0,0,0,278000,115100,185
CR502271,CUST102271,2024-06-30,664,4,1,0.308,1,0,0,0,101000,31100,84
CR502272,CUST102272,2024-06-30,697,3,1,0.295,0,0,0,0,137000,40400,264
CR502273,CUST102273,2024-06-30,500,4,2,0.435,1,1,0,0,103000,44800,158
CR502274,CUST102274,2024-06-30,603,1,0,0.181,1,0,0,0,198000,35800,282
CR502275,CUST102275,2024-06-30,646,3,0,0.468,2,0,0,0,87000,40700,352
CR502276,CUST102276,2024-06-30,591,5,0,0.302,2,1,0,0,42000,12700,324
CR502277,CUST102277,2024-06-30,549,1,0,0.507,4,0,1,0,59000,29900,7
CR502278,CUST102278,2024-06-30,597,6,3,0.162,4,0,0,0,422000,68400,174
CR502279,CUST102279,2024-06-30,678,5,1,0.731,0,0,0,0,126000,92100,237
CR502280,CUST102280,2024-06-30,666,5,3,0.474,1,0,0,0,204000,96700,105
CR502281,CUST102281,2024-06-30,748,5,3,0.067,0,0,0,0,221000,14800,188
CR502282,CUST102282,2024-06-30,635,2,0,0.589,0,0,0,0,465000,273900,140
CR502283,CUST102283,2024-06-30,646,3,1,0.225,6,1,0,0,540000,121500,218
CR502284,CUST102284,2024-06-30,718,7,0,0.173,2,0,0,0,274000,47400,39
CR502285,CUST102285,2024-06-30,685,0,0,0.401,2,0,0,0,166000,66600,359
CR502286,CUST102286,2024-06-30,587,6,4,0.33,2,1,0,0,122000,40300,34
CR502287,CUST102287,2024-06-30,717,9,2,0.11,1,0,0,0,407000,44800,136
CR502288,CUST102288,2024-06-30,644,4,1,0.443,1,0,0,0,132000,58500,29
CR502289,CUST102289,2024-06-30,575,2,3,0.609,1,1,0,0,91000,55400,308
CR502290,CUST102290,2024-06-30,489,5,2,0.845,2,1,0,0,55000,46500,6
CR502291,CUST102291,2024-06-30,632,3,0,0.255,0,0,0,0,331000,84400,101
CR502292,CUST102292,2024-06-30,631,3,4,0.67,3,0,0,0,240000,160800,352
CR502293,CUST102293,2024-06-30,756,3,0,0.691,0,0,0,0,405000,279900,29
CR502294,CUST102294,2024-06-30,598,2,1,0.566,2,0,0,0,113000,64000,195
CR502295,CUST102295,2024-06-30,777,3,2,0.416,0,0,0,0,523000,217600,309
CR502296,CUST102296,2024-06-30,446,4,2,0.339,2,1,0,0,59000,20000,407
CR502297,CUST102297,2024-06-30,681,4,0,0.668,1,0,0,0,326000,217800,354
CR502298,CUST102298,2024-06-30,557,4,4,0.434,0,0,0,0,255000,110700,40
CR502299,CUST102299,2024-06-30,795,5,0,0.502,0,0,0,0,595000,298700,305
CR502300,CUST102300,2024-06-30,638,1,1,0.314,5,0,0,0,189000,59300,310
CR502301,CUST102301,2024-06-30,744,7,2,0.162,1,0,0,0,339000,54900,20
CR502302,CUST102302,2024-06-30,644,1,0,0.428,2,0,0,0,250000,107000,122
CR502303,CUST102303,2024-06-30,665,3,1,0.866,1,0,0,0,121000,104800,151
CR502304,CUST102304,2024-06-30,738,4,2,0.062,2,0,0,0,139000,8600,354
CR502305,CUST102305,2024-06-30,645,4,0,0.411,5,0,0,0,431000,177100,6
CR502306,CUST102306,2024-06-30,699,4,1,0.262,0,0,0,0,764000,200200,361
CR502307,CUST102307,2024-06-30,655,6,0,0.473,0,0,0,0,324000,153300,173
CR502308,CUST102308,2024-06-30,699,3,1,0.076,0,0,0,0,73000,5500,40
CR502309,CUST102309,2024-06-30,603,4,2,0.543,5,0,0,0,343000,186200,265
CR502310,CUST102310,2024-06-30,409,2,3,0.553,4,1,1,0,34000,18800,250
CR502311,CUST102311,2024-06-30,737,5,1,0.478,0,0,1,0,266000,127100,328
CR502312,CUST102312,2024-06-30,635,2,2,0.383,2,0,0,0,258000,98800,217
CR502313,CUST102313,2024-06-30,648,7,1,0.566,0,0,0,0,267000,151100,260
CR502314,CUST102314,2024-06-30,776,2,1,0.064,1,0,0,0,725000,46400,257
CR502315,CUST102315,2024-06-30,663,4,0,0.09,1,0,0,0,379000,34100,241
CR502316,CUST102316,2024-06-30,678,4,1,0.667,0,0,0,0,705000,470200,471
CR502317,CUST102317,2024-06-30,638,3,1,0.696,3,1,0,0,215000,149600,6
CR502318,CUST102318,2024-06-30,562,3,1,0.488,3,0,0,0,411000,200600,331
CR502319,CUST102319,2024-06-30,686,3,3,0.374,0,0,0,0,171000,64000,6
CR502320,CUST102320,2024-06-30,603,2,1,0.093,2,0,0,0,226000,21000,6
CR502321,CUST102321,2024-06-30,658,3,1,0.219,0,0,0,0,162000,35500,360
CR502322,CUST102322,2024-06-30,657,4,1,0.515,0,0,0,0,113000,58200,125
CR502323,CUST102323,2024-06-30,711,5,0,0.25,0,0,0,0,1367000,341800,308
CR502324,CUST102324,2024-06-30,668,1,1,0.073,0,0,0,0,393000,28700,285
CR502325,CUST102325,2024-06-30,497,2,3,0.194,1,1,2,0,99000,19200,248
CR502326,CUST102326,2024-06-30,523,3,1,0.211,2,0,0,0,65000,13700,338
CR502327,CUST102327,2024-06-30,530,0,2,0.637,2,0,1,0,178000,113400,146
CR502328,CUST102328,2024-06-30,593,3,3,0.233,2,2,0,0,162000,37700,69
CR502329,CUST102329,2024-06-30,539,3,4,0.458,0,0,3,0,370000,169500,26
CR502330,CUST102330,2024-06-30,596,3,0,0.728,1,0,0,0,79000,57500,6
CR502331,CUST102331,2024-06-30,577,3,3,0.553,4,2,0,0,237000,131100,441
CR502332,CUST102332,2024-06-30,819,5,1,0.632,0,0,0,0,580000,366600,241
CR502333,CUST102333,2024-06-30,670,2,2,0.838,0,0,0,0,255000,213700,215
CR502334,CUST102334,2024-06-30,753,5,2,0.131,0,0,0,0,474000,62100,19
CR502335,CUST102335,2024-06-30,655,4,2,0.436,1,0,0,0,197000,85900,89
CR502336,CUST102336,2024-06-30,741,3,1,0.429,0,0,0,0,456000,195600,446
CR502337,CUST102337,2024-06-30,691,5,0,0.31,0,0,0,0,516000,160000,378
CR502338,CUST102338,2024-06-30,569,3,1,0.158,0,0,1,0,159000,25100,21
CR502339,CUST102339,2024-06-30,688,6,5,0.593,0,0,0,0,690000,409200,266
CR502340,CUST102340,2024-06-30,799,4,2,0.423,0,0,0,0,671000,283800,236
CR502341,CUST102341,2024-06-30,738,3,3,0.087,1,0,0,0,276000,24000,111
CR502342,CUST102342,2024-06-30,553,4,1,0.518,1,0,2,0,62000,32100,211
CR502343,CUST102343,2024-06-30,595,1,4,0.1,4,0,0,0,128000,12800,291
CR502344,CUST102344,2024-06-30,620,4,0,0.383,3,0,0,0,315000,120600,125
CR502345,CUST102345,2024-06-30,677,2,2,0.504,0,0,0,0,269000,135600,112
CR502346,CUST102346,2024-06-30,666,2,0,0.322,0,0,0,0,33000,10600,170
CR502347,CUST102347,2024-06-30,736,5,0,0.691,0,0,0,0,416000,287500,454
CR502348,CUST102348,2024-06-30,616,2,1,0.42,0,0,0,0,114000,47900,199
CR502349,CUST102349,2024-06-30,760,4,0,0.225,0,0,0,0,189000,42500,205
CR502350,CUST102350,2024-06-30,611,3,2,0.267,3,0,0,0,222000,59300,480
CR502351,CUST102351,2024-06-30,653,4,0,0.255,0,0,0,0,90000,23000,206
CR502352,CUST102352,2024-06-30,611,3,0,0.821,5,0,0,0,88000,72200,206
CR502353,CUST102353,2024-06-30,657,3,0,0.073,1,0,0,0,326000,23800,6
CR502354,CUST102354,2024-06-30,720,5,2,0.02,0,0,0,0,135000,2700,381
CR502355,CUST102355,2024-06-30,780,5,5,0.448,0,0,0,0,589000,263900,380
CR502356,CUST102356,2024-06-30,744,7,2,0.198,2,0,0,0,417000,82600,198
CR502357,CUST102357,2024-06-30,603,4,2,0.751,1,0,0,0,72000,54100,329
CR502358,CUST102358,2024-06-30,690,4,1,0.344,0,0,0,0,574000,197500,6
CR502359,CUST102359,2024-06-30,676,3,0,0.524,0,0,0,0,157000,82300,245
CR502360,CUST102360,2024-06-30,710,2,2,0.617,0,0,0,0,1110000,684900,259
CR502361,CUST102361,2024-06-30,570,2,4,0.655,4,1,0,0,99000,64800,236
CR502362,CUST102362,2024-06-30,634,4,1,0.533,3,0,0,0,429000,228700,118
CR502363,CUST102363,2024-06-30,743,3,1,0.422,0,0,0,0,1296000,546900,249
CR502364,CUST102364,2024-06-30,504,1,5,0.465,7,1,2,0,63000,29300,127
CR502365,CUST102365,2024-06-30,812,4,2,0.242,0,0,1,0,816000,197500,382
CR502366,CUST102366,2024-06-30,600,2,2,0.102,2,1,0,0,298000,30400,414
CR502367,CUST102367,2024-06-30,608,1,0,0.254,3,0,0,0,159000,40400,305
CR502368,CUST102368,2024-06-30,462,3,3,0.549,0,0,0,0,53000,29100,153
CR502369,CUST102369,2024-06-30,734,4,0,0.725,0,0,0,0,614000,445200,267
CR502370,CUST102370,2024-06-30,627,5,1,0.53,3,0,0,0,514000,272400,329
CR502371,CUST102371,2024-06-30,708,4,0,0.046,0,0,0,0,226000,10400,280
CR502372,CUST102372,2024-06-30,670,2,3,0.106,1,0,0,0,156000,16500,100
CR502373,CUST102373,2024-06-30,568,4,3,0.14,2,0,0,0,169000,23700,6
CR502374,CUST102374,2024-06-30,752,3,2,0.467,0,0,0,0,853000,398400,330
CR502375,CUST102375,2024-06-30,673,0,4,0.161,0,0,0,0,560000,90200,146
CR502376,CUST102376,2024-06-30,622,4,2,0.68,6,0,0,0,125000,85000,145
CR502377,CUST102377,2024-06-30,586,2,4,0.548,0,0,0,0,85000,46600,167
CR502378,CUST102378,2024-06-30,736,5,1,0.443,0,0,0,0,219000,97000,458
CR502379,CUST102379,2024-06-30,630,3,1,0.274,5,0,0,0,212000,58100,270
CR502380,CUST102380,2024-06-30,562,4,5,0.274,5,0,1,0,165000,45200,249
CR502381,CUST102381,2024-06-30,639,7,1,0.285,3,0,0,0,260000,74100,413
CR502382,CUST102382,2024-06-30,602,0,0,0.485,1,0,0,0,282000,136800,118
CR502383,CUST102383,2024-06-30,622,2,0,0.347,3,0,0,0,39000,13500,176
CR502384,CUST102384,2024-06-30,720,4,1,0.271,0,0,0,0,490000,132800,6
CR502385,CUST102385,2024-06-30,615,4,0,0.291,2,0,0,0,259000,75400,6
CR502386,CUST102386,2024-06-30,738,4,0,0.42,1,1,0,0,634000,266300,399
CR502387,CUST102387,2024-06-30,789,2,3,0.13,0,0,0,0,461000,59900,282
CR502388,CUST102388,2024-06-30,666,2,1,0.544,0,0,0,0,163000,88700,122
CR502389,CUST102389,2024-06-30,573,3,3,0.358,1,1,0,0,126000,45100,80
CR502390,CUST102390,2024-06-30,480,2,1,0.232,1,1,0,0,137000,31800,35
CR502391,CUST102391,2024-06-30,474,2,3,0.61,1,1,0,0,86000,52500,128
CR502392,CUST102392,2024-06-30,674,5,2,0.466,0,0,0,0,369000,172000,402
CR502393,CUST102393,2024-06-30,753,3,4,0.528,2,0,0,0,775000,409200,242
CR502394,CUST102394,2024-06-30,719,3,0,0.391,1,0,0,0,465000,181800,231
CR502395,CUST102395,2024-06-30,546,4,2,0.779,2,1,2,0,61000,47500,248
CR502396,CUST102396,2024-06-30,788,4,1,0.031,0,0,0,0,173000,5400,240
CR502397,CUST102397,2024-06-30,533,2,2,0.281,2,0,1,0,158000,44400,277
CR502398,CUST102398,2024-06-30,670,5,1,0.362,1,1,1,0,281000,101700,163
CR502399,CUST102399,2024-06-30,557,1,3,0.645,1,1,2,0,97000,62600,6
CR502400,CUST102400,2024-06-30,727,2,2,0.269,0,0,0,0,712000,191500,314
CR502401,CUST102401,2024-06-30,425,0,4,0.601,2,0,0,0,86000,51700,193
CR502402,CUST102402,2024-06-30,612,2,4,0.753,2,0,1,0,102000,76800,119
CR502403,CUST102403,2024-06-30,678,3,1,0.182,0,0,0,0,42000,7600,258
CR502404,CUST102404,2024-06-30,678,5,0,0.417,0,0,0,0,1414000,589600,217
CR502405,CUST102405,2024-06-30,412,2,2,0.814,3,1,0,0,57000,46400,10
CR502406,CUST102406,2024-06-30,706,5,0,0.248,0,0,0,0,268000,66500,49
CR502407,CUST102407,2024-06-30,571,5,7,0.321,3,1,0,0,53000,17000,218
CR502408,CUST102408,2024-06-30,610,0,1,0.16,2,1,1,0,105000,16800,109
CR502409,CUST102409,2024-06-30,508,3,1,0.62,7,1,4,0,63000,39100,236
CR502410,CUST102410,2024-06-30,643,3,0,0.466,3,1,0,0,100000,46600,182
CR502411,CUST102411,2024-06-30,559,3,5,0.539,1,1,0,0,453000,244200,6
CR502412,CUST102412,2024-06-30,704,6,1,0.131,0,0,0,0,596000,78100,19
CR502413,CUST102413,2024-06-30,568,5,3,0.449,0,0,0,0,96000,43100,180
CR502414,CUST102414,2024-06-30,631,3,2,0.475,1,1,0,0,517000,245600,256
CR502415,CUST102415,2024-06-30,733,5,1,0.162,1,0,0,0,207000,33500,24
CR502416,CUST102416,2024-06-30,559,0,3,0.325,3,1,1,0,397000,129000,180
CR502417,CUST102417,2024-06-30,669,2,0,0.311,1,0,0,0,145000,45100,152
CR502418,CUST102418,2024-06-30,569,3,3,0.678,1,1,0,0,240000,162700,294
CR502419,CUST102419,2024-06-30,548,5,2,0.719,3,2,0,0,321000,230800,159
CR502420,CUST102420,2024-06-30,715,4,0,0.266,1,1,0,0,262000,69700,290
CR502421,CUST102421,2024-06-30,679,4,1,0.542,0,0,0,0,306000,165900,124
CR502422,CUST102422,2024-06-30,628,2,3,0.196,1,0,0,0,566000,110900,304
CR502423,CUST102423,2024-06-30,554,1,3,0.266,3,2,0,0,76000,20200,26
CR502424,CUST102424,2024-06-30,655,6,0,0.47,0,0,0,0,940000,441800,6
CR502425,CUST102425,2024-06-30,536,4,2,0.419,3,1,0,0,96000,40200,331
CR502426,CUST102426,2024-06-30,618,3,2,0.424,1,0,0,0,297000,125900,6
CR502427,CUST102427,2024-06-30,736,4,4,0.082,1,0,0,0,485000,39800,43
CR502428,CUST102428,2024-06-30,744,3,4,0.136,1,0,0,0,343000,46600,6
CR502429,CUST102429,2024-06-30,710,4,1,0.675,0,0,0,0,1211000,817400,86
CR502430,CUST102430,2024-06-30,611,1,1,0.19,1,0,0,0,303000,57600,223
CR502431,CUST102431,2024-06-30,661,5,4,0.265,0,0,0,0,183000,48500,480
CR502432,CUST102432,2024-06-30,503,1,5,0.621,3,1,1,0,68000,42200,255
CR502433,CUST102433,2024-06-30,759,1,0,0.515,1,0,0,0,497000,256000,140
CR502434,CUST102434,2024-06-30,494,1,2,0.262,0,0,1,0,203000,53200,80
CR502435,CUST102435,2024-06-30,555,6,7,0.215,4,1,0,0,249000,53500,208
CR502436,CUST102436,2024-06-30,661,2,0,0.515,0,0,0,0,608000,313100,270
CR502437,CUST102437,2024-06-30,573,2,3,0.564,4,1,0,0,95000,53600,207
CR502438,CUST102438,2024-06-30,705,4,1,0.147,1,0,0,0,404000,59400,319
CR502439,CUST102439,2024-06-30,618,2,1,0.525,2,0,0,0,126000,66200,166
CR502440,CUST102440,2024-06-30,730,8,0,0.537,0,0,0,0,259000,139100,62
CR502441,CUST102441,2024-06-30,733,5,0,0.206,0,0,0,0,1009000,207900,311
CR502442,CUST102442,2024-06-30,594,3,4,0.436,1,1,0,0,57000,24900,6
CR502443,CUST102443,2024-06-30,558,4,2,0.489,2,1,0,0,182000,89000,70
CR502444,CUST102444,2024-06-30,711,8,2,0.241,0,0,0,0,203000,48900,445
CR502445,CUST102445,2024-06-30,564,3,2,0.716,5,0,0,0,407000,291400,100
CR502446,CUST102446,2024-06-30,632,3,1,0.461,2,0,0,0,154000,71000,163
CR502447,CUST102447,2024-06-30,634,3,3,0.459,2,1,0,0,296000,135900,6
CR502448,CUST102448,2024-06-30,805,3,0,0.209,1,0,0,0,129000,27000,430
CR502449,CUST102449,2024-06-30,622,1,3,0.342,0,0,0,0,418000,143000,187
CR502450,CUST102450,2024-06-30,767,2,3,0.534,0,0,0,0,298000,159100,6
CR502451,CUST102451,2024-06-30,734,1,2,0.607,1,1,0,0,280000,170000,142
CR502452,CUST102452,2024-06-30,631,2,2,0.169,2,0,0,0,69000,11700,289
CR502453,CUST102453,2024-06-30,525,5,0,0.636,1,0,3,0,178000,113200,281
CR502454,CUST102454,2024-06-30,653,3,0,0.256,0,0,0,0,65000,16600,297
CR502455,CUST102455,2024-06-30,649,1,4,0.503,0,0,0,0,418000,210300,238
CR502456,CUST102456,2024-06-30,629,4,1,0.234,1,0,0,0,278000,65100,261
CR502457,CUST102457,2024-06-30,659,4,1,0.299,0,0,0,0,177000,52900,273
CR502458,CUST102458,2024-06-30,646,4,0,0.537,0,0,0,0,529000,284100,162
CR502459,CUST102459,2024-06-30,691,5,1,0.082,1,0,0,0,349000,28600,6
CR502460,CUST102460,2024-06-30,639,3,1,0.283,1,0,0,0,87000,24600,251
CR502461,CUST102461,2024-06-30,567,1,2,0.524,3,1,0,0,201000,105300,101
CR502462,CUST102462,2024-06-30,563,1,2,0.341,1,1,0,0,160000,54600,198
CR502463,CUST102463,2024-06-30,548,2,3,0.23,4,0,0,0,132000,30400,146
CR502464,CUST102464,2024-06-30,651,3,2,0.16,2,0,0,0,202000,32300,39
CR502465,CUST102465,2024-06-30,740,3,0,0.143,1,0,0,0,403000,57600,37
CR502466,CUST102466,2024-06-30,669,2,3,0.402,0,0,0,0,220000,88400,137
CR502467,CUST102467,2024-06-30,656,5,3,0.602,1,0,0,0,399000,240200,293
CR502468,CUST102468,2024-06-30,620,2,1,0.505,1,0,0,0,326000,164600,290
CR502469,CUST102469,2024-06-30,747,2,2,0.142,0,0,0,0,514000,73000,59
CR502470,CUST102470,2024-06-30,708,4,1,0.361,0,0,0,0,572000,206500,359
CR502471,CUST102471,2024-06-30,613,2,2,0.267,1,0,0,0,90000,24000,171
CR502472,CUST102472,2024-06-30,585,2,4,0.618,1,1,0,0,254000,157000,279
CR502473,CUST102473,2024-06-30,677,4,2,0.28,1,0,0,0,658000,184200,350
CR502474,CUST102474,2024-06-30,659,4,3,0.066,0,0,0,0,258000,17000,353
CR502475,CUST102475,2024-06-30,514,2,4,0.831,1,0,0,0,101000,83900,373
CR502476,CUST102476,2024-06-30,736,7,0,0.569,0,0,0,0,413000,235000,455
CR502477,CUST102477,2024-06-30,687,6,3,0.461,0,0,0,0,132000,60900,380
CR502478,CUST102478,2024-06-30,628,4,0,0.277,1,0,0,0,164000,45400,480
CR502479,CUST102479,2024-06-30,692,2,4,0.299,1,0,0,0,152000,45400,284
CR502480,CUST102480,2024-06-30,643,3,1,0.504,5,0,0,0,144000,72600,167
CR502481,CUST102481,2024-06-30,611,6,0,0.609,1,0,0,0,141000,85900,227
CR502482,CUST102482,2024-06-30,504,2,3,0.376,1,1,3,0,113000,42500,168
CR502483,CUST102483,2024-06-30,588,2,3,0.353,2,1,0,0,105000,37100,109
CR502484,CUST102484,2024-06-30,516,2,2,0.685,3,1,1,0,109000,74700,142
CR502485,CUST102485,2024-06-30,605,1,0,0.849,2,0,0,0,151000,128200,98
CR502486,CUST102486,2024-06-30,639,4,1,0.476,1,0,0,0,126000,60000,171
CR502487,CUST102487,2024-06-30,609,3,1,0.283,1,0,0,0,129000,36500,312
CR502488,CUST102488,2024-06-30,750,5,0,0.144,0,0,0,0,1140000,164200,268
CR502489,CUST102489,2024-06-30,701,4,1,0.18,0,0,0,0,290000,52200,288
CR502490,CUST102490,2024-06-30,665,0,1,0.393,0,0,0,0,261000,102600,277
CR502491,CUST102491,2024-06-30,662,5,2,0.15,0,0,0,0,905000,135800,212
CR502492,CUST102492,2024-06-30,596,3,4,0.32,5,3,0,0,343000,109800,271
CR502493,CUST102493,2024-06-30,622,3,1,0.205,0,0,0,0,133000,27300,223
CR502494,CUST102494,2024-06-30,677,6,0,0.335,1,0,0,0,304000,101800,136
CR502495,CUST102495,2024-06-30,664,7,0,0.42,0,0,0,0,345000,144900,275
CR502496,CUST102496,2024-06-30,709,2,3,0.261,0,0,0,0,745000,194400,246
CR502497,CUST102497,2024-06-30,695,6,2,0.717,1,0,0,0,465000,333400,294
CR502498,CUST102498,2024-06-30,658,4,2,0.443,0,0,0,0,319000,141300,48
CR502499,CUST102499,2024-06-30,715,5,3,0.212,1,0,0,0,304000,64400,230
CR502500,CUST102500,2024-06-30,553,2,1,0.642,2,0,0,0,114000,73200,300
CR502501,CUST102501,2024-06-30,661,3,6,0.106,0,0,0,0,383000,40600,6
CR502502,CUST102502,2024-06-30,650,4,0,0.508,0,0,0,0,81000,41100,96
CR502503,CUST102503,2024-06-30,675,4,5,0.449,0,0,0,0,205000,92000,257
CR502504,CUST102504,2024-06-30,571,7,1,0.345,6,0,0,0,221000,76200,199
CR502505,CUST102505,2024-06-30,614,1,0,0.2,1,0,0,0,254000,50800,190
CR502506,CUST102506,2024-06-30,668,3,2,0.49,0,0,0,0,470000,230300,135
CR502507,CUST102507,2024-06-30,677,3,1,0.189,1,1,0,0,314000,59300,456
CR502508,CUST102508,2024-06-30,545,2,0,0.583,1,1,2,0,155000,90400,102
CR502509,CUST102509,2024-06-30,558,2,5,0.422,2,0,0,0,205000,86500,96
CR502510,CUST102510,2024-06-30,645,5,1,0.831,1,0,0,0,526000,437100,254
CR502511,CUST102511,2024-06-30,691,1,1,0.452,0,0,0,0,1001000,452500,56
CR502512,CUST102512,2024-06-30,754,3,2,0.225,0,0,0,0,816000,183600,90
CR502513,CUST102513,2024-06-30,776,4,3,0.379,0,0,1,0,556000,210700,150
CR502514,CUST102514,2024-06-30,546,3,2,0.22,1,1,2,0,295000,64900,160
CR502515,CUST102515,2024-06-30,719,4,1,0.298,0,0,1,0,138000,41100,276
CR502516,CUST102516,2024-06-30,747,5,0,0.164,1,0,0,0,393000,64500,237
CR502517,CUST102517,2024-06-30,751,6,1,0.313,0,0,0,0,433000,135500,354
CR502518,CUST102518,2024-06-30,600,3,1,0.382,2,0,0,0,151000,57700,152
CR502519,CUST102519,2024-06-30,576,3,1,0.116,3,0,0,0,94000,10900,184
CR502520,CUST102520,2024-06-30,437,4,2,0.433,2,2,1,0,218000,94400,77
CR502521,CUST102521,2024-06-30,790,2,2,0.374,0,0,0,0,731000,273400,6
CR502522,CUST102522,2024-06-30,642,5,1,0.419,2,0,0,0,238000,99700,371
CR502523,CUST102523,2024-06-30,733,2,2,0.144,0,0,0,0,527000,75900,186
CR502524,CUST102524,2024-06-30,790,3,2,0.083,2,0,0,0,455000,37800,442
CR502525,CUST102525,2024-06-30,574,1,2,0.39,2,1,0,0,62000,24200,261
CR502526,CUST102526,2024-06-30,680,3,2,0.499,1,0,0,0,747000,372800,401
CR502527,CUST102527,2024-06-30,615,5,0,0.155,3,0,0,0,184000,28500,88
CR502528,CUST102528,2024-06-30,711,5,2,0.467,0,0,0,0,457000,213400,161
CR502529,CUST102529,2024-06-30,511,1,2,0.245,1,0,0,0,138000,33800,189
CR502530,CUST102530,2024-06-30,695,3,0,0.251,0,0,0,0,491000,123200,92
CR502531,CUST102531,2024-06-30,627,4,3,0.213,1,0,0,0,196000,41700,321
CR502532,CUST102532,2024-06-30,568,3,2,0.282,4,1,0,0,64000,18000,202
CR502533,CUST102533,2024-06-30,459,2,4,0.832,1,1,1,0,73000,60700,362
CR502534,CUST102534,2024-06-30,517,3,4,0.652,3,2,1,0,152000,99100,182
CR502535,CUST102535,2024-06-30,528,1,3,0.35,1,0,0,0,65000,22800,314
CR502536,CUST102536,2024-06-30,600,4,1,0.29,3,0,0,0,337000,97700,335
CR502537,CUST102537,2024-06-30,719,3,1,0.267,1,0,0,0,433000,115600,306
CR502538,CUST102538,2024-06-30,684,1,0,0.436,0,0,0,0,669000,291700,345
CR502539,CUST102539,2024-06-30,753,7,3,0.273,1,0,2,0,93000,25400,14
CR502540,CUST102540,2024-06-30,678,1,2,0.187,1,0,0,0,215000,40200,263
CR502541,CUST102541,2024-06-30,730,5,3,0.23,0,0,0,0,322000,74100,247
CR502542,CUST102542,2024-06-30,651,4,4,0.417,0,0,0,0,250000,104200,136
CR502543,CUST102543,2024-06-30,564,2,5,0.178,2,1,0,0,225000,40000,6
CR502544,CUST102544,2024-06-30,675,1,2,0.625,0,0,0,0,276000,172500,396
CR502545,CUST102545,2024-06-30,713,4,2,0.33,0,0,0,0,565000,186400,230
CR502546,CUST102546,2024-06-30,735,4,2,0.32,0,0,0,0,251000,80300,306
CR502547,CUST102547,2024-06-30,727,3,1,0.315,2,0,0,0,721000,227100,296
CR502548,CUST102548,2024-06-30,721,6,0,0.379,0,0,0,0,693000,262600,304
CR502549,CUST102549,2024-06-30,652,7,1,0.305,1,0,0,0,155000,47300,336
CR502550,CUST102550,2024-06-30,745,4,0,0.02,0,0,2,0,188000,3800,89
CR502551,CUST102551,2024-06-30,684,2,3,0.265,0,0,0,0,517000,137000,229
CR502552,CUST102552,2024-06-30,677,3,1,0.637,0,0,0,0,431000,274500,32
CR502553,CUST102553,2024-06-30,735,2,0,0.566,0,0,0,0,411000,232600,83
CR502554,CUST102554,2024-06-30,421,1,3,0.594,1,1,1,0,89000,52900,6
CR502555,CUST102555,2024-06-30,749,6,1,0.162,1,0,0,0,260000,42100,351
CR502556,CUST102556,2024-06-30,634,2,2,0.428,5,0,0,0,244000,104400,332
CR502557,CUST102557,2024-06-30,642,2,0,0.451,3,0,0,0,388000,175000,174
CR502558,CUST102558,2024-06-30,746,4,1,0.076,0,0,0,0,299000,22700,62
CR502559,CUST102559,2024-06-30,701,1,4,0.414,0,0,0,0,294000,121700,150
CR502560,CUST102560,2024-06-30,692,2,2,0.559,1,0,0,0,431000,240900,248
CR502561,CUST102561,2024-06-30,767,2,2,0.336,2,0,0,0,658000,221100,228
CR502562,CUST102562,2024-06-30,753,3,2,0.354,0,0,0,0,1069000,378400,315
CR502563,CUST102563,2024-06-30,659,2,1,0.368,0,0,0,0,393000,144600,76
CR502564,CUST102564,2024-06-30,582,1,5,0.281,2,1,0,0,214000,60100,316
CR502565,CUST102565,2024-06-30,645,4,1,0.202,2,0,0,0,621000,125400,204
CR502566,CUST102566,2024-06-30,657,1,3,0.177,2,0,0,0,196000,34700,6
CR502567,CUST102567,2024-06-30,509,3,3,0.279,1,1,0,0,72000,20100,6
CR502568,CUST102568,2024-06-30,519,2,1,0.529,3,0,0,0,160000,84600,54
CR502569,CUST102569,2024-06-30,650,9,2,0.197,0,0,0,0,198000,39000,6
CR502570,CUST102570,2024-06-30,670,1,1,0.493,0,0,1,0,70000,34500,242
CR502571,CUST102571,2024-06-30,649,5,0,0.556,2,0,0,0,69000,38400,355
CR502572,CUST102572,2024-06-30,552,0,3,0.269,2,1,2,0,121000,32500,114
CR502573,CUST102573,2024-06-30,621,3,0,0.18,1,0,0,0,86000,15500,128
CR502574,CUST102574,2024-06-30,771,4,0,0.254,0,0,0,0,419000,106400,148
CR502575,CUST102575,2024-06-30,631,3,0,0.382,1,0,0,0,220000,84000,347
CR502576,CUST102576,2024-06-30,723,2,0,0.276,0,0,0,0,185000,51100,119
CR502577,CUST102577,2024-06-30,524,1,5,0.294,0,0,1,0,35000,10300,262
CR502578,CUST102578,2024-06-30,736,3,3,0.043,1,0,0,0,328000,14100,436
CR502579,CUST102579,2024-06-30,691,4,3,0.144,0,0,0,0,271000,39000,192
CR502580,CUST102580,2024-06-30,537,6,4,0.218,3,2,0,0,174000,37900,6
CR502581,CUST102581,2024-06-30,648,3,3,0.489,2,0,0,0,205000,100200,480
CR502582,CUST102582,2024-06-30,695,3,1,0.165,0,0,0,0,552000,91100,50
CR502583,CUST102583,2024-06-30,649,3,1,0.491,2,1,0,0,187000,91800,339
CR502584,CUST102584,2024-06-30,563,5,3,0.287,2,2,0,0,40000,11500,91
CR502585,CUST102585,2024-06-30,552,2,0,0.65,5,1,1,0,120000,78000,270
CR502586,CUST102586,2024-06-30,480,4,2,0.662,4,0,3,0,46000,30500,111
CR502587,CUST102587,2024-06-30,616,4,0,0.589,2,0,0,0,212000,124900,267
CR502588,CUST102588,2024-06-30,572,3,2,0.388,2,2,0,0,95000,36900,169
CR502589,CUST102589,2024-06-30,727,2,3,0.177,0,0,0,0,600000,106200,406
CR502590,CUST102590,2024-06-30,470,3,2,0.74,2,1,0,0,34000,25200,90
CR502591,CUST102591,2024-06-30,607,2,4,0.512,1,0,0,0,108000,55300,345
CR502592,CUST102592,2024-06-30,605,5,1,0.549,4,1,0,0,322000,176800,179
CR502593,CUST102593,2024-06-30,610,2,1,0.409,4,1,0,0,340000,139100,36
CR502594,CUST102594,2024-06-30,612,5,0,0.346,1,0,0,0,68000,23500,143
CR502595,CUST102595,2024-06-30,586,1,0,0.273,0,0,0,0,332000,90600,115
CR502596,CUST102596,2024-06-30,534,3,2,0.33,2,0,3,0,84000,27700,236
CR502597,CUST102597,2024-06-30,654,0,1,0.149,0,0,0,0,223000,33200,305
CR502598,CUST102598,2024-06-30,672,4,0,0.099,0,0,0,0,260000,25700,74
CR502599,CUST102599,2024-06-30,645,1,3,0.208,0,0,0,0,197000,41000,480
CR502600,CUST102600,2024-06-30,623,4,1,0.273,2,0,0,0,149000,40700,201
CR502601,CUST102601,2024-06-30,720,2,0,0.288,0,0,0,0,93000,26800,156
CR502602,CUST102602,2024-06-30,528,4,1,0.233,1,1,2,0,28000,6500,79
CR502603,CUST102603,2024-06-30,691,5,1,0.216,0,0,0,0,163000,35200,480
CR502604,CUST102604,2024-06-30,644,4,2,0.36,3,0,1,0,365000,131400,271
CR502605,CUST102605,2024-06-30,641,1,1,0.112,2,0,0,0,397000,44500,30
CR502606,CUST102606,2024-06-30,618,4,1,0.104,2,1,0,0,86000,8900,330
CR502607,CUST102607,2024-06-30,650,2,1,0.746,1,1,0,0,348000,259600,293
CR502608,CUST102608,2024-06-30,702,2,0,0.238,0,0,0,0,792000,188500,103
CR502609,CUST102609,2024-06-30,559,4,0,0.323,2,2,0,0,325000,105000,310
CR502610,CUST102610,2024-06-30,488,5,1,0.585,1,1,2,0,91000,53200,255
CR502611,CUST102611,2024-06-30,751,5,1,0.37,0,0,0,0,472000,174600,127
CR502612,CUST102612,2024-06-30,429,0,0,0.356,3,1,0,0,68000,24200,117
CR502613,CUST102613,2024-06-30,591,7,1,0.256,1,1,0,0,190000,48600,120
CR502614,CUST102614,2024-06-30,629,0,4,0.29,2,0,1,0,195000,56500,178
CR502615,CUST102615,2024-06-30,355,6,3,0.76,3,0,3,0,97000,73700,30
CR502616,CUST102616,2024-06-30,602,3,0,0.638,0,0,0,0,172000,109700,153
CR502617,CUST102617,2024-06-30,705,2,1,0.587,1,0,0,0,235000,137900,268
CR502618,CUST102618,2024-06-30,726,4,3,0.343,0,0,0,0,309000,106000,381
CR502619,CUST102619,2024-06-30,666,2,2,0.703,1,0,0,0,160000,112500,337
CR502620,CUST102620,2024-06-30,627,1,5,0.299,3,0,0,0,113000,33800,251
CR502621,CUST102621,2024-06-30,669,4,0,0.238,0,0,0,0,247000,58800,355
CR502622,CUST102622,2024-06-30,659,3,1,0.516,0,0,0,0,313000,161500,163
CR502623,CUST102623,2024-06-30,643,2,1,0.487,3,0,0,0,376000,183100,213
CR502624,CUST102624,2024-06-30,733,4,0,0.246,0,0,1,0,161000,39600,205
CR502625,CUST102625,2024-06-30,676,3,2,0.159,0,0,0,0,401000,63800,6
CR502626,CUST102626,2024-06-30,737,2,3,0.332,1,0,1,0,383000,127200,91
CR502627,CUST102627,2024-06-30,483,4,5,0.495,3,2,0,0,71000,35100,26
CR502628,CUST102628,2024-06-30,647,5,2,0.338,2,0,0,0,66000,22300,180
CR502629,CUST102629,2024-06-30,706,3,1,0.244,0,0,0,0,143000,34900,367
CR502630,CUST102630,2024-06-30,787,5,1,0.057,0,0,0,0,301000,17200,169
CR502631,CUST102631,2024-06-30,656,4,3,0.665,2,0,0,0,301000,200200,6
CR502632,CUST102632,2024-06-30,476,8,1,0.544,3,1,1,0,84000,45700,88
CR502633,CUST102633,2024-06-30,762,3,2,0.133,1,0,0,0,1114000,148200,187
CR502634,CUST102634,2024-06-30,700,2,1,0.388,0,0,0,0,111000,43100,403
CR502635,CUST102635,2024-06-30,537,3,4,0.649,1,1,1,0,162000,105100,219
CR502636,CUST102636,2024-06-30,654,3,1,0.34,1,0,0,0,385000,130900,81
CR502637,CUST102637,2024-06-30,426,1,1,0.284,3,1,1,0,69000,19600,441
CR502638,CUST102638,2024-06-30,627,3,4,0.181,4,0,0,0,309000,55900,6
CR502639,CUST102639,2024-06-30,650,2,1,0.083,0,0,1,0,425000,35300,480
CR502640,CUST102640,2024-06-30,442,5,1,0.181,2,0,0,0,104000,18800,6
CR502641,CUST102641,2024-06-30,706,3,2,0.45,0,0,0,0,168000,75600,188
CR502642,CUST102642,2024-06-30,664,4,1,0.249,0,0,1,0,309000,76900,6
CR502643,CUST102643,2024-06-30,636,3,3,0.589,2,0,0,0,66000,38900,231
CR502644,CUST102644,2024-06-30,665,4,2,0.384,1,0,0,0,398000,152800,225
CR502645,CUST102645,2024-06-30,661,2,2,0.472,0,0,0,0,194000,91600,164
CR502646,CUST102646,2024-06-30,688,2,2,0.485,0,0,0,0,146000,70800,48
CR502647,CUST102647,2024-06-30,728,4,2,0.293,0,0,0,0,276000,80900,329
CR502648,CUST102648,2024-06-30,603,3,2,0.392,5,0,0,0,407000,159500,6
CR502649,CUST102649,2024-06-30,577,3,2,0.397,2,0,0,0,231000,91700,137
CR502650,CUST102650,2024-06-30,509,4,1,0.959,2,1,1,0,102000,97800,346
CR502651,CUST102651,2024-06-30,669,2,2,0.253,0,0,0,0,106000,26800,186
CR502652,CUST102652,2024-06-30,635,2,0,0.465,1,0,0,0,219000,101800,83
CR502653,CUST102653,2024-06-30,658,4,0,0.086,0,0,0,0,387000,33300,243
CR502654,CUST102654,2024-06-30,690,7,2,0.547,0,0,0,0,284000,155300,108
CR502655,CUST102655,2024-06-30,521,0,1,0.733,0,0,1,0,113000,82800,6
CR502656,CUST102656,2024-06-30,570,2,2,0.363,2,2,0,0,188000,68200,32
CR502657,CUST102657,2024-06-30,451,4,5,0.491,3,3,0,0,28000,13700,137
CR502658,CUST102658,2024-06-30,832,3,0,0.164,0,0,0,0,617000,101200,189
CR502659,CUST102659,2024-06-30,692,5,1,0.498,0,0,1,0,64000,31900,65
CR502660,CUST102660,2024-06-30,679,5,4,0.597,0,0,1,0,263000,157000,122
CR502661,CUST102661,2024-06-30,716,5,3,0.362,0,0,0,0,237000,85800,44
CR502662,CUST102662,2024-06-30,764,2,2,0.427,0,0,0,0,578000,246800,480
CR502663,CUST102663,2024-06-30,567,5,1,0.296,2,1,0,0,109000,32300,22
CR502664,CUST102664,2024-06-30,665,2,3,0.407,0,0,0,0,327000,133100,276
CR502665,CUST102665,2024-06-30,656,1,1,0.109,0,0,0,0,171000,18600,70
CR502666,CUST102666,2024-06-30,683,3,0,0.709,0,0,0,0,240000,170200,279
CR502667,CUST102667,2024-06-30,676,2,0,0.521,0,0,0,0,190000,99000,240
CR502668,CUST102668,2024-06-30,567,2,2,0.254,2,1,0,0,99000,25100,117
CR502669,CUST102669,2024-06-30,638,5,1,0.605,4,0,0,0,407000,246200,75
CR502670,CUST102670,2024-06-30,593,3,4,0.254,2,1,0,0,348000,88400,75
CR502671,CUST102671,2024-06-30,550,2,5,0.553,4,0,2,0,217000,120000,17
CR502672,CUST102672,2024-06-30,664,3,1,0.164,0,0,0,0,212000,34800,379
CR502673,CUST102673,2024-06-30,608,6,1,0.534,4,0,0,0,170000,90800,197
CR502674,CUST102674,2024-06-30,826,3,1,0.74,0,0,0,0,2273000,1682000,256
CR502675,CUST102675,2024-06-30,506,3,2,0.772,1,1,1,0,163000,125800,148
CR502676,CUST102676,2024-06-30,656,5,3,0.261,0,0,0,0,163000,42500,382
CR502677,CUST102677,2024-06-30,650,2,3,0.433,0,0,0,0,253000,109500,182
CR502678,CUST102678,2024-06-30,479,3,2,0.256,1,1,1,0,94000,24100,288
CR502679,CUST102679,2024-06-30,672,2,0,0.179,1,0,0,0,323000,57800,413
CR502680,CUST102680,2024-06-30,727,6,0,0.118,2,0,0,0,250000,29500,359
CR502681,CUST102681,2024-06-30,605,4,3,0.321,1,0,0,0,92000,29500,340
CR502682,CUST102682,2024-06-30,531,2,4,0.199,2,1,0,0,328000,65300,353
CR502683,CUST102683,2024-06-30,719,4,2,0.286,1,0,0,0,263000,75200,291
CR502684,CUST102684,2024-06-30,623,2,1,0.482,0,0,0,0,590000,284400,199
CR502685,CUST102685,2024-06-30,660,7,1,0.281,0,0,0,0,400000,112400,6
CR502686,CUST102686,2024-06-30,560,5,3,0.38,1,1,0,0,225000,85500,299
CR502687,CUST102687,2024-06-30,684,4,0,0.618,0,0,0,0,345000,213200,317
CR502688,CUST102688,2024-06-30,656,1,2,0.656,0,0,0,0,190000,124600,69
CR502689,CUST102689,2024-06-30,733,3,2,0.449,1,0,0,0,300000,134700,225
CR502690,CUST102690,2024-06-30,683,1,0,0.568,1,0,0,0,152000,86300,344
CR502691,CUST102691,2024-06-30,595,3,3,0.637,1,1,0,0,67000,42700,163
CR502692,CUST102692,2024-06-30,673,4,1,0.563,1,0,0,0,339000,190900,6
CR502693,CUST102693,2024-06-30,617,3,0,0.328,2,0,0,0,172000,56400,418
CR502694,CUST102694,2024-06-30,579,1,2,0.289,2,0,0,0,685000,198000,386
CR502695,CUST102695,2024-06-30,603,2,2,0.202,4,0,0,0,276000,55800,296
CR502696,CUST102696,2024-06-30,636,2,4,0.569,3,0,0,0,111000,63200,139
CR502697,CUST102697,2024-06-30,806,5,3,0.173,0,0,0,0,334000,57800,176
CR502698,CUST102698,2024-06-30,641,7,3,0.35,5,0,0,0,71000,24800,46
CR502699,CUST102699,2024-06-30,522,5,2,0.344,2,0,1,0,106000,36500,15
CR502700,CUST102700,2024-06-30,679,4,3,0.19,0,0,0,0,264000,50200,317
CR502701,CUST102701,2024-06-30,810,1,1,0.188,0,0,0,0,891000,167500,381
CR502702,CUST102702,2024-06-30,796,4,1,0.116,0,0,0,0,917000,106400,480
CR502703,CUST102703,2024-06-30,630,1,1,0.415,4,0,1,0,345000,143200,132
CR502704,CUST102704,2024-06-30,586,0,4,0.491,1,1,0,0,62000,30400,219
CR502705,CUST102705,2024-06-30,647,5,2,0.504,2,0,0,0,126000,63500,227
CR502706,CUST102706,2024-06-30,712,6,2,0.791,0,0,1,0,260000,205700,140
CR502707,CUST102707,2024-06-30,576,3,4,0.183,2,2,0,0,304000,55600,238
CR502708,CUST102708,2024-06-30,759,7,3,0.02,0,0,0,0,1026000,20500,230
CR502709,CUST102709,2024-06-30,698,1,3,0.071,1,0,0,0,669000,47500,133
CR502710,CUST102710,2024-06-30,705,5,1,0.056,0,0,0,0,164000,9200,126
CR502711,CUST102711,2024-06-30,493,3,1,0.691,2,1,3,0,48000,33200,395
CR502712,CUST102712,2024-06-30,772,4,5,0.02,1,0,0,0,320000,6400,252
CR502713,CUST102713,2024-06-30,645,3,1,0.115,4,0,0,0,303000,34800,429
CR502714,CUST102714,2024-06-30,694,10,1,0.206,1,1,0,0,124000,25500,157
CR502715,CUST102715,2024-06-30,697,3,2,0.344,0,0,0,0,239000,82200,80
CR502716,CUST102716,2024-06-30,650,5,5,0.279,0,0,0,0,112000,31200,282
CR502717,CUST102717,2024-06-30,618,2,0,0.343,1,0,0,0,83000,28500,183
CR502718,CUST102718,2024-06-30,689,1,1,0.034,0,0,0,0,128000,4400,370
CR502719,CUST102719,2024-06-30,696,2,0,0.145,0,0,0,0,346000,50200,78
CR502720,CUST102720,2024-06-30,664,5,4,0.116,1,1,0,0,231000,26800,204
CR502721,CUST102721,2024-06-30,563,1,2,0.154,2,2,0,0,62000,9500,6
CR502722,CUST102722,2024-06-30,788,5,2,0.132,0,0,0,0,793000,104700,188
CR502723,CUST102723,2024-06-30,652,3,1,0.458,0,0,0,0,144000,66000,347
CR502724,CUST102724,2024-06-30,569,0,0,0.533,2,2,1,0,107000,57000,6
CR502725,CUST102725,2024-06-30,697,5,2,0.288,1,0,0,0,353000,101700,246
CR502726,CUST102726,2024-06-30,689,4,2,0.236,0,0,0,0,355000,83800,157
CR502727,CUST102727,2024-06-30,610,3,1,0.455,3,0,0,0,349000,158800,212
CR502728,CUST102728,2024-06-30,634,3,0,0.529,2,0,0,0,224000,118500,155
CR502729,CUST102729,2024-06-30,528,4,2,0.225,0,0,2,0,93000,20900,411
CR502730,CUST102730,2024-06-30,794,3,1,0.283,0,0,0,0,1398000,395600,260
CR502731,CUST102731,2024-06-30,631,2,1,0.365,3,0,0,0,89000,32500,251
CR502732,CUST102732,2024-06-30,639,9,1,0.656,0,0,1,0,132000,86600,136
CR502733,CUST102733,2024-06-30,729,1,0,0.64,1,1,0,0,157000,100500,200
CR502734,CUST102734,2024-06-30,650,5,3,0.193,3,0,0,0,389000,75100,277
CR502735,CUST102735,2024-06-30,746,3,1,0.388,1,0,0,0,295000,114500,6
CR502736,CUST102736,2024-06-30,771,3,0,0.526,0,0,0,0,292000,153600,444
CR502737,CUST102737,2024-06-30,665,3,0,0.136,0,0,0,0,275000,37400,116
CR502738,CUST102738,2024-06-30,593,4,1,0.446,2,1,0,0,262000,116900,219
CR502739,CUST102739,2024-06-30,575,5,2,0.271,0,0,0,0,307000,83200,51
CR502740,CUST102740,2024-06-30,650,2,2,0.202,0,0,0,0,124000,25000,333
CR502741,CUST102741,2024-06-30,683,1,0,0.218,0,0,1,0,284000,61900,6
CR502742,CUST102742,2024-06-30,557,1,3,0.178,1,1,3,0,195000,34700,6
CR502743,CUST102743,2024-06-30,576,3,3,0.177,1,1,0,0,166000,29400,99
CR502744,CUST102744,2024-06-30,724,3,2,0.02,1,0,0,0,338000,6800,206
CR502745,CUST102745,2024-06-30,475,4,0,0.209,1,0,2,0,146000,30500,7
CR502746,CUST102746,2024-06-30,680,1,1,0.023,0,0,0,0,246000,5700,243
CR502747,CUST102747,2024-06-30,531,1,1,0.737,5,1,2,0,189000,139300,113
CR502748,CUST102748,2024-06-30,780,4,1,0.332,2,0,0,0,178000,59100,161
CR502749,CUST102749,2024-06-30,655,1,0,0.438,1,0,0,0,202000,88500,185
CR502750,CUST102750,2024-06-30,645,3,1,0.426,1,0,0,0,140000,59600,66
CR502751,CUST102751,2024-06-30,592,3,5,0.354,3,1,0,0,152000,53800,138
CR502752,CUST102752,2024-06-30,675,4,1,0.328,1,0,0,0,460000,150900,322
CR502753,CUST102753,2024-06-30,733,5,2,0.306,1,0,0,0,229000,70100,480
CR502754,CUST102754,2024-06-30,785,5,1,0.212,0,0,0,0,1089000,230900,101
CR502755,CUST102755,2024-06-30,662,2,3,0.185,0,0,1,0,338000,62500,251
CR502756,CUST102756,2024-06-30,804,3,1,0.084,1,0,0,0,246000,20700,198
CR502757,CUST102757,2024-06-30,634,3,0,0.337,3,0,0,0,201000,67700,450
CR502758,CUST102758,2024-06-30,688,1,1,0.517,3,0,0,0,355000,183500,325
CR502759,CUST102759,2024-06-30,676,0,1,0.553,1,0,0,0,451000,249400,118
CR502760,CUST102760,2024-06-30,549,2,1,0.54,4,1,0,0,248000,133900,220
CR502761,CUST102761,2024-06-30,572,4,2,0.283,2,0,0,0,168000,47500,108
CR502762,CUST102762,2024-06-30,753,6,0,0.345,0,0,0,0,259000,89400,192
CR502763,CUST102763,2024-06-30,577,3,1,0.472,3,1,0,0,175000,82600,300
CR502764,CUST102764,2024-06-30,713,7,0,0.627,0,0,0,0,441000,276500,393
CR502765,CUST102765,2024-06-30,678,1,2,0.517,0,0,0,0,530000,274000,308
CR502766,CUST102766,2024-06-30,631,8,3,0.577,2,1,0,0,267000,154100,213
CR502767,CUST102767,2024-06-30,368,2,1,0.579,1,1,0,0,111000,64300,210
CR502768,CUST102768,2024-06-30,607,5,0,0.167,1,1,0,0,122000,20400,43
CR502769,CUST102769,2024-06-30,720,4,0,0.374,0,0,0,0,574000,214700,76
CR502770,CUST102770,2024-06-30,544,2,3,0.556,2,1,0,0,52000,28900,281
CR502771,CUST102771,2024-06-30,698,3,0,0.289,0,0,0,0,161000,46500,6
CR502772,CUST102772,2024-06-30,720,7,0,0.375,1,0,0,0,992000,372000,407
CR502773,CUST102773,2024-06-30,720,5,1,0.112,0,0,0,0,1065000,119300,306
CR502774,CUST102774,2024-06-30,630,3,0,0.513,0,0,0,0,164000,84100,9
CR502775,CUST102775,2024-06-30,659,7,1,0.367,1,0,0,0,104000,38200,322
CR502776,CUST102776,2024-06-30,614,6,0,0.294,2,0,0,0,210000,61700,297
CR502777,CUST102777,2024-06-30,657,4,3,0.136,0,0,0,0,336000,45700,6
CR502778,CUST102778,2024-06-30,659,3,2,0.187,2,0,0,0,204000,38100,365
CR502779,CUST102779,2024-06-30,628,1,0,0.133,4,1,0,0,323000,43000,240
CR502780,CUST102780,2024-06-30,606,1,0,0.554,2,0,0,0,312000,172800,328
CR502781,CUST102781,2024-06-30,698,3,1,0.098,1,0,0,0,187000,18300,330
CR502782,CUST102782,2024-06-30,639,3,3,0.297,2,0,0,0,269000,79900,124
CR502783,CUST102783,2024-06-30,682,6,2,0.254,1,0,1,0,307000,78000,164
CR502784,CUST102784,2024-06-30,569,2,1,0.553,1,1,0,1,236000,130500,46
CR502785,CUST102785,2024-06-30,606,1,3,0.472,0,0,0,0,109000,51400,204
CR502786,CUST102786,2024-06-30,698,2,2,0.376,0,0,0,0,428000,160900,363
CR502787,CUST102787,2024-06-30,637,5,1,0.332,1,0,0,0,146000,48500,392
CR502788,CUST102788,2024-06-30,846,6,2,0.28,0,0,0,0,767000,214800,466
CR502789,CUST102789,2024-06-30,768,5,0,0.02,2,0,0,0,477000,9500,427
CR502790,CUST102790,2024-06-30,756,4,1,0.382,0,0,0,0,632000,241400,206
CR502791,CUST102791,2024-06-30,806,1,0,0.329,0,0,0,0,1587000,522100,123
CR502792,CUST102792,2024-06-30,627,2,2,0.269,4,0,0,0,285000,76700,42
CR502793,CUST102793,2024-06-30,574,2,1,0.171,3,2,0,0,219000,37400,152
CR502794,CUST102794,2024-06-30,626,5,2,0.194,2,0,0,0,416000,80700,103
CR502795,CUST102795,2024-06-30,778,1,0,0.53,1,0,0,0,338000,179100,241
CR502796,CUST102796,2024-06-30,546,2,1,0.521,2,2,0,0,130000,67700,237
CR502797,CUST102797,2024-06-30,600,1,2,0.306,1,0,0,0,56000,17100,357
CR502798,CUST102798,2024-06-30,616,2,0,0.599,2,0,0,0,624000,373800,316
CR502799,CUST102799,2024-06-30,648,3,1,0.277,1,0,0,0,333000,92200,185
CR502800,CUST102800,2024-06-30,549,4,1,0.128,0,0,4,0,444000,56800,45
CR502801,CUST102801,2024-06-30,562,1,2,0.414,3,0,0,0,60000,24800,102
CR502802,CUST102802,2024-06-30,557,3,3,0.256,2,0,0,0,101000,25900,246
CR502803,CUST102803,2024-06-30,560,5,2,0.618,1,0,1,0,177000,109400,6
CR502804,CUST102804,2024-06-30,634,9,1,0.541,1,1,1,0,288000,155800,6
CR502805,CUST102805,2024-06-30,665,1,1,0.45,0,0,0,0,248000,111600,6
CR502806,CUST102806,2024-06-30,675,2,2,0.205,1,0,0,0,411000,84300,316
CR502807,CUST102807,2024-06-30,418,2,0,0.565,0,0,0,0,70000,39500,90
CR502808,CUST102808,2024-06-30,652,2,1,0.064,0,0,0,0,105000,6700,391
CR502809,CUST102809,2024-06-30,563,2,3,0.482,2,1,0,0,200000,96400,7
CR502810,CUST102810,2024-06-30,633,1,1,0.334,3,0,0,0,251000,83800,121
CR502811,CUST102811,2024-06-30,682,4,2,0.349,1,0,1,0,223000,77800,159
CR502812,CUST102812,2024-06-30,560,3,3,0.297,4,0,0,0,163000,48400,137
CR502813,CUST102813,2024-06-30,697,4,2,0.145,3,0,0,0,347000,50300,212
CR502814,CUST102814,2024-06-30,690,5,0,0.382,0,0,0,0,119000,45500,274
CR502815,CUST102815,2024-06-30,644,6,1,0.361,4,0,0,0,874000,315500,6
CR502816,CUST102816,2024-06-30,650,1,0,0.232,0,0,0,0,74000,17200,465
CR502817,CUST102817,2024-06-30,577,3,1,0.446,1,1,0,0,36000,16100,6
CR502818,CUST102818,2024-06-30,811,6,2,0.4,3,0,0,0,734000,293600,220
CR502819,CUST102819,2024-06-30,622,4,2,0.624,2,0,0,0,55000,34300,274
CR502820,CUST102820,2024-06-30,588,2,6,0.289,2,1,0,0,196000,56600,149
CR502821,CUST102821,2024-06-30,697,2,0,0.068,0,0,0,0,364000,24800,155
CR502822,CUST102822,2024-06-30,578,3,2,0.461,4,2,2,0,102000,47000,6
CR502823,CUST102823,2024-06-30,760,4,5,0.398,0,0,0,0,518000,206200,99
CR502824,CUST102824,2024-06-30,656,3,0,0.494,0,0,0,0,298000,147200,50
CR502825,CUST102825,2024-06-30,700,4,2,0.643,0,0,0,0,593000,381300,204
CR502826,CUST102826,2024-06-30,671,3,0,0.211,0,0,0,0,917000,193500,130
CR502827,CUST102827,2024-06-30,711,3,2,0.378,1,1,0,0,302000,114200,70
CR502828,CUST102828,2024-06-30,651,2,2,0.398,0,0,0,0,97000,38600,57
CR502829,CUST102829,2024-06-30,606,1,5,0.665,4,0,0,0,118000,78500,259
CR502830,CUST102830,2024-06-30,570,5,2,0.512,0,0,0,0,207000,106000,245
CR502831,CUST102831,2024-06-30,545,4,5,0.446,2,2,0,0,101000,45000,480
CR502832,CUST102832,2024-06-30,601,0,1,0.192,2,1,0,0,126000,24200,185
CR502833,CUST102833,2024-06-30,552,5,2,0.515,2,0,1,0,394000,202900,25
CR502834,CUST102834,2024-06-30,652,3,1,0.394,0,0,0,0,217000,85500,194
CR502835,CUST102835,2024-06-30,753,5,3,0.531,0,0,0,0,446000,236800,265
CR502836,CUST102836,2024-06-30,654,3,1,0.284,1,0,0,0,170000,48300,85
CR502837,CUST102837,2024-06-30,477,3,4,0.257,4,1,1,0,150000,38600,70
CR502838,CUST102838,2024-06-30,655,4,1,0.698,0,0,0,0,464000,323900,252
CR502839,CUST102839,2024-06-30,547,3,4,0.348,8,3,1,0,92000,32000,303
CR502840,CUST102840,2024-06-30,602,2,0,0.553,3,0,0,0,134000,74100,6
CR502841,CUST102841,2024-06-30,554,1,4,0.217,2,1,1,0,126000,27300,59
CR502842,CUST102842,2024-06-30,785,1,1,0.114,0,0,1,0,455000,51900,349
CR502843,CUST102843,2024-06-30,713,4,1,0.218,1,0,0,0,230000,50100,325
CR502844,CUST102844,2024-06-30,665,6,1,0.755,1,0,0,0,424000,320100,6
CR502845,CUST102845,2024-06-30,753,1,1,0.17,1,0,0,0,299000,50800,223
CR502846,CUST102846,2024-06-30,672,2,0,0.353,0,0,0,0,385000,135900,304
CR502847,CUST102847,2024-06-30,679,0,1,0.394,0,0,0,0,342000,134700,290
CR502848,CUST102848,2024-06-30,739,5,0,0.106,1,0,0,0,155000,16400,73
CR502849,CUST102849,2024-06-30,770,6,4,0.204,0,0,0,0,843000,172000,247
CR502850,CUST102850,2024-06-30,551,3,2,0.241,2,1,0,0,112000,27000,218
CR502851,CUST102851,2024-06-30,784,3,1,0.082,0,0,0,0,728000,59700,234
CR502852,CUST102852,2024-06-30,630,4,1,0.283,3,0,0,0,303000,85700,191
CR502853,CUST102853,2024-06-30,529,3,2,0.328,3,1,0,0,73000,23900,259
CR502854,CUST102854,2024-06-30,673,2,0,0.392,1,0,0,0,495000,194000,286
CR502855,CUST102855,2024-06-30,680,5,0,0.381,0,0,0,0,243000,92600,49
CR502856,CUST102856,2024-06-30,725,4,1,0.225,0,0,0,0,280000,63000,394
CR502857,CUST102857,2024-06-30,630,3,1,0.49,2,0,1,0,154000,75500,245
CR502858,CUST102858,2024-06-30,653,3,3,0.469,0,0,0,0,96000,45000,237
CR502859,CUST102859,2024-06-30,605,3,2,0.464,1,1,0,0,201000,93300,114
CR502860,CUST102860,2024-06-30,621,6,1,0.193,6,1,0,0,255000,49200,219
CR502861,CUST102861,2024-06-30,715,3,0,0.178,1,1,0,0,409000,72800,465
CR502862,CUST102862,2024-06-30,575,1,0,0.472,3,0,0,0,102000,48100,90
CR502863,CUST102863,2024-06-30,794,4,0,0.255,0,0,0,0,525000,133900,233
CR502864,CUST102864,2024-06-30,600,5,3,0.261,3,0,0,0,275000,71800,189
CR502865,CUST102865,2024-06-30,529,2,1,0.341,1,1,0,0,71000,24200,263
CR502866,CUST102866,2024-06-30,425,2,7,0.245,3,2,1,0,52000,12700,62
CR502867,CUST102867,2024-06-30,623,2,0,0.371,3,0,0,0,261000,96800,95
CR502868,CUST102868,2024-06-30,619,1,1,0.224,1,0,0,0,671000,150300,294
CR502869,CUST102869,2024-06-30,661,4,1,0.412,0,0,0,0,202000,83200,6
CR502870,CUST102870,2024-06-30,881,4,4,0.166,1,0,0,0,375000,62200,291
CR502871,CUST102871,2024-06-30,691,6,2,0.131,0,0,0,0,533000,69800,301
CR502872,CUST102872,2024-06-30,598,6,4,0.276,1,0,0,0,212000,58500,309
CR502873,CUST102873,2024-06-30,843,3,2,0.289,1,0,0,0,468000,135300,280
CR502874,CUST102874,2024-06-30,681,4,3,0.229,0,0,0,0,199000,45600,217
CR502875,CUST102875,2024-06-30,541,3,1,0.571,3,2,4,0,264000,150700,248
CR502876,CUST102876,2024-06-30,773,4,1,0.303,1,0,0,0,714000,216300,162
CR502877,CUST102877,2024-06-30,701,3,1,0.14,0,0,0,0,461000,64500,327
CR502878,CUST102878,2024-06-30,676,2,2,0.264,0,0,0,0,259000,68400,308
CR502879,CUST102879,2024-06-30,729,10,3,0.475,0,0,0,0,576000,273600,123
CR502880,CUST102880,2024-06-30,900,6,0,0.02,0,0,0,0,2219000,44400,233
CR502881,CUST102881,2024-06-30,587,3,7,0.618,3,1,0,0,198000,122400,187
CR502882,CUST102882,2024-06-30,800,4,1,0.258,0,0,0,0,722000,186300,298
CR502883,CUST102883,2024-06-30,760,3,3,0.339,1,0,0,0,321000,108800,222
CR502884,CUST102884,2024-06-30,638,3,1,0.092,2,0,0,0,326000,30000,6
CR502885,CUST102885,2024-06-30,533,3,0,0.443,1,1,0,0,65000,28800,155
CR502886,CUST102886,2024-06-30,719,3,0,0.427,0,0,0,0,149000,63600,480
CR502887,CUST102887,2024-06-30,579,4,1,0.141,2,1,0,0,74000,10400,95
CR502888,CUST102888,2024-06-30,638,8,3,0.308,1,0,0,0,136000,41900,6
CR502889,CUST102889,2024-06-30,765,5,2,0.174,0,0,0,0,257000,44700,213
CR502890,CUST102890,2024-06-30,605,1,2,0.163,4,0,0,0,61000,9900,233
CR502891,CUST102891,2024-06-30,626,3,2,0.389,2,1,0,0,344000,133800,6
CR502892,CUST102892,2024-06-30,576,2,1,0.765,3,0,0,0,114000,87200,230
CR502893,CUST102893,2024-06-30,742,2,2,0.401,0,0,0,0,427000,171200,6
CR502894,CUST102894,2024-06-30,617,3,3,0.597,2,0,0,0,209000,124800,189
CR502895,CUST102895,2024-06-30,549,2,1,0.141,2,2,0,0,132000,18600,226
CR502896,CUST102896,2024-06-30,688,1,3,0.155,0,0,0,0,485000,75200,86
CR502897,CUST102897,2024-06-30,596,2,2,0.914,3,1,0,0,133000,121600,326
CR502898,CUST102898,2024-06-30,687,5,1,0.427,0,0,0,0,174000,74300,191
CR502899,CUST102899,2024-06-30,654,4,0,0.107,0,0,0,0,194000,20800,26
CR502900,CUST102900,2024-06-30,522,4,3,0.62,2,0,0,0,76000,47100,6
CR502901,CUST102901,2024-06-30,754,5,2,0.284,0,0,1,0,385000,109300,355
CR502902,CUST102902,2024-06-30,754,6,1,0.286,1,0,0,0,180000,51500,272
CR502903,CUST102903,2024-06-30,764,3,0,0.116,0,0,0,0,504000,58500,351
CR502904,CUST102904,2024-06-30,636,4,2,0.296,2,0,0,0,277000,82000,410
CR502905,CUST102905,2024-06-30,563,3,1,0.26,1,1,0,0,218000,56700,85
CR502906,CUST102906,2024-06-30,545,2,2,0.137,1,1,0,0,82000,11200,119
CR502907,CUST102907,2024-06-30,582,0,2,0.714,3,3,1,0,321000,229200,130
CR502908,CUST102908,2024-06-30,686,1,0,0.208,0,0,0,0,658000,136900,124
CR502909,CUST102909,2024-06-30,650,2,3,0.209,1,0,1,0,66000,13800,153
CR502910,CUST102910,2024-06-30,635,5,1,0.378,5,0,1,0,196000,74100,309
CR502911,CUST102911,2024-06-30,634,4,0,0.297,3,0,0,0,194000,57600,81
CR502912,CUST102912,2024-06-30,566,1,1,0.392,3,0,0,0,109000,42700,6
CR502913,CUST102913,2024-06-30,604,4,2,0.155,6,0,0,0,114000,17700,82
CR502914,CUST102914,2024-06-30,606,1,3,0.208,4,0,0,0,166000,34500,85
CR502915,CUST102915,2024-06-30,517,7,3,0.408,2,2,0,0,96000,39200,144
CR502916,CUST102916,2024-06-30,674,2,2,0.116,0,0,0,0,920000,106700,308
CR502917,CUST102917,2024-06-30,667,4,1,0.384,0,0,0,0,349000,134000,231
CR502918,CUST102918,2024-06-30,431,1,2,0.271,6,0,1,0,93000,25200,108
CR502919,CUST102919,2024-06-30,723,4,0,0.616,0,0,0,0,388000,239000,269
CR502920,CUST102920,2024-06-30,556,3,4,0.616,4,2,2,0,71000,43700,234
CR502921,CUST102921,2024-06-30,721,3,1,0.078,0,0,0,0,131000,10200,6
CR502922,CUST102922,2024-06-30,564,3,2,0.273,2,0,0,0,124000,33900,45
CR502923,CUST102923,2024-06-30,599,1,4,0.432,2,2,0,0,349000,150800,308
CR502924,CUST102924,2024-06-30,643,1,1,0.379,3,0,0,0,293000,111000,148
CR502925,CUST102925,2024-06-30,663,0,2,0.71,0,0,0,0,177000,125700,205
CR502926,CUST102926,2024-06-30,605,3,3,0.568,1,0,0,0,120000,68200,6
CR502927,CUST102927,2024-06-30,631,4,0,0.638,2,0,0,0,294000,187600,187
CR502928,CUST102928,2024-06-30,785,2,4,0.02,2,0,0,0,420000,8400,329
CR502929,CUST102929,2024-06-30,526,3,1,0.472,2,2,2,0,147000,69400,274
CR502930,CUST102930,2024-06-30,613,1,0,0.142,3,0,0,0,165000,23400,115
CR502931,CUST102931,2024-06-30,588,3,4,0.342,2,0,0,0,117000,40000,50
CR502932,CUST102932,2024-06-30,599,2,2,0.352,1,1,1,0,104000,36600,206
CR502933,CUST102933,2024-06-30,478,1,2,0.511,0,0,0,0,91000,46500,199
CR502934,CUST102934,2024-06-30,753,3,2,0.605,0,0,0,0,514000,311000,91
CR502935,CUST102935,2024-06-30,672,2,1,0.147,0,0,0,0,204000,30000,335
CR502936,CUST102936,2024-06-30,715,5,1,0.182,0,0,0,0,102000,18600,279
CR502937,CUST102937,2024-06-30,621,3,0,0.297,3,0,0,0,64000,19000,471
CR502938,CUST102938,2024-06-30,595,4,3,0.498,1,1,0,0,62000,30900,156
CR502939,CUST102939,2024-06-30,688,4,5,0.189,1,0,0,0,179000,33800,61
CR502940,CUST102940,2024-06-30,453,8,4,0.51,1,1,1,0,91000,46400,26
CR502941,CUST102941,2024-06-30,589,5,3,0.279,1,1,0,0,202000,56400,192
CR502942,CUST102942,2024-06-30,705,8,3,0.387,0,0,0,0,176000,68100,119
CR502943,CUST102943,2024-06-30,717,2,1,0.376,0,0,0,0,701000,263600,150
CR502944,CUST102944,2024-06-30,521,4,1,0.341,3,0,1,0,195000,66500,416
CR502945,CUST102945,2024-06-30,724,8,0,0.269,1,0,0,0,229000,61600,406
CR502946,CUST102946,2024-06-30,657,3,0,0.126,2,0,0,0,540000,68000,264
CR502947,CUST102947,2024-06-30,723,3,2,0.215,1,0,0,0,721000,155000,258
CR502948,CUST102948,2024-06-30,526,1,1,0.713,3,2,1,0,57000,40600,59
CR502949,CUST102949,2024-06-30,789,5,1,0.449,0,0,0,0,164000,73600,104
CR502950,CUST102950,2024-06-30,657,6,3,0.112,1,1,0,0,324000,36300,281
CR502951,CUST102951,2024-06-30,678,2,1,0.167,0,0,0,0,69000,11500,284
CR502952,CUST102952,2024-06-30,623,2,0,0.552,2,0,0,0,134000,74000,77
CR502953,CUST102953,2024-06-30,782,3,1,0.368,0,0,0,0,568000,209000,59
CR502954,CUST102954,2024-06-30,762,5,1,0.09,0,0,0,0,453000,40800,111
CR502955,CUST102955,2024-06-30,767,6,2,0.071,0,0,0,0,692000,49100,323
CR502956,CUST102956,2024-06-30,663,3,0,0.401,0,0,0,0,343000,137500,147
CR502957,CUST102957,2024-06-30,750,7,2,0.042,1,0,0,0,1089000,45700,19
CR502958,CUST102958,2024-06-30,687,1,3,0.468,0,0,0,0,334000,156300,186
CR502959,CUST102959,2024-06-30,724,3,3,0.665,0,0,0,0,340000,226100,259
CR502960,CUST102960,2024-06-30,619,6,2,0.118,2,1,0,0,40000,4700,251
CR502961,CUST102961,2024-06-30,764,2,1,0.283,0,0,0,0,438000,124000,169
CR502962,CUST102962,2024-06-30,565,3,3,0.323,4,0,0,0,192000,62000,307
CR502963,CUST102963,2024-06-30,665,2,1,0.272,0,0,0,0,426000,115900,11
CR502964,CUST102964,2024-06-30,766,4,2,0.105,1,1,0,0,197000,20700,6
CR502965,CUST102965,2024-06-30,580,4,1,0.354,0,0,0,0,50000,17700,183
CR502966,CUST102966,2024-06-30,629,1,1,0.523,2,0,0,0,201000,105100,275
CR502967,CUST102967,2024-06-30,688,2,0,0.526,0,0,0,0,233000,122600,85
CR502968,CUST102968,2024-06-30,651,1,2,0.335,0,0,0,0,267000,89400,134
CR502969,CUST102969,2024-06-30,706,1,2,0.606,1,0,0,0,141000,85400,204
CR502970,CUST102970,2024-06-30,741,4,3,0.578,1,0,0,0,372000,215000,217
CR502971,CUST102971,2024-06-30,679,4,3,0.205,1,0,0,0,375000,76900,86
CR502972,CUST102972,2024-06-30,646,3,1,0.33,4,0,0,0,331000,109200,259
CR502973,CUST102973,2024-06-30,582,2,2,0.448,5,0,0,0,227000,101700,6
CR502974,CUST102974,2024-06-30,465,1,4,0.977,3,1,2,0,76000,74300,206
CR502975,CUST102975,2024-06-30,589,3,2,0.229,3,3,0,0,151000,34600,428
CR502976,CUST102976,2024-06-30,844,4,3,0.542,0,0,0,0,1264000,685100,226
CR502977,CUST102977,2024-06-30,723,3,0,0.076,0,0,0,0,314000,23900,101
CR502978,CUST102978,2024-06-30,638,6,2,0.498,2,0,0,0,317000,157900,308
CR502979,CUST102979,2024-06-30,665,4,1,0.668,0,0,0,0,97000,64800,358
CR502980,CUST102980,2024-06-30,646,2,0,0.357,1,0,0,0,328000,117100,394
CR502981,CUST102981,2024-06-30,718,5,1,0.214,1,0,0,0,282000,60300,140
CR502982,CUST102982,2024-06-30,729,4,1,0.4,0,0,0,0,411000,164400,318
CR502983,CUST102983,2024-06-30,628,1,2,0.183,1,0,0,0,334000,61100,106
CR502984,CUST102984,2024-06-30,518,1,3,0.16,2,1,3,0,201000,32200,56
CR502985,CUST102985,2024-06-30,609,4,0,0.19,1,0,1,0,148000,28100,480
CR502986,CUST102986,2024-06-30,595,2,1,0.203,3,3,0,0,160000,32500,215
CR502987,CUST102987,2024-06-30,700,2,3,0.383,3,0,0,0,508000,194600,210
CR502988,CUST102988,2024-06-30,606,6,1,0.588,3,1,0,0,150000,88200,87
CR502989,CUST102989,2024-06-30,900,2,6,0.518,1,0,0,0,1372000,710700,369
CR502990,CUST102990,2024-06-30,691,3,3,0.299,0,0,1,0,393000,117500,194
CR502991,CUST102991,2024-06-30,713,7,0,0.191,0,0,0,0,237000,45300,313
CR502992,CUST102992,2024-06-30,703,6,2,0.633,1,1,0,0,1211000,766600,257
CR502993,CUST102993,2024-06-30,798,2,3,0.237,0,0,0,0,1440000,341300,316
CR502994,CUST102994,2024-06-30,631,4,1,0.122,1,0,0,0,304000,37100,329
CR502995,CUST102995,2024-06-30,557,1,2,0.609,2,1,0,0,129000,78600,105
CR502996,CUST102996,2024-06-30,802,4,1,0.02,1,0,0,0,315000,6300,272
CR502997,CUST102997,2024-06-30,546,3,3,0.564,2,0,2,0,69000,38900,376
CR502998,CUST102998,2024-06-30,715,7,1,0.507,1,0,0,0,328000,166300,192
CR502999,CUST102999,2024-06-30,694,6,1,0.201,0,0,0,0,174000,35000,48
CR503000,CUST103000,2024-06-30,693,3,0,0.02,0,0,0,0,142000,2800,328
CR503001,CUST103001,2024-06-30,635,4,0,0.648,4,0,0,0,170000,110200,6
CR503002,CUST103002,2024-06-30,776,7,0,0.158,0,0,0,0,382000,60400,277
CR503003,CUST103003,2024-06-30,721,7,2,0.444,0,0,0,0,197000,87500,6
CR503004,CUST103004,2024-06-30,602,6,0,0.206,1,0,0,0,213000,43900,27
CR503005,CUST103005,2024-06-30,545,4,2,0.423,5,3,1,0,128000,54100,6
CR503006,CUST103006,2024-06-30,721,3,0,0.29,0,0,0,0,335000,97200,321
CR503007,CUST103007,2024-06-30,702,5,0,0.147,0,0,0,0,168000,24700,356
CR503008,CUST103008,2024-06-30,697,5,3,0.909,0,0,0,0,368000,334500,151
CR503009,CUST103009,2024-06-30,600,6,0,0.102,3,0,0,0,194000,19800,264
CR503010,CUST103010,2024-06-30,556,4,3,0.599,1,0,0,0,245000,146800,118
CR503011,CUST103011,2024-06-30,697,4,0,0.041,0,0,0,0,314000,12900,105
CR503012,CUST103012,2024-06-30,544,5,3,0.286,3,0,2,0,178000,50900,37
CR503013,CUST103013,2024-06-30,616,3,1,0.334,1,0,0,0,359000,119900,66
CR503014,CUST103014,2024-06-30,762,3,0,0.415,1,0,0,0,1100000,456500,229
CR503015,CUST103015,2024-06-30,657,5,2,0.228,1,0,1,0,340000,77500,119
CR503016,CUST103016,2024-06-30,722,4,1,0.526,0,0,0,0,335000,176200,477
CR503017,CUST103017,2024-06-30,676,3,2,0.506,0,0,0,0,134000,67800,73
CR503018,CUST103018,2024-06-30,715,5,4,0.226,1,0,0,0,835000,188700,21
CR503019,CUST103019,2024-06-30,646,1,1,0.158,4,0,0,0,413000,65300,411
CR503020,CUST103020,2024-06-30,627,9,2,0.422,1,0,0,0,116000,49000,6
CR503021,CUST103021,2024-06-30,736,7,2,0.256,0,0,0,0,432000,110600,137
CR503022,CUST103022,2024-06-30,773,5,1,0.572,1,0,0,0,271000,155000,217
CR503023,CUST103023,2024-06-30,628,1,2,0.659,2,0,0,0,192000,126500,339
CR503024,CUST103024,2024-06-30,693,4,1,0.171,0,0,0,0,435000,74400,259
CR503025,CUST103025,2024-06-30,664,6,2,0.27,1,0,0,0,408000,110200,6
CR503026,CUST103026,2024-06-30,592,1,2,0.216,0,0,0,0,212000,45800,6
CR503027,CUST103027,2024-06-30,678,1,1,0.517,0,0,0,0,350000,181000,335
CR503028,CUST103028,2024-06-30,684,3,3,0.061,0,0,0,0,172000,10500,61
CR503029,CUST103029,2024-06-30,638,5,0,0.533,5,0,0,0,192000,102300,210
CR503030,CUST103030,2024-06-30,724,6,0,0.123,1,0,0,0,682000,83900,118
CR503031,CUST103031,2024-06-30,587,9,0,0.827,1,1,0,0,342000,282800,221
CR503032,CUST103032,2024-06-30,608,4,0,0.124,3,0,0,0,375000,46500,213
CR503033,CUST103033,2024-06-30,589,3,3,0.42,5,3,0,0,200000,84000,36
CR503034,CUST103034,2024-06-30,362,1,1,0.46,2,0,3,0,56000,25800,44
CR503035,CUST103035,2024-06-30,647,5,0,0.092,1,0,0,0,174000,16000,79
CR503036,CUST103036,2024-06-30,632,0,1,0.14,2,0,0,0,176000,24600,260
CR503037,CUST103037,2024-06-30,570,3,4,0.184,5,3,0,0,304000,55900,163
CR503038,CUST103038,2024-06-30,502,6,3,0.643,4,0,1,0,75000,48200,372
CR503039,CUST103039,2024-06-30,798,6,1,0.072,1,0,0,0,667000,48000,294
CR503040,CUST103040,2024-06-30,756,6,4,0.231,0,0,0,0,1035000,239100,257
CR503041,CUST103041,2024-06-30,732,5,2,0.492,0,0,1,0,421000,207100,206
CR503042,CUST103042,2024-06-30,628,3,4,0.658,2,0,1,0,833000,548100,129
CR503043,CUST103043,2024-06-30,699,3,1,0.546,0,0,0,0,106000,57900,130
CR503044,CUST103044,2024-06-30,623,2,0,0.509,4,1,0,0,448000,228000,264
CR503045,CUST103045,2024-06-30,570,3,3,0.62,3,1,0,0,429000,266000,220
CR503046,CUST103046,2024-06-30,739,4,0,0.18,0,0,0,0,813000,146300,378
CR503047,CUST103047,2024-06-30,568,2,3,0.517,4,2,0,0,162000,83800,6
CR503048,CUST103048,2024-06-30,651,3,2,0.663,1,0,0,0,59000,39100,138
CR503049,CUST103049,2024-06-30,611,1,1,0.506,2,0,0,0,160000,81000,377
CR503050,CUST103050,2024-06-30,675,7,4,0.379,1,0,0,0,197000,74700,319
CR503051,CUST103051,2024-06-30,612,0,2,0.519,2,0,0,0,267000,138600,153
CR503052,CUST103052,2024-06-30,701,3,2,0.206,0,0,0,0,354000,72900,132
CR503053,CUST103053,2024-06-30,577,4,5,0.156,3,2,0,0,252000,39300,83
CR503054,CUST103054,2024-06-30,767,4,1,0.251,0,0,0,0,298000,74800,116
CR503055,CUST103055,2024-06-30,715,4,0,0.561,0,0,1,0,350000,196400,335
CR503056,CUST103056,2024-06-30,650,2,1,0.453,0,0,1,0,237000,107400,108
CR503057,CUST103057,2024-06-30,608,3,0,0.272,2,0,0,0,329000,89500,296
CR503058,CUST103058,2024-06-30,583,2,2,0.463,5,1,0,0,69000,31900,6
CR503059,CUST103059,2024-06-30,653,3,2,0.312,0,0,0,0,288000,89900,76
CR503060,CUST103060,2024-06-30,695,5,1,0.298,0,0,0,0,418000,124600,295
CR503061,CUST103061,2024-06-30,725,1,1,0.137,0,0,0,0,805000,110300,297
CR503062,CUST103062,2024-06-30,644,3,1,0.538,1,1,0,0,234000,125900,116
CR503063,CUST103063,2024-06-30,700,6,3,0.317,0,0,0,0,309000,98000,295
CR503064,CUST103064,2024-06-30,658,7,0,0.297,1,0,0,0,134000,39800,329
CR503065,CUST103065,2024-06-30,444,2,1,0.755,4,0,1,0,78000,58900,311
CR503066,CUST103066,2024-06-30,722,2,1,0.169,0,0,0,0,288000,48700,243
CR503067,CUST103067,2024-06-30,750,6,1,0.528,1,0,0,0,459000,242400,283
CR503068,CUST103068,2024-06-30,705,6,1,0.399,0,0,0,0,143000,57100,177
CR503069,CUST103069,2024-06-30,616,3,2,0.144,3,0,1,0,486000,70000,218
CR503070,CUST103070,2024-06-30,502,2,3,0.257,2,0,0,0,111000,28500,467
CR503071,CUST103071,2024-06-30,643,1,1,0.068,2,0,0,0,163000,11100,301
CR503072,CUST103072,2024-06-30,691,2,2,0.5,0,0,0,0,201000,100500,6
CR503073,CUST103073,2024-06-30,723,5,0,0.18,0,0,0,0,380000,68400,227
CR503074,CUST103074,2024-06-30,699,2,2,0.365,0,0,0,0,356000,129900,326
CR503075,CUST103075,2024-06-30,695,3,4,0.368,0,0,0,0,461000,169600,303
CR503076,CUST103076,2024-06-30,796,5,2,0.25,0,0,0,0,1135000,283800,6
CR503077,CUST103077,2024-06-30,869,3,0,0.572,0,0,0,0,1092000,624600,28
CR503078,CUST103078,2024-06-30,772,2,3,0.66,0,0,0,0,1074000,708800,387
CR503079,CUST103079,2024-06-30,567,3,3,0.529,0,0,0,0,126000,66700,335
CR503080,CUST103080,2024-06-30,623,1,2,0.345,2,0,0,0,333000,114900,52
CR503081,CUST103081,2024-06-30,660,3,3,0.666,0,0,0,0,131000,87200,189
CR503082,CUST103082,2024-06-30,617,3,1,0.368,2,0,0,0,211000,77600,221
CR503083,CUST103083,2024-06-30,670,3,0,0.252,1,0,0,0,266000,67000,290
CR503084,CUST103084,2024-06-30,648,3,1,0.362,1,0,0,0,566000,204900,347
CR503085,CUST103085,2024-06-30,583,4,3,0.482,0,0,0,0,68000,32800,169
CR503086,CUST103086,2024-06-30,697,5,1,0.192,0,0,0,0,319000,61200,256
CR503087,CUST103087,2024-06-30,633,5,2,0.425,1,1,0,0,227000,96500,35
CR503088,CUST103088,2024-06-30,754,4,4,0.207,2,0,0,0,750000,155200,335
CR503089,CUST103089,2024-06-30,727,4,1,0.163,0,0,0,0,1196000,194900,283
CR503090,CUST103090,2024-06-30,641,0,2,0.368,3,0,0,0,292000,107500,61
CR503091,CUST103091,2024-06-30,629,5,0,0.813,0,0,0,0,779000,633300,87
CR503092,CUST103092,2024-06-30,703,2,1,0.078,1,0,0,0,480000,37400,331
CR503093,CUST103093,2024-06-30,658,3,1,0.266,1,0,0,0,437000,116200,39
CR503094,CUST103094,2024-06-30,802,2,2,0.117,1,0,0,0,554000,64800,91
CR503095,CUST103095,2024-06-30,496,3,1,0.506,1,1,1,0,85000,43000,143
CR503096,CUST103096,2024-06-30,741,5,2,0.087,0,0,0,0,438000,38100,55
CR503097,CUST103097,2024-06-30,666,4,0,0.148,1,0,0,0,373000,55200,10
CR503098,CUST103098,2024-06-30,628,6,1,0.232,2,0,0,0,445000,103200,6
CR503099,CUST103099,2024-06-30,736,2,1,0.401,0,0,0,0,338000,135500,170
CR503100,CUST103100,2024-06-30,765,4,2,0.289,1,0,0,0,284000,82100,279
CR503101,CUST103101,2024-06-30,659,3,0,0.294,1,0,0,0,134000,39400,85
CR503102,CUST103102,2024-06-30,503,3,3,0.254,1,1,0,0,28000,7100,293
CR503103,CUST103103,2024-06-30,656,4,1,0.274,0,0,0,0,292000,80000,191
CR503104,CUST103104,2024-06-30,803,7,1,0.12,0,0,0,0,310000,37200,339
CR503105,CUST103105,2024-06-30,566,0,1,0.12,4,1,0,0,56000,6700,29
CR503106,CUST103106,2024-06-30,745,2,2,0.585,1,0,0,0,290000,169600,252
CR503107,CUST103107,2024-06-30,715,4,2,0.197,0,0,0,0,649000,127900,247
CR503108,CUST103108,2024-06-30,695,1,2,0.24,1,0,0,0,372000,89300,183
CR503109,CUST103109,2024-06-30,685,4,1,0.335,1,0,0,0,840000,281400,276
CR503110,CUST103110,2024-06-30,517,3,0,0.509,0,0,1,0,37000,18800,160
CR503111,CUST103111,2024-06-30,701,2,1,0.218,1,0,0,0,125000,27200,344
CR503112,CUST103112,2024-06-30,751,7,3,0.378,0,0,0,0,821000,310300,200
CR503113,CUST103113,2024-06-30,528,1,1,0.204,3,2,0,0,135000,27500,281
CR503114,CUST103114,2024-06-30,465,2,1,0.395,1,1,1,0,110000,43400,350
CR503115,CUST103115,2024-06-30,598,0,2,0.141,4,1,0,0,319000,45000,231
CR503116,CUST103116,2024-06-30,694,0,4,0.473,1,0,0,0,534000,252600,154
CR503117,CUST103117,2024-06-30,672,1,1,0.178,0,0,0,0,387000,68900,16
CR503118,CUST103118,2024-06-30,623,5,1,0.424,1,0,0,0,123000,52200,302
CR503119,CUST103119,2024-06-30,715,3,0,0.597,0,0,0,0,343000,204800,41
CR503120,CUST103120,2024-06-30,787,4,1,0.605,0,0,0,0,378000,228700,245
CR503121,CUST103121,2024-06-30,708,3,0,0.522,0,0,0,0,326000,170200,159
CR503122,CUST103122,2024-06-30,650,6,2,0.057,0,0,0,0,213000,12100,122
CR503123,CUST103123,2024-06-30,747,3,1,0.101,0,0,0,0,367000,37100,39
CR503124,CUST103124,2024-06-30,597,0,5,0.354,4,0,0,0,160000,56600,187
CR503125,CUST103125,2024-06-30,679,2,3,0.268,0,0,0,0,310000,83100,222
CR503126,CUST103126,2024-06-30,685,2,3,0.325,1,0,0,0,426000,138400,135
CR503127,CUST103127,2024-06-30,655,3,1,0.614,0,0,0,0,117000,71800,368
CR503128,CUST103128,2024-06-30,727,2,0,0.388,0,0,0,0,240000,93100,109
CR503129,CUST103129,2024-06-30,737,3,3,0.124,0,0,0,0,957000,118700,231
CR503130,CUST103130,2024-06-30,540,2,2,0.23,3,1,0,0,317000,72900,254
CR503131,CUST103131,2024-06-30,513,1,1,0.616,3,2,1,0,71000,43700,170
CR503132,CUST103132,2024-06-30,758,6,2,0.02,1,0,0,0,331000,6600,125
CR503133,CUST103133,2024-06-30,585,1,1,0.636,6,1,0,0,439000,279200,230
CR503134,CUST103134,2024-06-30,746,4,3,0.415,0,0,0,0,547000,227000,60
CR503135,CUST103135,2024-06-30,796,3,0,0.281,0,0,0,0,494000,138800,249
CR503136,CUST103136,2024-06-30,665,3,0,0.157,0,0,0,0,227000,35600,141
CR503137,CUST103137,2024-06-30,746,5,1,0.466,1,0,0,0,684000,318700,143
CR503138,CUST103138,2024-06-30,697,2,1,0.078,0,0,0,0,508000,39600,73
CR503139,CUST103139,2024-06-30,632,3,1,0.52,1,0,0,0,166000,86300,365
CR503140,CUST103140,2024-06-30,403,1,4,0.419,4,1,0,0,173000,72500,127
CR503141,CUST103141,2024-06-30,658,5,0,0.118,0,0,0,0,183000,21600,59
CR503142,CUST103142,2024-06-30,680,3,0,0.538,2,0,0,0,339000,182400,41
CR503143,CUST103143,2024-06-30,619,2,2,0.509,0,0,0,0,253000,128800,109
CR503144,CUST103144,2024-06-30,636,5,4,0.846,2,0,0,0,142000,120100,212
CR503145,CUST103145,2024-06-30,625,5,0,0.619,1,1,0,0,279000,172700,81
CR503146,CUST103146,2024-06-30,603,2,2,0.672,1,0,0,0,110000,73900,32
CR503147,CUST103147,2024-06-30,734,5,1,0.038,1,0,0,0,222000,8400,297
CR503148,CUST103148,2024-06-30,594,1,3,0.485,4,2,1,0,210000,101800,384
CR503149,CUST103149,2024-06-30,676,3,1,0.224,0,0,0,0,230000,51500,177
CR503150,CUST103150,2024-06-30,723,3,2,0.062,0,0,0,0,197000,12200,331
CR503151,CUST103151,2024-06-30,376,4,2,0.608,1,0,0,0,82000,49900,302
CR503152,CUST103152,2024-06-30,475,1,3,0.32,0,0,0,0,91000,29100,6
CR503153,CUST103153,2024-06-30,789,7,3,0.213,0,0,0,0,810000,172500,48
CR503154,CUST103154,2024-06-30,580,2,2,0.477,6,0,0,0,177000,84400,74
CR503155,CUST103155,2024-06-30,328,2,3,0.466,3,1,0,0,82000,38200,239
CR503156,CUST103156,2024-06-30,690,4,0,0.117,2,0,0,0,202000,23600,242
CR503157,CUST103157,2024-06-30,673,3,0,0.164,0,0,0,0,162000,26600,6
CR503158,CUST103158,2024-06-30,702,5,1,0.511,0,0,0,0,158000,80700,145
CR503159,CUST103159,2024-06-30,720,3,2,0.346,1,0,0,0,798000,276100,90
CR503160,CUST103160,2024-06-30,611,4,1,0.274,4,0,0,0,178000,48800,68
CR503161,CUST103161,2024-06-30,784,2,3,0.561,0,0,0,0,362000,203100,249
CR503162,CUST103162,2024-06-30,559,5,3,0.696,2,1,0,0,120000,83500,326
CR503163,CUST103163,2024-06-30,497,1,1,0.491,0,0,0,0,61000,30000,228
CR503164,CUST103164,2024-06-30,684,4,1,0.211,1,0,0,0,464000,97900,168
CR503165,CUST103165,2024-06-30,658,1,1,0.417,0,0,0,0,242000,100900,262
CR503166,CUST103166,2024-06-30,584,1,1,0.634,1,1,0,0,280000,177500,238
CR503167,CUST103167,2024-06-30,633,2,0,0.335,3,0,0,0,477000,159800,110
CR503168,CUST103168,2024-06-30,542,3,2,0.288,7,1,1,0,242000,69700,19
CR503169,CUST103169,2024-06-30,807,2,3,0.068,0,0,0,0,420000,28600,197
CR503170,CUST103170,2024-06-30,717,6,1,0.426,1,0,0,0,137000,58400,205
CR503171,CUST103171,2024-06-30,743,2,3,0.497,1,0,0,0,1447000,719200,270
CR503172,CUST103172,2024-06-30,664,3,1,0.523,1,0,0,0,233000,121900,171
CR503173,CUST103173,2024-06-30,586,3,4,0.353,2,2,0,0,190000,67100,72
CR503174,CUST103174,2024-06-30,691,2,4,0.229,2,0,0,0,345000,79000,120
CR503175,CUST103175,2024-06-30,709,4,0,0.435,0,0,0,0,152000,66100,180
CR503176,CUST103176,2024-06-30,637,2,1,0.31,1,0,0,0,383000,118700,422
CR503177,CUST103177,2024-06-30,772,3,1,0.193,0,0,0,0,220000,42500,248
CR503178,CUST103178,2024-06-30,655,5,0,0.511,0,0,0,0,304000,155300,327
CR503179,CUST103179,2024-06-30,683,3,1,0.269,0,0,0,0,487000,131000,224
CR503180,CUST103180,2024-06-30,652,1,2,0.374,0,0,0,0,128000,47900,322
CR503181,CUST103181,2024-06-30,779,5,2,0.02,0,0,1,0,363000,7300,166
CR503182,CUST103182,2024-06-30,690,3,3,0.349,0,0,0,0,142000,49600,126
CR503183,CUST103183,2024-06-30,504,6,2,0.422,0,0,0,0,240000,101300,227
CR503184,CUST103184,2024-06-30,542,5,2,0.285,1,0,0,0,99000,28200,111
CR503185,CUST103185,2024-06-30,584,3,2,0.515,2,2,0,0,169000,87000,39
CR503186,CUST103186,2024-06-30,794,7,1,0.107,0,0,0,0,914000,97800,140
CR503187,CUST103187,2024-06-30,755,6,3,0.201,0,0,0,0,408000,82000,281
CR503188,CUST103188,2024-06-30,722,4,3,0.208,0,0,0,0,134000,27900,123
CR503189,CUST103189,2024-06-30,749,3,3,0.132,0,0,0,0,802000,105900,334
CR503190,CUST103190,2024-06-30,599,7,2,0.84,5,1,0,0,134000,112600,6
CR503191,CUST103191,2024-06-30,721,2,2,0.094,0,0,0,0,1340000,126000,134
CR503192,CUST103192,2024-06-30,547,2,4,0.528,5,1,0,0,84000,44400,23
CR503193,CUST103193,2024-06-30,652,6,2,0.131,0,0,0,0,75000,9800,191
CR503194,CUST103194,2024-06-30,626,5,1,0.355,1,0,0,0,267000,94800,176
CR503195,CUST103195,2024-06-30,673,4,0,0.409,0,0,0,0,562000,229900,6
CR503196,CUST103196,2024-06-30,679,5,2,0.139,1,0,0,0,397000,55200,332
CR503197,CUST103197,2024-06-30,672,5,0,0.562,1,0,0,0,448000,251800,171
CR503198,CUST103198,2024-06-30,590,4,2,0.647,5,1,0,0,167000,108000,30
CR503199,CUST103199,2024-06-30,650,2,0,0.255,0,0,0,0,315000,80300,375
CR503200,CUST103200,2024-06-30,763,4,5,0.185,1,0,0,0,907000,167800,96
CR503201,CUST103201,2024-06-30,673,5,5,0.201,0,0,0,0,360000,72400,184
CR503202,CUST103202,2024-06-30,675,2,3,0.493,0,0,0,0,525000,258800,226
CR503203,CUST103203,2024-06-30,793,3,1,0.02,0,0,0,0,494000,9900,139
CR503204,CUST103204,2024-06-30,620,3,1,0.317,3,0,0,0,95000,30100,226
CR503205,CUST103205,2024-06-30,787,3,2,0.02,0,0,0,0,827000,16500,137
CR503206,CUST103206,2024-06-30,699,2,2,0.616,0,0,0,0,439000,270400,247
CR503207,CUST103207,2024-06-30,633,1,1,0.564,5,0,0,0,581000,327700,266
CR503208,CUST103208,2024-06-30,696,3,0,0.647,1,0,0,0,500000,323500,267
CR503209,CUST103209,2024-06-30,855,2,2,0.349,0,0,0,0,1621000,565700,279
CR503210,CUST103210,2024-06-30,674,2,4,0.239,1,0,0,0,505000,120700,166
CR503211,CUST103211,2024-06-30,687,0,0,0.229,0,0,0,0,175000,40100,241
CR503212,CUST103212,2024-06-30,745,9,3,0.464,0,0,0,0,176000,81700,321
CR503213,CUST103213,2024-06-30,771,4,0,0.379,0,0,0,0,500000,189500,458
CR503214,CUST103214,2024-06-30,668,2,1,0.554,0,0,0,0,353000,195600,318
CR503215,CUST103215,2024-06-30,589,4,4,0.595,4,2,0,0,125000,74400,168
CR503216,CUST103216,2024-06-30,562,6,6,0.788,1,1,1,0,1391000,1096100,257
CR503217,CUST103217,2024-06-30,829,7,0,0.043,1,0,0,0,1908000,82000,226
CR503218,CUST103218,2024-06-30,523,4,3,0.381,3,1,1,0,88000,33500,6
CR503219,CUST103219,2024-06-30,682,2,0,0.418,0,0,0,0,276000,115400,387
CR503220,CUST103220,2024-06-30,603,5,2,0.523,3,0,0,0,213000,111400,106
CR503221,CUST103221,2024-06-30,580,4,5,0.55,4,1,0,0,136000,74800,252
CR503222,CUST103222,2024-06-30,638,3,2,0.599,2,0,0,0,132000,79100,148
CR503223,CUST103223,2024-06-30,704,3,2,0.124,0,0,0,0,330000,40900,6
CR503224,CUST103224,2024-06-30,706,1,0,0.409,0,0,0,0,513000,209800,6
CR503225,CUST103225,2024-06-30,637,7,1,0.678,3,0,0,0,274000,185800,171
CR503226,CUST103226,2024-06-30,640,2,3,0.162,2,0,0,0,81000,13100,291
CR503227,CUST103227,2024-06-30,561,4,2,0.763,1,0,0,0,384000,293000,152
CR503228,CUST103228,2024-06-30,629,4,0,0.506,1,0,0,0,147000,74400,331
CR503229,CUST103229,2024-06-30,511,3,3,0.489,1,0,1,0,157000,76800,219
CR503230,CUST103230,2024-06-30,701,4,0,0.308,1,0,0,0,435000,134000,362
CR503231,CUST103231,2024-06-30,748,2,1,0.224,0,0,0,0,397000,88900,256
CR503232,CUST103232,2024-06-30,610,5,1,0.316,1,0,0,0,106000,33500,272
CR503233,CUST103233,2024-06-30,653,5,2,0.234,0,0,0,0,73000,17100,139
CR503234,CUST103234,2024-06-30,671,5,2,0.285,0,0,0,0,449000,128000,197
CR503235,CUST103235,2024-06-30,695,3,1,0.12,0,0,0,0,182000,21800,6
CR503236,CUST103236,2024-06-30,550,4,3,0.7,2,2,1,0,38000,26600,252
CR503237,CUST103237,2024-06-30,454,5,1,0.504,0,0,1,0,72000,36300,308
CR503238,CUST103238,2024-06-30,571,3,3,0.697,4,1,0,0,97000,67600,192
CR503239,CUST103239,2024-06-30,637,4,1,0.457,0,0,0,0,126000,57600,304
CR503240,CUST103240,2024-06-30,607,7,1,0.726,1,0,0,0,128000,92900,47
CR503241,CUST103241,2024-06-30,767,2,2,0.342,0,0,0,0,375000,128300,227
CR503242,CUST103242,2024-06-30,571,3,1,0.44,2,2,0,0,225000,99000,118
CR503243,CUST103243,2024-06-30,843,9,0,0.277,1,0,0,0,2050000,567800,258
CR503244,CUST103244,2024-06-30,690,4,1,0.737,1,0,0,0,390000,287400,246
CR503245,CUST103245,2024-06-30,627,3,3,0.539,0,0,0,0,195000,105100,252
CR503246,CUST103246,2024-06-30,642,4,2,0.401,1,0,0,0,629000,252200,261
CR503247,CUST103247,2024-06-30,647,6,1,0.302,3,0,0,0,354000,106900,318
CR503248,CUST103248,2024-06-30,445,1,1,0.429,3,3,1,1,75000,32200,116
CR503249,CUST103249,2024-06-30,876,3,2,0.276,1,0,0,0,1033000,285100,371
CR503250,CUST103250,2024-06-30,604,1,3,0.374,4,0,0,0,519000,194100,6
CR503251,CUST103251,2024-06-30,659,7,1,0.708,3,0,0,0,276000,195400,216
CR503252,CUST103252,2024-06-30,730,3,2,0.064,0,0,0,0,244000,15600,6
CR503253,CUST103253,2024-06-30,659,3,2,0.343,0,0,0,0,211000,72400,414
CR503254,CUST103254,2024-06-30,679,7,1,0.426,0,0,0,0,264000,112500,6
CR503255,CUST103255,2024-06-30,696,1,2,0.313,2,0,0,0,805000,252000,301
CR503256,CUST103256,2024-06-30,754,9,2,0.576,0,0,0,0,848000,488400,178
CR503257,CUST103257,2024-06-30,624,3,0,0.352,5,1,0,0,263000,92600,137
CR503258,CUST103258,2024-06-30,561,3,4,0.217,3,3,0,0,51000,11100,284
CR503259,CUST103259,2024-06-30,724,1,1,0.341,0,0,0,0,89000,30300,105
CR503260,CUST103260,2024-06-30,645,4,0,0.573,3,0,0,0,247000,141500,266
CR503261,CUST103261,2024-06-30,821,4,1,0.158,0,0,0,0,342000,54000,470
CR503262,CUST103262,2024-06-30,786,2,1,0.402,0,0,0,0,750000,301500,126
CR503263,CUST103263,2024-06-30,748,2,1,0.616,1,0,0,0,180000,110900,69
CR503264,CUST103264,2024-06-30,739,6,7,0.33,1,0,0,0,468000,154400,389
CR503265,CUST103265,2024-06-30,497,5,3,0.493,1,1,0,0,168000,82800,179
CR503266,CUST103266,2024-06-30,404,1,4,0.546,0,0,0,0,63000,34400,154
CR503267,CUST103267,2024-06-30,474,8,4,0.586,1,1,1,0,31000,18200,6
CR503268,CUST103268,2024-06-30,610,2,1,0.613,1,0,0,0,111000,68000,94
CR503269,CUST103269,2024-06-30,634,3,2,0.377,1,0,0,0,104000,39200,210
CR503270,CUST103270,2024-06-30,658,2,3,0.207,0,0,0,0,183000,37900,248
CR503271,CUST103271,2024-06-30,527,1,3,0.492,1,0,2,0,187000,92000,59
CR503272,CUST103272,2024-06-30,642,4,1,0.303,4,0,0,0,65000,19700,430
CR503273,CUST103273,2024-06-30,617,4,0,0.404,2,0,0,0,325000,131300,133
CR503274,CUST103274,2024-06-30,653,0,1,0.312,1,0,0,0,185000,57700,286
CR503275,CUST103275,2024-06-30,539,3,1,0.284,2,1,3,0,229000,65000,307
CR503276,CUST103276,2024-06-30,585,4,1,0.353,1,0,0,0,116000,40900,125
CR503277,CUST103277,2024-06-30,723,2,1,0.249,0,0,0,0,307000,76400,67
CR503278,CUST103278,2024-06-30,623,4,0,0.317,4,0,0,0,147000,46600,15
CR503279,CUST103279,2024-06-30,593,4,4,0.085,2,2,1,0,322000,27400,53
CR503280,CUST103280,2024-06-30,610,2,0,0.06,2,0,0,0,213000,12800,67
CR503281,CUST103281,2024-06-30,701,5,1,0.515,1,0,0,0,178000,91700,339
CR503282,CUST103282,2024-06-30,646,1,0,0.081,2,0,0,0,139000,11300,6
CR503283,CUST103283,2024-06-30,825,6,1,0.36,0,0,0,0,469000,168800,245
CR503284,CUST103284,2024-06-30,486,4,0,0.752,1,1,2,0,98000,73700,198
CR503285,CUST103285,2024-06-30,642,1,0,0.221,1,0,0,0,264000,58300,236
CR503286,CUST103286,2024-06-30,601,4,2,0.27,1,0,0,0,55000,14900,157
CR503287,CUST103287,2024-06-30,771,5,1,0.367,0,0,0,0,149000,54700,166
CR503288,CUST103288,2024-06-30,538,5,1,0.467,3,2,0,0,130000,60700,80
CR503289,CUST103289,2024-06-30,605,4,0,0.491,2,0,0,0,286000,140400,480
CR503290,CUST103290,2024-06-30,569,6,2,0.577,6,1,0,0,196000,113100,393
CR503291,CUST103291,2024-06-30,662,2,0,0.241,1,0,1,0,139000,33500,354
CR503292,CUST103292,2024-06-30,601,1,2,0.392,3,0,0,0,128000,50200,222
CR503293,CUST103293,2024-06-30,632,6,3,0.379,4,0,0,0,307000,116400,365
CR503294,CUST103294,2024-06-30,815,2,3,0.02,0,0,0,0,321000,6400,140
CR503295,CUST103295,2024-06-30,703,8,2,0.265,0,0,0,0,319000,84500,339
CR503296,CUST103296,2024-06-30,719,3,1,0.093,0,0,0,0,252000,23400,231
CR503297,CUST103297,2024-06-30,545,5,2,0.693,1,1,0,0,69000,47800,164
CR503298,CUST103298,2024-06-30,609,5,2,0.288,3,0,0,0,184000,53000,35
CR503299,CUST103299,2024-06-30,691,7,2,0.154,0,0,0,0,334000,51400,362
CR503300,CUST103300,2024-06-30,588,1,3,0.157,1,1,0,0,178000,27900,58
CR503301,CUST103301,2024-06-30,512,1,3,0.628,5,0,0,0,91000,57100,308
CR503302,CUST103302,2024-06-30,616,3,1,0.157,1,0,1,0,150000,23600,325
CR503303,CUST103303,2024-06-30,454,5,1,0.56,1,1,1,0,71000,39800,8
CR503304,CUST103304,2024-06-30,626,0,0,0.657,5,0,0,0,148000,97200,170
CR503305,CUST103305,2024-06-30,665,2,3,0.509,0,0,0,0,372000,189300,259
CR503306,CUST103306,2024-06-30,600,4,2,0.333,4,0,0,0,200000,66600,158
CR503307,CUST103307,2024-06-30,674,7,1,0.108,0,0,0,0,311000,33600,225
CR503308,CUST103308,2024-06-30,731,3,0,0.651,0,0,0,0,206000,134100,140
CR503309,CUST103309,2024-06-30,688,5,2,0.476,0,0,0,0,300000,142800,242
CR503310,CUST103310,2024-06-30,626,0,3,0.7,3,0,0,0,220000,154000,6
CR503311,CUST103311,2024-06-30,702,8,0,0.421,0,0,0,0,418000,176000,89
CR503312,CUST103312,2024-06-30,649,6,3,0.309,2,0,0,0,438000,135300,124
CR503313,CUST103313,2024-06-30,590,1,2,0.782,1,1,0,0,100000,78200,85
CR503314,CUST103314,2024-06-30,555,3,0,0.379,1,1,0,0,45000,17100,75
CR503315,CUST103315,2024-06-30,714,3,1,0.276,1,0,0,0,149000,41100,263
CR503316,CUST103316,2024-06-30,599,7,2,0.283,3,1,1,0,217000,61400,103
CR503317,CUST103317,2024-06-30,547,3,3,0.215,1,1,2,0,113000,24300,10
CR503318,CUST103318,2024-06-30,721,3,2,0.317,0,0,0,0,259000,82100,236
CR503319,CUST103319,2024-06-30,525,1,3,0.373,1,1,1,0,147000,54800,313
CR503320,CUST103320,2024-06-30,618,7,1,0.577,1,1,0,0,537000,309800,6
CR503321,CUST103321,2024-06-30,745,4,4,0.507,0,0,0,0,209000,106000,119
CR503322,CUST103322,2024-06-30,667,1,2,0.335,1,0,0,0,332000,111200,187
CR503323,CUST103323,2024-06-30,698,3,2,0.693,0,0,0,0,588000,407500,217
CR503324,CUST103324,2024-06-30,617,3,2,0.851,1,0,0,0,468000,398300,6
CR503325,CUST103325,2024-06-30,567,4,1,0.546,3,3,1,0,121000,66100,307
CR503326,CUST103326,2024-06-30,718,6,2,0.268,2,0,0,0,1002000,268500,152
CR503327,CUST103327,2024-06-30,564,2,1,0.405,2,1,0,0,187000,75700,174
CR503328,CUST103328,2024-06-30,703,2,3,0.321,1,0,0,0,583000,187100,201
CR503329,CUST103329,2024-06-30,852,5,0,0.309,2,0,0,0,545000,168400,143
CR503330,CUST103330,2024-06-30,720,2,1,0.207,0,0,0,0,346000,71600,271
CR503331,CUST103331,2024-06-30,542,0,3,0.28,1,1,0,0,297000,83200,236
CR503332,CUST103332,2024-06-30,641,6,3,0.252,1,0,0,0,66000,16600,288
CR503333,CUST103333,2024-06-30,727,6,2,0.27,1,0,0,0,245000,66200,224
CR503334,CUST103334,2024-06-30,632,1,4,0.411,2,0,0,0,282000,115900,298
CR503335,CUST103335,2024-06-30,680,3,2,0.174,1,0,0,0,121000,21100,97
CR503336,CUST103336,2024-06-30,357,2,4,0.902,2,1,0,0,106000,95600,6
CR503337,CUST103337,2024-06-30,657,2,0,0.214,1,0,0,0,382000,81700,172
CR503338,CUST103338,2024-06-30,614,1,0,0.227,0,0,0,0,591000,134200,138
CR503339,CUST103339,2024-06-30,730,5,3,0.233,0,0,0,0,170000,39600,204
CR503340,CUST103340,2024-06-30,599,6,4,0.269,1,1,0,0,265000,71300,130
CR503341,CUST103341,2024-06-30,747,6,1,0.551,0,0,0,0,202000,111300,238
CR503342,CUST103342,2024-06-30,632,5,0,0.212,1,0,0,0,282000,59800,459
CR503343,CUST103343,2024-06-30,815,1,0,0.363,1,0,0,0,590000,214200,133
CR503344,CUST103344,2024-06-30,602,4,0,0.245,6,1,0,0,110000,27000,163
CR503345,CUST103345,2024-06-30,614,9,1,0.371,1,0,0,0,198000,73500,225
CR503346,CUST103346,2024-06-30,644,3,2,0.314,2,0,0,0,219000,68800,129
CR503347,CUST103347,2024-06-30,761,3,1,0.502,0,0,0,0,307000,154100,6
CR503348,CUST103348,2024-06-30,571,3,1,0.641,3,3,0,0,138000,88500,253
CR503349,CUST103349,2024-06-30,557,1,2,0.295,1,1,0,0,41000,12100,209
CR503350,CUST103350,2024-06-30,510,4,5,0.4,1,0,0,0,127000,50800,147
CR503351,CUST103351,2024-06-30,622,3,2,0.38,0,0,0,0,50000,19000,107
CR503352,CUST103352,2024-06-30,672,2,0,0.172,0,0,0,0,970000,166800,121
CR503353,CUST103353,2024-06-30,484,3,3,0.304,1,1,3,0,73000,22200,286
CR503354,CUST103354,2024-06-30,603,2,1,0.669,1,0,0,0,473000,316400,193
CR503355,CUST103355,2024-06-30,542,2,3,0.524,1,0,2,0,500000,262000,110
CR503356,CUST103356,2024-06-30,436,3,4,0.67,1,0,1,0,50000,33500,227
CR503357,CUST103357,2024-06-30,487,7,0,0.568,0,0,1,0,90000,51100,6
CR503358,CUST103358,2024-06-30,743,2,1,0.343,1,0,0,0,290000,99500,6
CR503359,CUST103359,2024-06-30,702,3,0,0.201,0,0,0,0,475000,95500,6
CR503360,CUST103360,2024-06-30,545,5,2,0.31,2,2,0,0,92000,28500,170
CR503361,CUST103361,2024-06-30,631,5,0,0.291,2,0,0,0,335000,97500,235
CR503362,CUST103362,2024-06-30,532,8,2,0.235,3,1,2,0,70000,16400,145
CR503363,CUST103363,2024-06-30,569,5,5,0.526,6,0,0,0,90000,47300,6
CR503364,CUST103364,2024-06-30,724,6,4,0.379,1,0,0,0,550000,208400,122
CR503365,CUST103365,2024-06-30,600,4,2,0.437,1,0,0,0,63000,27500,285
CR503366,CUST103366,2024-06-30,712,3,0,0.295,0,0,0,0,512000,151000,123
CR503367,CUST103367,2024-06-30,652,2,1,0.68,0,0,0,0,414000,281500,283
CR503368,CUST103368,2024-06-30,633,1,2,0.332,1,0,0,0,108000,35900,351
CR503369,CUST103369,2024-06-30,702,3,0,0.187,0,0,0,0,1246000,233000,180
CR503370,CUST103370,2024-06-30,641,2,2,0.297,0,0,0,0,190000,56400,316
CR503371,CUST103371,2024-06-30,697,4,1,0.361,0,0,0,0,328000,118400,220
CR503372,CUST103372,2024-06-30,650,2,0,0.414,0,0,0,0,176000,72900,350
CR503373,CUST103373,2024-06-30,716,8,1,0.575,0,0,0,0,320000,184000,341
CR503374,CUST103374,2024-06-30,450,2,2,0.409,2,0,1,0,25000,10200,82
CR503375,CUST103375,2024-06-30,860,2,0,0.303,1,0,0,0,1320000,400000,289
CR503376,CUST103376,2024-06-30,597,7,3,0.433,2,0,0,0,247000,107000,6
CR503377,CUST103377,2024-06-30,671,4,3,0.113,1,0,0,0,369000,41700,341
CR503378,CUST103378,2024-06-30,634,4,0,0.475,2,0,0,0,353000,167700,176
CR503379,CUST103379,2024-06-30,717,3,0,0.326,0,0,0,0,264000,86100,146
CR503380,CUST103380,2024-06-30,509,5,1,0.38,3,3,1,0,149000,56600,11
CR503381,CUST103381,2024-06-30,583,2,3,0.14,3,1,1,0,161000,22500,65
CR503382,CUST103382,2024-06-30,545,2,1,0.384,3,2,1,0,123000,47200,167
CR503383,CUST103383,2024-06-30,735,4,1,0.349,0,0,0,0,1121000,391200,251
CR503384,CUST103384,2024-06-30,557,6,1,0.623,3,1,2,0,159000,99100,258
CR503385,CUST103385,2024-06-30,830,4,3,0.182,1,0,0,0,556000,101200,399
CR503386,CUST103386,2024-06-30,710,3,2,0.364,1,0,0,0,465000,169300,171
CR503387,CUST103387,2024-06-30,706,3,1,0.245,1,0,0,0,282000,69100,175
CR503388,CUST103388,2024-06-30,647,3,2,0.389,4,1,0,0,273000,106200,112
CR503389,CUST103389,2024-06-30,716,3,3,0.531,0,0,0,0,152000,80700,105
CR503390,CUST103390,2024-06-30,636,0,3,0.254,2,0,0,0,232000,58900,325
CR503391,CUST103391,2024-06-30,699,4,1,0.218,2,1,0,0,442000,96400,6
CR503392,CUST103392,2024-06-30,756,4,1,0.02,0,0,0,0,290000,5800,282
CR503393,CUST103393,2024-06-30,572,6,0,0.15,2,1,0,0,113000,17000,274
CR503394,CUST103394,2024-06-30,667,2,1,0.364,1,0,0,0,223000,81200,127
CR503395,CUST103395,2024-06-30,690,8,1,0.363,0,0,0,0,972000,352800,250
CR503396,CUST103396,2024-06-30,721,5,0,0.093,0,0,0,0,134000,12500,395
CR503397,CUST103397,2024-06-30,604,2,5,0.237,0,0,0,0,115000,27300,193
CR503398,CUST103398,2024-06-30,777,2,1,0.393,0,0,0,0,203000,79800,461
CR503399,CUST103399,2024-06-30,671,4,2,0.445,0,0,0,0,177000,78800,41
CR503400,CUST103400,2024-06-30,777,7,1,0.102,1,0,0,0,269000,27400,6
CR503401,CUST103401,2024-06-30,477,4,4,0.589,3,1,1,0,166000,97800,285
CR503402,CUST103402,2024-06-30,700,3,2,0.321,0,0,0,0,161000,51700,358
CR503403,CUST103403,2024-06-30,655,3,3,0.725,0,0,0,0,392000,284200,195
CR503404,CUST103404,2024-06-30,630,5,0,0.325,2,0,0,0,208000,67600,201
CR503405,CUST103405,2024-06-30,721,4,1,0.154,1,0,0,0,414000,63800,266
CR503406,CUST103406,2024-06-30,590,0,3,0.497,3,0,0,0,240000,119300,148
CR503407,CUST103407,2024-06-30,688,9,0,0.552,2,0,0,0,152000,83900,118
CR503408,CUST103408,2024-06-30,717,6,1,0.599,0,0,0,0,299000,179100,160
CR503409,CUST103409,2024-06-30,732,3,1,0.11,1,0,0,0,870000,95700,281
CR503410,CUST103410,2024-06-30,730,7,2,0.465,0,0,0,0,566000,263200,269
CR503411,CUST103411,2024-06-30,744,6,2,0.13,0,0,0,0,459000,59700,193
CR503412,CUST103412,2024-06-30,762,5,1,0.033,2,0,0,0,1060000,35000,302
CR503413,CUST103413,2024-06-30,551,3,2,0.516,3,3,1,0,33000,17000,152
CR503414,CUST103414,2024-06-30,560,6,2,0.563,2,2,0,0,85000,47900,226
CR503415,CUST103415,2024-06-30,562,6,2,0.743,3,0,0,0,168000,124800,159
CR503416,CUST103416,2024-06-30,705,5,1,0.409,1,0,0,0,296000,121100,333
CR503417,CUST103417,2024-06-30,594,4,5,0.299,2,0,0,0,116000,34700,73
CR503418,CUST103418,2024-06-30,663,0,0,0.135,0,0,1,0,701000,94600,167
CR503419,CUST103419,2024-06-30,555,1,1,0.584,5,0,1,0,178000,104000,342
CR503420,CUST103420,2024-06-30,671,1,2,0.333,0,0,0,0,437000,145500,117
CR503421,CUST103421,2024-06-30,809,4,2,0.25,0,0,0,0,492000,123000,430
CR503422,CUST103422,2024-06-30,573,2,2,0.472,3,0,0,0,46000,21700,264
CR503423,CUST103423,2024-06-30,728,1,0,0.244,1,0,0,0,648000,158100,205
CR503424,CUST103424,2024-06-30,545,0,4,0.441,2,2,1,0,141000,62200,166
CR503425,CUST103425,2024-06-30,474,1,2,0.257,2,1,1,0,68000,17500,14
CR503426,CUST103426,2024-06-30,559,2,0,0.285,1,0,1,0,128000,36500,6
CR503427,CUST103427,2024-06-30,656,3,3,0.034,1,0,0,0,141000,4800,176
CR503428,CUST103428,2024-06-30,516,4,3,0.314,1,1,1,0,78000,24500,118
CR503429,CUST103429,2024-06-30,573,6,2,0.449,4,0,0,0,141000,63300,73
CR503430,CUST103430,2024-06-30,565,2,4,0.861,0,0,0,0,173000,149000,6
CR503431,CUST103431,2024-06-30,509,4,5,0.255,2,1,1,0,59000,15000,6
CR503432,CUST103432,2024-06-30,771,4,3,0.139,0,0,0,0,895000,124400,135
CR503433,CUST103433,2024-06-30,597,3,1,0.399,0,0,0,0,224000,89400,441
CR503434,CUST103434,2024-06-30,624,2,0,0.381,1,0,0,0,138000,52600,223
CR503435,CUST103435,2024-06-30,748,2,0,0.301,0,0,0,0,919000,276600,200
CR503436,CUST103436,2024-06-30,556,2,2,0.557,6,0,0,0,87000,48500,59
CR503437,CUST103437,2024-06-30,567,4,3,0.524,1,1,0,0,73000,38300,11
CR503438,CUST103438,2024-06-30,546,6,2,0.594,2,2,0,0,105000,62400,218
CR503439,CUST103439,2024-06-30,737,3,0,0.336,0,0,0,0,122000,41000,341
CR503440,CUST103440,2024-06-30,686,1,2,0.271,1,0,0,0,468000,126800,58
CR503441,CUST103441,2024-06-30,666,5,2,0.14,1,0,2,0,48000,6700,441
CR503442,CUST103442,2024-06-30,680,2,1,0.595,0,0,0,0,87000,51800,261
CR503443,CUST103443,2024-06-30,715,2,4,0.486,0,0,0,0,435000,211400,480
CR503444,CUST103444,2024-06-30,568,1,1,0.529,2,2,0,0,84000,44400,182
CR503445,CUST103445,2024-06-30,612,3,2,0.191,2,0,0,0,120000,22900,393
CR503446,CUST103446,2024-06-30,616,1,2,0.384,1,1,2,0,195000,74900,69
CR503447,CUST103447,2024-06-30,648,2,0,0.439,2,0,0,0,89000,39100,120
CR503448,CUST103448,2024-06-30,446,2,3,0.52,1,1,1,0,75000,39000,10
CR503449,CUST103449,2024-06-30,663,1,2,0.045,0,0,0,0,320000,14400,240
CR503450,CUST103450,2024-06-30,656,2,1,0.531,0,0,0,0,384000,203900,354
CR503451,CUST103451,2024-06-30,781,5,1,0.823,2,0,0,0,333000,274100,428
CR503452,CUST103452,2024-06-30,718,3,2,0.342,1,0,0,0,174000,59500,6
CR503453,CUST103453,2024-06-30,599,4,1,0.098,2,2,0,0,396000,38800,6
CR503454,CUST103454,2024-06-30,574,4,3,0.446,0,0,0,0,235000,104800,93
CR503455,CUST103455,2024-06-30,671,5,1,0.651,3,0,0,0,182000,118500,168
CR503456,CUST103456,2024-06-30,575,2,3,0.434,1,1,0,0,186000,80700,235
CR503457,CUST103457,2024-06-30,623,1,3,0.398,4,0,0,0,94000,37400,206
CR503458,CUST103458,2024-06-30,497,4,1,0.981,2,1,1,0,103000,101000,287
CR503459,CUST103459,2024-06-30,724,6,1,0.527,0,0,1,0,220000,115900,25
CR503460,CUST103460,2024-06-30,734,4,2,0.433,1,0,0,0,798000,345500,265
CR503461,CUST103461,2024-06-30,632,3,0,0.087,5,0,0,0,64000,5600,125
CR503462,CUST103462,2024-06-30,674,2,1,0.3,1,0,0,0,376000,112800,322
CR503463,CUST103463,2024-06-30,493,4,1,0.379,4,1,0,0,92000,34900,122
CR503464,CUST103464,2024-06-30,593,4,4,0.141,4,2,0,0,253000,35700,287
CR503465,CUST103465,2024-06-30,605,2,2,0.653,0,0,1,0,198000,129300,144
CR503466,CUST103466,2024-06-30,816,4,2,0.212,0,0,0,0,1525000,323300,286
CR503467,CUST103467,2024-06-30,713,5,1,0.109,1,0,0,0,488000,53200,27
CR503468,CUST103468,2024-06-30,658,5,2,0.451,0,0,0,0,346000,156000,114
CR503469,CUST103469,2024-06-30,581,2,7,0.485,4,1,0,0,86000,41700,214
CR503470,CUST103470,2024-06-30,664,3,4,0.518,0,0,0,0,317000,164200,90
CR503471,CUST103471,2024-06-30,793,6,1,0.418,0,0,0,0,637000,266300,284
CR503472,CUST103472,2024-06-30,779,4,2,0.262,0,0,0,0,230000,60300,274
CR503473,CUST103473,2024-06-30,558,1,3,0.319,2,0,1,0,32000,10200,75
CR503474,CUST103474,2024-06-30,622,3,1,0.632,2,0,0,0,143000,90400,395
CR503475,CUST103475,2024-06-30,679,3,2,0.082,1,0,0,0,222000,18200,272
CR503476,CUST103476,2024-06-30,776,5,2,0.167,0,0,0,0,227000,37900,108
CR503477,CUST103477,2024-06-30,735,3,2,0.124,0,0,0,0,415000,51500,144
CR503478,CUST103478,2024-06-30,584,5,3,0.688,1,1,0,0,169000,116300,276
CR503479,CUST103479,2024-06-30,665,5,1,0.527,1,0,0,0,308000,162300,349
CR503480,CUST103480,2024-06-30,646,4,3,0.487,0,0,0,0,156000,76000,104
CR503481,CUST103481,2024-06-30,677,2,2,0.162,1,0,0,0,583000,94400,72
CR503482,CUST103482,2024-06-30,754,3,1,0.262,0,0,0,0,191000,50000,293
CR503483,CUST103483,2024-06-30,690,2,0,0.277,1,0,0,0,295000,81700,287
CR503484,CUST103484,2024-06-30,641,4,0,0.346,1,0,0,0,109000,37700,238
CR503485,CUST103485,2024-06-30,770,9,2,0.17,0,0,0,0,128000,21800,141
CR503486,CUST103486,2024-06-30,622,6,2,0.138,4,0,0,0,239000,33000,81
CR503487,CUST103487,2024-06-30,687,4,1,0.164,2,0,0,0,396000,64900,185
CR503488,CUST103488,2024-06-30,504,1,1,0.377,2,0,0,0,192000,72400,121
CR503489,CUST103489,2024-06-30,671,3,0,0.303,0,0,0,0,196000,59400,334
CR503490,CUST103490,2024-06-30,900,6,1,0.12,0,0,0,0,621000,74500,298
CR503491,CUST103491,2024-06-30,718,5,0,0.239,0,0,0,0,275000,65700,324
CR503492,CUST103492,2024-06-30,612,0,1,0.35,0,0,0,0,281000,98400,6
CR503493,CUST103493,2024-06-30,780,4,0,0.058,1,0,0,0,974000,56500,203
CR503494,CUST103494,2024-06-30,566,0,3,0.593,2,1,0,0,155000,91900,306
CR503495,CUST103495,2024-06-30,683,2,1,0.21,0,0,0,0,742000,155800,90
CR503496,CUST103496,2024-06-30,608,3,1,0.887,1,0,0,0,247000,219100,241
CR503497,CUST103497,2024-06-30,727,4,1,0.172,0,0,0,0,921000,158400,259
CR503498,CUST103498,2024-06-30,713,4,1,0.172,0,0,0,0,421000,72400,63
CR503499,CUST103499,2024-06-30,673,3,0,0.483,0,0,1,0,169000,81600,82
CR503500,CUST103500,2024-06-30,568,1,1,0.672,0,0,0,0,96000,64500,75
CR503501,CUST103501,2024-06-30,621,1,1,0.306,3,0,0,0,117000,35800,153
CR503502,CUST103502,2024-06-30,639,1,1,0.316,1,0,0,0,338000,106800,258
CR503503,CUST103503,2024-06-30,679,0,2,0.69,0,0,0,0,135000,93200,344
CR503504,CUST103504,2024-06-30,790,3,2,0.12,0,0,0,0,457000,54800,271
CR503505,CUST103505,2024-06-30,681,2,1,0.204,1,0,0,0,262000,53400,359
CR503506,CUST103506,2024-06-30,623,1,2,0.284,1,0,0,0,141000,40000,295
CR503507,CUST103507,2024-06-30,791,2,3,0.256,2,0,0,0,641000,164100,182
CR503508,CUST103508,2024-06-30,825,3,1,0.222,0,0,0,0,721000,160100,178
CR503509,CUST103509,2024-06-30,459,2,4,0.32,2,2,1,0,69000,22100,26
CR503510,CUST103510,2024-06-30,654,1,2,0.364,0,0,0,0,162000,59000,62
CR503511,CUST103511,2024-06-30,495,2,0,0.331,3,1,0,0,123000,40700,7
CR503512,CUST103512,2024-06-30,496,1,3,0.445,2,0,1,0,45000,20000,251
CR503513,CUST103513,2024-06-30,669,5,3,0.377,0,0,0,0,252000,95000,178
CR503514,CUST103514,2024-06-30,733,7,3,0.147,0,0,0,0,580000,85300,139
CR503515,CUST103515,2024-06-30,704,2,2,0.224,0,0,0,0,306000,68500,119
CR503516,CUST103516,2024-06-30,700,4,2,0.261,0,0,0,0,430000,112200,139
CR503517,CUST103517,2024-06-30,614,1,1,0.289,1,0,0,0,82000,23700,6
CR503518,CUST103518,2024-06-30,722,2,0,0.274,1,0,0,0,316000,86600,159
CR503519,CUST103519,2024-06-30,780,6,1,0.069,0,0,0,0,783000,54000,314
CR503520,CUST103520,2024-06-30,617,6,0,0.256,3,0,0,0,319000,81700,221
CR503521,CUST103521,2024-06-30,502,2,2,0.301,1,0,0,0,78000,23500,111
CR503522,CUST103522,2024-06-30,605,0,2,0.538,2,0,0,0,197000,106000,133
CR503523,CUST103523,2024-06-30,548,3,3,0.312,1,1,0,0,64000,20000,6
CR503524,CUST103524,2024-06-30,576,2,2,0.511,0,0,0,0,272000,139000,34
CR503525,CUST103525,2024-06-30,571,3,4,0.526,1,0,0,0,72000,37900,71
CR503526,CUST103526,2024-06-30,591,5,3,0.87,3,0,0,0,127000,110500,307
CR503527,CUST103527,2024-06-30,666,3,0,0.532,0,0,0,0,330000,175600,295
CR503528,CUST103528,2024-06-30,599,4,2,0.343,1,1,0,0,132000,45300,224
CR503529,CUST103529,2024-06-30,687,4,1,0.126,1,0,0,0,744000,93700,179
CR503530,CUST103530,2024-06-30,622,2,0,0.349,3,0,0,0,383000,133700,74
CR503531,CUST103531,2024-06-30,687,4,1,0.284,0,0,0,0,307000,87200,217
CR503532,CUST103532,2024-06-30,783,5,1,0.331,0,0,0,0,664000,219800,373
CR503533,CUST103533,2024-06-30,644,1,1,0.225,2,0,0,0,478000,107600,56
CR503534,CUST103534,2024-06-30,547,2,5,0.38,0,0,2,0,36000,13700,174
CR503535,CUST103535,2024-06-30,636,2,0,0.358,3,0,0,0,133000,47600,37
CR503536,CUST103536,2024-06-30,691,2,1,0.821,1,0,0,0,116000,95200,225
CR503537,CUST103537,2024-06-30,565,1,2,0.452,1,1,0,0,64000,28900,6
CR503538,CUST103538,2024-06-30,526,3,2,0.507,3,0,0,0,40000,20300,96
CR503539,CUST103539,2024-06-30,759,5,2,0.233,0,0,0,0,445000,103700,217
CR503540,CUST103540,2024-06-30,578,10,0,0.509,1,1,0,0,376000,191400,8
CR503541,CUST103541,2024-06-30,611,6,1,0.174,3,0,0,0,346000,60200,85
CR503542,CUST103542,2024-06-30,776,4,0,0.311,0,0,0,0,786000,244400,231
CR503543,CUST103543,2024-06-30,775,5,1,0.164,1,0,0,0,593000,97300,162
CR503544,CUST103544,2024-06-30,609,2,1,0.389,0,0,0,0,246000,95700,142
CR503545,CUST103545,2024-06-30,711,4,2,0.63,0,0,0,0,252000,158800,411
CR503546,CUST103546,2024-06-30,576,5,6,0.564,3,1,0,0,346000,195100,77
CR503547,CUST103547,2024-06-30,644,2,2,0.289,6,0,0,0,144000,41600,256
CR503548,CUST103548,2024-06-30,666,1,2,0.531,1,0,0,0,507000,269200,207
CR503549,CUST103549,2024-06-30,611,3,2,0.32,2,0,0,0,124000,39700,200
CR503550,CUST103550,2024-06-30,616,9,0,0.158,5,0,0,0,381000,60200,6
CR503551,CUST103551,2024-06-30,595,5,3,0.45,3,1,0,0,255000,114800,6
CR503552,CUST103552,2024-06-30,712,3,0,0.436,0,0,0,0,329000,143400,253
CR503553,CUST103553,2024-06-30,484,2,3,0.578,4,1,0,0,92000,53200,326
CR503554,CUST103554,2024-06-30,806,5,0,0.535,0,0,0,0,1654000,884900,274
CR503555,CUST103555,2024-06-30,716,5,2,0.159,1,0,0,0,600000,95400,70
CR503556,CUST103556,2024-06-30,558,2,1,0.434,2,0,1,0,244000,105900,25
CR503557,CUST103557,2024-06-30,691,3,1,0.192,0,0,0,0,224000,43000,18
CR503558,CUST103558,2024-06-30,797,3,2,0.448,0,0,0,0,557000,249500,283
CR503559,CUST103559,2024-06-30,553,6,1,0.466,4,1,0,0,43000,20000,173
CR503560,CUST103560,2024-06-30,752,3,2,0.161,1,0,0,0,730000,117500,221
CR503561,CUST103561,2024-06-30,581,2,3,0.155,2,1,0,0,127000,19700,231
CR503562,CUST103562,2024-06-30,603,4,0,0.266,3,0,0,0,255000,67800,36
CR503563,CUST103563,2024-06-30,552,9,2,0.7,3,2,0,0,93000,65100,280
CR503564,CUST103564,2024-06-30,608,1,2,0.557,6,0,1,0,213000,118600,349
CR503565,CUST103565,2024-06-30,690,2,1,0.307,1,1,0,0,210000,64500,260
CR503566,CUST103566,2024-06-30,623,4,2,0.354,1,0,0,0,338000,119700,280
CR503567,CUST103567,2024-06-30,688,4,4,0.235,0,0,0,0,152000,35700,140
CR503568,CUST103568,2024-06-30,621,3,0,0.816,1,0,0,0,894000,729500,323
CR503569,CUST103569,2024-06-30,525,4,4,0.398,3,2,1,0,297000,118200,64
CR503570,CUST103570,2024-06-30,700,3,3,0.629,1,0,0,0,394000,247800,173
CR503571,CUST103571,2024-06-30,621,2,2,0.506,4,0,0,0,121000,61200,73
CR503572,CUST103572,2024-06-30,727,5,0,0.3,2,0,0,0,331000,99300,100
CR503573,CUST103573,2024-06-30,619,3,0,0.701,5,0,0,0,138000,96700,6
CR503574,CUST103574,2024-06-30,707,8,2,0.511,1,0,0,0,391000,199800,33
CR503575,CUST103575,2024-06-30,704,3,2,0.405,1,1,0,0,252000,102100,120
CR503576,CUST103576,2024-06-30,592,1,2,0.311,1,1,0,0,200000,62200,391
CR503577,CUST103577,2024-06-30,671,5,0,0.416,1,0,0,0,333000,138500,246
CR503578,CUST103578,2024-06-30,566,0,3,0.475,3,2,0,0,314000,149200,139
CR503579,CUST103579,2024-06-30,740,3,3,0.263,0,0,0,0,342000,89900,162
CR503580,CUST103580,2024-06-30,771,5,3,0.444,2,0,0,0,1107000,491500,403
CR503581,CUST103581,2024-06-30,661,4,0,0.431,1,0,0,0,165000,71100,6
CR503582,CUST103582,2024-06-30,593,3,3,0.126,6,2,0,0,137000,17300,132
CR503583,CUST103583,2024-06-30,653,2,1,0.167,0,0,0,0,894000,149300,318
CR503584,CUST103584,2024-06-30,564,3,3,0.467,1,1,0,0,164000,76600,38
CR503585,CUST103585,2024-06-30,751,4,2,0.294,0,0,1,0,939000,276100,251
CR503586,CUST103586,2024-06-30,711,2,0,0.331,2,0,0,0,398000,131700,210
CR503587,CUST103587,2024-06-30,721,3,2,0.214,0,0,0,0,187000,40000,100
CR503588,CUST103588,2024-06-30,777,2,1,0.227,0,0,0,0,537000,121900,313
CR503589,CUST103589,2024-06-30,686,8,1,0.519,0,0,0,0,446000,231500,450
CR503590,CUST103590,2024-06-30,595,6,2,0.762,1,1,0,0,289000,220200,74
CR503591,CUST103591,2024-06-30,700,3,1,0.134,0,0,0,0,242000,32400,68
CR503592,CUST103592,2024-06-30,745,6,2,0.04,0,0,0,0,523000,20900,190
CR503593,CUST103593,2024-06-30,694,2,1,0.337,0,0,0,0,52000,17500,257
CR503594,CUST103594,2024-06-30,718,2,0,0.561,0,0,0,0,90000,50500,208
CR503595,CUST103595,2024-06-30,566,4,2,0.466,1,1,0,0,146000,68000,222
CR503596,CUST103596,2024-06-30,695,3,2,0.173,0,0,0,0,377000,65200,18
CR503597,CUST103597,2024-06-30,532,4,1,0.593,3,0,1,0,53000,31400,264
CR503598,CUST103598,2024-06-30,800,14,1,0.419,0,0,0,0,799000,334800,187
CR503599,CUST103599,2024-06-30,665,2,2,0.296,0,0,0,0,452000,133800,406
CR503600,CUST103600,2024-06-30,600,4,2,0.509,1,0,0,0,411000,209200,251
CR503601,CUST103601,2024-06-30,750,1,1,0.375,0,0,0,0,381000,142900,159
CR503602,CUST103602,2024-06-30,744,4,0,0.205,0,0,0,0,283000,58000,480
CR503603,CUST103603,2024-06-30,620,6,2,0.225,1,0,0,0,344000,77400,67
CR503604,CUST103604,2024-06-30,594,0,2,0.438,2,0,0,0,76000,33300,6
CR503605,CUST103605,2024-06-30,411,5,1,0.661,2,1,3,0,101000,66800,153
CR503606,CUST103606,2024-06-30,655,3,1,0.693,0,0,0,0,385000,266800,296
CR503607,CUST103607,2024-06-30,614,2,1,0.492,1,0,0,0,57000,28000,31
CR503608,CUST103608,2024-06-30,632,3,2,0.253,0,0,0,0,89000,22500,198
CR503609,CUST103609,2024-06-30,739,5,0,0.393,0,0,0,0,104000,40900,6
CR503610,CUST103610,2024-06-30,425,3,7,0.61,1,0,0,0,29000,17700,148
CR503611,CUST103611,2024-06-30,629,4,1,0.211,1,0,0,0,51000,10800,274
CR503612,CUST103612,2024-06-30,507,2,5,0.434,1,0,1,0,60000,26000,114
CR503613,CUST103613,2024-06-30,633,3,3,0.264,2,0,0,0,181000,47800,314
CR503614,CUST103614,2024-06-30,720,2,3,0.282,1,0,0,0,372000,104900,77
CR503615,CUST103615,2024-06-30,743,4,0,0.591,0,0,0,0,531000,313800,324
CR503616,CUST103616,2024-06-30,552,2,1,0.57,1,1,0,0,352000,200600,368
CR503617,CUST103617,2024-06-30,587,4,2,0.251,2,0,0,0,405000,101700,133
CR503618,CUST103618,2024-06-30,505,3,4,0.532,1,1,0,0,62000,33000,258
CR503619,CUST103619,2024-06-30,826,2,1,0.234,0,0,0,0,768000,179700,480
CR503620,CUST103620,2024-06-30,661,3,1,0.262,1,0,0,0,234000,61300,480
CR503621,CUST103621,2024-06-30,677,2,1,0.394,1,0,1,0,379000,149300,6
CR503622,CUST103622,2024-06-30,633,3,0,0.22,1,0,0,0,106000,23300,413
CR503623,CUST103623,2024-06-30,638,0,1,0.292,1,0,0,0,504000,147200,110
CR503624,CUST103624,2024-06-30,635,5,1,0.38,2,0,0,0,174000,66100,75
CR503625,CUST103625,2024-06-30,664,1,0,0.415,2,1,1,0,470000,195000,480
CR503626,CUST103626,2024-06-30,634,4,0,0.362,5,0,0,0,126000,45600,28
CR503627,CUST103627,2024-06-30,634,4,2,0.414,2,0,0,0,744000,308000,168
CR503628,CUST103628,2024-06-30,629,2,0,0.439,2,0,0,0,316000,138700,193
CR503629,CUST103629,2024-06-30,714,3,3,0.648,0,0,1,0,408000,264400,203
CR503630,CUST103630,2024-06-30,799,2,3,0.33,2,0,0,0,415000,137000,119
CR503631,CUST103631,2024-06-30,628,0,1,0.162,5,0,0,0,762000,123400,202
CR503632,CUST103632,2024-06-30,713,5,3,0.664,0,0,0,0,163000,108200,101
CR503633,CUST103633,2024-06-30,605,2,3,0.342,2,0,0,0,293000,100200,285
CR503634,CUST103634,2024-06-30,765,5,2,0.028,1,0,1,0,420000,11800,225
CR503635,CUST103635,2024-06-30,742,4,1,0.171,1,0,0,0,337000,57600,259
CR503636,CUST103636,2024-06-30,753,3,3,0.25,0,0,0,0,295000,73800,173
CR503637,CUST103637,2024-06-30,587,3,5,0.609,2,1,0,0,163000,99300,371
CR503638,CUST103638,2024-06-30,300,1,3,0.415,1,1,1,0,37000,15400,151
CR503639,CUST103639,2024-06-30,746,3,1,0.143,0,0,0,0,773000,110500,221
CR503640,CUST103640,2024-06-30,641,1,0,0.228,2,0,0,0,177000,40400,123
CR503641,CUST103641,2024-06-30,656,3,1,0.118,1,0,0,0,286000,33700,292
CR503642,CUST103642,2024-06-30,612,5,1,0.168,3,0,1,0,221000,37100,235
CR503643,CUST103643,2024-06-30,602,3,0,0.273,0,0,0,0,220000,60100,318
CR503644,CUST103644,2024-06-30,616,6,1,0.527,3,0,0,0,133000,70100,85
CR503645,CUST103645,2024-06-30,664,5,7,0.198,0,0,0,0,118000,23400,459
CR503646,CUST103646,2024-06-30,692,4,2,0.16,0,0,0,0,675000,108000,124
CR503647,CUST103647,2024-06-30,389,1,0,0.66,5,0,1,0,62000,40900,160
CR503648,CUST103648,2024-06-30,697,6,0,0.78,1,0,0,0,491000,383000,6
CR503649,CUST103649,2024-06-30,599,4,2,0.421,3,0,0,0,238000,100200,252
CR503650,CUST103650,2024-06-30,804,5,1,0.333,0,0,0,0,526000,175200,31
CR503651,CUST103651,2024-06-30,646,5,1,0.38,0,0,0,0,578000,219600,77
CR503652,CUST103652,2024-06-30,527,6,6,0.229,3,1,2,0,45000,10300,256
CR503653,CUST103653,2024-06-30,749,2,2,0.32,0,0,0,0,398000,127400,6
CR503654,CUST103654,2024-06-30,518,3,3,0.701,0,0,1,0,49000,34300,170
CR503655,CUST103655,2024-06-30,583,3,3,0.276,8,3,0,0,67000,18500,10
CR503656,CUST103656,2024-06-30,722,5,5,0.037,0,0,0,0,190000,7000,312
CR503657,CUST103657,2024-06-30,640,3,3,0.214,1,0,0,0,257000,55000,188
CR503658,CUST103658,2024-06-30,554,5,1,0.555,0,0,0,0,223000,123800,252
CR503659,CUST103659,2024-06-30,631,1,1,0.32,4,0,0,0,250000,80000,138
CR503660,CUST103660,2024-06-30,540,2,2,0.339,2,1,1,0,68000,23100,147
CR503661,CUST103661,2024-06-30,516,5,1,0.868,4,0,0,0,187000,162300,12
CR503662,CUST103662,2024-06-30,654,4,0,0.321,0,0,0,0,223000,71600,17
CR503663,CUST103663,2024-06-30,691,5,1,0.207,0,0,0,0,531000,109900,113
CR503664,CUST103664,2024-06-30,605,3,0,0.299,2,0,0,0,391000,116900,235
CR503665,CUST103665,2024-06-30,746,6,0,0.344,0,0,0,0,1185000,407600,480
CR503666,CUST103666,2024-06-30,578,3,1,0.276,2,1,0,0,102000,28200,138
CR503667,CUST103667,2024-06-30,668,4,4,0.255,0,0,0,0,442000,112700,402
CR503668,CUST103668,2024-06-30,624,3,0,0.733,1,0,0,0,97000,71100,252
CR503669,CUST103669,2024-06-30,702,3,0,0.259,0,0,0,0,147000,38100,184
CR503670,CUST103670,2024-06-30,481,4,3,0.576,1,1,0,0,80000,46100,6
CR503671,CUST103671,2024-06-30,690,5,1,0.437,0,0,0,0,377000,164700,445
CR503672,CUST103672,2024-06-30,794,4,1,0.65,0,0,0,0,273000,177400,7
CR503673,CUST103673,2024-06-30,492,3,2,0.519,3,3,3,0,87000,45200,298
CR503674,CUST103674,2024-06-30,659,3,0,0.334,0,0,0,0,97000,32400,79
CR503675,CUST103675,2024-06-30,587,1,3,0.324,2,1,0,0,224000,72600,163
CR503676,CUST103676,2024-06-30,611,1,0,0.214,0,0,0,0,75000,16000,256
CR503677,CUST103677,2024-06-30,663,5,0,0.487,1,0,0,0,485000,236200,190
CR503678,CUST103678,2024-06-30,560,3,4,0.411,5,2,0,0,78000,32100,248
CR503679,CUST103679,2024-06-30,554,3,2,0.663,2,2,0,0,82000,54400,201
CR503680,CUST103680,2024-06-30,750,5,1,0.342,0,0,0,0,576000,197000,211
CR503681,CUST103681,2024-06-30,740,5,1,0.279,1,0,0,0,457000,127500,391
CR503682,CUST103682,2024-06-30,643,3,0,0.127,3,0,0,0,320000,40600,171
CR503683,CUST103683,2024-06-30,642,3,2,0.219,7,0,0,0,126000,27600,67
CR503684,CUST103684,2024-06-30,700,5,2,0.322,0,0,0,0,568000,182900,314
CR503685,CUST103685,2024-06-30,683,4,2,0.608,0,0,0,0,457000,277900,247
CR503686,CUST103686,2024-06-30,715,4,1,0.229,0,0,0,0,436000,99800,82
CR503687,CUST103687,2024-06-30,619,5,3,0.576,1,0,0,0,397000,228700,139
CR503688,CUST103688,2024-06-30,690,4,1,0.323,2,0,1,0,197000,63600,41
CR503689,CUST103689,2024-06-30,562,4,3,0.328,3,1,0,0,114000,37400,6
CR503690,CUST103690,2024-06-30,626,1,0,0.244,3,0,0,0,275000,67100,112
CR503691,CUST103691,2024-06-30,680,1,1,0.489,0,0,0,0,326000,159400,274
CR503692,CUST103692,2024-06-30,638,4,1,0.498,1,1,0,0,178000,88600,124
CR503693,CUST103693,2024-06-30,634,3,2,0.269,1,0,0,0,42000,11300,191
CR503694,CUST103694,2024-06-30,610,6,0,0.179,0,0,0,0,90000,16100,118
CR503695,CUST103695,2024-06-30,610,1,2,0.094,3,0,0,0,244000,22900,382
CR503696,CUST103696,2024-06-30,709,2,1,0.554,0,0,0,0,312000,172800,407
CR503697,CUST103697,2024-06-30,607,4,5,0.7,2,0,0,0,240000,168000,74
CR503698,CUST103698,2024-06-30,515,3,3,0.511,2,0,1,0,78000,39900,15
CR503699,CUST103699,2024-06-30,571,5,3,0.374,0,0,0,0,30000,11200,66
CR503700,CUST103700,2024-06-30,401,8,3,0.32,2,0,0,0,33000,10600,314
CR503701,CUST103701,2024-06-30,770,1,3,0.156,0,0,0,0,240000,37400,256
CR503702,CUST103702,2024-06-30,644,2,0,0.215,2,0,0,0,198000,42600,131
CR503703,CUST103703,2024-06-30,840,8,4,0.439,0,0,0,0,1069000,469300,175
CR503704,CUST103704,2024-06-30,466,6,4,0.724,2,2,2,0,76000,55000,139
CR503705,CUST103705,2024-06-30,665,0,2,0.122,0,0,1,0,65000,7900,269
CR503706,CUST103706,2024-06-30,632,3,2,0.126,2,0,0,0,664000,83700,79
CR503707,CUST103707,2024-06-30,770,6,0,0.157,1,0,0,0,212000,33300,480
CR503708,CUST103708,2024-06-30,569,5,2,0.177,5,0,0,0,413000,73100,179
CR503709,CUST103709,2024-06-30,628,3,2,0.291,2,0,0,0,215000,62600,356
CR503710,CUST103710,2024-06-30,577,2,2,0.458,1,1,0,0,49000,22400,16
CR503711,CUST103711,2024-06-30,648,5,0,0.265,2,0,0,0,200000,53000,287
CR503712,CUST103712,2024-06-30,572,2,2,0.417,2,0,0,0,473000,197200,105
CR503713,CUST103713,2024-06-30,676,3,1,0.443,1,0,0,0,105000,46500,267
CR503714,CUST103714,2024-06-30,694,6,0,0.255,0,0,0,0,186000,47400,184
CR503715,CUST103715,2024-06-30,581,3,1,0.375,2,1,0,0,198000,74200,227
CR503716,CUST103716,2024-06-30,507,1,4,0.737,1,0,1,0,109000,80300,183
CR503717,CUST103717,2024-06-30,685,0,4,0.919,0,0,0,0,428000,393300,164
CR503718,CUST103718,2024-06-30,686,2,2,0.122,1,1,0,0,165000,20100,314
CR503719,CUST103719,2024-06-30,696,0,3,0.601,0,0,0,0,216000,129800,175
CR503720,CUST103720,2024-06-30,600,4,1,0.183,0,0,0,0,152000,27800,237
CR503721,CUST103721,2024-06-30,659,3,2,0.538,1,0,0,0,248000,133400,29
CR503722,CUST103722,2024-06-30,669,7,2,0.586,1,0,0,0,192000,112500,218
CR503723,CUST103723,2024-06-30,597,3,3,0.6,2,1,0,0,214000,128400,366
CR503724,CUST103724,2024-06-30,610,3,2,0.515,4,0,0,0,432000,222500,103
CR503725,CUST103725,2024-06-30,675,2,1,0.441,0,0,0,0,286000,126100,142
CR503726,CUST103726,2024-06-30,466,2,2,0.557,4,0,0,0,123000,68500,153
CR503727,CUST103727,2024-06-30,618,2,0,0.322,2,1,0,0,151000,48600,372
CR503728,CUST103728,2024-06-30,701,3,1,0.304,1,0,1,0,278000,84500,258
CR503729,CUST103729,2024-06-30,559,4,2,0.345,2,2,1,0,68000,23500,53
CR503730,CUST103730,2024-06-30,576,5,2,0.235,2,2,0,0,264000,62000,308
CR503731,CUST103731,2024-06-30,474,3,3,0.656,1,1,1,0,88000,57700,305
CR503732,CUST103732,2024-06-30,636,1,0,0.582,4,0,0,0,77000,44800,243
CR503733,CUST103733,2024-06-30,451,3,1,0.29,2,2,1,0,87000,25200,6
CR503734,CUST103734,2024-06-30,758,4,1,0.579,0,0,0,0,282000,163300,325
CR503735,CUST103735,2024-06-30,659,6,1,0.259,0,0,0,0,352000,91200,246
CR503736,CUST103736,2024-06-30,669,3,0,0.361,0,0,0,0,157000,56700,161
CR503737,CUST103737,2024-06-30,602,2,1,0.673,2,0,0,0,152000,102300,392
CR503738,CUST103738,2024-06-30,580,5,1,0.284,3,1,0,0,254000,72100,215
CR503739,CUST103739,2024-06-30,777,4,0,0.43,0,0,0,0,953000,409800,459
CR503740,CUST103740,2024-06-30,731,7,0,0.02,0,0,1,0,439000,8800,410
CR503741,CUST103741,2024-06-30,563,1,2,0.391,1,0,0,0,183000,71600,461
CR503742,CUST103742,2024-06-30,548,0,4,0.319,0,0,0,0,90000,28700,325
CR503743,CUST103743,2024-06-30,632,5,0,0.239,1,0,0,0,216000,51600,292
CR503744,CUST103744,2024-06-30,422,3,3,0.734,3,1,1,0,70000,51400,111
CR503745,CUST103745,2024-06-30,721,5,0,0.423,0,0,0,0,95000,40200,153
CR503746,CUST103746,2024-06-30,525,2,2,0.407,5,2,3,0,249000,101300,363
CR503747,CUST103747,2024-06-30,543,4,1,0.5,2,0,0,0,157000,78500,422
CR503748,CUST103748,2024-06-30,588,5,2,0.334,2,2,1,0,144000,48100,6
CR503749,CUST103749,2024-06-30,617,7,2,0.573,0,0,0,0,372000,213200,359
CR503750,CUST103750,2024-06-30,629,4,2,0.338,1,0,0,0,553000,186900,314
CR503751,CUST103751,2024-06-30,559,5,4,0.186,2,2,1,0,123000,22900,12
CR503752,CUST103752,2024-06-30,707,6,0,0.648,2,0,0,0,294000,190500,280
CR503753,CUST103753,2024-06-30,825,4,2,0.02,0,0,0,0,780000,15600,337
CR503754,CUST103754,2024-06-30,624,2,3,0.133,2,0,0,0,396000,52700,160
CR503755,CUST103755,2024-06-30,661,7,1,0.626,0,0,0,0,188000,117700,264
CR503756,CUST103756,2024-06-30,641,5,2,0.447,1,0,0,0,407000,181900,117
CR503757,CUST103757,2024-06-30,614,3,1,0.616,1,0,0,0,213000,131200,69
CR503758,CUST103758,2024-06-30,900,6,1,0.132,1,0,0,0,527000,69600,132
CR503759,CUST103759,2024-06-30,638,4,1,0.701,0,0,0,0,336000,235500,239
CR503760,CUST103760,2024-06-30,677,3,1,0.311,0,0,0,0,124000,38600,82
CR503761,CUST103761,2024-06-30,576,4,1,0.338,3,1,0,0,111000,37500,64
CR503762,CUST103762,2024-06-30,570,4,6,0.495,2,1,0,0,339000,167800,53
CR503763,CUST103763,2024-06-30,693,2,1,0.727,1,1,0,0,1020000,741500,77
CR503764,CUST103764,2024-06-30,778,2,1,0.239,1,1,0,0,202000,48300,112
CR503765,CUST103765,2024-06-30,652,1,1,0.172,1,1,0,0,46000,7900,405
CR503766,CUST103766,2024-06-30,736,4,0,0.698,0,0,0,0,630000,439700,6
CR503767,CUST103767,2024-06-30,647,0,1,0.658,2,0,0,0,293000,192800,262
CR503768,CUST103768,2024-06-30,706,3,4,0.414,0,0,0,0,491000,203300,198
CR503769,CUST103769,2024-06-30,609,2,1,0.571,2,0,0,0,408000,233000,264
CR503770,CUST103770,2024-06-30,505,4,1,0.424,3,1,1,0,74000,31400,243
CR503771,CUST103771,2024-06-30,826,8,1,0.023,0,0,0,0,648000,14900,6
CR503772,CUST103772,2024-06-30,597,1,2,0.26,4,0,0,0,148000,38500,373
CR503773,CUST103773,2024-06-30,800,4,3,0.46,1,1,0,0,362000,166500,158
CR503774,CUST103774,2024-06-30,667,1,1,0.273,1,1,0,0,329000,89800,244
CR503775,CUST103775,2024-06-30,642,3,0,0.276,3,0,0,0,246000,67900,76
CR503776,CUST103776,2024-06-30,702,4,2,0.094,0,0,0,0,417000,39200,52
CR503777,CUST103777,2024-06-30,560,3,2,0.203,4,1,0,0,87000,17700,64
CR503778,CUST103778,2024-06-30,657,0,0,0.394,0,0,0,0,433000,170600,304
CR503779,CUST103779,2024-06-30,700,1,2,0.041,0,0,0,0,263000,10800,243
CR503780,CUST103780,2024-06-30,701,5,3,0.521,0,0,0,0,551000,287100,328
CR503781,CUST103781,2024-06-30,689,3,2,0.043,1,0,0,0,454000,19500,337
CR503782,CUST103782,2024-06-30,504,5,1,0.616,2,1,0,0,89000,54800,250
CR503783,CUST103783,2024-06-30,583,1,3,0.205,0,0,0,0,384000,78700,56
CR503784,CUST103784,2024-06-30,749,9,2,0.088,0,0,0,0,784000,69000,236
CR503785,CUST103785,2024-06-30,660,2,1,0.51,1,0,0,0,533000,271800,151
CR503786,CUST103786,2024-06-30,657,2,0,0.509,0,0,0,0,239000,121700,175
CR503787,CUST103787,2024-06-30,632,3,1,0.646,3,0,1,0,90000,58100,329
CR503788,CUST103788,2024-06-30,693,2,2,0.445,1,0,0,0,578000,257200,189
CR503789,CUST103789,2024-06-30,592,1,3,0.332,2,0,0,0,467000,155000,27
CR503790,CUST103790,2024-06-30,687,1,3,0.418,0,0,0,0,423000,176800,176
CR503791,CUST103791,2024-06-30,761,4,4,0.196,0,0,0,0,1252000,245400,260
CR503792,CUST103792,2024-06-30,712,4,2,0.281,1,0,0,0,460000,129300,241
CR503793,CUST103793,2024-06-30,690,2,2,0.138,0,0,0,0,393000,54200,153
CR503794,CUST103794,2024-06-30,795,4,1,0.088,0,0,0,0,710000,62500,222
CR503795,CUST103795,2024-06-30,651,1,0,0.193,1,0,0,0,203000,39200,391
CR503796,CUST103796,2024-06-30,650,6,1,0.488,0,0,0,0,732000,357200,6
CR503797,CUST103797,2024-06-30,656,1,0,0.554,1,0,0,0,80000,44300,364
CR503798,CUST103798,2024-06-30,692,6,1,0.05,0,0,0,0,180000,9000,206
CR503799,CUST103799,2024-06-30,667,4,4,0.239,2,0,0,0,451000,107800,439
CR503800,CUST103800,2024-06-30,633,3,2,0.058,3,0,0,0,189000,11000,246
CR503801,CUST103801,2024-06-30,782,4,3,0.172,0,0,0,0,386000,66400,166
CR503802,CUST103802,2024-06-30,719,3,1,0.496,1,0,0,0,432000,214300,415
CR503803,CUST103803,2024-06-30,781,7,2,0.29,1,0,0,0,1346000,390300,327
CR503804,CUST103804,2024-06-30,593,5,0,0.438,1,1,0,0,52000,22800,147
CR503805,CUST103805,2024-06-30,652,4,0,0.149,1,0,0,0,355000,52900,6
CR503806,CUST103806,2024-06-30,676,5,0,0.512,1,0,1,0,148000,75800,395
CR503807,CUST103807,2024-06-30,729,5,2,0.477,0,0,0,0,996000,475100,214
CR503808,CUST103808,2024-06-30,725,3,0,0.079,0,0,0,0,407000,32200,350
CR503809,CUST103809,2024-06-30,715,8,1,0.5,0,0,0,0,462000,231000,141
CR503810,CUST103810,2024-06-30,468,1,4,0.334,0,0,0,0,108000,36100,101
CR503811,CUST103811,2024-06-30,639,3,4,0.33,2,0,0,0,227000,74900,103
CR503812,CUST103812,2024-06-30,761,5,1,0.639,0,0,0,0,501000,320100,132
CR503813,CUST103813,2024-06-30,694,2,0,0.043,0,0,0,0,256000,11000,375
CR503814,CUST103814,2024-06-30,629,3,4,0.596,0,0,0,0,786000,468500,217
CR503815,CUST103815,2024-06-30,618,2,0,0.582,3,0,0,0,139000,80900,200
CR503816,CUST103816,2024-06-30,748,2,1,0.081,0,0,0,0,313000,25400,92
CR503817,CUST103817,2024-06-30,684,2,0,0.234,0,0,0,0,316000,73900,6
CR503818,CUST103818,2024-06-30,778,3,2,0.337,1,0,0,0,167000,56300,361
CR503819,CUST103819,2024-06-30,662,2,3,0.269,0,0,0,0,487000,131000,63
CR503820,CUST103820,2024-06-30,644,1,1,0.302,2,0,0,0,133000,40200,24
CR503821,CUST103821,2024-06-30,458,6,0,0.306,3,0,1,0,112000,34300,120
CR503822,CUST103822,2024-06-30,479,2,0,0.643,2,1,0,0,65000,41800,241
CR503823,CUST103823,2024-06-30,625,1,1,0.153,4,0,0,0,117000,17900,330
CR503824,CUST103824,2024-06-30,784,3,1,0.135,0,0,1,0,501000,67600,237
CR503825,CUST103825,2024-06-30,672,3,1,0.784,0,0,1,0,351000,275200,53
CR503826,CUST103826,2024-06-30,707,5,0,0.375,1,0,0,0,1160000,435000,171
CR503827,CUST103827,2024-06-30,574,4,3,0.709,5,2,0,0,128000,90800,6
CR503828,CUST103828,2024-06-30,723,6,2,0.676,0,0,0,0,196000,132500,20
CR503829,CUST103829,2024-06-30,606,3,3,0.128,2,0,0,0,252000,32300,276
CR503830,CUST103830,2024-06-30,689,2,1,0.137,2,0,0,0,360000,49300,449
CR503831,CUST103831,2024-06-30,634,2,4,0.093,2,0,0,0,353000,32800,304
CR503832,CUST103832,2024-06-30,692,3,1,0.493,0,0,0,0,620000,305700,6
CR503833,CUST103833,2024-06-30,647,2,0,0.205,3,0,0,0,821000,168300,195
CR503834,CUST103834,2024-06-30,746,5,1,0.128,0,0,0,0,645000,82600,330
CR503835,CUST103835,2024-06-30,617,5,2,0.28,3,0,0,0,140000,39200,199
CR503836,CUST103836,2024-06-30,691,1,3,0.542,0,0,0,0,485000,262900,243
CR503837,CUST103837,2024-06-30,621,6,1,0.344,1,0,0,0,244000,83900,422
CR503838,CUST103838,2024-06-30,758,4,0,0.449,0,0,0,0,601000,269800,275
CR503839,CUST103839,2024-06-30,701,3,1,0.121,0,0,0,0,518000,62700,480
CR503840,CUST103840,2024-06-30,477,4,2,0.394,1,0,1,0,129000,50800,6
CR503841,CUST103841,2024-06-30,690,5,2,0.625,0,0,0,0,262000,163800,321
CR503842,CUST103842,2024-06-30,662,1,4,0.443,0,0,0,0,492000,218000,59
CR503843,CUST103843,2024-06-30,733,5,2,0.373,2,0,0,0,351000,130900,160
CR503844,CUST103844,2024-06-30,697,5,1,0.334,0,0,0,0,342000,114200,346
CR503845,CUST103845,2024-06-30,758,4,3,0.148,0,0,0,0,407000,60200,407
CR503846,CUST103846,2024-06-30,666,4,1,0.471,2,0,0,0,166000,78200,313
CR503847,CUST103847,2024-06-30,742,5,2,0.109,2,0,0,0,457000,49800,172
CR503848,CUST103848,2024-06-30,709,7,0,0.298,2,0,0,0,579000,172500,98
CR503849,CUST103849,2024-06-30,684,3,2,0.277,0,0,0,0,342000,94700,180
CR503850,CUST103850,2024-06-30,667,1,1,0.376,2,0,0,0,635000,238800,245
CR503851,CUST103851,2024-06-30,620,4,1,0.202,2,0,0,0,93000,18800,458
CR503852,CUST103852,2024-06-30,652,6,1,0.171,0,0,0,0,204000,34900,145
CR503853,CUST103853,2024-06-30,695,2,2,0.423,0,0,0,0,349000,147600,6
CR503854,CUST103854,2024-06-30,597,2,3,0.167,1,0,0,0,434000,72500,197
CR503855,CUST103855,2024-06-30,646,3,2,0.398,2,0,0,0,1083000,431000,81
CR503856,CUST103856,2024-06-30,645,5,0,0.403,2,0,0,0,286000,115300,154
CR503857,CUST103857,2024-06-30,883,3,1,0.02,0,0,0,0,567000,11300,157
CR503858,CUST103858,2024-06-30,641,5,4,0.161,3,0,0,0,308000,49600,130
CR503859,CUST103859,2024-06-30,709,4,0,0.055,1,0,0,0,645000,35500,400
CR503860,CUST103860,2024-06-30,618,7,0,0.15,0,0,0,0,198000,29700,268
CR503861,CUST103861,2024-06-30,710,5,1,0.047,2,0,0,0,230000,10800,174
CR503862,CUST103862,2024-06-30,671,2,0,0.134,1,0,0,0,150000,20100,217
CR503863,CUST103863,2024-06-30,688,5,0,0.567,1,0,0,0,275000,155900,6
CR503864,CUST103864,2024-06-30,724,4,1,0.242,0,0,0,0,1684000,407500,333
CR503865,CUST103865,2024-06-30,613,6,2,0.274,1,1,0,0,410000,112300,62
CR503866,CUST103866,2024-06-30,734,3,2,0.189,0,0,0,0,523000,98800,261
CR503867,CUST103867,2024-06-30,616,3,1,0.679,2,0,0,0,28000,19000,92
CR503868,CUST103868,2024-06-30,717,4,1,0.455,0,0,0,0,51000,23200,9
CR503869,CUST103869,2024-06-30,575,1,3,0.158,1,1,1,0,248000,39200,389
CR503870,CUST103870,2024-06-30,568,2,4,0.258,2,2,0,0,166000,42800,392
CR503871,CUST103871,2024-06-30,692,0,2,0.386,0,0,0,0,722000,278700,136
CR503872,CUST103872,2024-06-30,723,4,1,0.485,0,0,0,0,155000,75200,191
CR503873,CUST103873,2024-06-30,703,3,0,0.217,1,0,0,0,539000,117000,282
CR503874,CUST103874,2024-06-30,607,4,1,0.105,1,0,0,0,107000,11200,29
CR503875,CUST103875,2024-06-30,720,4,1,0.633,0,0,0,0,275000,174100,67
CR503876,CUST103876,2024-06-30,678,3,2,0.718,0,0,0,0,51000,36600,63
CR503877,CUST103877,2024-06-30,723,5,1,0.562,1,0,0,0,729000,409700,113
CR503878,CUST103878,2024-06-30,697,2,3,0.616,1,0,0,0,65000,40000,145
CR503879,CUST103879,2024-06-30,748,5,0,0.319,0,0,0,0,467000,149000,209
CR503880,CUST103880,2024-06-30,668,0,2,0.145,0,0,0,0,342000,49600,114
CR503881,CUST103881,2024-06-30,758,2,0,0.375,1,0,0,0,416000,156000,305
CR503882,CUST103882,2024-06-30,568,8,2,0.515,5,2,0,0,143000,73600,136
CR503883,CUST103883,2024-06-30,671,2,2,0.035,0,0,0,0,370000,13000,26
CR503884,CUST103884,2024-06-30,696,1,0,0.118,0,0,0,0,191000,22500,338
CR503885,CUST103885,2024-06-30,647,2,2,0.523,4,0,0,0,452000,236400,369
CR503886,CUST103886,2024-06-30,660,4,0,0.213,0,0,0,0,317000,67500,43
CR503887,CUST103887,2024-06-30,689,3,1,0.193,1,1,0,0,150000,29000,224
CR503888,CUST103888,2024-06-30,776,4,3,0.521,0,0,0,0,694000,361600,6
CR503889,CUST103889,2024-06-30,630,5,0,0.308,3,0,0,0,316000,97300,141
CR503890,CUST103890,2024-06-30,562,8,2,0.464,2,2,0,0,99000,45900,380
CR503891,CUST103891,2024-06-30,590,2,0,0.296,3,1,0,0,139000,41100,174
CR503892,CUST103892,2024-06-30,723,2,4,0.101,0,0,0,0,428000,43200,217
CR503893,CUST103893,2024-06-30,751,2,0,0.028,0,0,0,0,285000,8000,316
CR503894,CUST103894,2024-06-30,561,1,4,0.355,0,0,0,0,215000,76300,150
CR503895,CUST103895,2024-06-30,636,1,0,0.635,3,0,0,0,128000,81300,284
CR503896,CUST103896,2024-06-30,808,6,2,0.236,2,1,0,0,1669000,393900,480
CR503897,CUST103897,2024-06-30,691,7,0,0.686,3,0,0,0,216000,148200,147
CR503898,CUST103898,2024-06-30,686,4,0,0.208,1,0,0,0,358000,74500,387
CR503899,CUST103899,2024-06-30,529,4,2,0.357,2,0,1,0,124000,44300,221
CR503900,CUST103900,2024-06-30,704,5,3,0.698,0,0,0,0,258000,180100,298
CR503901,CUST103901,2024-06-30,702,3,2,0.59,2,0,0,0,352000,207700,260
CR503902,CUST103902,2024-06-30,583,2,1,0.219,3,1,0,0,126000,27600,6
CR503903,CUST103903,2024-06-30,646,6,1,0.721,1,0,0,0,236000,170200,277
CR503904,CUST103904,2024-06-30,657,3,1,0.58,0,0,0,0,506000,293500,320
CR503905,CUST103905,2024-06-30,595,5,1,0.391,1,0,0,0,87000,34000,131
CR503906,CUST103906,2024-06-30,726,3,0,0.035,1,0,0,0,1153000,40400,277
CR503907,CUST103907,2024-06-30,674,1,1,0.177,0,0,0,0,651000,115200,281
CR503908,CUST103908,2024-06-30,567,4,3,0.221,1,1,0,0,125000,27600,214
CR503909,CUST103909,2024-06-30,663,2,1,0.265,0,0,0,0,367000,97300,368
CR503910,CUST103910,2024-06-30,623,1,4,0.384,2,1,0,0,148000,56800,304
CR503911,CUST103911,2024-06-30,659,4,1,0.404,1,0,0,0,209000,84400,89
CR503912,CUST103912,2024-06-30,634,2,5,0.535,1,0,0,0,200000,107000,376
CR503913,CUST103913,2024-06-30,555,1,3,0.628,6,2,2,0,102000,64100,262
CR503914,CUST103914,2024-06-30,704,4,1,0.086,0,0,0,0,394000,33900,268
CR503915,CUST103915,2024-06-30,661,2,1,0.608,1,0,0,0,125000,76000,148
CR503916,CUST103916,2024-06-30,687,3,1,0.505,1,0,0,0,694000,350500,43
CR503917,CUST103917,2024-06-30,767,2,1,0.437,0,0,0,0,918000,401200,203
CR503918,CUST103918,2024-06-30,592,5,3,0.514,0,0,0,0,126000,64800,6
CR503919,CUST103919,2024-06-30,692,4,3,0.275,0,0,0,0,150000,41200,261
CR503920,CUST103920,2024-06-30,639,3,2,0.533,4,0,0,0,541000,288400,175
CR503921,CUST103921,2024-06-30,567,5,3,0.573,2,0,0,0,77000,44100,166
CR503922,CUST103922,2024-06-30,667,4,4,0.621,0,0,0,0,163000,101200,59
CR503923,CUST103923,2024-06-30,668,3,2,0.305,0,0,0,0,361000,110100,71
CR503924,CUST103924,2024-06-30,672,2,1,0.425,0,0,0,0,490000,208200,347
CR503925,CUST103925,2024-06-30,723,7,0,0.355,0,0,0,0,784000,278300,349
CR503926,CUST103926,2024-06-30,663,3,5,0.312,2,0,0,0,708000,220900,143
CR503927,CUST103927,2024-06-30,552,3,3,0.493,1,1,0,0,177000,87300,227
CR503928,CUST103928,2024-06-30,664,0,0,0.132,1,0,0,0,225000,29700,65
CR503929,CUST103929,2024-06-30,722,5,0,0.331,0,0,0,0,669000,221400,77
CR503930,CUST103930,2024-06-30,705,3,1,0.609,0,0,0,0,430000,261900,141
CR503931,CUST103931,2024-06-30,735,6,0,0.26,0,0,0,0,64000,16600,370
CR503932,CUST103932,2024-06-30,768,2,1,0.306,0,0,0,0,534000,163400,11
CR503933,CUST103933,2024-06-30,718,1,2,0.401,0,0,0,0,192000,77000,95
CR503934,CUST103934,2024-06-30,587,3,2,0.594,6,2,0,0,219000,130100,403
CR503935,CUST103935,2024-06-30,732,6,0,0.462,0,0,0,0,343000,158500,81
CR503936,CUST103936,2024-06-30,573,3,4,0.426,4,1,0,0,112000,47700,268
CR503937,CUST103937,2024-06-30,683,3,1,0.278,0,0,0,0,98000,27200,105
CR503938,CUST103938,2024-06-30,739,5,0,0.478,0,0,0,0,240000,114700,273
CR503939,CUST103939,2024-06-30,695,0,1,0.368,0,0,0,0,1350000,496800,254
CR503940,CUST103940,2024-06-30,695,6,0,0.123,1,0,0,0,121000,14900,302
CR503941,CUST103941,2024-06-30,668,0,2,0.141,0,0,0,0,320000,45100,346
CR503942,CUST103942,2024-06-30,801,7,4,0.042,0,0,0,0,385000,16200,413
CR503943,CUST103943,2024-06-30,441,2,1,0.333,0,0,0,0,58000,19300,395
CR503944,CUST103944,2024-06-30,657,4,1,0.484,0,0,0,0,210000,101600,248
CR503945,CUST103945,2024-06-30,527,1,1,0.812,1,1,1,0,88000,71500,153
CR503946,CUST103946,2024-06-30,567,4,2,0.295,4,0,0,0,198000,58400,6
CR503947,CUST103947,2024-06-30,578,4,1,0.811,3,3,0,0,255000,206800,193
CR503948,CUST103948,2024-06-30,654,2,1,0.353,0,0,0,0,148000,52200,46
CR503949,CUST103949,2024-06-30,692,1,4,0.487,0,0,0,0,115000,56000,6
CR503950,CUST103950,2024-06-30,650,4,1,0.615,0,0,1,0,262000,161100,6
CR503951,CUST103951,2024-06-30,742,4,0,0.36,0,0,0,0,333000,119900,47
CR503952,CUST103952,2024-06-30,703,6,1,0.282,0,0,0,0,227000,64000,180
CR503953,CUST103953,2024-06-30,701,5,4,0.233,1,0,0,0,289000,67300,194
CR503954,CUST103954,2024-06-30,804,1,1,0.122,0,0,0,0,406000,49500,77
CR503955,CUST103955,2024-06-30,586,1,4,0.292,4,2,0,0,162000,47300,218
CR503956,CUST103956,2024-06-30,664,1,2,0.423,1,0,0,0,94000,39800,248
CR503957,CUST103957,2024-06-30,655,3,4,0.674,0,0,0,0,183000,123300,6
CR503958,CUST103958,2024-06-30,598,4,4,0.599,1,1,0,0,171000,102400,79
CR503959,CUST103959,2024-06-30,670,3,1,0.334,1,0,0,0,384000,128300,220
CR503960,CUST103960,2024-06-30,654,4,1,0.341,2,0,0,0,70000,23900,10
CR503961,CUST103961,2024-06-30,743,3,0,0.514,0,0,0,0,810000,416300,226
CR503962,CUST103962,2024-06-30,439,7,2,0.526,1,1,1,0,95000,50000,120
CR503963,CUST103963,2024-06-30,616,7,1,0.591,0,0,0,0,128000,75600,162
CR503964,CUST103964,2024-06-30,501,2,4,0.849,3,2,0,1,284000,241100,317
CR503965,CUST103965,2024-06-30,519,3,4,0.223,1,1,1,0,233000,52000,71
CR503966,CUST103966,2024-06-30,551,4,2,0.485,2,1,0,0,114000,55300,290
CR503967,CUST103967,2024-06-30,600,3,1,0.112,3,0,0,0,199000,22300,291
CR503968,CUST103968,2024-06-30,581,1,5,0.49,3,2,0,0,129000,63200,256
CR503969,CUST103969,2024-06-30,597,3,2,0.277,3,1,0,0,171000,47400,6
CR503970,CUST103970,2024-06-30,634,1,0,0.412,1,1,0,0,58000,23900,238
CR503971,CUST103971,2024-06-30,723,7,2,0.356,0,0,0,0,435000,154900,363
CR503972,CUST103972,2024-06-30,654,5,2,0.254,0,0,1,0,206000,52300,392
CR503973,CUST103973,2024-06-30,719,4,3,0.044,0,0,0,0,125000,5500,324
CR503974,CUST103974,2024-06-30,614,2,1,0.281,2,0,0,0,244000,68600,106
CR503975,CUST103975,2024-06-30,684,3,1,0.237,1,0,0,0,254000,60200,302
CR503976,CUST103976,2024-06-30,687,3,0,0.369,0,0,0,0,458000,169000,220
CR503977,CUST103977,2024-06-30,629,1,1,0.812,0,0,0,0,64000,52000,315
CR503978,CUST103978,2024-06-30,597,4,2,0.084,2,0,1,0,54000,4500,206
CR503979,CUST103979,2024-06-30,613,4,3,0.272,0,0,0,0,51000,13900,252
CR503980,CUST103980,2024-06-30,608,4,0,0.135,1,0,0,0,77000,10400,6
CR503981,CUST103981,2024-06-30,633,5,1,0.686,3,0,0,0,231000,158500,323
CR503982,CUST103982,2024-06-30,699,1,2,0.02,0,0,0,0,306000,6100,9
CR503983,CUST103983,2024-06-30,776,4,1,0.163,0,0,0,0,790000,128800,299
CR503984,CUST103984,2024-06-30,674,2,0,0.315,0,0,0,0,299000,94200,247
CR503985,CUST103985,2024-06-30,525,2,3,0.39,0,0,2,0,38000,14800,49
CR503986,CUST103986,2024-06-30,752,4,1,0.516,1,0,0,0,359000,185200,100
CR503987,CUST103987,2024-06-30,541,3,1,0.326,2,1,0,0,231000,75300,10
CR503988,CUST103988,2024-06-30,712,3,2,0.131,1,0,0,0,456000,59700,192
CR503989,CUST103989,2024-06-30,697,3,3,0.131,1,1,0,0,109000,14300,174
CR503990,CUST103990,2024-06-30,806,3,1,0.454,0,0,0,0,654000,296900,346
CR503991,CUST103991,2024-06-30,576,2,2,0.351,2,1,1,0,179000,62800,145
CR503992,CUST103992,2024-06-30,702,3,1,0.117,1,0,0,0,205000,24000,384
CR503993,CUST103993,2024-06-30,522,0,4,0.653,3,1,0,0,160000,104500,263
CR503994,CUST103994,2024-06-30,482,6,2,0.34,2,2,1,0,103000,35000,190
CR503995,CUST103995,2024-06-30,626,4,2,0.581,4,0,0,0,110000,63900,135
CR503996,CUST103996,2024-06-30,585,2,2,0.415,2,1,0,0,210000,87200,125
CR503997,CUST103997,2024-06-30,457,4,3,0.471,3,0,1,0,56000,26400,239
CR503998,CUST103998,2024-06-30,730,5,1,0.177,1,1,0,0,815000,144300,404
CR503999,CUST103999,2024-06-30,647,5,0,0.581,0,0,0,0,323000,187700,258
CR504000,CUST104000,2024-06-30,763,3,0,0.058,2,0,0,0,576000,33400,145
CR504001,CUST104001,2024-06-30,519,4,4,0.538,2,1,0,0,101000,54300,6
CR504002,CUST104002,2024-06-30,616,4,0,0.516,6,0,0,0,69000,35600,151
CR504003,CUST104003,2024-06-30,657,1,1,0.401,0,0,0,0,465000,186500,130
CR504004,CUST104004,2024-06-30,647,3,3,0.248,4,0,0,0,228000,56500,480
CR504005,CUST104005,2024-06-30,756,2,2,0.32,1,0,0,0,748000,239400,297
CR504006,CUST104006,2024-06-30,627,5,1,0.106,3,0,0,0,375000,39800,89
CR504007,CUST104007,2024-06-30,539,2,4,0.432,3,1,0,0,33000,14300,42
CR504008,CUST104008,2024-06-30,641,4,2,0.582,2,0,0,0,296000,172300,221
CR504009,CUST104009,2024-06-30,580,3,6,0.333,5,2,0,0,113000,37600,303
CR504010,CUST104010,2024-06-30,675,2,0,0.459,0,0,0,0,134000,61500,197
CR504011,CUST104011,2024-06-30,682,3,1,0.091,0,0,0,0,221000,20100,363
CR504012,CUST104012,2024-06-30,628,2,0,0.543,5,0,0,0,227000,123300,296
CR504013,CUST104013,2024-06-30,569,3,6,0.579,5,1,1,0,249000,144200,84
CR504014,CUST104014,2024-06-30,746,3,2,0.161,0,0,0,0,384000,61800,348
CR504015,CUST104015,2024-06-30,691,2,0,0.609,1,0,0,0,533000,324600,437
CR504016,CUST104016,2024-06-30,685,1,3,0.506,0,0,0,0,165000,83500,6
CR504017,CUST104017,2024-06-30,691,0,0,0.11,0,0,0,0,316000,34800,83
CR504018,CUST104018,2024-06-30,692,0,3,0.434,0,0,0,0,109000,47300,134
CR504019,CUST104019,2024-06-30,709,4,2,0.429,0,0,0,0,197000,84500,301
CR504020,CUST104020,2024-06-30,684,2,2,0.204,1,0,0,0,273000,55700,106
CR504021,CUST104021,2024-06-30,545,1,2,0.471,0,0,2,0,165000,77700,6
CR504022,CUST104022,2024-06-30,527,5,5,0.741,2,0,0,0,42000,31100,326
CR504023,CUST104023,2024-06-30,665,5,2,0.36,1,1,0,0,211000,76000,97
CR504024,CUST104024,2024-06-30,583,1,0,0.601,5,3,0,0,76000,45700,253
CR504025,CUST104025,2024-06-30,735,5,2,0.303,0,0,0,0,520000,157600,126
CR504026,CUST104026,2024-06-30,661,3,1,0.37,1,0,0,0,170000,62900,255
CR504027,CUST104027,2024-06-30,583,6,1,0.274,5,1,0,0,83000,22700,154
CR504028,CUST104028,2024-06-30,697,4,3,0.507,0,0,0,0,335000,169800,149
CR504029,CUST104029,2024-06-30,674,2,0,0.432,0,0,0,0,43000,18600,239
CR504030,CUST104030,2024-06-30,634,3,1,0.514,1,0,0,0,363000,186600,407
CR504031,CUST104031,2024-06-30,536,0,5,0.559,1,1,0,0,67000,37500,6
CR504032,CUST104032,2024-06-30,587,3,0,0.274,2,2,0,0,131000,35900,88
CR504033,CUST104033,2024-06-30,498,4,1,0.503,1,0,0,0,36000,18100,9
CR504034,CUST104034,2024-06-30,733,2,2,0.253,0,0,0,0,536000,135600,290
CR504035,CUST104035,2024-06-30,753,1,0,0.471,1,0,0,0,282000,132800,296
CR504036,CUST104036,2024-06-30,793,9,2,0.475,1,0,0,0,1440000,684000,187
CR504037,CUST104037,2024-06-30,647,1,0,0.507,1,0,0,0,446000,226100,299
CR504038,CUST104038,2024-06-30,729,4,1,0.535,3,0,0,0,79000,42300,246
CR504039,CUST104039,2024-06-30,738,4,2,0.227,1,0,0,0,193000,43800,157
CR504040,CUST104040,2024-06-30,487,2,0,0.518,2,1,2,0,66000,34200,220
CR504041,CUST104041,2024-06-30,670,4,0,0.392,1,0,0,0,251000,98400,201
CR504042,CUST104042,2024-06-30,531,1,0,0.744,6,1,3,0,235000,174800,101
CR504043,CUST104043,2024-06-30,798,1,2,0.248,0,0,0,0,515000,127700,131
CR504044,CUST104044,2024-06-30,615,4,2,0.786,2,1,0,0,428000,336400,59
CR504045,CUST104045,2024-06-30,652,4,2,0.473,1,0,0,0,446000,211000,148
CR504046,CUST104046,2024-06-30,679,1,2,0.15,2,0,0,0,286000,42900,96
CR504047,CUST104047,2024-06-30,705,5,1,0.182,0,0,0,0,190000,34600,168
CR504048,CUST104048,2024-06-30,654,4,3,0.067,1,0,0,0,90000,6000,6
CR504049,CUST104049,2024-06-30,838,7,4,0.02,0,0,0,0,526000,10500,450
CR504050,CUST104050,2024-06-30,678,4,1,0.152,0,0,0,0,121000,18400,252
CR504051,CUST104051,2024-06-30,648,1,1,0.23,6,0,1,0,462000,106300,236
CR504052,CUST104052,2024-06-30,865,2,1,0.483,0,0,0,0,714000,344900,256
CR504053,CUST104053,2024-06-30,642,4,2,0.218,5,0,0,0,149000,32500,241
CR504054,CUST104054,2024-06-30,674,4,0,0.653,0,0,0,0,96000,62700,247
CR504055,CUST104055,2024-06-30,680,2,0,0.078,0,0,0,0,445000,34700,6
CR504056,CUST104056,2024-06-30,542,2,4,0.219,2,0,0,0,110000,24100,72
CR504057,CUST104057,2024-06-30,681,5,1,0.504,1,0,0,0,281000,141600,364
CR504058,CUST104058,2024-06-30,723,4,0,0.146,0,0,0,0,538000,78500,181
CR504059,CUST104059,2024-06-30,600,3,1,0.36,1,0,0,0,204000,73400,239
CR504060,CUST104060,2024-06-30,675,1,1,0.246,0,0,0,0,295000,72600,167
CR504061,CUST104061,2024-06-30,762,3,0,0.201,1,0,0,0,448000,90000,322
CR504062,CUST104062,2024-06-30,652,3,1,0.317,1,0,0,0,390000,123600,231
CR504063,CUST104063,2024-06-30,805,5,4,0.163,1,0,0,0,207000,33700,56
CR504064,CUST104064,2024-06-30,777,3,0,0.154,0,0,0,0,591000,91000,34
CR504065,CUST104065,2024-06-30,635,0,2,0.335,6,0,0,0,84000,28100,189
CR504066,CUST104066,2024-06-30,532,3,1,0.677,2,0,0,0,161000,109000,230
CR504067,CUST104067,2024-06-30,577,3,4,0.33,5,0,0,0,454000,149800,274
CR504068,CUST104068,2024-06-30,681,3,1,0.347,0,0,0,0,285000,98900,211
CR504069,CUST104069,2024-06-30,711,3,1,0.102,0,0,0,0,422000,43000,202
CR504070,CUST104070,2024-06-30,613,3,3,0.599,3,0,0,0,1162000,696000,204
CR504071,CUST104071,2024-06-30,667,4,0,0.328,1,0,0,0,433000,142000,480
CR504072,CUST104072,2024-06-30,696,1,2,0.404,0,0,0,0,743000,300200,150
CR504073,CUST104073,2024-06-30,851,5,2,0.08,0,0,1,0,941000,75300,279
CR504074,CUST104074,2024-06-30,683,2,2,0.655,2,1,0,0,423000,277100,260
CR504075,CUST104075,2024-06-30,462,2,2,0.439,3,0,0,0,110000,48300,369
CR504076,CUST104076,2024-06-30,565,2,2,0.139,1,1,0,0,403000,56000,194
CR504077,CUST104077,2024-06-30,729,2,1,0.174,0,0,0,0,662000,115200,102
CR504078,CUST104078,2024-06-30,795,4,0,0.268,1,0,0,0,409000,109600,107
CR504079,CUST104079,2024-06-30,500,7,2,0.38,4,2,0,0,146000,55500,254
CR504080,CUST104080,2024-06-30,639,5,0,0.217,1,0,0,0,133000,28900,227
CR504081,CUST104081,2024-06-30,677,3,2,0.163,0,0,0,0,1044000,170200,464
CR504082,CUST104082,2024-06-30,744,1,0,0.791,0,0,0,0,329000,260200,271
CR504083,CUST104083,2024-06-30,720,7,2,0.4,2,0,0,0,204000,81600,442
CR504084,CUST104084,2024-06-30,532,3,3,0.238,1,0,3,0,69000,16400,152
CR504085,CUST104085,2024-06-30,759,7,1,0.068,0,0,0,0,265000,18000,294
CR504086,CUST104086,2024-06-30,577,1,5,0.668,2,2,0,0,325000,217100,278
CR504087,CUST104087,2024-06-30,583,1,5,0.36,1,1,0,0,105000,37800,312
CR504088,CUST104088,2024-06-30,699,4,3,0.214,1,0,0,0,339000,72500,327
CR504089,CUST104089,2024-06-30,599,3,3,0.337,3,3,0,0,296000,99800,181
CR504090,CUST104090,2024-06-30,705,2,2,0.382,0,0,0,0,161000,61500,395
CR504091,CUST104091,2024-06-30,737,3,1,0.458,2,0,0,0,231000,105800,216
CR504092,CUST104092,2024-06-30,627,4,2,0.128,1,0,1,0,94000,12000,59
CR504093,CUST104093,2024-06-30,640,4,2,0.14,2,0,1,0,463000,64800,128
CR504094,CUST104094,2024-06-30,532,4,2,0.461,6,2,0,0,83000,38300,6
CR504095,CUST104095,2024-06-30,637,8,3,0.67,0,0,0,0,244000,163500,378
CR504096,CUST104096,2024-06-30,687,2,4,0.257,0,0,0,0,304000,78100,280
CR504097,CUST104097,2024-06-30,699,5,0,0.355,0,0,0,0,398000,141300,382
CR504098,CUST104098,2024-06-30,650,1,0,0.472,0,0,0,0,307000,144900,23
CR504099,CUST104099,2024-06-30,572,5,1,0.38,0,0,0,0,88000,33400,40
CR504100,CUST104100,2024-06-30,550,4,1,0.345,1,1,0,0,111000,38300,194
CR504101,CUST104101,2024-06-30,747,5,3,0.103,1,0,0,0,326000,33600,327
CR504102,CUST104102,2024-06-30,602,1,1,0.196,1,0,0,0,352000,69000,427
CR504103,CUST104103,2024-06-30,661,3,1,0.146,0,0,0,0,273000,39900,371
CR504104,CUST104104,2024-06-30,657,5,4,0.399,0,0,0,0,256000,102100,183
CR504105,CUST104105,2024-06-30,711,6,2,0.496,1,0,0,0,342000,169600,350
CR504106,CUST104106,2024-06-30,612,3,1,0.521,1,0,0,0,127000,66200,258
CR504107,CUST104107,2024-06-30,656,1,1,0.566,1,0,0,0,1163000,658300,326
CR504108,CUST104108,2024-06-30,728,6,2,0.335,1,0,0,0,377000,126300,6
CR504109,CUST104109,2024-06-30,556,4,5,0.334,4,1,1,0,206000,68800,295
CR504110,CUST104110,2024-06-30,556,4,1,0.475,2,0,2,0,139000,66000,131
CR504111,CUST104111,2024-06-30,757,3,1,0.17,0,0,0,0,508000,86400,311
CR504112,CUST104112,2024-06-30,753,4,0,0.172,0,0,0,0,308000,53000,210
CR504113,CUST104113,2024-06-30,671,5,3,0.43,0,0,0,0,144000,61900,154
CR504114,CUST104114,2024-06-30,546,2,3,0.231,5,1,0,0,187000,43200,107
CR504115,CUST104115,2024-06-30,834,5,1,0.413,0,0,0,0,1626000,671500,259
CR504116,CUST104116,2024-06-30,611,2,1,0.158,2,0,0,0,340000,53700,70
CR504117,CUST104117,2024-06-30,447,7,4,0.428,1,0,0,0,30000,12800,223
CR504118,CUST104118,2024-06-30,776,3,1,0.041,1,0,0,0,633000,26000,310
CR504119,CUST104119,2024-06-30,739,2,1,0.317,0,0,0,0,215000,68200,286
CR504120,CUST104120,2024-06-30,544,1,1,0.736,3,3,0,0,155000,114100,245
CR504121,CUST104121,2024-06-30,717,6,0,0.341,1,0,0,0,230000,78400,244
CR504122,CUST104122,2024-06-30,604,4,1,0.199,1,0,0,0,195000,38800,6
CR504123,CUST104123,2024-06-30,656,3,1,0.385,0,0,0,0,562000,216400,155
CR504124,CUST104124,2024-06-30,487,2,1,0.804,2,1,1,0,81000,65100,289
CR504125,CUST104125,2024-06-30,752,2,2,0.842,0,0,0,0,193000,162500,257
CR504126,CUST104126,2024-06-30,698,6,1,0.456,0,0,0,0,434000,197900,304
CR504127,CUST104127,2024-06-30,677,2,1,0.222,0,0,0,0,532000,118100,203
CR504128,CUST104128,2024-06-30,575,2,2,0.464,2,2,0,0,179000,83100,64
CR504129,CUST104129,2024-06-30,561,2,2,0.342,3,2,0,0,174000,59500,6
CR504130,CUST104130,2024-06-30,570,3,4,0.497,3,0,0,0,105000,52200,148
CR504131,CUST104131,2024-06-30,559,1,3,0.271,2,1,1,0,76000,20600,34
CR504132,CUST104132,2024-06-30,670,3,0,0.163,1,0,0,0,400000,65200,211
CR504133,CUST104133,2024-06-30,640,4,1,0.294,2,0,0,0,518000,152300,225
CR504134,CUST104134,2024-06-30,577,7,4,0.522,0,0,0,0,97000,50600,12
CR504135,CUST104135,2024-06-30,612,3,1,0.754,4,0,0,0,712000,536800,143
CR504136,CUST104136,2024-06-30,767,2,1,0.442,0,0,0,0,357000,157800,279
CR504137,CUST104137,2024-06-30,575,3,3,0.138,1,1,0,0,164000,22600,367
CR504138,CUST104138,2024-06-30,737,2,1,0.431,0,0,0,0,879000,378800,351
CR504139,CUST104139,2024-06-30,640,2,2,0.24,0,0,0,0,358000,85900,6
CR504140,CUST104140,2024-06-30,643,2,0,0.391,2,0,0,0,251000,98100,250
CR504141,CUST104141,2024-06-30,826,5,3,0.028,1,0,0,0,487000,13600,6
CR504142,CUST104142,2024-06-30,762,5,2,0.3,2,0,0,0,143000,42900,252
CR504143,CUST104143,2024-06-30,523,4,1,0.55,3,1,2,0,200000,110000,245
CR504144,CUST104144,2024-06-30,762,5,1,0.105,0,0,0,0,458000,48100,6
CR504145,CUST104145,2024-06-30,608,5,1,0.48,5,0,0,0,126000,60500,190
CR504146,CUST104146,2024-06-30,742,4,3,0.462,0,0,0,0,464000,214400,273
CR504147,CUST104147,2024-06-30,641,4,2,0.237,3,0,0,0,105000,24900,182
CR504148,CUST104148,2024-06-30,628,5,0,0.721,5,0,0,0,351000,253100,292
CR504149,CUST104149,2024-06-30,489,3,4,0.535,3,2,1,0,139000,74400,36
CR504150,CUST104150,2024-06-30,769,2,4,0.349,0,0,0,0,197000,68800,321
CR504151,CUST104151,2024-06-30,480,3,3,0.229,4,2,3,0,113000,25900,9
CR504152,CUST104152,2024-06-30,644,5,1,0.56,3,0,0,0,240000,134400,243
CR504153,CUST104153,2024-06-30,516,4,2,0.483,2,1,1,0,82000,39600,241
CR504154,CUST104154,2024-06-30,615,6,3,0.619,1,0,1,0,284000,175800,141
CR504155,CUST104155,2024-06-30,657,2,1,0.197,0,0,0,0,69000,13600,125
CR504156,CUST104156,2024-06-30,729,3,0,0.534,0,0,0,0,478000,255300,222
CR504157,CUST104157,2024-06-30,615,2,2,0.545,0,0,0,0,313000,170600,262
CR504158,CUST104158,2024-06-30,683,4,1,0.574,0,0,0,0,357000,204900,83
CR504159,CUST104159,2024-06-30,658,3,1,0.606,2,0,0,0,154000,93300,324
CR504160,CUST104160,2024-06-30,651,3,1,0.392,0,0,0,0,191000,74900,41
CR504161,CUST104161,2024-06-30,587,3,5,0.329,2,2,0,0,167000,54900,327
CR504162,CUST104162,2024-06-30,595,0,1,0.468,1,0,0,0,203000,95000,359
CR504163,CUST104163,2024-06-30,607,3,2,0.48,1,0,0,0,190000,91200,57
CR504164,CUST104164,2024-06-30,560,3,1,0.449,5,0,0,0,252000,113100,312
CR504165,CUST104165,2024-06-30,595,2,3,0.236,1,0,0,0,149000,35200,24
CR504166,CUST104166,2024-06-30,722,5,1,0.1,1,0,0,0,135000,13500,289
CR504167,CUST104167,2024-06-30,638,2,1,0.65,1,0,0,0,193000,125400,218
CR504168,CUST104168,2024-06-30,756,4,1,0.491,2,0,0,0,857000,420800,204
CR504169,CUST104169,2024-06-30,689,2,0,0.252,0,0,0,0,557000,140400,199
CR504170,CUST104170,2024-06-30,792,4,1,0.136,1,1,0,0,327000,44500,6
CR504171,CUST104171,2024-06-30,611,4,1,0.458,2,0,0,0,414000,189600,320
CR504172,CUST104172,2024-06-30,597,2,4,0.385,1,0,0,0,629000,242200,54
CR504173,CUST104173,2024-06-30,738,7,0,0.383,0,0,0,0,452000,173100,283
CR504174,CUST104174,2024-06-30,602,2,1,0.377,3,0,0,0,240000,90500,107
CR504175,CUST104175,2024-06-30,651,4,0,0.449,0,0,1,0,283000,127100,6
CR504176,CUST104176,2024-06-30,505,3,3,0.461,0,0,0,0,135000,62200,7
CR504177,CUST104177,2024-06-30,711,3,1,0.154,0,0,0,0,359000,55300,442
CR504178,CUST104178,2024-06-30,733,4,1,0.357,0,0,0,0,272000,97100,161
CR504179,CUST104179,2024-06-30,611,5,3,0.559,0,0,0,0,217000,121300,82
CR504180,CUST104180,2024-06-30,386,4,1,0.249,2,1,1,0,69000,17200,6
CR504181,CUST104181,2024-06-30,556,4,2,0.704,2,0,0,0,152000,107000,19
CR504182,CUST104182,2024-06-30,708,3,1,0.507,0,0,0,0,100000,50700,146
CR504183,CUST104183,2024-06-30,620,2,2,0.18,1,0,0,0,333000,59900,137
CR504184,CUST104184,2024-06-30,767,9,0,0.319,0,0,0,0,356000,113600,282
CR504185,CUST104185,2024-06-30,762,5,1,0.205,0,0,0,0,480000,98400,6
CR504186,CUST104186,2024-06-30,761,3,2,0.363,1,1,0,0,228000,82800,433
CR504187,CUST104187,2024-06-30,769,5,2,0.216,0,0,0,0,1388000,299800,261
CR504188,CUST104188,2024-06-30,717,4,1,0.172,0,0,0,0,879000,151200,187
CR504189,CUST104189,2024-06-30,450,4,2,0.274,3,2,0,0,107000,29300,20
CR504190,CUST104190,2024-06-30,584,4,3,0.358,3,2,0,0,133000,47600,145
CR504191,CUST104191,2024-06-30,623,2,1,0.327,1,0,0,0,243000,79500,237
CR504192,CUST104192,2024-06-30,636,5,0,0.576,5,0,0,0,365000,210200,54
CR504193,CUST104193,2024-06-30,642,3,1,0.409,2,0,0,0,533000,218000,228
CR504194,CUST104194,2024-06-30,644,7,2,0.661,1,0,0,0,67000,44300,213
CR504195,CUST104195,2024-06-30,720,6,0,0.199,0,0,0,0,347000,69100,154
CR504196,CUST104196,2024-06-30,643,6,1,0.409,3,0,0,0,135000,55200,432
CR504197,CUST104197,2024-06-30,682,4,1,0.306,0,0,0,0,238000,72800,6
CR504198,CUST104198,2024-06-30,427,5,3,0.714,2,2,1,0,47000,33600,249
CR504199,CUST104199,2024-06-30,708,4,1,0.306,0,0,1,0,953000,291600,421
CR504200,CUST104200,2024-06-30,804,2,1,0.12,1,1,0,0,524000,62900,319
CR504201,CUST104201,2024-06-30,751,4,0,0.277,2,0,0,0,263000,72900,74
CR504202,CUST104202,2024-06-30,681,1,0,0.54,0,0,0,0,121000,65300,205
CR504203,CUST104203,2024-06-30,601,3,1,0.679,4,0,0,0,181000,122900,144
CR504204,CUST104204,2024-06-30,610,4,0,0.339,6,0,0,0,233000,79000,480
CR504205,CUST104205,2024-06-30,473,2,4,0.567,1,0,0,0,87000,49300,171
CR504206,CUST104206,2024-06-30,644,1,0,0.423,3,0,0,0,448000,189500,6
CR504207,CUST104207,2024-06-30,601,1,3,0.069,0,0,0,0,251000,17300,273
CR504208,CUST104208,2024-06-30,657,5,0,0.769,0,0,0,0,223000,171500,249
CR504209,CUST104209,2024-06-30,602,3,2,0.201,1,0,0,0,349000,70100,123
CR504210,CUST104210,2024-06-30,607,2,1,0.446,1,0,0,0,76000,33900,6
CR504211,CUST104211,2024-06-30,685,5,4,0.511,0,0,0,0,519000,265200,387
CR504212,CUST104212,2024-06-30,724,4,2,0.411,0,0,0,0,394000,161900,257
CR504213,CUST104213,2024-06-30,734,7,2,0.259,0,0,0,0,97000,25100,253
CR504214,CUST104214,2024-06-30,761,6,0,0.164,0,0,0,0,944000,154800,320
CR504215,CUST104215,2024-06-30,638,4,2,0.089,3,0,0,0,201000,17900,238
CR504216,CUST104216,2024-06-30,537,1,1,0.609,1,1,0,0,72000,43800,6
CR504217,CUST104217,2024-06-30,638,3,4,0.2,0,0,1,0,66000,13200,6
CR504218,CUST104218,2024-06-30,568,3,2,0.376,1,0,0,0,57000,21400,186
CR504219,CUST104219,2024-06-30,665,5,2,0.115,1,0,0,0,415000,47700,345
CR504220,CUST104220,2024-06-30,775,7,0,0.596,0,0,0,0,1639000,976800,172
CR504221,CUST104221,2024-06-30,702,4,0,0.257,1,0,0,0,675000,173500,170
CR504222,CUST104222,2024-06-30,635,2,0,0.22,0,0,0,0,229000,50400,13
CR504223,CUST104223,2024-06-30,694,0,0,0.143,0,0,0,0,267000,38200,104
CR504224,CUST104224,2024-06-30,638,2,3,0.285,2,0,0,0,287000,81800,405
CR504225,CUST104225,2024-06-30,777,2,2,0.209,0,0,0,0,577000,120600,19
CR504226,CUST104226,2024-06-30,760,7,0,0.176,1,0,0,0,994000,174900,304
CR504227,CUST104227,2024-06-30,628,1,1,0.358,3,0,1,0,148000,53000,56
CR504228,CUST104228,2024-06-30,600,2,1,0.082,1,0,0,0,219000,18000,32
CR504229,CUST104229,2024-06-30,729,5,0,0.155,0,0,0,0,425000,65900,241
CR504230,CUST104230,2024-06-30,738,2,3,0.079,1,0,0,0,287000,22700,342
CR504231,CUST104231,2024-06-30,586,6,2,0.164,4,1,0,0,413000,67700,95
CR504232,CUST104232,2024-06-30,665,3,0,0.452,0,0,0,0,214000,96700,296
CR504233,CUST104233,2024-06-30,697,4,1,0.369,1,0,0,0,264000,97400,430
CR504234,CUST104234,2024-06-30,642,2,1,0.121,2,0,0,0,188000,22700,59
CR504235,CUST104235,2024-06-30,633,2,1,0.43,1,1,0,0,338000,145300,324
CR504236,CUST104236,2024-06-30,574,2,3,0.121,2,2,0,0,125000,15100,35
CR504237,CUST104237,2024-06-30,778,2,2,0.037,1,1,0,0,575000,21300,6
CR504238,CUST104238,2024-06-30,708,6,2,0.191,1,0,0,0,295000,56300,206
CR504239,CUST104239,2024-06-30,760,6,1,0.806,2,0,0,0,704000,567400,212
CR504240,CUST104240,2024-06-30,567,2,2,0.602,4,0,0,0,83000,50000,257
CR504241,CUST104241,2024-06-30,617,5,1,0.141,3,0,0,0,347000,48900,206
CR504242,CUST104242,2024-06-30,672,0,3,0.332,0,0,0,0,700000,232400,239
CR504243,CUST104243,2024-06-30,704,7,1,0.275,0,0,0,0,337000,92700,93
CR504244,CUST104244,2024-06-30,571,6,0,0.366,2,0,0,0,260000,95200,265
CR504245,CUST104245,2024-06-30,704,4,2,0.419,1,1,0,0,541000,226700,367
CR504246,CUST104246,2024-06-30,716,2,2,0.148,2,0,0,0,324000,48000,160
CR504247,CUST104247,2024-06-30,609,4,2,0.491,3,0,0,0,148000,72700,144
CR504248,CUST104248,2024-06-30,758,3,1,0.158,0,0,0,0,247000,39000,115
CR504249,CUST104249,2024-06-30,648,1,0,0.349,1,0,0,0,117000,40800,6
CR504250,CUST104250,2024-06-30,694,2,0,0.448,0,0,0,0,72000,32300,279
CR504251,CUST104251,2024-06-30,758,5,0,0.186,0,0,0,0,562000,104500,211
CR504252,CUST104252,2024-06-30,662,4,1,0.334,1,0,0,0,282000,94200,185
CR504253,CUST104253,2024-06-30,650,4,1,0.31,1,0,0,0,897000,278100,98
CR504254,CUST104254,2024-06-30,577,3,4,0.246,3,1,0,0,221000,54400,284
CR504255,CUST104255,2024-06-30,712,2,1,0.448,0,0,0,0,462000,207000,283
CR504256,CUST104256,2024-06-30,738,4,1,0.134,0,0,0,0,373000,50000,224
CR504257,CUST104257,2024-06-30,531,2,3,0.503,1,0,1,0,59000,29700,142
CR504258,CUST104258,2024-06-30,683,1,3,0.61,2,1,0,0,181000,110400,129
CR504259,CUST104259,2024-06-30,535,3,2,0.489,1,0,0,0,103000,50400,30
CR504260,CUST104260,2024-06-30,712,5,2,0.351,1,0,0,0,139000,48800,167
CR504261,CUST104261,2024-06-30,688,5,4,0.204,1,0,0,0,436000,88900,260
CR504262,CUST104262,2024-06-30,691,4,2,0.448,0,0,0,0,300000,134400,6
CR504263,CUST104263,2024-06-30,527,4,4,0.561,3,2,0,0,109000,61100,295
CR504264,CUST104264,2024-06-30,650,5,3,0.435,0,0,0,0,373000,162300,131
CR504265,CUST104265,2024-06-30,611,4,1,0.26,1,0,0,0,259000,67300,173
CR504266,CUST104266,2024-06-30,608,2,0,0.357,3,0,0,0,167000,59600,240
CR504267,CUST104267,2024-06-30,667,1,2,0.862,0,0,0,0,293000,252600,78
CR504268,CUST104268,2024-06-30,659,10,1,0.493,1,0,0,0,242000,119300,207
CR504269,CUST104269,2024-06-30,707,1,2,0.361,1,0,0,0,288000,104000,155
CR504270,CUST104270,2024-06-30,779,1,2,0.087,2,0,0,0,882000,76700,97
CR504271,CUST104271,2024-06-30,687,7,2,0.111,1,0,0,0,145000,16100,65
CR504272,CUST104272,2024-06-30,551,0,3,0.447,2,0,0,0,211000,94300,192
CR504273,CUST104273,2024-06-30,619,1,0,0.59,0,0,0,0,291000,171700,119
CR504274,CUST104274,2024-06-30,630,3,0,0.38,2,0,0,0,114000,43300,168
CR504275,CUST104275,2024-06-30,752,6,0,0.265,0,0,0,0,692000,183400,277
CR504276,CUST104276,2024-06-30,610,4,0,0.092,3,0,0,0,213000,19600,406
CR504277,CUST104277,2024-06-30,600,4,1,0.643,4,0,0,0,197000,126700,424
CR504278,CUST104278,2024-06-30,463,4,4,0.575,0,0,1,0,157000,90300,328
CR504279,CUST104279,2024-06-30,706,10,0,0.371,1,0,0,0,205000,76100,266
CR504280,CUST104280,2024-06-30,822,3,2,0.168,0,0,0,0,419000,70400,217
CR504281,CUST104281,2024-06-30,668,4,3,0.419,0,0,0,0,318000,133200,6
CR504282,CUST104282,2024-06-30,718,4,2,0.165,1,1,0,0,505000,83300,469
CR504283,CUST104283,2024-06-30,597,4,2,0.487,5,0,0,0,67000,32600,208
CR504284,CUST104284,2024-06-30,616,1,1,0.344,1,0,0,0,171000,58800,56
CR504285,CUST104285,2024-06-30,659,1,2,0.586,1,0,0,0,345000,202200,34
CR504286,CUST104286,2024-06-30,620,4,1,0.211,2,1,0,0,472000,99600,189
CR504287,CUST104287,2024-06-30,653,2,0,0.043,0,0,0,0,88000,3800,36
CR504288,CUST104288,2024-06-30,706,6,3,0.33,1,0,0,0,466000,153800,72
CR504289,CUST104289,2024-06-30,694,2,1,0.391,0,0,0,0,220000,86000,184
CR504290,CUST104290,2024-06-30,486,2,3,0.337,3,3,1,0,83000,28000,125
CR504291,CUST104291,2024-06-30,480,3,3,0.3,2,0,0,0,85000,25500,144
CR504292,CUST104292,2024-06-30,598,1,3,0.266,5,1,0,0,119000,31700,6
CR504293,CUST104293,2024-06-30,540,1,1,0.233,2,0,2,0,75000,17500,160
CR504294,CUST104294,2024-06-30,612,5,2,0.511,5,0,0,0,352000,179900,6
CR504295,CUST104295,2024-06-30,708,3,1,0.215,0,0,0,0,660000,141900,329
CR504296,CUST104296,2024-06-30,809,4,0,0.535,0,0,0,0,557000,298000,22
CR504297,CUST104297,2024-06-30,553,2,3,0.733,2,2,1,0,35000,25700,6
CR504298,CUST104298,2024-06-30,690,3,0,0.106,1,1,0,0,211000,22400,112
CR504299,CUST104299,2024-06-30,399,1,3,0.507,1,1,0,0,107000,54200,233
CR504300,CUST104300,2024-06-30,559,2,3,0.709,2,2,0,0,204000,144600,6
CR504301,CUST104301,2024-06-30,760,3,0,0.314,0,0,1,0,346000,108600,211
CR504302,CUST104302,2024-06-30,599,5,3,0.876,2,0,0,0,43000,37700,315
CR504303,CUST104303,2024-06-30,600,3,0,0.902,5,0,0,0,229000,206600,9
CR504304,CUST104304,2024-06-30,615,5,0,0.457,1,0,0,0,149000,68100,46
CR504305,CUST104305,2024-06-30,798,5,1,0.542,0,0,0,0,1049000,568600,238
CR504306,CUST104306,2024-06-30,669,1,2,0.159,1,0,0,0,333000,52900,6
CR504307,CUST104307,2024-06-30,604,6,2,0.623,1,1,0,0,393000,244800,161
CR504308,CUST104308,2024-06-30,590,0,1,0.266,1,1,0,0,197000,52400,171
CR504309,CUST104309,2024-06-30,645,1,1,0.257,1,0,0,0,123000,31600,106
CR504310,CUST104310,2024-06-30,502,2,2,0.603,4,2,1,0,158000,95300,384
CR504311,CUST104311,2024-06-30,604,2,2,0.465,1,0,0,0,172000,80000,122
CR504312,CUST104312,2024-06-30,734,3,2,0.392,0,0,0,0,88000,34500,110
CR504313,CUST104313,2024-06-30,670,1,2,0.371,0,0,0,0,133000,49300,198
CR504314,CUST104314,2024-06-30,583,5,1,0.372,1,1,0,0,155000,57700,101
CR504315,CUST104315,2024-06-30,688,1,1,0.513,0,0,0,0,657000,337000,128
CR504316,CUST104316,2024-06-30,733,3,1,0.566,1,0,0,0,332000,187900,195
CR504317,CUST104317,2024-06-30,726,4,1,0.126,0,0,0,0,458000,57700,202
CR504318,CUST104318,2024-06-30,593,2,1,0.497,2,1,0,0,552000,274300,6
CR504319,CUST104319,2024-06-30,478,2,0,0.438,4,3,1,0,76000,33300,107
CR504320,CUST104320,2024-06-30,792,6,3,0.496,0,0,0,0,474000,235100,441
CR504321,CUST104321,2024-06-30,766,5,2,0.091,0,0,0,0,385000,35000,422
CR504322,CUST104322,2024-06-30,604,2,0,0.099,4,0,0,0,165000,16300,256
CR504323,CUST104323,2024-06-30,670,4,2,0.337,0,0,0,0,399000,134500,108
CR504324,CUST104324,2024-06-30,766,1,1,0.111,1,0,0,0,700000,77700,416
CR504325,CUST104325,2024-06-30,644,5,0,0.293,3,0,0,0,340000,99600,7
CR504326,CUST104326,2024-06-30,566,1,2,0.619,0,0,0,0,323000,199900,14
CR504327,CUST104327,2024-06-30,545,0,2,0.61,2,0,1,0,161000,98200,6
CR504328,CUST104328,2024-06-30,697,3,0,0.748,1,0,0,0,160000,119700,62
CR504329,CUST104329,2024-06-30,754,6,1,0.568,0,0,1,0,397000,225500,254
CR504330,CUST104330,2024-06-30,465,4,2,0.519,0,0,1,0,91000,47200,73
CR504331,CUST104331,2024-06-30,622,5,2,0.644,1,0,0,0,263000,169400,155
CR504332,CUST104332,2024-06-30,669,6,3,0.437,1,0,0,0,148000,64700,144
CR504333,CUST104333,2024-06-30,618,5,2,0.131,2,0,0,0,77000,10100,279
CR504334,CUST104334,2024-06-30,655,4,0,0.223,0,0,0,0,238000,53100,118
CR504335,CUST104335,2024-06-30,599,3,1,0.591,1,1,0,0,181000,107000,112
CR504336,CUST104336,2024-06-30,669,5,1,0.575,0,0,0,0,568000,326600,142
CR504337,CUST104337,2024-06-30,687,2,0,0.437,1,0,0,0,170000,74300,335
CR504338,CUST104338,2024-06-30,585,3,1,0.407,1,1,0,0,419000,170500,151
CR504339,CUST104339,2024-06-30,655,4,0,0.526,0,0,0,0,195000,102600,341
CR504340,CUST104340,2024-06-30,575,4,2,0.504,4,0,0,0,254000,128000,6
CR504341,CUST104341,2024-06-30,627,7,0,0.539,1,0,0,0,269000,145000,178
CR504342,CUST104342,2024-06-30,607,3,1,0.387,2,0,0,0,419000,162200,48
CR504343,CUST104343,2024-06-30,686,5,1,0.374,0,0,0,0,377000,141000,315
CR504344,CUST104344,2024-06-30,703,4,2,0.141,0,0,1,0,629000,88700,328
CR504345,CUST104345,2024-06-30,517,4,1,0.318,0,0,1,0,149000,47400,6
CR504346,CUST104346,2024-06-30,674,2,0,0.282,1,0,0,0,353000,99500,268
CR504347,CUST104347,2024-06-30,507,6,2,0.856,3,2,0,0,142000,121600,78
CR504348,CUST104348,2024-06-30,707,3,1,0.369,0,0,0,0,222000,81900,185
CR504349,CUST104349,2024-06-30,490,4,1,0.368,5,0,0,0,85000,31300,6
CR504350,CUST104350,2024-06-30,710,3,1,0.16,0,0,0,0,486000,77800,300
CR504351,CUST104351,2024-06-30,542,6,4,0.758,2,2,0,0,409000,310000,6
CR504352,CUST104352,2024-06-30,578,4,4,0.472,3,3,0,0,100000,47200,285
CR504353,CUST104353,2024-06-30,615,1,0,0.325,2,0,0,0,39000,12700,135
CR504354,CUST104354,2024-06-30,734,6,1,0.219,1,1,0,0,217000,47500,284
CR504355,CUST104355,2024-06-30,745,6,1,0.494,1,0,0,0,402000,198600,165
CR504356,CUST104356,2024-06-30,647,4,1,0.479,2,0,0,0,34000,16300,237
CR504357,CUST104357,2024-06-30,607,2,1,0.716,2,0,0,0,85000,60900,10
CR504358,CUST104358,2024-06-30,605,2,3,0.514,1,0,0,0,175000,90000,29
CR504359,CUST104359,2024-06-30,648,3,0,0.236,5,0,0,0,250000,59000,379
CR504360,CUST104360,2024-06-30,558,5,7,0.568,1,1,0,0,366000,207900,174
CR504361,CUST104361,2024-06-30,765,2,3,0.31,0,0,0,0,774000,239900,61
CR504362,CUST104362,2024-06-30,628,2,4,0.233,1,0,0,0,195000,45400,238
CR504363,CUST104363,2024-06-30,634,5,2,0.481,2,0,0,0,181000,87100,268
CR504364,CUST104364,2024-06-30,584,3,3,0.416,1,0,0,0,112000,46600,23
CR504365,CUST104365,2024-06-30,666,2,3,0.412,0,0,0,0,319000,131400,366
CR504366,CUST104366,2024-06-30,736,3,2,0.287,1,0,0,0,402000,115400,50
CR504367,CUST104367,2024-06-30,652,4,2,0.266,1,0,0,0,120000,31900,6
CR504368,CUST104368,2024-06-30,600,4,0,0.249,2,0,1,0,257000,64000,6
CR504369,CUST104369,2024-06-30,548,5,3,0.652,4,0,0,0,105000,68500,288
CR504370,CUST104370,2024-06-30,663,5,0,0.52,0,0,0,0,241000,125300,382
CR504371,CUST104371,2024-06-30,569,4,3,0.285,2,2,0,0,107000,30500,35
CR504372,CUST104372,2024-06-30,651,2,1,0.157,1,0,0,0,182000,28600,233
CR504373,CUST104373,2024-06-30,585,3,2,0.462,2,0,0,0,206000,95200,103
CR504374,CUST104374,2024-06-30,736,3,1,0.333,1,0,0,0,468000,155800,168
CR504375,CUST104375,2024-06-30,571,3,2,0.267,0,0,0,0,211000,56300,195
CR504376,CUST104376,2024-06-30,524,5,5,0.337,1,1,0,0,39000,13100,100
CR504377,CUST104377,2024-06-30,606,7,2,0.514,4,0,0,0,253000,130000,243
CR504378,CUST104378,2024-06-30,655,3,2,0.411,0,0,0,0,446000,183300,267
CR504379,CUST104379,2024-06-30,723,2,2,0.225,0,0,0,0,128000,28800,219
CR504380,CUST104380,2024-06-30,529,3,4,0.247,3,0,0,0,29000,7200,60
CR504381,CUST104381,2024-06-30,535,2,0,0.543,3,1,1,0,153000,83100,112
CR504382,CUST104382,2024-06-30,593,1,2,0.581,1,0,0,0,219000,127200,88
CR504383,CUST104383,2024-06-30,618,4,3,0.81,3,0,0,0,359000,290800,179
CR504384,CUST104384,2024-06-30,672,5,0,0.273,1,0,0,0,465000,126900,6
CR504385,CUST104385,2024-06-30,746,6,1,0.203,0,0,0,0,204000,41400,76
CR504386,CUST104386,2024-06-30,546,3,0,0.334,1,0,0,0,186000,62100,92
CR504387,CUST104387,2024-06-30,733,3,2,0.636,0,0,0,0,663000,421700,165
CR504388,CUST104388,2024-06-30,684,3,1,0.317,2,0,0,0,314000,99500,195
CR504389,CUST104389,2024-06-30,567,2,3,0.163,0,0,0,0,170000,27700,376
CR504390,CUST104390,2024-06-30,762,1,0,0.136,0,0,0,0,288000,39200,275
CR504391,CUST104391,2024-06-30,624,2,5,0.623,0,0,0,0,297000,185000,258
CR504392,CUST104392,2024-06-30,554,1,0,0.203,2,2,0,0,258000,52400,426
CR504393,CUST104393,2024-06-30,622,0,1,0.416,1,0,0,0,263000,109400,237
CR504394,CUST104394,2024-06-30,638,4,0,0.624,0,0,1,0,89000,55500,203
CR504395,CUST104395,2024-06-30,608,3,1,0.503,2,0,0,0,191000,96100,6
CR504396,CUST104396,2024-06-30,658,3,1,0.606,0,0,0,0,716000,433900,88
CR504397,CUST104397,2024-06-30,642,3,1,0.55,2,0,0,0,119000,65500,35
CR504398,CUST104398,2024-06-30,410,4,3,0.379,1,1,0,0,25000,9500,44
CR504399,CUST104399,2024-06-30,778,3,0,0.146,1,0,0,0,1302000,190100,305
CR504400,CUST104400,2024-06-30,708,6,0,0.273,0,0,0,0,505000,137900,480
CR504401,CUST104401,2024-06-30,623,6,3,0.34,2,0,0,0,147000,50000,203
CR504402,CUST104402,2024-06-30,641,3,1,0.237,2,0,0,0,143000,33900,177
CR504403,CUST104403,2024-06-30,742,6,3,0.663,1,0,0,0,1244000,824800,107
CR504404,CUST104404,2024-06-30,737,3,0,0.09,0,0,0,0,506000,45500,281
CR504405,CUST104405,2024-06-30,654,3,0,0.266,0,0,0,0,203000,54000,182
CR504406,CUST104406,2024-06-30,611,6,0,0.143,1,0,0,0,151000,21600,230
CR504407,CUST104407,2024-06-30,556,3,0,0.392,0,0,0,0,87000,34100,6
CR504408,CUST104408,2024-06-30,678,3,0,0.214,0,0,0,0,292000,62500,270
CR504409,CUST104409,2024-06-30,652,3,1,0.203,0,0,0,0,351000,71300,75
CR504410,CUST104410,2024-06-30,729,4,5,0.625,1,0,0,0,579000,361900,168
CR504411,CUST104411,2024-06-30,771,2,3,0.369,1,0,0,0,1926000,710700,155
CR504412,CUST104412,2024-06-30,562,1,1,0.713,2,1,0,0,111000,79100,428
CR504413,CUST104413,2024-06-30,723,9,0,0.329,0,0,0,0,503000,165500,6
CR504414,CUST104414,2024-06-30,798,9,0,0.267,0,0,0,0,618000,165000,337
CR504415,CUST104415,2024-06-30,663,2,0,0.567,0,0,1,0,645000,365700,285
CR504416,CUST104416,2024-06-30,791,3,2,0.521,0,0,0,0,677000,352700,306
CR504417,CUST104417,2024-06-30,730,4,1,0.519,1,0,0,0,380000,197200,107
CR504418,CUST104418,2024-06-30,694,1,2,0.397,1,0,0,0,177000,70300,366
CR504419,CUST104419,2024-06-30,626,4,1,0.349,1,0,0,0,497000,173500,224
CR504420,CUST104420,2024-06-30,702,3,0,0.353,0,0,0,0,520000,183600,345
CR504421,CUST104421,2024-06-30,580,4,1,0.403,3,0,0,0,129000,52000,114
CR504422,CUST104422,2024-06-30,680,2,1,0.436,0,0,0,0,194000,84600,55
CR504423,CUST104423,2024-06-30,536,5,3,0.165,3,2,1,0,116000,19100,74
CR504424,CUST104424,2024-06-30,572,1,2,0.236,1,1,0,0,107000,25300,409
CR504425,CUST104425,2024-06-30,637,6,2,0.577,2,0,0,0,337000,194400,204
CR504426,CUST104426,2024-06-30,644,2,1,0.265,3,0,0,0,218000,57800,6
CR504427,CUST104427,2024-06-30,716,4,1,0.123,0,0,0,0,693000,85200,281
CR504428,CUST104428,2024-06-30,560,1,1,0.32,1,1,0,0,84000,26900,63
CR504429,CUST104429,2024-06-30,635,6,0,0.285,3,0,0,0,438000,124800,205
CR504430,CUST104430,2024-06-30,616,1,2,0.28,3,0,0,0,97000,27200,189
CR504431,CUST104431,2024-06-30,743,4,1,0.394,1,0,0,0,85000,33500,139
CR504432,CUST104432,2024-06-30,702,3,1,0.084,1,0,0,0,783000,65800,155
CR504433,CUST104433,2024-06-30,609,5,4,0.288,2,0,0,0,264000,76000,180
CR504434,CUST104434,2024-06-30,515,6,1,0.234,2,0,0,0,125000,29200,95
CR504435,CUST104435,2024-06-30,686,2,1,0.185,0,0,0,0,48000,8900,355
CR504436,CUST104436,2024-06-30,618,9,1,0.349,4,0,0,0,63000,22000,319
CR504437,CUST104437,2024-06-30,588,2,3,0.48,1,0,0,0,111000,53300,143
CR504438,CUST104438,2024-06-30,616,4,2,0.474,1,0,0,0,67000,31800,310
CR504439,CUST104439,2024-06-30,531,4,1,0.424,5,0,3,0,73000,31000,215
CR504440,CUST104440,2024-06-30,636,4,4,0.282,4,0,0,0,527000,148600,403
CR504441,CUST104441,2024-06-30,775,3,0,0.244,0,0,1,0,710000,173200,263
CR504442,CUST104442,2024-06-30,788,4,1,0.096,1,0,0,0,461000,44300,139
CR504443,CUST104443,2024-06-30,563,4,2,0.749,2,0,0,0,268000,200700,204
CR504444,CUST104444,2024-06-30,662,4,2,0.27,0,0,0,0,129000,34800,213
CR504445,CUST104445,2024-06-30,701,4,3,0.689,1,0,0,0,678000,467100,144
CR504446,CUST104446,2024-06-30,666,7,0,0.24,0,0,0,0,175000,42000,294
CR504447,CUST104447,2024-06-30,701,7,1,0.303,0,0,0,0,82000,24800,6
CR504448,CUST104448,2024-06-30,646,3,0,0.278,2,0,0,0,224000,62300,190
CR504449,CUST104449,2024-06-30,580,1,1,0.793,0,0,0,0,221000,175300,115
CR504450,CUST104450,2024-06-30,473,1,3,0.491,3,2,2,0,83000,40800,257
CR504451,CUST104451,2024-06-30,688,5,4,0.587,0,0,0,0,372000,218400,240
CR504452,CUST104452,2024-06-30,553,9,1,0.423,2,2,1,0,218000,92200,227
CR504453,CUST104453,2024-06-30,647,3,0,0.15,2,0,0,0,259000,38800,190
CR504454,CUST104454,2024-06-30,635,4,0,0.724,5,0,0,0,260000,188200,155
CR504455,CUST104455,2024-06-30,691,5,1,0.686,0,0,0,0,182000,124900,280
CR504456,CUST104456,2024-06-30,673,6,1,0.837,1,0,0,0,517000,432700,87
CR504457,CUST104457,2024-06-30,638,1,1,0.352,5,0,0,0,333000,117200,159
CR504458,CUST104458,2024-06-30,562,2,3,0.606,2,1,0,0,95000,57600,6
CR504459,CUST104459,2024-06-30,642,3,2,0.235,2,0,1,0,437000,102700,306
CR504460,CUST104460,2024-06-30,635,4,1,0.303,2,1,0,0,454000,137600,418
CR504461,CUST104461,2024-06-30,585,4,3,0.472,1,1,0,0,389000,183600,28
CR504462,CUST104462,2024-06-30,672,5,0,0.394,0,0,1,0,490000,193100,209
CR504463,CUST104463,2024-06-30,795,2,1,0.409,0,0,0,0,419000,171400,141
CR504464,CUST104464,2024-06-30,608,4,1,0.093,4,0,0,0,239000,22200,223
CR504465,CUST104465,2024-06-30,612,1,1,0.57,5,0,0,0,635000,361900,286
CR504466,CUST104466,2024-06-30,565,4,0,0.512,3,0,0,0,305000,156200,74
CR504467,CUST104467,2024-06-30,741,7,2,0.425,0,0,0,0,443000,188300,200
CR504468,CUST104468,2024-06-30,775,6,1,0.26,1,0,0,0,195000,50700,476
CR504469,CUST104469,2024-06-30,668,4,3,0.393,1,0,0,0,361000,141900,119
CR504470,CUST104470,2024-06-30,544,4,1,0.16,3,2,1,0,640000,102400,479
CR504471,CUST104471,2024-06-30,501,2,2,0.414,1,0,0,0,322000,133300,78
CR504472,CUST104472,2024-06-30,577,2,2,0.545,2,1,0,0,86000,46900,6
CR504473,CUST104473,2024-06-30,703,2,0,0.551,1,0,0,0,152000,83800,192
CR504474,CUST104474,2024-06-30,734,5,0,0.111,0,0,0,0,945000,104900,166
CR504475,CUST104475,2024-06-30,637,6,0,0.387,1,0,0,0,229000,88600,129
CR504476,CUST104476,2024-06-30,660,5,1,0.181,0,0,0,0,141000,25500,272
CR504477,CUST104477,2024-06-30,798,5,1,0.431,0,0,0,0,533000,229700,327
CR504478,CUST104478,2024-06-30,677,6,1,0.476,0,0,0,0,249000,118500,174
CR504479,CUST104479,2024-06-30,676,5,4,0.195,0,0,0,0,74000,14400,60
CR504480,CUST104480,2024-06-30,631,4,4,0.596,1,0,0,0,217000,129300,193
CR504481,CUST104481,2024-06-30,657,1,1,0.108,1,0,0,0,133000,14400,199
CR504482,CUST104482,2024-06-30,671,2,0,0.384,0,0,0,0,130000,49900,157
CR504483,CUST104483,2024-06-30,659,2,1,0.248,2,0,0,0,323000,80100,122
CR504484,CUST104484,2024-06-30,677,3,2,0.523,1,0,0,0,258000,134900,160
CR504485,CUST104485,2024-06-30,814,3,1,0.099,0,0,0,0,521000,51600,257
CR504486,CUST104486,2024-06-30,677,3,2,0.289,0,0,0,0,168000,48600,257
CR504487,CUST104487,2024-06-30,605,4,1,0.315,3,0,0,0,73000,23000,332
CR504488,CUST104488,2024-06-30,661,6,1,0.502,0,0,0,0,586000,294200,193
CR504489,CUST104489,2024-06-30,467,1,2,0.484,2,2,1,0,84000,40700,6
CR504490,CUST104490,2024-06-30,707,4,1,0.534,0,0,0,0,122000,65100,57
CR504491,CUST104491,2024-06-30,709,7,0,0.166,0,0,0,0,366000,60800,117
CR504492,CUST104492,2024-06-30,647,4,0,0.084,1,0,0,0,253000,21300,286
CR504493,CUST104493,2024-06-30,657,1,0,0.6,1,0,0,0,308000,184800,81
CR504494,CUST104494,2024-06-30,573,6,3,0.445,2,0,0,0,127000,56500,220
CR504495,CUST104495,2024-06-30,794,2,1,0.068,0,0,0,0,499000,33900,480
CR504496,CUST104496,2024-06-30,610,3,1,0.621,0,0,0,0,412000,255900,214
CR504497,CUST104497,2024-06-30,551,3,2,0.134,3,1,0,0,165000,22100,358
CR504498,CUST104498,2024-06-30,683,3,2,0.207,0,0,0,0,764000,158100,374
CR504499,CUST104499,2024-06-30,642,2,0,0.431,5,0,0,0,78000,33600,223
CR504500,CUST104500,2024-06-30,727,4,0,0.387,0,0,0,0,175000,67700,394
CR504501,CUST104501,2024-06-30,702,7,4,0.211,0,0,0,0,319000,67300,6
CR504502,CUST104502,2024-06-30,659,5,0,0.392,0,0,0,0,374000,146600,43
CR504503,CUST104503,2024-06-30,618,2,0,0.399,4,0,0,0,254000,101300,90
CR504504,CUST104504,2024-06-30,530,2,4,0.884,2,0,2,0,120000,106100,273
CR504505,CUST104505,2024-06-30,702,4,0,0.64,0,0,0,0,243000,155500,442
CR504506,CUST104506,2024-06-30,706,2,0,0.203,0,0,0,0,327000,66400,256
CR504507,CUST104507,2024-06-30,422,6,1,0.386,2,0,0,0,25000,9600,228
CR504508,CUST104508,2024-06-30,721,3,0,0.516,1,0,0,0,802000,413800,150
CR504509,CUST104509,2024-06-30,721,7,0,0.234,0,0,0,0,225000,52600,101
CR504510,CUST104510,2024-06-30,805,4,2,0.124,0,0,0,0,745000,92400,272
CR504511,CUST104511,2024-06-30,711,2,1,0.19,0,0,0,0,317000,60200,277
CR504512,CUST104512,2024-06-30,594,3,1,0.308,1,1,0,0,161000,49600,39
CR504513,CUST104513,2024-06-30,654,8,3,0.454,0,0,0,0,278000,126200,294
CR504514,CUST104514,2024-06-30,779,5,2,0.322,1,0,0,0,478000,153900,244
CR504515,CUST104515,2024-06-30,700,2,1,0.377,0,0,0,0,532000,200600,334
CR504516,CUST104516,2024-06-30,625,4,2,0.518,0,0,0,0,192000,99500,163
CR504517,CUST104517,2024-06-30,823,6,1,0.04,0,0,0,0,523000,20900,263
CR504518,CUST104518,2024-06-30,670,1,2,0.144,1,0,0,0,358000,51600,80
CR504519,CUST104519,2024-06-30,768,4,2,0.385,0,0,0,0,111000,42700,377
CR504520,CUST104520,2024-06-30,615,3,1,0.338,2,0,0,0,234000,79100,220
CR504521,CUST104521,2024-06-30,669,1,2,0.073,1,0,0,0,170000,12400,299
CR504522,CUST104522,2024-06-30,525,2,4,0.606,6,2,0,0,172000,104200,11
CR504523,CUST104523,2024-06-30,683,5,2,0.328,1,1,0,0,198000,64900,24
CR504524,CUST104524,2024-06-30,582,4,0,0.825,4,0,1,0,342000,282200,228
CR504525,CUST104525,2024-06-30,732,4,1,0.158,0,0,0,0,741000,117100,333
CR504526,CUST104526,2024-06-30,733,2,2,0.069,1,0,0,0,496000,34200,378
CR504527,CUST104527,2024-06-30,593,5,4,0.237,5,0,0,0,565000,133900,124
CR504528,CUST104528,2024-06-30,667,6,1,0.597,0,0,0,0,182000,108700,6
CR504529,CUST104529,2024-06-30,585,5,3,0.609,0,0,1,0,55000,33500,6
CR504530,CUST104530,2024-06-30,664,2,2,0.449,0,0,0,0,395000,177400,233
CR504531,CUST104531,2024-06-30,712,3,2,0.194,0,0,0,0,596000,115600,124
CR504532,CUST104532,2024-06-30,532,5,1,0.517,0,0,2,0,115000,59500,458
CR504533,CUST104533,2024-06-30,645,2,0,0.298,1,0,0,0,325000,96800,137
CR504534,CUST104534,2024-06-30,596,8,3,0.6,0,0,0,0,595000,357000,6
CR504535,CUST104535,2024-06-30,682,4,0,0.255,1,0,0,0,382000,97400,195
CR504536,CUST104536,2024-06-30,586,1,2,0.426,3,1,0,0,70000,29800,198
CR504537,CUST104537,2024-06-30,781,2,2,0.176,0,0,0,0,305000,53700,174
CR504538,CUST104538,2024-06-30,622,2,1,0.273,1,0,0,0,67000,18300,276
CR504539,CUST104539,2024-06-30,762,7,1,0.261,0,0,0,0,656000,171200,419
CR504540,CUST104540,2024-06-30,642,4,3,0.274,4,0,0,0,109000,29900,245
CR504541,CUST104541,2024-06-30,631,2,1,0.221,4,0,0,0,108000,23900,188
CR504542,CUST104542,2024-06-30,582,4,4,0.223,1,1,0,0,295000,65800,229
CR504543,CUST104543,2024-06-30,681,6,2,0.057,0,0,0,0,96000,5500,6
CR504544,CUST104544,2024-06-30,705,4,1,0.204,0,0,0,0,103000,21000,195
CR504545,CUST104545,2024-06-30,684,5,1,0.339,0,0,0,0,210000,71200,7
CR504546,CUST104546,2024-06-30,677,4,2,0.338,1,0,0,0,995000,336300,6
CR504547,CUST104547,2024-06-30,506,2,2,0.416,1,1,1,0,111000,46200,6
CR504548,CUST104548,2024-06-30,586,3,3,0.424,4,3,0,0,259000,109800,189
CR504549,CUST104549,2024-06-30,683,1,1,0.567,1,0,1,0,635000,360000,324
CR504550,CUST104550,2024-06-30,734,5,3,0.51,0,0,0,0,812000,414100,234
CR504551,CUST104551,2024-06-30,707,7,4,0.076,0,0,0,0,362000,27500,111
CR504552,CUST104552,2024-06-30,736,2,2,0.743,2,0,0,0,219000,162700,166
CR504553,CUST104553,2024-06-30,746,2,1,0.059,0,0,0,0,164000,9700,359
CR504554,CUST104554,2024-06-30,673,3,2,0.592,0,0,0,0,153000,90600,133
CR504555,CUST104555,2024-06-30,584,4,4,0.365,2,0,0,0,420000,153300,83
CR504556,CUST104556,2024-06-30,812,6,0,0.539,1,0,0,0,103000,55500,66
CR504557,CUST104557,2024-06-30,614,7,2,0.288,3,0,0,0,93000,26800,104
CR504558,CUST104558,2024-06-30,607,4,0,0.597,3,0,0,0,265000,158200,101
CR504559,CUST104559,2024-06-30,581,0,2,0.921,0,0,0,0,125000,115100,241
CR504560,CUST104560,2024-06-30,702,6,1,0.313,0,0,0,0,336000,105200,354
CR504561,CUST104561,2024-06-30,595,4,4,0.933,2,0,0,0,172000,160500,299
CR504562,CUST104562,2024-06-30,620,6,3,0.508,0,0,1,0,71000,36100,6
CR504563,CUST104563,2024-06-30,687,4,2,0.199,0,0,0,0,342000,68100,242
CR504564,CUST104564,2024-06-30,672,3,5,0.388,1,0,0,0,536000,208000,65
CR504565,CUST104565,2024-06-30,610,2,0,0.607,2,0,0,0,144000,87400,6
CR504566,CUST104566,2024-06-30,654,1,0,0.448,0,0,0,0,835000,374100,110
CR504567,CUST104567,2024-06-30,720,4,0,0.277,0,0,0,0,526000,145700,418
CR504568,CUST104568,2024-06-30,649,5,2,0.515,0,0,0,0,123000,63300,273
CR504569,CUST104569,2024-06-30,654,6,1,0.214,0,0,1,0,218000,46700,212
CR504570,CUST104570,2024-06-30,609,3,1,0.528,2,0,0,0,276000,145700,99
CR504571,CUST104571,2024-06-30,687,3,3,0.215,1,0,0,0,425000,91400,130
CR504572,CUST104572,2024-06-30,819,5,1,0.241,1,1,0,0,623000,150100,156
CR504573,CUST104573,2024-06-30,712,3,2,0.481,2,0,0,0,947000,455500,203
CR504574,CUST104574,2024-06-30,767,6,0,0.261,0,0,0,0,272000,71000,323
CR504575,CUST104575,2024-06-30,692,3,0,0.302,0,0,0,0,258000,77900,359
CR504576,CUST104576,2024-06-30,606,6,2,0.684,0,0,0,0,62000,42400,146
CR504577,CUST104577,2024-06-30,755,6,0,0.157,0,0,0,0,868000,136300,66
CR504578,CUST104578,2024-06-30,532,2,4,0.175,5,1,2,0,29000,5100,97
CR504579,CUST104579,2024-06-30,645,2,2,0.127,1,0,0,0,402000,51100,310
CR504580,CUST104580,2024-06-30,660,2,2,0.741,1,0,0,0,482000,357200,241
CR504581,CUST104581,2024-06-30,572,5,3,0.146,4,1,0,0,41000,6000,308
CR504582,CUST104582,2024-06-30,778,1,5,0.569,1,0,0,0,627000,356800,418
CR504583,CUST104583,2024-06-30,709,9,0,0.437,1,0,0,0,89000,38900,164
CR504584,CUST104584,2024-06-30,858,8,2,0.441,0,0,0,0,1265000,557900,16
CR504585,CUST104585,2024-06-30,653,3,0,0.314,0,0,0,0,84000,26400,284
CR504586,CUST104586,2024-06-30,700,2,3,0.16,0,0,0,0,376000,60200,258
CR504587,CUST104587,2024-06-30,729,5,3,0.157,1,0,0,0,306000,48000,267
CR504588,CUST104588,2024-06-30,801,2,2,0.432,0,0,0,0,309000,133500,21
CR504589,CUST104589,2024-06-30,747,7,0,0.409,1,0,0,0,96000,39300,133
CR504590,CUST104590,2024-06-30,618,2,0,0.353,0,0,0,0,497000,175400,204
CR504591,CUST104591,2024-06-30,619,5,0,0.53,2,0,0,0,147000,77900,14
CR504592,CUST104592,2024-06-30,739,2,3,0.179,1,0,0,0,113000,20200,114
CR504593,CUST104593,2024-06-30,559,2,2,0.55,3,3,0,0,95000,52300,102
CR504594,CUST104594,2024-06-30,682,0,1,0.117,1,0,0,0,718000,84000,165
CR504595,CUST104595,2024-06-30,660,4,1,0.529,0,0,0,0,260000,137500,298
CR504596,CUST104596,2024-06-30,649,2,1,0.602,3,0,0,0,327000,196900,40
CR504597,CUST104597,2024-06-30,682,2,0,0.302,0,0,0,0,191000,57700,269
CR504598,CUST104598,2024-06-30,732,2,2,0.55,0,0,0,0,478000,262900,204
CR504599,CUST104599,2024-06-30,768,2,4,0.411,0,0,0,0,437000,179600,480
CR504600,CUST104600,2024-06-30,708,5,0,0.139,0,0,1,0,102000,14200,6
CR504601,CUST104601,2024-06-30,747,3,4,0.054,0,0,0,0,100000,5400,182
CR504602,CUST104602,2024-06-30,594,0,4,0.259,0,0,0,0,85000,22000,11
CR504603,CUST104603,2024-06-30,691,0,2,0.475,1,0,0,0,222000,105400,153
CR504604,CUST104604,2024-06-30,630,3,0,0.673,0,0,0,0,415000,279300,366
CR504605,CUST104605,2024-06-30,736,5,0,0.336,0,0,0,0,406000,136400,222
CR504606,CUST104606,2024-06-30,653,2,2,0.343,1,0,0,0,600000,205800,52
CR504607,CUST104607,2024-06-30,470,5,0,0.574,1,1,2,0,103000,59100,331
CR504608,CUST104608,2024-06-30,577,2,3,0.149,2,2,0,0,115000,17100,236
CR504609,CUST104609,2024-06-30,604,4,2,0.442,2,0,0,0,520000,229800,180
CR504610,CUST104610,2024-06-30,622,5,0,0.229,3,0,0,0,243000,55600,158
CR504611,CUST104611,2024-06-30,559,2,0,0.449,1,0,1,0,88000,39500,349
CR504612,CUST104612,2024-06-30,471,2,2,0.673,3,1,3,0,46000,31000,147
CR504613,CUST104613,2024-06-30,572,3,3,0.693,3,3,0,0,182000,126100,40
CR504614,CUST104614,2024-06-30,597,6,3,0.389,2,0,0,0,548000,213200,259
CR504615,CUST104615,2024-06-30,582,4,4,0.603,0,0,0,0,68000,41000,6
CR504616,CUST104616,2024-06-30,641,5,0,0.201,3,0,0,0,531000,106700,310
CR504617,CUST104617,2024-06-30,577,4,1,0.521,1,1,0,0,95000,49500,316
CR504618,CUST104618,2024-06-30,620,3,1,0.379,1,0,0,0,366000,138700,20
CR504619,CUST104619,2024-06-30,679,2,2,0.256,0,0,0,0,238000,60900,64
CR504620,CUST104620,2024-06-30,647,3,1,0.286,4,0,0,0,375000,107200,247
CR504621,CUST104621,2024-06-30,662,3,1,0.537,1,0,0,0,99000,53200,256
CR504622,CUST104622,2024-06-30,609,1,0,0.572,2,0,0,0,446000,255100,82
CR504623,CUST104623,2024-06-30,715,5,2,0.531,1,0,0,0,288000,152900,73
CR504624,CUST104624,2024-06-30,612,0,3,0.543,1,0,1,0,247000,134100,201
CR504625,CUST104625,2024-06-30,611,1,3,0.414,2,0,0,0,101000,41800,356
CR504626,CUST104626,2024-06-30,621,7,0,0.162,1,0,0,0,440000,71300,357
CR504627,CUST104627,2024-06-30,669,4,1,0.468,0,0,0,0,288000,134800,34
CR504628,CUST104628,2024-06-30,717,2,2,0.208,0,0,0,0,309000,64300,42
CR504629,CUST104629,2024-06-30,766,5,1,0.24,0,0,0,0,149000,35800,401
CR504630,CUST104630,2024-06-30,722,2,1,0.252,0,0,0,0,565000,142400,29
CR504631,CUST104631,2024-06-30,686,6,3,0.658,1,0,0,0,156000,102600,69
CR504632,CUST104632,2024-06-30,524,1,1,0.364,4,1,0,0,63000,22900,112
CR504633,CUST104633,2024-06-30,660,1,0,0.412,0,0,0,0,327000,134700,212
CR504634,CUST104634,2024-06-30,687,5,2,0.386,1,0,0,0,328000,126600,178
CR504635,CUST104635,2024-06-30,641,1,0,0.287,2,0,0,0,328000,94100,209
CR504636,CUST104636,2024-06-30,517,3,3,0.309,6,0,0,0,79000,24400,218
CR504637,CUST104637,2024-06-30,610,4,2,0.257,2,1,0,0,389000,100000,244
CR504638,CUST104638,2024-06-30,650,5,2,0.638,0,0,1,0,146000,93100,187
CR504639,CUST104639,2024-06-30,610,2,2,0.154,5,0,0,0,142000,21900,28
CR504640,CUST104640,2024-06-30,612,2,1,0.73,4,0,0,0,404000,294900,288
CR504641,CUST104641,2024-06-30,527,0,1,0.396,2,0,0,0,64000,25300,357
CR504642,CUST104642,2024-06-30,792,5,2,0.178,0,0,0,0,837000,149000,232
CR504643,CUST104643,2024-06-30,704,3,2,0.228,0,0,0,0,113000,25800,164
CR504644,CUST104644,2024-06-30,765,4,1,0.088,0,0,0,0,534000,47000,177
CR504645,CUST104645,2024-06-30,624,8,0,0.433,1,0,0,0,198000,85700,322
CR504646,CUST104646,2024-06-30,704,2,2,0.236,0,0,0,0,507000,119700,7
CR504647,CUST104647,2024-06-30,590,0,4,0.539,3,2,0,0,127000,68500,152
CR504648,CUST104648,2024-06-30,717,9,1,0.092,1,0,0,0,397000,36500,165
CR504649,CUST104649,2024-06-30,623,5,4,0.163,3,0,0,0,306000,49900,113
CR504650,CUST104650,2024-06-30,636,4,2,0.528,3,0,0,0,170000,89800,6
CR504651,CUST104651,2024-06-30,498,0,4,0.322,0,0,2,0,71000,22900,105
CR504652,CUST104652,2024-06-30,690,4,2,0.33,1,0,0,0,217000,71600,239
CR504653,CUST104653,2024-06-30,664,7,0,0.08,1,0,0,0,94000,7500,401
CR504654,CUST104654,2024-06-30,705,5,0,0.791,0,0,0,0,356000,281600,222
CR504655,CUST104655,2024-06-30,751,3,0,0.208,0,0,0,0,426000,88600,423
CR504656,CUST104656,2024-06-30,660,1,3,0.395,0,0,0,0,336000,132700,150
CR504657,CUST104657,2024-06-30,871,7,2,0.1,0,0,0,0,490000,49000,343
CR504658,CUST104658,2024-06-30,571,3,1,0.29,4,1,0,0,113000,32800,237
CR504659,CUST104659,2024-06-30,644,3,2,0.591,1,0,0,0,502000,296700,283
CR504660,CUST104660,2024-06-30,598,2,4,0.565,3,1,0,0,491000,277400,119
CR504661,CUST104661,2024-06-30,774,3,2,0.496,1,0,0,0,646000,320400,289
CR504662,CUST104662,2024-06-30,695,2,2,0.462,0,0,0,0,303000,140000,439
CR504663,CUST104663,2024-06-30,422,4,1,0.441,3,2,1,0,96000,42300,6
CR504664,CUST104664,2024-06-30,628,0,1,0.726,1,0,0,0,121000,87800,318
CR504665,CUST104665,2024-06-30,636,2,2,0.231,1,0,0,0,279000,64400,6
CR504666,CUST104666,2024-06-30,764,4,3,0.487,0,0,0,0,628000,305800,242
CR504667,CUST104667,2024-06-30,730,3,1,0.165,0,0,0,0,425000,70100,6
CR504668,CUST104668,2024-06-30,592,3,2,0.647,1,0,0,0,190000,122900,243
CR504669,CUST104669,2024-06-30,541,3,6,0.148,2,1,2,0,142000,21000,312
CR504670,CUST104670,2024-06-30,752,5,1,0.097,0,0,0,0,225000,21800,82
CR504671,CUST104671,2024-06-30,754,5,1,0.172,0,0,0,0,510000,87700,419
CR504672,CUST104672,2024-06-30,757,3,2,0.199,2,0,0,0,872000,173500,236
CR504673,CUST104673,2024-06-30,780,3,0,0.045,0,0,0,0,287000,12900,265
CR504674,CUST104674,2024-06-30,652,5,1,0.489,0,0,0,0,277000,135500,313
CR504675,CUST104675,2024-06-30,644,6,2,0.25,1,0,0,0,353000,88200,184
CR504676,CUST104676,2024-06-30,712,4,3,0.335,0,0,0,0,957000,320600,127
CR504677,CUST104677,2024-06-30,451,5,0,0.524,1,1,1,0,75000,39300,185
CR504678,CUST104678,2024-06-30,620,2,2,0.193,2,0,1,0,425000,82000,297
CR504679,CUST104679,2024-06-30,578,3,3,0.446,2,0,0,0,261000,116400,30
CR504680,CUST104680,2024-06-30,638,1,1,0.252,1,0,0,0,119000,30000,81
CR504681,CUST104681,2024-06-30,835,2,3,0.274,0,0,0,0,1224000,335400,190
CR504682,CUST104682,2024-06-30,703,2,2,0.245,2,0,0,0,838000,205300,227
CR504683,CUST104683,2024-06-30,679,3,1,0.165,0,0,0,0,269000,44400,314
CR504684,CUST104684,2024-06-30,565,2,1,0.3,0,0,0,0,261000,78300,157
CR504685,CUST104685,2024-06-30,694,4,2,0.387,0,0,1,0,145000,56100,159
CR504686,CUST104686,2024-06-30,718,8,3,0.048,0,0,0,0,785000,37700,221
CR504687,CUST104687,2024-06-30,681,4,3,0.25,2,1,1,0,297000,74200,323
CR504688,CUST104688,2024-06-30,604,2,1,0.523,4,0,0,0,108000,56500,196
CR504689,CUST104689,2024-06-30,738,5,0,0.225,0,0,0,0,264000,59400,480
CR504690,CUST104690,2024-06-30,657,4,1,0.524,0,0,2,0,299000,156700,215
CR504691,CUST104691,2024-06-30,747,3,1,0.253,2,0,0,0,1161000,293700,119
CR504692,CUST104692,2024-06-30,676,0,1,0.069,0,0,0,0,274000,18900,234
CR504693,CUST104693,2024-06-30,631,0,1,0.302,1,0,0,0,192000,58000,62
CR504694,CUST104694,2024-06-30,554,5,1,0.704,3,1,0,0,106000,74600,271
CR504695,CUST104695,2024-06-30,680,2,1,0.186,2,0,0,0,285000,53000,201
CR504696,CUST104696,2024-06-30,668,1,0,0.25,0,0,0,0,769000,192200,214
CR504697,CUST104697,2024-06-30,591,0,2,0.693,2,0,0,0,131000,90800,208
CR504698,CUST104698,2024-06-30,701,5,1,0.387,0,0,0,0,328000,126900,172
CR504699,CUST104699,2024-06-30,526,0,2,0.237,4,3,1,0,57000,13500,167
CR504700,CUST104700,2024-06-30,652,5,1,0.439,0,0,0,0,80000,35100,277
CR504701,CUST104701,2024-06-30,632,3,4,0.442,6,0,0,0,197000,87100,25
CR504702,CUST104702,2024-06-30,516,4,4,0.495,4,0,1,0,124000,61400,115
CR504703,CUST104703,2024-06-30,769,5,1,0.564,0,0,0,0,248000,139900,446
CR504704,CUST104704,2024-06-30,693,1,2,0.534,0,0,0,0,959000,512100,221
CR504705,CUST104705,2024-06-30,677,3,1,0.489,0,0,0,0,109000,53300,351
CR504706,CUST104706,2024-06-30,661,2,2,0.592,0,0,0,0,125000,74000,73
CR504707,CUST104707,2024-06-30,703,7,1,0.034,0,0,0,0,510000,17300,355
CR504708,CUST104708,2024-06-30,702,7,3,0.293,0,0,0,0,155000,45400,171
CR504709,CUST104709,2024-06-30,613,3,1,0.433,0,0,0,0,54000,23400,353
CR504710,CUST104710,2024-06-30,735,4,1,0.104,1,0,0,0,196000,20400,136
CR504711,CUST104711,2024-06-30,639,2,2,0.174,3,0,0,0,420000,73100,249
CR504712,CUST104712,2024-06-30,495,1,4,0.516,3,0,0,0,121000,62400,146
CR504713,CUST104713,2024-06-30,632,2,1,0.526,1,0,0,0,346000,182000,221
CR504714,CUST104714,2024-06-30,654,8,1,0.221,0,0,0,0,324000,71600,373
CR504715,CUST104715,2024-06-30,586,0,3,0.575,0,0,0,0,94000,54000,230
CR504716,CUST104716,2024-06-30,665,2,1,0.44,1,0,0,0,307000,135100,177
CR504717,CUST104717,2024-06-30,661,0,1,0.474,0,0,0,0,192000,91000,19
CR504718,CUST104718,2024-06-30,874,5,1,0.686,1,0,0,0,1087000,745700,311
CR504719,CUST104719,2024-06-30,807,3,1,0.137,1,0,0,0,1132000,155100,404
CR504720,CUST104720,2024-06-30,736,5,2,0.616,0,0,0,0,495000,304900,97
CR504721,CUST104721,2024-06-30,588,6,5,0.488,2,1,0,0,374000,182500,330
CR504722,CUST104722,2024-06-30,668,3,1,0.139,2,1,0,0,109000,15200,32
CR504723,CUST104723,2024-06-30,727,4,1,0.192,0,0,0,0,265000,50900,350
CR504724,CUST104724,2024-06-30,734,1,3,0.119,1,0,0,0,735000,87500,35
CR504725,CUST104725,2024-06-30,536,4,4,0.278,2,0,1,0,38000,10600,233
CR504726,CUST104726,2024-06-30,549,3,3,0.136,0,0,2,0,189000,25700,249
CR504727,CUST104727,2024-06-30,783,3,1,0.073,0,0,0,0,1791000,130700,286
CR504728,CUST104728,2024-06-30,507,3,1,0.297,2,0,1,0,182000,54100,13
CR504729,CUST104729,2024-06-30,637,7,1,0.132,4,0,0,0,70000,9200,93
CR504730,CUST104730,2024-06-30,691,1,1,0.259,0,0,0,0,107000,27700,480
CR504731,CUST104731,2024-06-30,681,3,5,0.127,1,0,0,0,600000,76200,292
CR504732,CUST104732,2024-06-30,682,2,1,0.126,1,0,0,0,107000,13500,377
CR504733,CUST104733,2024-06-30,663,6,0,0.301,0,0,0,0,142000,42700,174
CR504734,CUST104734,2024-06-30,695,6,2,0.222,1,0,0,0,501000,111200,35
CR504735,CUST104735,2024-06-30,588,3,2,0.371,2,2,0,0,67000,24900,6
CR504736,CUST104736,2024-06-30,641,2,1,0.653,1,0,0,0,210000,137100,194
CR504737,CUST104737,2024-06-30,621,2,3,0.267,2,0,1,0,386000,103100,220
CR504738,CUST104738,2024-06-30,512,2,1,0.306,5,2,0,0,211000,64600,195
CR504739,CUST104739,2024-06-30,564,1,3,0.51,1,1,0,0,203000,103500,261
CR504740,CUST104740,2024-06-30,691,3,3,0.603,0,0,0,0,488000,294300,240
CR504741,CUST104741,2024-06-30,649,2,2,0.285,4,0,0,0,716000,204100,337
CR504742,CUST104742,2024-06-30,528,3,2,0.291,2,2,0,0,293000,85300,167
CR504743,CUST104743,2024-06-30,646,2,3,0.593,1,0,0,0,160000,94900,276
CR504744,CUST104744,2024-06-30,708,3,2,0.528,0,0,0,0,441000,232800,69
CR504745,CUST104745,2024-06-30,670,1,1,0.063,0,0,0,0,782000,49300,125
CR504746,CUST104746,2024-06-30,638,5,2,0.482,2,0,0,0,284000,136900,99
CR504747,CUST104747,2024-06-30,535,5,6,0.184,0,0,0,0,171000,31500,123
CR504748,CUST104748,2024-06-30,581,4,1,0.164,3,2,0,0,96000,15700,96
CR504749,CUST104749,2024-06-30,698,5,1,0.629,1,0,0,0,63000,39600,228
CR504750,CUST104750,2024-06-30,710,5,2,0.416,0,0,0,0,217000,90300,6
CR504751,CUST104751,2024-06-30,635,5,1,0.532,4,0,0,0,232000,123400,167
CR504752,CUST104752,2024-06-30,637,3,2,0.402,3,0,0,0,217000,87200,263
CR504753,CUST104753,2024-06-30,617,3,2,0.65,3,1,0,0,305000,198200,282
CR504754,CUST104754,2024-06-30,483,2,3,0.869,2,1,1,0,27000,23500,106
CR504755,CUST104755,2024-06-30,687,3,0,0.306,0,0,0,0,602000,184200,353
CR504756,CUST104756,2024-06-30,560,4,3,0.525,2,1,0,0,77000,40400,381
CR504757,CUST104757,2024-06-30,819,4,1,0.521,0,0,0,0,272000,141700,253
CR504758,CUST104758,2024-06-30,776,2,2,0.102,1,0,0,0,342000,34900,238
CR504759,CUST104759,2024-06-30,708,2,1,0.52,1,0,0,0,310000,161200,282
CR504760,CUST104760,2024-06-30,659,3,4,0.398,1,1,0,0,785000,312400,211
CR504761,CUST104761,2024-06-30,703,3,1,0.505,0,0,1,0,537000,271200,344
CR504762,CUST104762,2024-06-30,708,3,1,0.274,1,0,0,0,179000,49000,214
CR504763,CUST104763,2024-06-30,590,7,2,0.539,4,2,0,0,205000,110500,6
CR504764,CUST104764,2024-06-30,570,8,3,0.421,3,0,0,0,319000,134300,111
CR504765,CUST104765,2024-06-30,613,5,1,0.369,4,0,0,0,349000,128800,132
CR504766,CUST104766,2024-06-30,601,3,1,0.292,2,1,0,0,96000,28000,158
CR504767,CUST104767,2024-06-30,579,7,3,0.41,1,1,0,0,70000,28700,284
CR504768,CUST104768,2024-06-30,699,3,1,0.722,0,0,0,0,187000,135000,188
CR504769,CUST104769,2024-06-30,478,1,2,0.58,0,0,0,0,73000,42300,6
CR504770,CUST104770,2024-06-30,617,4,0,0.432,1,0,0,0,60000,25900,211
CR504771,CUST104771,2024-06-30,690,6,2,0.335,0,0,0,0,565000,189300,402
CR504772,CUST104772,2024-06-30,700,2,0,0.202,0,0,0,0,267000,53900,132
CR504773,CUST104773,2024-06-30,594,1,3,0.156,2,0,0,0,106000,16500,328
CR504774,CUST104774,2024-06-30,711,4,1,0.491,0,0,0,0,506000,248400,142
CR504775,CUST104775,2024-06-30,796,5,2,0.616,0,0,0,0,1385000,853200,147
CR504776,CUST104776,2024-06-30,743,6,2,0.105,0,0,0,0,583000,61200,6
CR504777,CUST104777,2024-06-30,810,2,1,0.483,0,0,0,0,100000,48300,246
CR504778,CUST104778,2024-06-30,743,5,3,0.138,1,0,0,0,740000,102100,251
CR504779,CUST104779,2024-06-30,507,6,2,0.215,3,1,0,0,44000,9500,34
CR504780,CUST104780,2024-06-30,680,1,1,0.374,0,0,0,0,169000,63200,168
CR504781,CUST104781,2024-06-30,607,5,2,0.64,1,0,0,0,624000,399400,109
CR504782,CUST104782,2024-06-30,489,5,2,0.47,0,0,1,0,67000,31500,35
CR504783,CUST104783,2024-06-30,652,5,2,0.195,2,0,0,0,223000,43500,375
CR504784,CUST104784,2024-06-30,644,2,2,0.164,2,0,0,0,396000,64900,6
CR504785,CUST104785,2024-06-30,707,3,1,0.613,0,0,0,0,165000,101100,263
CR504786,CUST104786,2024-06-30,470,3,1,0.399,4,2,2,0,96000,38300,6
CR504787,CUST104787,2024-06-30,562,3,1,0.284,4,2,0,0,85000,24100,6
CR504788,CUST104788,2024-06-30,833,3,1,0.244,0,0,0,0,1152000,281100,413
CR504789,CUST104789,2024-06-30,612,1,0,0.175,3,0,0,0,327000,57200,160
CR504790,CUST104790,2024-06-30,602,2,3,0.275,3,0,0,0,201000,55300,342
CR504791,CUST104791,2024-06-30,659,3,1,0.23,1,1,0,0,347000,79800,169
CR504792,CUST104792,2024-06-30,621,3,2,0.718,2,0,0,0,257000,184500,75
CR504793,CUST104793,2024-06-30,639,5,0,0.747,0,0,0,0,129000,96400,241
CR504794,CUST104794,2024-06-30,569,5,1,0.443,2,1,0,0,218000,96600,260
CR504795,CUST104795,2024-06-30,726,4,1,0.441,0,0,0,0,137000,60400,402
CR504796,CUST104796,2024-06-30,643,3,3,0.259,3,0,0,0,443000,114700,60
CR504797,CUST104797,2024-06-30,716,4,1,0.327,0,0,0,0,258000,84400,211
CR504798,CUST104798,2024-06-30,729,6,1,0.592,0,0,0,0,100000,59200,6
CR504799,CUST104799,2024-06-30,578,3,3,0.754,1,0,0,0,235000,177200,213
CR504800,CUST104800,2024-06-30,607,2,0,0.78,4,0,0,0,92000,71800,255
CR504801,CUST104801,2024-06-30,525,3,2,0.901,4,0,1,0,81000,73000,6
CR504802,CUST104802,2024-06-30,632,4,3,0.504,3,0,0,0,605000,304900,371
CR504803,CUST104803,2024-06-30,683,3,1,0.259,0,0,0,0,226000,58500,296
CR504804,CUST104804,2024-06-30,766,4,2,0.256,1,0,0,0,845000,216300,320
CR504805,CUST104805,2024-06-30,590,5,2,0.446,3,0,0,0,194000,86500,60
CR504806,CUST104806,2024-06-30,697,3,1,0.347,0,0,1,0,250000,86800,60
CR504807,CUST104807,2024-06-30,435,3,0,0.855,7,0,0,0,145000,124000,200
CR504808,CUST104808,2024-06-30,546,4,3,0.526,1,1,2,0,120000,63100,6
CR504809,CUST104809,2024-06-30,609,2,0,0.134,7,0,0,0,187000,25100,208
CR504810,CUST104810,2024-06-30,466,4,6,0.7,1,0,1,0,101000,70700,431
CR504811,CUST104811,2024-06-30,662,2,6,0.3,0,0,0,0,773000,231900,105
CR504812,CUST104812,2024-06-30,607,3,0,0.185,0,0,0,0,175000,32400,237
CR504813,CUST104813,2024-06-30,721,7,2,0.204,0,0,0,0,400000,81600,455
CR504814,CUST104814,2024-06-30,618,1,2,0.293,4,0,0,0,217000,63600,6
CR504815,CUST104815,2024-06-30,732,4,1,0.306,1,0,0,0,277000,84800,6
CR504816,CUST104816,2024-06-30,626,1,2,0.421,3,0,0,0,200000,84200,152
CR504817,CUST104817,2024-06-30,515,6,0,0.668,3,1,1,0,104000,69500,40
CR504818,CUST104818,2024-06-30,599,2,7,0.45,1,1,0,0,178000,80100,6
CR504819,CUST104819,2024-06-30,777,3,1,0.172,0,0,0,0,1368000,235300,185
CR504820,CUST104820,2024-06-30,517,1,2,0.372,5,1,1,0,166000,61800,126
CR504821,CUST104821,2024-06-30,643,4,0,0.251,2,0,0,0,204000,51200,147
CR504822,CUST104822,2024-06-30,651,2,0,0.504,0,0,0,0,254000,128000,112
CR504823,CUST104823,2024-06-30,755,2,5,0.117,0,0,0,0,1131000,132300,157
CR504824,CUST104824,2024-06-30,563,1,2,0.619,5,0,0,0,44000,27200,167
CR504825,CUST104825,2024-06-30,810,3,1,0.028,0,0,0,0,948000,26500,364
CR504826,CUST104826,2024-06-30,644,3,4,0.404,3,0,0,0,355000,143400,160
CR504827,CUST104827,2024-06-30,725,5,2,0.277,0,0,0,0,707000,195800,128
CR504828,CUST104828,2024-06-30,681,1,1,0.504,0,0,0,0,491000,247500,407
CR504829,CUST104829,2024-06-30,677,3,0,0.242,0,0,0,0,666000,161200,81
CR504830,CUST104830,2024-06-30,754,6,5,0.408,0,0,0,0,320000,130600,310
CR504831,CUST104831,2024-06-30,667,6,3,0.152,1,0,0,0,96000,14600,55
CR504832,CUST104832,2024-06-30,737,5,4,0.325,0,0,0,0,875000,284400,480
CR504833,CUST104833,2024-06-30,627,4,2,0.153,6,0,0,0,723000,110600,201
CR504834,CUST104834,2024-06-30,568,3,3,0.668,0,0,0,0,463000,309300,83
CR504835,CUST104835,2024-06-30,625,5,3,0.395,2,0,0,0,191000,75400,86
CR504836,CUST104836,2024-06-30,704,8,3,0.242,0,0,0,0,141000,34100,374
CR504837,CUST104837,2024-06-30,657,6,0,0.768,0,0,0,0,140000,107500,401
CR504838,CUST104838,2024-06-30,454,2,5,0.567,3,0,0,0,83000,47100,109
CR504839,CUST104839,2024-06-30,679,3,1,0.209,1,0,1,0,358000,74800,201
CR504840,CUST104840,2024-06-30,725,4,1,0.495,0,0,0,0,220000,108900,170
CR504841,CUST104841,2024-06-30,629,1,2,0.566,3,0,0,0,151000,85500,136
CR504842,CUST104842,2024-06-30,675,2,0,0.078,0,0,0,0,385000,30000,352
CR504843,CUST104843,2024-06-30,854,2,0,0.276,0,0,0,0,1735000,478900,25
CR504844,CUST104844,2024-06-30,699,1,2,0.394,0,0,0,0,1391000,548100,344
CR504845,CUST104845,2024-06-30,559,5,4,0.622,3,3,2,0,111000,69000,25
CR504846,CUST104846,2024-06-30,678,3,2,0.501,0,0,0,0,318000,159300,226
CR504847,CUST104847,2024-06-30,646,4,0,0.418,3,0,0,0,489000,204400,158
CR504848,CUST104848,2024-06-30,611,4,0,0.309,3,0,0,0,90000,27800,100
CR504849,CUST104849,2024-06-30,641,4,4,0.226,2,1,0,0,704000,159100,259
CR504850,CUST104850,2024-06-30,738,2,2,0.161,0,0,0,0,142000,22900,126
CR504851,CUST104851,2024-06-30,724,8,2,0.276,1,0,0,0,430000,118700,86
CR504852,CUST104852,2024-06-30,514,8,3,0.629,6,0,0,0,57000,35900,6
CR504853,CUST104853,2024-06-30,523,3,4,0.458,6,2,0,0,464000,212500,215
CR504854,CUST104854,2024-06-30,727,5,1,0.207,1,0,0,0,436000,90300,257
CR504855,CUST104855,2024-06-30,645,2,1,0.498,0,0,1,0,234000,116500,159
CR504856,CUST104856,2024-06-30,579,4,1,0.237,1,1,0,0,112000,26500,109
CR504857,CUST104857,2024-06-30,589,1,1,0.495,5,1,0,0,174000,86100,134
CR504858,CUST104858,2024-06-30,764,4,5,0.426,1,0,0,0,186000,79200,328
CR504859,CUST104859,2024-06-30,668,1,2,0.318,0,0,0,0,768000,244200,64
CR504860,CUST104860,2024-06-30,739,4,1,0.08,0,0,0,0,938000,75000,476
CR504861,CUST104861,2024-06-30,627,1,1,0.64,1,0,0,0,147000,94100,21
CR504862,CUST104862,2024-06-30,540,5,2,0.46,0,0,0,0,61000,28100,158
CR504863,CUST104863,2024-06-30,727,5,1,0.162,0,0,0,0,154000,24900,93
CR504864,CUST104864,2024-06-30,747,7,3,0.72,0,0,0,0,175000,126000,270
CR504865,CUST104865,2024-06-30,638,4,2,0.227,2,0,0,0,369000,83800,315
CR504866,CUST104866,2024-06-30,577,3,1,0.245,2,0,0,0,263000,64400,214
CR504867,CUST104867,2024-06-30,575,2,5,0.647,5,1,0,0,243000,157200,53
CR504868,CUST104868,2024-06-30,649,3,2,0.496,4,0,0,0,233000,115600,219
CR504869,CUST104869,2024-06-30,681,4,0,0.176,0,0,0,0,130000,22900,395
CR504870,CUST104870,2024-06-30,613,3,1,0.806,1,0,0,0,901000,726200,137
CR504871,CUST104871,2024-06-30,683,5,2,0.185,0,0,0,0,317000,58600,480
CR504872,CUST104872,2024-06-30,576,2,3,0.313,2,1,0,0,119000,37200,172
CR504873,CUST104873,2024-06-30,704,5,1,0.055,1,0,0,0,291000,16000,463
CR504874,CUST104874,2024-06-30,542,4,2,0.148,3,0,0,0,306000,45300,74
CR504875,CUST104875,2024-06-30,630,3,2,0.461,4,0,0,0,560000,258200,160
CR504876,CUST104876,2024-06-30,782,4,1,0.465,1,0,0,0,986000,458500,270
CR504877,CUST104877,2024-06-30,557,5,0,0.276,5,1,0,0,302000,83400,104
CR504878,CUST104878,2024-06-30,667,6,1,0.179,0,0,0,0,587000,105100,467
CR504879,CUST104879,2024-06-30,712,6,1,0.312,2,0,0,0,87000,27100,196
CR504880,CUST104880,2024-06-30,437,3,5,0.588,3,0,2,0,42000,24700,146
CR504881,CUST104881,2024-06-30,651,3,2,0.556,1,0,0,0,347000,192900,93
CR504882,CUST104882,2024-06-30,544,4,4,0.493,1,0,4,0,104000,51300,181
CR504883,CUST104883,2024-06-30,603,6,1,0.287,5,2,0,0,182000,52200,251
CR504884,CUST104884,2024-06-30,603,4,0,0.441,3,0,0,0,122000,53800,131
CR504885,CUST104885,2024-06-30,784,4,1,0.065,0,0,0,0,237000,15400,328
CR504886,CUST104886,2024-06-30,628,4,1,0.382,3,0,0,0,136000,52000,283
CR504887,CUST104887,2024-06-30,696,5,0,0.051,0,0,0,0,428000,21800,324
CR504888,CUST104888,2024-06-30,664,5,1,0.321,0,0,0,0,144000,46200,247
CR504889,CUST104889,2024-06-30,499,4,3,0.375,1,1,1,0,153000,57400,95
CR504890,CUST104890,2024-06-30,632,2,0,0.171,3,0,0,0,167000,28600,267
CR504891,CUST104891,2024-06-30,747,6,1,0.185,0,0,0,0,373000,69000,6
CR504892,CUST104892,2024-06-30,564,8,0,0.284,1,1,0,0,64000,18200,163
CR504893,CUST104893,2024-06-30,724,2,1,0.493,1,0,0,0,469000,231200,306
CR504894,CUST104894,2024-06-30,721,5,0,0.138,3,0,0,0,457000,63100,404
CR504895,CUST104895,2024-06-30,634,2,2,0.154,3,0,0,0,146000,22500,143
CR504896,CUST104896,2024-06-30,695,5,0,0.222,1,0,0,0,131000,29100,239
CR504897,CUST104897,2024-06-30,635,4,1,0.336,1,0,0,0,313000,105200,247
CR504898,CUST104898,2024-06-30,556,3,3,0.599,4,3,0,0,163000,97600,152
CR504899,CUST104899,2024-06-30,621,1,4,0.215,2,1,0,0,288000,61900,125
CR504900,CUST104900,2024-06-30,520,4,1,0.369,0,0,1,0,128000,47200,291
CR504901,CUST104901,2024-06-30,768,6,2,0.519,1,0,0,0,725000,376300,13
CR504902,CUST104902,2024-06-30,740,5,2,0.556,0,0,0,0,530000,294700,84
CR504903,CUST104903,2024-06-30,675,3,1,0.534,0,0,0,0,203000,108400,6
CR504904,CUST104904,2024-06-30,698,3,1,0.263,0,0,0,0,317000,83400,248
CR504905,CUST104905,2024-06-30,702,2,0,0.214,0,0,0,0,296000,63300,253
CR504906,CUST104906,2024-06-30,787,7,1,0.382,0,0,0,0,326000,124500,155
CR504907,CUST104907,2024-06-30,797,2,1,0.223,0,0,0,0,1205000,268700,192
CR504908,CUST104908,2024-06-30,517,6,0,0.567,3,1,1,0,48000,27200,254
CR504909,CUST104909,2024-06-30,736,3,1,0.509,0,0,0,0,262000,133400,165
CR504910,CUST104910,2024-06-30,612,2,0,0.292,5,0,0,0,101000,29500,480
CR504911,CUST104911,2024-06-30,727,3,2,0.323,0,0,1,0,592000,191200,200
CR504912,CUST104912,2024-06-30,705,5,4,0.593,0,0,0,0,230000,136400,202
CR504913,CUST104913,2024-06-30,544,6,3,0.759,2,0,0,0,192000,145700,191
CR504914,CUST104914,2024-06-30,577,2,3,0.674,2,0,0,0,397000,267600,117
CR504915,CUST104915,2024-06-30,520,4,0,0.377,2,0,0,0,283000,106700,342
CR504916,CUST104916,2024-06-30,668,3,1,0.374,0,0,0,0,143000,53500,97
CR504917,CUST104917,2024-06-30,665,1,1,0.471,0,0,0,0,214000,100800,175
CR504918,CUST104918,2024-06-30,728,2,5,0.422,0,0,0,0,474000,200000,141
CR504919,CUST104919,2024-06-30,579,3,2,0.215,2,0,0,0,265000,57000,68
CR504920,CUST104920,2024-06-30,490,1,2,0.745,1,1,1,0,68000,50700,127
CR504921,CUST104921,2024-06-30,736,4,1,0.548,0,0,0,0,451000,247100,279
CR504922,CUST104922,2024-06-30,685,1,2,0.225,1,0,0,0,337000,75800,257
CR504923,CUST104923,2024-06-30,552,2,0,0.642,3,2,0,0,161000,103400,200
CR504924,CUST104924,2024-06-30,778,4,1,0.082,0,0,0,0,112000,9200,468
CR504925,CUST104925,2024-06-30,730,4,0,0.326,1,0,0,0,192000,62600,186
CR504926,CUST104926,2024-06-30,718,5,3,0.249,1,0,0,0,383000,95400,203
CR504927,CUST104927,2024-06-30,695,3,2,0.469,0,0,0,0,385000,180600,48
CR504928,CUST104928,2024-06-30,540,0,2,0.317,1,1,1,0,238000,75400,6
CR504929,CUST104929,2024-06-30,541,4,2,0.669,2,2,0,0,47000,31400,104
CR504930,CUST104930,2024-06-30,721,4,2,0.617,1,0,0,0,1615000,996500,480
CR504931,CUST104931,2024-06-30,783,3,2,0.323,0,0,0,0,483000,156000,279
CR504932,CUST104932,2024-06-30,706,3,5,0.279,0,0,0,0,132000,36800,197
CR504933,CUST104933,2024-06-30,697,4,1,0.265,0,0,0,0,436000,115500,8
CR504934,CUST104934,2024-06-30,541,1,2,0.396,3,2,2,0,359000,142200,6
CR504935,CUST104935,2024-06-30,597,3,3,0.441,2,1,0,0,128000,56400,131
CR504936,CUST104936,2024-06-30,642,4,1,0.289,3,0,0,0,155000,44800,6
CR504937,CUST104937,2024-06-30,644,2,1,0.218,5,0,0,0,261000,56900,396
CR504938,CUST104938,2024-06-30,671,6,0,0.534,0,0,0,0,220000,117500,234
CR504939,CUST104939,2024-06-30,453,4,4,0.65,3,1,0,0,39000,25400,342
CR504940,CUST104940,2024-06-30,523,3,2,0.146,3,0,0,0,50000,7300,314
CR504941,CUST104941,2024-06-30,778,4,2,0.123,0,0,0,0,327000,40200,74
CR504942,CUST104942,2024-06-30,636,6,2,0.544,4,0,0,0,127000,69100,175
CR504943,CUST104943,2024-06-30,642,4,2,0.544,4,0,0,0,274000,149100,57
CR504944,CUST104944,2024-06-30,423,5,5,0.322,2,2,1,0,44000,14200,6
CR504945,CUST104945,2024-06-30,815,4,2,0.374,0,0,0,0,545000,203800,149
CR504946,CUST104946,2024-06-30,607,2,2,0.339,3,0,0,0,188000,63700,166
CR504947,CUST104947,2024-06-30,771,4,1,0.647,0,0,0,0,426000,275600,191
CR504948,CUST104948,2024-06-30,587,3,2,0.303,0,0,0,0,70000,21200,207
CR504949,CUST104949,2024-06-30,656,4,2,0.294,0,0,0,0,363000,106700,134
CR504950,CUST104950,2024-06-30,653,4,0,0.335,0,0,0,0,508000,170200,367
CR504951,CUST104951,2024-06-30,561,2,2,0.421,1,0,0,0,152000,64000,74
CR504952,CUST104952,2024-06-30,672,2,0,0.302,0,0,0,0,352000,106300,267
CR504953,CUST104953,2024-06-30,597,3,3,0.108,3,1,0,0,86000,9300,373
CR504954,CUST104954,2024-06-30,631,6,1,0.601,3,0,0,0,70000,42100,183
CR504955,CUST104955,2024-06-30,398,3,5,0.357,0,0,2,0,43000,15400,108
CR504956,CUST104956,2024-06-30,599,1,4,0.275,2,0,0,0,52000,14300,206
CR504957,CUST104957,2024-06-30,682,3,2,0.356,0,0,0,0,1008000,358800,21
CR504958,CUST104958,2024-06-30,590,3,3,0.542,1,1,1,0,110000,59600,82
CR504959,CUST104959,2024-06-30,456,3,0,0.903,2,1,0,0,99000,89400,113
CR504960,CUST104960,2024-06-30,595,1,1,0.304,1,1,0,0,134000,40700,403
CR504961,CUST104961,2024-06-30,626,3,3,0.257,4,0,0,0,495000,127200,283
CR504962,CUST104962,2024-06-30,570,4,1,0.361,0,0,0,0,145000,52300,172
CR504963,CUST104963,2024-06-30,774,4,1,0.261,0,0,0,0,195000,50900,191
CR504964,CUST104964,2024-06-30,634,5,2,0.477,3,0,0,0,990000,472200,246
CR504965,CUST104965,2024-06-30,640,3,4,0.344,2,1,0,0,127000,43700,7
CR504966,CUST104966,2024-06-30,729,4,0,0.447,1,0,0,0,228000,101900,246
CR504967,CUST104967,2024-06-30,630,4,1,0.304,0,0,0,0,265000,80600,223
CR504968,CUST104968,2024-06-30,787,1,1,0.373,1,0,0,0,384000,143200,140
CR504969,CUST104969,2024-06-30,547,4,3,0.591,2,0,0,0,418000,247000,188
CR504970,CUST104970,2024-06-30,736,1,2,0.403,0,0,0,0,163000,65700,199
CR504971,CUST104971,2024-06-30,717,4,0,0.053,0,0,1,0,275000,14600,134
CR504972,CUST104972,2024-06-30,788,6,1,0.1,0,0,0,0,447000,44700,117
CR504973,CUST104973,2024-06-30,692,1,2,0.346,2,0,0,0,297000,102800,38
CR504974,CUST104974,2024-06-30,744,4,3,0.367,2,0,1,0,918000,336900,115
CR504975,CUST104975,2024-06-30,815,5,3,0.05,1,0,0,0,1856000,92800,328
CR504976,CUST104976,2024-06-30,520,2,3,0.687,0,0,0,0,43000,29500,103
CR504977,CUST104977,2024-06-30,511,5,2,0.487,1,1,0,0,61000,29700,140
CR504978,CUST104978,2024-06-30,599,4,3,0.58,2,1,0,0,192000,111400,86
CR504979,CUST104979,2024-06-30,719,2,3,0.259,0,0,0,0,407000,105400,126
CR504980,CUST104980,2024-06-30,669,7,1,0.392,0,0,0,0,61000,23900,298
CR504981,CUST104981,2024-06-30,721,5,1,0.484,0,0,0,0,498000,241000,175
CR504982,CUST104982,2024-06-30,775,2,2,0.202,0,0,0,0,610000,123200,203
CR504983,CUST104983,2024-06-30,626,1,1,0.25,1,0,0,0,175000,43800,99
CR504984,CUST104984,2024-06-30,641,2,1,0.394,3,0,0,0,448000,176500,348
CR504985,CUST104985,2024-06-30,532,4,1,0.536,5,5,0,0,47000,25200,6
CR504986,CUST104986,2024-06-30,665,2,2,0.376,0,0,0,0,151000,56800,435
CR504987,CUST104987,2024-06-30,734,7,1,0.411,1,0,0,0,1228000,504700,316
CR504988,CUST104988,2024-06-30,555,3,6,0.528,2,1,2,0,422000,222800,145
CR504989,CUST104989,2024-06-30,674,7,1,0.435,0,0,0,0,29000,12600,136
CR504990,CUST104990,2024-06-30,779,6,3,0.02,2,1,0,0,152000,3000,357
CR504991,CUST104991,2024-06-30,690,1,0,0.299,0,0,2,0,403000,120500,12
CR504992,CUST104992,2024-06-30,480,4,0,0.698,2,1,0,0,58000,40500,130
CR504993,CUST104993,2024-06-30,619,3,2,0.222,3,0,0,0,233000,51700,98
CR504994,CUST104994,2024-06-30,634,2,2,0.094,1,0,1,0,162000,15200,168
CR504995,CUST104995,2024-06-30,621,3,1,0.9,4,1,0,0,227000,204300,6
CR504996,CUST104996,2024-06-30,622,3,0,0.187,2,0,0,0,140000,26200,305
CR504997,CUST104997,2024-06-30,687,5,2,0.207,0,0,0,0,177000,36600,368
CR504998,CUST104998,2024-06-30,563,3,6,0.608,0,0,0,0,65000,39500,8
CR504999,CUST104999,2024-06-30,630,4,2,0.514,1,0,0,0,188000,96600,317
CR505000,CUST105000,2024-06-30,499,6,6,0.236,1,1,3,0,170000,40100,342
