customer_id,first_name,last_name,gender,date_of_birth,age,marital_status,dependents,education,employment_type,occupation,annual_income,city,state,residence_type,years_at_residence,email,phone,kyc_status,customer_since
CUST100001,Kabir,Kulkarni,Male,2004-09-09,21,Married,1,Diploma,Salaried,Software Engineer,316400,Noida,Uttar Pradesh,Family Owned,3,kabir.kulkarni614@outlook.com,+91-8574623268,Verified,2023-06-16
CUST100002,Manish,Gupta,Male,1997-03-06,29,Married,1,Graduate,Unemployed,Student,120000,Mysuru,Karnataka,Mortgaged,11,manish.gupta34@gmail.com,+91-9252972703,Verified,2014-08-15
CUST100003,Sandeep,Mehta,Male,2001-08-02,24,Married,0,Diploma,Salaried,Nurse,175800,Kochi,Kerala,Owned,6,sandeep.mehta434@outlook.com,+91-9113744447,Pending,2023-04-29
CUST100004,Kabir,Reddy,Male,1976-03-30,50,Single,3,Graduate,Retired,Retired Private Sector,275100,Bengaluru,Karnataka,Rented,24,kabir.reddy27@gmail.com,+91-7697018056,Verified,2016-11-03
CUST100005,Saanvi,Patel,Female,1993-04-05,33,Married,1,Diploma,Self-Employed,Doctor (Practice),384700,Pune,Maharashtra,Owned,7,saanvi.patel597@outlook.com,+91-7148556853,Verified,2017-09-24
CUST100006,Deepak,Kapoor,Male,1973-01-03,53,Married,1,Graduate,Self-Employed,Architect,739600,Hyderabad,Telangana,Rented,24,deepak.kapoor22@gmail.com,+91-8265448136,Verified,2015-08-05
CUST100007,Imran,Banerjee,Male,1996-11-30,29,Single,1,Post Graduate,Salaried,Software Engineer,450900,Nagpur,Maharashtra,Mortgaged,0,imran.banerjee142@rediffmail.com,+91-7628944100,Pending,2020-07-04
CUST100008,Pranav,Gupta,Male,2004-09-03,21,Married,1,Graduate,Salaried,Bank Officer,914100,Mysuru,Karnataka,Owned,3,pranav.gupta796@rediffmail.com,+91-9196368949,Verified,2022-02-07
CUST100009,Harsh,Shah,Male,1996-02-28,30,Married,2,Post Graduate,Business Owner,Restaurant Owner,433900,Delhi,Delhi,Mortgaged,12,harsh.shah307@rediffmail.com,+91-7392212415,Verified,2020-12-31
CUST100010,Karthik,Iyer,Male,1986-05-29,40,Single,1,Graduate,Salaried,Accountant,700900,Indore,Madhya Pradesh,Owned,16,karthik.iyer8@gmail.com,+91-9617549564,Pending,2016-08-15
CUST100011,Sandeep,Chopra,Male,1985-09-17,40,Married,2,Graduate,Business Owner,Restaurant Owner,578900,Kolkata,West Bengal,Rented,22,sandeep.chopra733@yahoo.in,+91-8816678499,Verified,2021-08-01
CUST100012,Yash,Menon,Male,1983-02-08,43,Single,0,High School,Salaried,Bank Officer,173900,Jaipur,Rajasthan,Family Owned,8,yash.menon197@rediffmail.com,+91-8531472469,Verified,2024-01-26
CUST100013,Zaid,Nair,Male,1997-09-09,28,Single,2,Graduate,Business Owner,Retail Store Owner,377500,Mumbai,Maharashtra,Owned,10,zaid.nair843@yahoo.in,+91-9668098384,Verified,2022-05-12
CUST100014,Reyansh,Chopra,Male,2005-01-20,21,Single,1,High School,Salaried,Teacher,173500,Noida,Uttar Pradesh,Owned,3,reyansh.chopra22@gmail.com,+91-8556201211,Pending,2024-02-05
CUST100015,Yash,Bhat,Male,2002-07-31,23,Widowed,1,Graduate,Retired,Pensioner,236300,Bengaluru,Karnataka,Rented,5,yash.bhat890@outlook.com,+91-7513491110,Verified,2022-05-24
CUST100016,Riya,Kapoor,Female,1992-02-06,34,Married,1,Graduate,Salaried,Software Engineer,337200,Chennai,Tamil Nadu,Rented,4,riya.kapoor788@rediffmail.com,+91-7780866903,Pending,2020-07-16
CUST100017,Deepika,Singh,Female,2005-03-14,21,Married,1,Diploma,Salaried,Accountant,246600,Kochi,Kerala,Family Owned,3,deepika.singh325@yahoo.in,+91-8073298764,Verified,2023-01-31
CUST100018,Saanvi,Shah,Female,1971-05-18,55,Single,1,Graduate,Self-Employed,Consultant,1261100,Bhopal,Madhya Pradesh,Owned,3,saanvi.shah53@gmail.com,+91-9140233459,Verified,2018-08-20
CUST100019,Deepak,Mukherjee,Male,1975-11-27,50,Married,3,Graduate,Business Owner,Retail Store Owner,547400,Kochi,Kerala,Rented,7,deepak.mukherjee375@outlook.com,+91-8131051497,Pending,2024-01-22
CUST100020,Zaid,Naidu,Male,1991-03-25,35,Married,2,Graduate,Self-Employed,Doctor (Practice),676800,Surat,Gujarat,Rented,10,zaid.naidu120@gmail.com,+91-8329435149,Verified,2014-03-25
CUST100021,Riya,Iyer,Female,1977-09-13,48,Single,2,Graduate,Salaried,Teacher,725100,Bhopal,Madhya Pradesh,Rented,18,riya.iyer763@gmail.com,+91-9687805686,Verified,2016-02-08
CUST100022,Kritika,Bhat,Female,1993-04-13,33,Divorced,0,Graduate,Self-Employed,Consultant,288000,Ahmedabad,Gujarat,Rented,15,kritika.bhat722@gmail.com,+91-8584456328,Verified,2014-12-28
CUST100023,Yash,Reddy,Male,1974-03-28,52,Divorced,0,High School,Salaried,Sales Executive,446600,Pune,Maharashtra,Owned,13,yash.reddy144@yahoo.in,+91-7720445442,Pending,2016-08-02
CUST100024,Meera,Shah,Female,1989-12-28,36,Single,2,Post Graduate,Salaried,HR Manager,609300,Nagpur,Maharashtra,Owned,13,meera.shah128@yahoo.in,+91-9890502547,Verified,2016-02-20
CUST100025,Aarohi,Malhotra,Female,1996-08-10,29,Divorced,1,Graduate,Business Owner,Contractor,343800,Pune,Maharashtra,Rented,11,aarohi.malhotra738@gmail.com,+91-9379752831,Verified,2019-08-14
CUST100026,Sowmya,Nair,Female,1969-11-16,56,Single,1,Graduate,Salaried,HR Manager,1242000,Bhopal,Madhya Pradesh,Rented,15,sowmya.nair978@rediffmail.com,+91-7090311370,Verified,2015-03-30
CUST100027,Deepak,Verma,Male,1988-08-13,37,Married,1,Diploma,Salaried,Accountant,534200,Chandigarh,Chandigarh,Family Owned,1,deepak.verma186@outlook.com,+91-8035422748,Verified,2019-04-22
CUST100028,Anika,Menon,Female,1991-02-07,35,Single,0,Graduate,Retired,Retired Private Sector,294300,Delhi,Delhi,Rented,0,anika.menon219@gmail.com,+91-9263898631,Verified,2019-02-24
CUST100029,Imran,Kulkarni,Male,1994-03-31,32,Married,2,Graduate,Self-Employed,Doctor (Practice),784700,Kochi,Kerala,Owned,5,imran.kulkarni662@rediffmail.com,+91-9765935530,Pending,2014-05-15
CUST100030,Krishna,Kulkarni,Male,1986-12-30,39,Married,3,Post Graduate,Salaried,HR Manager,375200,Hyderabad,Telangana,Rented,13,krishna.kulkarni752@yahoo.in,+91-7168143121,Pending,2015-10-21
CUST100031,Manish,Das,Male,1981-02-26,45,Married,2,Graduate,Salaried,Nurse,622500,Bengaluru,Karnataka,Owned,16,manish.das110@rediffmail.com,+91-7376462511,Verified,2013-10-11
CUST100032,Harsh,Mehta,Male,1983-03-30,43,Married,1,Professional Degree,Salaried,Nurse,793200,Chandigarh,Chandigarh,Owned,19,harsh.mehta74@outlook.com,+91-8199503416,Verified,2015-08-10
CUST100033,Vihaan,Shah,Male,1994-05-17,32,Single,2,Graduate,Self-Employed,Chartered Accountant,452500,Surat,Gujarat,Rented,10,vihaan.shah17@outlook.com,+91-7662653719,Verified,2015-12-05
CUST100034,Vivaan,Kaur,Male,2005-06-12,21,Single,1,Diploma,Salaried,Nurse,661500,Hyderabad,Telangana,Owned,3,vivaan.kaur132@outlook.com,+91-9662088469,Verified,2023-07-21
CUST100035,Priya,Bose,Female,1967-05-11,59,Divorced,0,Post Graduate,Unemployed,Not Employed,120000,Kochi,Kerala,Owned,21,priya.bose268@rediffmail.com,+91-8715907566,Verified,2021-06-25
CUST100036,Pooja,Chowdhury,Female,1991-11-03,34,Married,0,Graduate,Self-Employed,Doctor (Practice),580300,Chandigarh,Chandigarh,Rented,16,pooja.chowdhury594@yahoo.in,+91-7166872801,Pending,2015-05-21
CUST100037,Riya,Nair,Female,1981-01-09,45,Divorced,2,Diploma,Salaried,Nurse,587900,Indore,Madhya Pradesh,Rented,8,riya.nair755@yahoo.in,+91-8677959036,Pending,2015-04-13
CUST100038,Manish,Verma,Male,1981-07-15,44,Widowed,0,Graduate,Salaried,Nurse,309200,Lucknow,Uttar Pradesh,Owned,22,manish.verma948@rediffmail.com,+91-9519561010,Verified,2015-11-10
CUST100039,Arjun,Malhotra,Male,2001-09-22,24,Married,1,Graduate,Retired,Retired Private Sector,186500,Mumbai,Maharashtra,Mortgaged,6,arjun.malhotra955@gmail.com,+91-8781090142,Verified,2024-06-13
CUST100040,Arjun,Verma,Male,1975-12-24,50,Married,1,Graduate,Salaried,Sales Executive,414500,Pune,Maharashtra,Mortgaged,10,arjun.verma79@outlook.com,+91-9799845836,Verified,2014-02-25
CUST100041,Harsh,Verma,Male,1978-09-13,47,Single,3,Diploma,Retired,Pensioner,181800,Noida,Uttar Pradesh,Owned,7,harsh.verma452@yahoo.in,+91-8316241703,Verified,2018-06-11
CUST100042,Pranav,Verma,Male,1990-10-03,35,Married,3,Post Graduate,Salaried,Teacher,382000,Noida,Uttar Pradesh,Owned,10,pranav.verma795@outlook.com,+91-8110216192,Verified,2020-04-10
CUST100043,Deepika,Banerjee,Female,1990-12-30,35,Single,0,Diploma,Salaried,Teacher,540500,Bengaluru,Karnataka,Owned,17,deepika.banerjee283@outlook.com,+91-7394650731,Verified,2023-02-20
CUST100044,Karthik,Sharma,Male,1984-05-20,42,Married,1,Graduate,Self-Employed,Freelance Designer,1073500,Kochi,Kerala,Owned,17,karthik.sharma404@gmail.com,+91-7650747396,Pending,2017-03-07
CUST100045,Anika,Sheikh,Female,1978-11-23,47,Single,3,Graduate,Salaried,Software Engineer,1785200,Bhopal,Madhya Pradesh,Rented,9,anika.sheikh548@rediffmail.com,+91-8754828520,Verified,2015-05-17
CUST100046,Rohan,Singh,Male,1999-06-01,27,Married,3,Graduate,Salaried,Nurse,135900,Mumbai,Maharashtra,Rented,4,rohan.singh738@gmail.com,+91-8279278030,Verified,2023-03-14
CUST100047,Dev,Menon,Male,2005-04-03,21,Single,1,High School,Salaried,Nurse,335900,Pune,Maharashtra,Rented,3,dev.menon628@rediffmail.com,+91-8179577044,Verified,2023-05-25
CUST100048,Sana,Gupta,Female,1980-12-02,45,Married,2,Post Graduate,Salaried,Nurse,961500,Nagpur,Maharashtra,Rented,18,sana.gupta20@gmail.com,+91-9828159473,Verified,2014-01-23
CUST100049,Rahul,Iyer,Male,1962-03-06,64,Single,3,Post Graduate,Retired,Retired Government Employee,307100,Bhopal,Madhya Pradesh,Owned,5,rahul.iyer345@rediffmail.com,+91-9429953336,Verified,2019-09-05
CUST100050,Dev,Das,Male,1983-10-30,42,Single,1,Diploma,Retired,Pensioner,187000,Chandigarh,Chandigarh,Rented,7,dev.das691@gmail.com,+91-8310897724,Verified,2019-05-05
CUST100051,Kritika,Reddy,Female,1989-08-06,36,Married,0,Graduate,Salaried,HR Manager,1172400,Nagpur,Maharashtra,Family Owned,18,kritika.reddy688@rediffmail.com,+91-8064131462,Verified,2019-03-20
CUST100052,Rohan,Singh,Male,1977-08-01,48,Single,1,Graduate,Business Owner,Manufacturer,151600,Ahmedabad,Gujarat,Owned,11,rohan.singh70@outlook.com,+91-8437408741,Verified,2014-08-22
CUST100053,Manish,Iyer,Male,1990-10-25,35,Married,1,Post Graduate,Unemployed,Homemaker,279200,Gurugram,Haryana,Owned,17,manish.iyer106@gmail.com,+91-7461735520,Verified,2017-07-28
CUST100054,Arjun,Mehta,Male,1993-12-13,32,Married,1,Graduate,Salaried,Bank Officer,460200,Hyderabad,Telangana,Rented,14,arjun.mehta735@yahoo.in,+91-7118829203,Verified,2019-05-03
CUST100055,Aarav,Kaur,Male,1987-02-09,39,Single,1,Diploma,Salaried,Teacher,684000,Kolkata,West Bengal,Rented,21,aarav.kaur747@yahoo.in,+91-7549047943,Verified,2014-10-13
CUST100056,Ishaan,Sheikh,Male,2005-03-06,21,Married,2,Post Graduate,Self-Employed,Consultant,367700,Surat,Gujarat,Rented,3,ishaan.sheikh39@yahoo.in,+91-8998358272,Verified,2024-06-26
CUST100057,Ayesha,Patel,Female,1976-02-25,50,Single,0,Diploma,Salaried,Sales Executive,159500,Lucknow,Uttar Pradesh,Owned,20,ayesha.patel354@yahoo.in,+91-9014897882,Verified,2021-05-23
CUST100058,Manish,Iyer,Male,1991-08-10,34,Married,6,Post Graduate,Business Owner,Manufacturer,4113400,Chandigarh,Chandigarh,Family Owned,14,manish.iyer178@gmail.com,+91-8494358965,Verified,2019-01-31
CUST100059,Sneha,Gupta,Female,1988-07-09,37,Married,2,Graduate,Business Owner,Manufacturer,374600,Mumbai,Maharashtra,Mortgaged,19,sneha.gupta451@gmail.com,+91-9718361702,Verified,2019-11-05
CUST100060,Divya,Rao,Female,1985-03-23,41,Single,1,Graduate,Salaried,Nurse,300800,Chennai,Tamil Nadu,Rented,13,divya.rao602@yahoo.in,+91-9126415040,Pending,2019-07-21
CUST100061,Nikhil,Kaur,Male,1978-04-09,48,Widowed,1,Post Graduate,Salaried,Sales Executive,697800,Nagpur,Maharashtra,Rented,18,nikhil.kaur553@rediffmail.com,+91-7323362373,Verified,2020-05-29
CUST100062,Harsh,Gupta,Male,1978-12-01,47,Married,3,Post Graduate,Salaried,Software Engineer,874900,Kolkata,West Bengal,Rented,8,harsh.gupta662@gmail.com,+91-8733733363,Verified,2022-01-25
CUST100063,Fatima,Nair,Female,1967-11-04,58,Single,3,Diploma,Salaried,Nurse,521200,Indore,Madhya Pradesh,Owned,19,fatima.nair805@gmail.com,+91-9820179675,Verified,2023-09-12
CUST100064,Kabir,Mukherjee,Male,2001-04-14,25,Single,0,Post Graduate,Salaried,Sales Executive,317000,Chandigarh,Chandigarh,Rented,7,kabir.mukherjee932@gmail.com,+91-7586974486,Pending,2020-03-24
CUST100065,Pranav,Sheikh,Male,2001-08-16,24,Married,0,Professional Degree,Self-Employed,Chartered Accountant,872700,Bhopal,Madhya Pradesh,Owned,6,pranav.sheikh770@rediffmail.com,+91-7362121993,Pending,2021-06-25
CUST100066,Meera,Mehta,Female,1975-03-20,51,Married,1,Diploma,Salaried,Sales Executive,398000,Coimbatore,Tamil Nadu,Family Owned,7,meera.mehta770@rediffmail.com,+91-8784118896,Verified,2022-08-31
CUST100067,Tanvi,Bose,Female,1997-12-08,28,Divorced,3,Post Graduate,Salaried,Software Engineer,594700,Jaipur,Rajasthan,Mortgaged,10,tanvi.bose180@yahoo.in,+91-8427278980,Pending,2015-11-05
CUST100068,Anjali,Rao,Female,1977-12-07,48,Married,2,Graduate,Self-Employed,Freelance Designer,762100,Indore,Madhya Pradesh,Mortgaged,12,anjali.rao448@outlook.com,+91-7679358227,Verified,2013-08-30
CUST100069,Rahul,Shah,Male,2004-09-13,21,Single,3,High School,Self-Employed,Consultant,237400,Surat,Gujarat,Owned,3,rahul.shah892@rediffmail.com,+91-9266040111,Pending,2022-10-27
CUST100070,Ayaan,Verma,Male,1977-08-22,48,Married,1,Professional Degree,Salaried,Sales Executive,562900,Pune,Maharashtra,Rented,1,ayaan.verma905@gmail.com,+91-8837825569,Verified,2023-01-30
CUST100071,Anika,Sharma,Female,1984-10-25,41,Married,1,Post Graduate,Business Owner,Manufacturer,2059900,Jaipur,Rajasthan,Family Owned,19,anika.sharma534@outlook.com,+91-8089002498,Verified,2014-02-02
CUST100072,Aditya,Mehta,Male,1987-02-01,39,Married,0,High School,Self-Employed,Consultant,579500,Coimbatore,Tamil Nadu,Owned,1,aditya.mehta232@yahoo.in,+91-8689914435,Verified,2019-09-18
CUST100073,Rohan,Deshpande,Male,1978-06-23,48,Married,0,Post Graduate,Salaried,Bank Officer,165800,Ahmedabad,Gujarat,Owned,18,rohan.deshpande184@rediffmail.com,+91-7046642847,Pending,2018-10-15
CUST100074,Ayesha,Patel,Female,1974-01-27,52,Widowed,0,Post Graduate,Business Owner,Contractor,971300,Coimbatore,Tamil Nadu,Owned,18,ayesha.patel723@outlook.com,+91-7622621221,Verified,2014-09-03
CUST100075,Suresh,Singh,Male,2004-05-02,22,Single,1,Diploma,Salaried,Software Engineer,279400,Pune,Maharashtra,Rented,4,suresh.singh575@gmail.com,+91-9622081854,Verified,2022-03-19
CUST100076,Deepak,Ahmed,Male,1992-01-13,34,Married,0,Graduate,Business Owner,Restaurant Owner,574200,Bhopal,Madhya Pradesh,Owned,4,deepak.ahmed246@yahoo.in,+91-7133404246,Verified,2016-01-06
CUST100077,Nikhil,Kaur,Male,1997-07-20,28,Married,3,Graduate,Salaried,Bank Officer,179800,Noida,Uttar Pradesh,Family Owned,10,nikhil.kaur556@yahoo.in,+91-9144164137,Pending,2015-02-02
CUST100078,Diya,Kapoor,Female,1994-05-26,32,Married,2,Post Graduate,Salaried,HR Manager,210000,Surat,Gujarat,Rented,8,diya.kapoor322@gmail.com,+91-8933605474,Verified,2016-01-07
CUST100079,Aditya,Menon,Male,1983-06-17,43,Single,1,Graduate,Self-Employed,Lawyer,1124400,Ahmedabad,Gujarat,Rented,3,aditya.menon228@yahoo.in,+91-9335442391,Verified,2023-12-31
CUST100080,Rohan,Khan,Male,1994-11-18,31,Single,1,High School,Self-Employed,Doctor (Practice),263200,Jaipur,Rajasthan,Rented,13,rohan.khan955@outlook.com,+91-7455330209,Verified,2024-04-06
CUST100081,Imran,Sheikh,Male,1986-09-10,39,Married,0,Diploma,Business Owner,Retail Store Owner,835800,Pune,Maharashtra,Owned,2,imran.sheikh715@outlook.com,+91-9252615887,Verified,2014-01-19
CUST100082,Shreya,Gill,Female,1981-03-06,45,Divorced,1,Graduate,Salaried,Sales Executive,180000,Jaipur,Rajasthan,Rented,4,shreya.gill825@gmail.com,+91-8070372687,Verified,2016-03-27
CUST100083,Kabir,Chopra,Male,1983-08-03,42,Single,1,Professional Degree,Retired,Retired Private Sector,719600,Kochi,Kerala,Owned,19,kabir.chopra767@rediffmail.com,+91-9440185028,Verified,2016-01-12
CUST100084,Deepika,Das,Female,1991-10-27,34,Single,1,Post Graduate,Unemployed,Not Employed,384400,Ahmedabad,Gujarat,Rented,11,deepika.das640@outlook.com,+91-7052193395,Pending,2021-02-04
CUST100085,Yash,Deshpande,Male,1994-01-13,32,Married,0,Post Graduate,Self-Employed,Freelance Designer,249700,Kolkata,West Bengal,Owned,14,yash.deshpande256@yahoo.in,+91-9127409313,Verified,2023-03-05
CUST100086,Yash,Singh,Male,1988-05-10,38,Married,0,High School,Self-Employed,Chartered Accountant,216500,Hyderabad,Telangana,Rented,13,yash.singh37@gmail.com,+91-8058692842,Verified,2019-03-01
CUST100087,Deepak,Chowdhury,Male,1977-04-18,49,Widowed,3,Graduate,Salaried,HR Manager,484800,Pune,Maharashtra,Owned,6,deepak.chowdhury512@yahoo.in,+91-7934323711,Pending,2019-03-29
CUST100088,Shreya,Bhat,Female,1969-12-10,56,Married,4,Professional Degree,Salaried,Teacher,1083500,Delhi,Delhi,Family Owned,0,shreya.bhat756@outlook.com,+91-7795271987,Pending,2020-08-06
CUST100089,Priya,Kapoor,Female,1996-09-13,29,Married,0,Post Graduate,Retired,Pensioner,120000,Kochi,Kerala,Owned,6,priya.kapoor962@yahoo.in,+91-7055157075,Verified,2014-07-03
CUST100090,Zara,Malhotra,Female,1988-10-03,37,Married,1,Graduate,Salaried,Nurse,614600,Kochi,Kerala,Rented,2,zara.malhotra213@outlook.com,+91-7826883266,Pending,2014-02-22
CUST100091,Priya,Kapoor,Female,1986-11-05,39,Single,2,Graduate,Business Owner,Restaurant Owner,387700,Kolkata,West Bengal,Family Owned,19,priya.kapoor220@yahoo.in,+91-7019212801,Pending,2019-01-18
CUST100092,Vikram,Ahmed,Male,1997-07-03,29,Single,1,Graduate,Salaried,HR Manager,589400,Kochi,Kerala,Owned,11,vikram.ahmed577@yahoo.in,+91-8654811187,Pending,2022-01-12
CUST100093,Diya,Iyer,Female,1982-05-06,44,Single,3,Diploma,Salaried,Bank Officer,452100,Kolkata,West Bengal,Owned,2,diya.iyer724@outlook.com,+91-8876324346,Verified,2021-03-01
CUST100094,Anika,Malhotra,Female,1987-07-25,38,Single,1,Graduate,Salaried,Sales Executive,355700,Surat,Gujarat,Family Owned,20,anika.malhotra953@rediffmail.com,+91-8945082738,Verified,2019-12-04
CUST100095,Kavya,Sheikh,Female,1997-03-28,29,Married,1,Post Graduate,Salaried,Bank Officer,1041900,Kochi,Kerala,Rented,11,kavya.sheikh677@rediffmail.com,+91-7184663642,Verified,2015-09-15
CUST100096,Saanvi,Kaur,Female,1992-06-02,34,Single,2,Post Graduate,Salaried,Teacher,4636900,Chennai,Tamil Nadu,Rented,6,saanvi.kaur744@rediffmail.com,+91-8184638413,Verified,2017-11-28
CUST100097,Isha,Sheikh,Female,1978-05-22,48,Married,0,Professional Degree,Salaried,Nurse,1526700,Lucknow,Uttar Pradesh,Owned,14,isha.sheikh18@rediffmail.com,+91-8824037317,Verified,2022-05-06
CUST100098,Harsh,Verma,Male,1984-08-21,41,Married,0,Graduate,Salaried,Bank Officer,336500,Nagpur,Maharashtra,Family Owned,10,harsh.verma378@gmail.com,+91-7655710171,Verified,2017-10-12
CUST100099,Suresh,Chopra,Male,2003-10-22,22,Single,0,High School,Retired,Retired Government Employee,269000,Chandigarh,Chandigarh,Owned,4,suresh.chopra69@gmail.com,+91-8614671421,Pending,2021-04-27
CUST100100,Anjali,Bose,Female,1991-12-26,34,Widowed,1,Graduate,Business Owner,Manufacturer,681800,Gurugram,Haryana,Mortgaged,4,anjali.bose16@rediffmail.com,+91-8484972617,Pending,2017-04-05
CUST100101,Swati,Das,Female,1981-05-02,45,Divorced,2,Diploma,Business Owner,Trader,1182300,Bengaluru,Karnataka,Owned,11,swati.das832@gmail.com,+91-9155830397,Pending,2024-06-05
CUST100102,Anjali,Mehta,Female,1978-03-09,48,Single,1,Diploma,Salaried,Analyst,265800,Surat,Gujarat,Mortgaged,5,anjali.mehta915@gmail.com,+91-9421355115,Pending,2014-11-30
CUST100103,Arjun,Joshi,Male,1998-05-18,28,Married,2,High School,Unemployed,Not Employed,120000,Kolkata,West Bengal,Family Owned,5,arjun.joshi777@gmail.com,+91-8285548487,Verified,2022-02-22
CUST100104,Aditya,Deshpande,Male,1997-11-23,28,Single,0,Post Graduate,Salaried,Teacher,257200,Mysuru,Karnataka,Family Owned,0,aditya.deshpande761@outlook.com,+91-8267736437,Pending,2022-04-02
CUST100105,Harsh,Naidu,Male,1953-03-20,73,Married,0,Diploma,Business Owner,Restaurant Owner,402300,Surat,Gujarat,Rented,18,harsh.naidu966@yahoo.in,+91-8351882341,Verified,2018-12-22
CUST100106,Vikram,Ahmed,Male,1981-04-09,45,Single,3,Diploma,Retired,Retired Government Employee,179500,Bhopal,Madhya Pradesh,Owned,9,vikram.ahmed630@gmail.com,+91-9164406641,Verified,2018-05-28
CUST100107,Swati,Patel,Female,1993-04-26,33,Single,1,Graduate,Business Owner,Contractor,332500,Ahmedabad,Gujarat,Owned,13,swati.patel867@gmail.com,+91-7627879601,Verified,2024-03-22
CUST100108,Imran,Singh,Male,1997-03-30,29,Married,0,Post Graduate,Salaried,Teacher,554300,Bhopal,Madhya Pradesh,Mortgaged,10,imran.singh777@yahoo.in,+91-8461375526,Pending,2015-08-27
CUST100109,Aarohi,Sharma,Female,1978-01-16,48,Married,1,Post Graduate,Salaried,Teacher,478900,Nagpur,Maharashtra,Rented,2,aarohi.sharma340@yahoo.in,+91-8626956816,Verified,2023-08-04
CUST100110,Sana,Chopra,Female,1985-05-08,41,Married,0,Diploma,Retired,Retired Private Sector,120000,Noida,Uttar Pradesh,Rented,14,sana.chopra126@yahoo.in,+91-8765385712,Verified,2018-09-18
CUST100111,Aarohi,Kaur,Female,1973-02-18,53,Married,0,Graduate,Salaried,Analyst,721000,Surat,Gujarat,Mortgaged,10,aarohi.kaur882@gmail.com,+91-8374537604,Pending,2020-12-28
CUST100112,Fatima,Shah,Female,1988-10-25,37,Married,2,Graduate,Salaried,Accountant,295800,Chandigarh,Chandigarh,Family Owned,19,fatima.shah598@rediffmail.com,+91-7452429418,Verified,2023-12-11
CUST100113,Tanvi,Kaur,Female,1992-05-11,34,Married,0,Graduate,Salaried,Teacher,495200,Kolkata,West Bengal,Owned,9,tanvi.kaur807@outlook.com,+91-8086331170,Verified,2016-05-31
CUST100114,Sandeep,Banerjee,Male,2004-11-10,21,Single,4,High School,Salaried,Accountant,174900,Delhi,Delhi,Mortgaged,0,sandeep.banerjee205@yahoo.in,+91-7438384573,Verified,2023-12-08
CUST100115,Meera,Kaur,Female,1998-10-06,27,Widowed,0,Graduate,Salaried,Sales Executive,567300,Hyderabad,Telangana,Rented,0,meera.kaur687@rediffmail.com,+91-8281925244,Verified,2022-05-21
CUST100116,Pranav,Singh,Male,2001-11-23,24,Married,4,Graduate,Self-Employed,Lawyer,286000,Gurugram,Haryana,Owned,6,pranav.singh538@yahoo.in,+91-8946227795,Verified,2020-11-05
CUST100117,Kavya,Singh,Female,1991-05-11,35,Married,1,Diploma,Salaried,Accountant,264700,Gurugram,Haryana,Rented,17,kavya.singh261@outlook.com,+91-7083867214,Verified,2021-09-01
CUST100118,Ritu,Patel,Female,1981-08-22,44,Single,3,Diploma,Salaried,HR Manager,523800,Hyderabad,Telangana,Family Owned,7,ritu.patel193@yahoo.in,+91-7027400428,Verified,2014-01-21
CUST100119,Farhan,Kaur,Male,1970-08-06,55,Married,0,Post Graduate,Salaried,Analyst,1988500,Kolkata,West Bengal,Mortgaged,9,farhan.kaur538@yahoo.in,+91-8722340222,Pending,2019-12-30
CUST100120,Vikram,Bhat,Male,1984-11-29,41,Married,1,Graduate,Self-Employed,Consultant,276400,Pune,Maharashtra,Rented,13,vikram.bhat719@gmail.com,+91-8155447613,Verified,2021-03-18
CUST100121,Deepak,Ahmed,Male,2005-01-14,21,Married,2,Post Graduate,Salaried,Software Engineer,383400,Mysuru,Karnataka,Rented,3,deepak.ahmed53@outlook.com,+91-9160935966,Verified,2022-09-21
CUST100122,Karthik,Reddy,Male,1970-07-01,56,Married,0,Graduate,Unemployed,Homemaker,120000,Gurugram,Haryana,Family Owned,13,karthik.reddy734@gmail.com,+91-9736146082,Pending,2021-05-07
CUST100123,Aadhya,Reddy,Female,1998-10-10,27,Married,1,High School,Salaried,HR Manager,205900,Chennai,Tamil Nadu,Mortgaged,4,aadhya.reddy392@rediffmail.com,+91-9536044461,Verified,2023-06-10
CUST100124,Sneha,Deshpande,Female,1977-06-21,49,Married,2,Post Graduate,Self-Employed,Consultant,1034600,Bhopal,Madhya Pradesh,Owned,5,sneha.deshpande641@rediffmail.com,+91-7686085609,Pending,2014-12-25
CUST100125,Swati,Sharma,Female,1976-11-11,49,Married,0,Graduate,Unemployed,Student,142000,Bhopal,Madhya Pradesh,Owned,11,swati.sharma762@gmail.com,+91-9893970935,Verified,2023-01-29
CUST100126,Ayesha,Bhat,Female,2000-05-02,26,Single,2,Graduate,Self-Employed,Lawyer,419500,Kolkata,West Bengal,Rented,8,ayesha.bhat335@gmail.com,+91-8222027139,Verified,2021-07-02
CUST100127,Shreya,Patel,Female,1999-07-01,27,Single,0,Graduate,Salaried,HR Manager,467300,Indore,Madhya Pradesh,Owned,9,shreya.patel787@outlook.com,+91-8346248536,Verified,2022-10-30
CUST100128,Aanya,Ahmed,Female,1996-01-02,30,Single,2,High School,Self-Employed,Architect,481100,Bengaluru,Karnataka,Mortgaged,12,aanya.ahmed40@gmail.com,+91-8372722251,Verified,2023-11-04
CUST100129,Reyansh,Kapoor,Male,1990-06-09,36,Married,1,High School,Retired,Retired Government Employee,120000,Nagpur,Maharashtra,Mortgaged,4,reyansh.kapoor745@yahoo.in,+91-7169372387,Pending,2013-07-21
CUST100130,Vivaan,Rao,Male,1998-02-21,28,Single,0,Diploma,Self-Employed,Freelance Designer,482800,Noida,Uttar Pradesh,Family Owned,10,vivaan.rao783@rediffmail.com,+91-8493980953,Verified,2023-06-26
CUST100131,Aadhya,Mehta,Female,1987-12-06,38,Married,0,Graduate,Self-Employed,Architect,304500,Nagpur,Maharashtra,Rented,18,aadhya.mehta982@gmail.com,+91-8033879912,Verified,2014-01-23
CUST100132,Fatima,Ahmed,Female,2005-06-27,21,Married,1,Graduate,Self-Employed,Architect,448000,Mysuru,Karnataka,Rented,3,fatima.ahmed741@gmail.com,+91-7048865805,Pending,2022-10-29
CUST100133,Rajesh,Mehta,Male,1982-02-22,44,Widowed,4,High School,Unemployed,Not Employed,162500,Coimbatore,Tamil Nadu,Owned,15,rajesh.mehta163@gmail.com,+91-9643266830,Verified,2021-05-17
CUST100134,Farhan,Ahmed,Male,2002-12-17,23,Single,0,Diploma,Salaried,Analyst,347000,Delhi,Delhi,Rented,5,farhan.ahmed101@rediffmail.com,+91-7876531474,Verified,2021-11-24
CUST100135,Riya,Mukherjee,Female,1988-08-08,37,Married,0,Graduate,Business Owner,Contractor,365300,Coimbatore,Tamil Nadu,Mortgaged,10,riya.mukherjee267@outlook.com,+91-7414016018,Verified,2018-07-14
CUST100136,Sowmya,Reddy,Female,1985-05-12,41,Married,0,Post Graduate,Salaried,Software Engineer,694600,Kolkata,West Bengal,Mortgaged,21,sowmya.reddy866@yahoo.in,+91-8451379568,Verified,2021-07-25
CUST100137,Shreya,Menon,Female,1985-10-24,40,Single,1,Diploma,Self-Employed,Lawyer,233700,Noida,Uttar Pradesh,Owned,7,shreya.menon738@rediffmail.com,+91-8264984092,Verified,2023-07-20
CUST100138,Arjun,Singh,Male,1982-02-19,44,Single,1,Graduate,Salaried,Analyst,957500,Lucknow,Uttar Pradesh,Rented,4,arjun.singh388@outlook.com,+91-9686117592,Pending,2021-01-04
CUST100139,Amit,Reddy,Male,1979-11-22,46,Single,1,Graduate,Salaried,Bank Officer,137500,Chennai,Tamil Nadu,Rented,18,amit.reddy450@outlook.com,+91-9520061106,Verified,2020-01-13
CUST100140,Isha,Deshpande,Female,1983-08-18,42,Single,1,Graduate,Salaried,Bank Officer,529900,Chandigarh,Chandigarh,Rented,3,isha.deshpande330@gmail.com,+91-8990268937,Verified,2020-09-23
CUST100141,Deepak,Joshi,Male,1986-05-31,40,Widowed,0,Post Graduate,Unemployed,Homemaker,330400,Gurugram,Haryana,Rented,4,deepak.joshi130@yahoo.in,+91-7357839231,Verified,2019-03-08
CUST100142,Aditya,Khan,Male,2004-08-09,21,Married,1,Post Graduate,Salaried,Bank Officer,886700,Coimbatore,Tamil Nadu,Rented,3,aditya.khan189@yahoo.in,+91-9636261507,Verified,2023-11-11
CUST100143,Ananya,Naidu,Female,1978-02-09,48,Single,0,Graduate,Business Owner,Trader,1278500,Mumbai,Maharashtra,Rented,13,ananya.naidu694@gmail.com,+91-7666084278,Verified,2023-05-24
CUST100144,Shreya,Mehta,Female,1985-09-17,40,Married,1,Post Graduate,Self-Employed,Freelance Designer,481300,Bengaluru,Karnataka,Owned,13,shreya.mehta739@yahoo.in,+91-7992897618,Pending,2020-11-21
CUST100145,Ayaan,Naidu,Male,1986-09-27,39,Single,0,Graduate,Self-Employed,Lawyer,912000,Indore,Madhya Pradesh,Mortgaged,9,ayaan.naidu721@rediffmail.com,+91-7450961074,Verified,2019-01-29
CUST100146,Vihaan,Kaur,Male,1999-11-22,26,Married,0,Post Graduate,Salaried,Accountant,674500,Lucknow,Uttar Pradesh,Rented,8,vihaan.kaur988@rediffmail.com,+91-7424950781,Pending,2020-07-21
CUST100147,Vikram,Joshi,Male,1982-10-26,43,Married,0,Post Graduate,Salaried,Analyst,385000,Ahmedabad,Gujarat,Family Owned,13,vikram.joshi937@rediffmail.com,+91-7514249535,Verified,2024-06-22
CUST100148,Ayaan,Bose,Male,1952-01-02,74,Married,0,Graduate,Salaried,Analyst,412300,Surat,Gujarat,Owned,7,ayaan.bose288@outlook.com,+91-8860889864,Verified,2016-04-20
CUST100149,Sowmya,Ahmed,Female,1992-08-01,33,Married,0,Graduate,Salaried,Accountant,495300,Bhopal,Madhya Pradesh,Owned,0,sowmya.ahmed138@gmail.com,+91-9138776894,Verified,2014-11-29
CUST100150,Vivaan,Iyer,Male,1992-12-11,33,Single,1,Post Graduate,Salaried,Software Engineer,370200,Bhopal,Madhya Pradesh,Owned,15,vivaan.iyer62@gmail.com,+91-8411096901,Verified,2019-07-01
CUST100151,Harsh,Nair,Male,1986-02-09,40,Married,0,Post Graduate,Business Owner,Manufacturer,4123700,Hyderabad,Telangana,Owned,9,harsh.nair772@gmail.com,+91-8710664211,Verified,2014-08-05
CUST100152,Pranav,Bose,Male,1997-08-10,28,Divorced,1,Graduate,Salaried,HR Manager,379000,Bengaluru,Karnataka,Rented,10,pranav.bose170@yahoo.in,+91-7389065558,Verified,2014-10-13
CUST100153,Meera,Gupta,Female,2005-04-18,21,Married,1,Graduate,Self-Employed,Architect,219700,Coimbatore,Tamil Nadu,Mortgaged,3,meera.gupta148@outlook.com,+91-9153710877,Verified,2022-09-03
CUST100154,Pooja,Patel,Female,1992-10-01,33,Single,1,Post Graduate,Salaried,Software Engineer,369500,Hyderabad,Telangana,Mortgaged,7,pooja.patel616@gmail.com,+91-9448812023,Verified,2018-09-06
CUST100155,Zaid,Das,Male,2005-01-07,21,Widowed,0,Graduate,Salaried,Teacher,541200,Coimbatore,Tamil Nadu,Family Owned,2,zaid.das151@yahoo.in,+91-7059167010,Pending,2023-04-17
CUST100156,Aditya,Khan,Male,1977-04-08,49,Married,2,High School,Retired,Retired Private Sector,312700,Noida,Uttar Pradesh,Mortgaged,0,aditya.khan600@yahoo.in,+91-8150779102,Verified,2017-06-13
CUST100157,Vivaan,Malhotra,Male,1985-10-06,40,Single,2,Professional Degree,Retired,Retired Government Employee,845800,Indore,Madhya Pradesh,Owned,3,vivaan.malhotra755@rediffmail.com,+91-7129536169,Verified,2016-02-19
CUST100158,Vihaan,Shah,Male,1997-11-04,28,Single,2,Graduate,Retired,Pensioner,207400,Bengaluru,Karnataka,Rented,0,vihaan.shah420@rediffmail.com,+91-8843522229,Verified,2022-06-20
CUST100159,Krishna,Mukherjee,Male,1984-12-29,41,Married,1,Post Graduate,Self-Employed,Lawyer,1559700,Bengaluru,Karnataka,Rented,23,krishna.mukherjee992@rediffmail.com,+91-7419840742,Verified,2015-04-23
CUST100160,Anika,Reddy,Female,1997-09-28,28,Married,2,Diploma,Unemployed,Homemaker,120000,Surat,Gujarat,Rented,0,anika.reddy660@rediffmail.com,+91-8459368673,Verified,2024-02-06
CUST100161,Aarav,Kulkarni,Male,1977-03-18,49,Married,2,Diploma,Salaried,Sales Executive,908000,Mysuru,Karnataka,Owned,18,aarav.kulkarni543@gmail.com,+91-9251056975,Verified,2015-06-27
CUST100162,Divya,Kulkarni,Female,1988-05-29,38,Single,1,Professional Degree,Salaried,Sales Executive,469700,Indore,Madhya Pradesh,Owned,19,divya.kulkarni283@gmail.com,+91-9576972092,Verified,2014-05-03
CUST100163,Rohan,Gupta,Male,1967-08-20,58,Single,0,Post Graduate,Salaried,Nurse,825700,Hyderabad,Telangana,Owned,8,rohan.gupta61@yahoo.in,+91-8922544546,Verified,2020-06-16
CUST100164,Deepak,Chowdhury,Male,1993-11-19,32,Married,1,Post Graduate,Self-Employed,Doctor (Practice),544800,Kochi,Kerala,Rented,14,deepak.chowdhury274@gmail.com,+91-9190987010,Verified,2022-03-17
CUST100165,Tanvi,Sharma,Female,1985-01-13,41,Married,2,High School,Salaried,Software Engineer,358800,Surat,Gujarat,Mortgaged,2,tanvi.sharma386@gmail.com,+91-7417959315,Verified,2015-04-20
CUST100166,Rohan,Gill,Male,2004-07-12,21,Married,2,Post Graduate,Business Owner,Contractor,978900,Kolkata,West Bengal,Rented,3,rohan.gill331@gmail.com,+91-7750737196,Pending,2023-02-28
CUST100167,Deepika,Ahmed,Female,1998-04-28,28,Married,1,Post Graduate,Salaried,Teacher,857100,Noida,Uttar Pradesh,Family Owned,8,deepika.ahmed654@gmail.com,+91-8329328803,Verified,2015-10-01
CUST100168,Pranav,Deshpande,Male,1981-04-16,45,Married,1,Post Graduate,Salaried,Analyst,1704200,Delhi,Delhi,Rented,4,pranav.deshpande958@rediffmail.com,+91-8935334993,Verified,2016-12-21
CUST100169,Siddharth,Patel,Male,1983-08-08,42,Married,1,Professional Degree,Self-Employed,Chartered Accountant,842200,Mumbai,Maharashtra,Mortgaged,21,siddharth.patel16@outlook.com,+91-8283970430,Verified,2022-01-31
CUST100170,Nikhil,Mehta,Male,1997-09-08,28,Divorced,1,Graduate,Self-Employed,Freelance Designer,361000,Delhi,Delhi,Owned,10,nikhil.mehta992@yahoo.in,+91-9894577179,Pending,2023-03-21
CUST100171,Aarav,Shah,Male,1984-07-10,41,Single,1,Graduate,Retired,Retired Private Sector,586800,Chennai,Tamil Nadu,Family Owned,19,aarav.shah35@outlook.com,+91-9744245024,Verified,2024-03-10
CUST100172,Kavya,Gill,Female,1975-07-20,50,Married,1,Graduate,Salaried,Sales Executive,1167300,Chennai,Tamil Nadu,Rented,18,kavya.gill994@yahoo.in,+91-7513070572,Verified,2017-07-24
CUST100173,Rahul,Shah,Male,1972-03-30,54,Single,1,Graduate,Salaried,Accountant,397000,Hyderabad,Telangana,Owned,6,rahul.shah17@rediffmail.com,+91-8910794917,Verified,2023-04-15
CUST100174,Vikram,Nair,Male,1978-10-23,47,Single,3,Graduate,Business Owner,Restaurant Owner,1257500,Noida,Uttar Pradesh,Family Owned,24,vikram.nair665@rediffmail.com,+91-7619855223,Pending,2017-02-13
CUST100175,Pooja,Kulkarni,Female,1985-01-26,41,Single,2,High School,Salaried,Analyst,167500,Mumbai,Maharashtra,Rented,16,pooja.kulkarni455@outlook.com,+91-9859174083,Pending,2022-05-28
CUST100176,Vikram,Mukherjee,Male,1991-10-31,34,Married,1,Post Graduate,Business Owner,Trader,460200,Coimbatore,Tamil Nadu,Rented,7,vikram.mukherjee344@rediffmail.com,+91-9755080390,Verified,2019-05-21
CUST100177,Kabir,Menon,Male,2000-09-10,25,Married,1,Graduate,Self-Employed,Lawyer,1144100,Nagpur,Maharashtra,Rented,7,kabir.menon921@gmail.com,+91-8997507507,Pending,2021-06-30
CUST100178,Manish,Reddy,Male,1990-04-23,36,Married,2,Post Graduate,Retired,Retired Government Employee,258300,Bengaluru,Karnataka,Family Owned,2,manish.reddy649@outlook.com,+91-7063996572,Pending,2023-06-13
CUST100179,Deepak,Nair,Male,1991-04-18,35,Divorced,1,Diploma,Business Owner,Retail Store Owner,441500,Nagpur,Maharashtra,Rented,16,deepak.nair597@rediffmail.com,+91-7430371504,Verified,2018-09-16
CUST100180,Sana,Sheikh,Female,1979-06-02,47,Single,3,Professional Degree,Self-Employed,Freelance Designer,1376500,Ahmedabad,Gujarat,Rented,14,sana.sheikh843@outlook.com,+91-7953596448,Verified,2020-07-12
CUST100181,Vihaan,Gupta,Male,1963-08-25,62,Married,5,Graduate,Salaried,HR Manager,770000,Kolkata,West Bengal,Mortgaged,10,vihaan.gupta836@gmail.com,+91-9456231486,Verified,2022-05-26
CUST100182,Zara,Gupta,Female,1968-10-06,57,Married,2,Graduate,Salaried,Sales Executive,1386200,Kochi,Kerala,Rented,3,zara.gupta207@gmail.com,+91-7257692611,Verified,2015-06-11
CUST100183,Siddharth,Patel,Male,2003-02-15,23,Married,1,Professional Degree,Self-Employed,Freelance Designer,458100,Mumbai,Maharashtra,Family Owned,1,siddharth.patel787@rediffmail.com,+91-9036431999,Verified,2022-03-06
CUST100184,Neha,Nair,Female,2003-07-12,22,Divorced,3,Graduate,Business Owner,Manufacturer,479000,Kolkata,West Bengal,Owned,4,neha.nair572@gmail.com,+91-8814445864,Pending,2023-06-02
CUST100185,Vikram,Naidu,Male,2000-06-24,26,Married,2,Graduate,Retired,Retired Government Employee,245600,Indore,Madhya Pradesh,Rented,8,vikram.naidu638@rediffmail.com,+91-7910897017,Verified,2017-05-05
CUST100186,Ayesha,Rao,Female,1996-11-26,29,Single,0,High School,Salaried,Nurse,419900,Jaipur,Rajasthan,Rented,9,ayesha.rao102@outlook.com,+91-9884297658,Pending,2020-08-04
CUST100187,Rahul,Gill,Male,1993-01-28,33,Single,2,Professional Degree,Salaried,Software Engineer,989600,Jaipur,Rajasthan,Family Owned,15,rahul.gill929@gmail.com,+91-7098369547,Verified,2017-11-03
CUST100188,Vikram,Kaur,Male,1999-03-31,27,Married,4,Post Graduate,Salaried,Nurse,1858600,Hyderabad,Telangana,Mortgaged,9,vikram.kaur82@yahoo.in,+91-9460789715,Verified,2018-06-07
CUST100189,Zaid,Chopra,Male,2005-06-29,21,Married,1,High School,Salaried,Sales Executive,413900,Coimbatore,Tamil Nadu,Mortgaged,3,zaid.chopra49@gmail.com,+91-7625922823,Verified,2023-07-01
CUST100190,Vihaan,Deshpande,Male,1988-07-29,37,Married,2,Graduate,Salaried,Software Engineer,225800,Noida,Uttar Pradesh,Rented,0,vihaan.deshpande325@gmail.com,+91-7262137355,Pending,2020-05-13
CUST100191,Nisha,Kapoor,Female,1981-01-12,45,Divorced,1,Post Graduate,Business Owner,Manufacturer,2309200,Gurugram,Haryana,Family Owned,5,nisha.kapoor281@yahoo.in,+91-9388854313,Pending,2017-01-15
CUST100192,Diya,Sharma,Female,1994-01-26,32,Single,1,Graduate,Retired,Retired Private Sector,524400,Gurugram,Haryana,Owned,14,diya.sharma436@outlook.com,+91-9316908517,Pending,2017-09-11
CUST100193,Dev,Reddy,Male,1969-04-25,57,Married,3,High School,Salaried,Software Engineer,942700,Nagpur,Maharashtra,Rented,16,dev.reddy541@gmail.com,+91-9738552528,Verified,2022-04-25
CUST100194,Divya,Bose,Female,1974-02-18,52,Married,2,Graduate,Self-Employed,Lawyer,519600,Lucknow,Uttar Pradesh,Rented,12,divya.bose1@outlook.com,+91-9395819378,Verified,2021-07-20
CUST100195,Yash,Mukherjee,Male,1994-03-29,32,Married,0,Post Graduate,Self-Employed,Lawyer,255100,Gurugram,Haryana,Rented,2,yash.mukherjee864@outlook.com,+91-7275497716,Verified,2020-12-10
CUST100196,Saanvi,Gill,Female,1987-01-27,39,Married,3,Graduate,Salaried,Sales Executive,199000,Lucknow,Uttar Pradesh,Rented,6,saanvi.gill672@gmail.com,+91-8646526696,Verified,2017-08-18
CUST100197,Rahul,Nair,Male,1985-11-29,40,Married,2,Graduate,Self-Employed,Freelance Designer,1643200,Chandigarh,Chandigarh,Owned,22,rahul.nair893@rediffmail.com,+91-8550518058,Verified,2014-04-02
CUST100198,Pranav,Reddy,Male,1990-06-25,36,Single,0,Graduate,Salaried,Bank Officer,478900,Indore,Madhya Pradesh,Family Owned,14,pranav.reddy805@yahoo.in,+91-8246089699,Verified,2021-01-01
CUST100199,Ananya,Menon,Female,1971-12-17,54,Single,1,Graduate,Business Owner,Retail Store Owner,207100,Noida,Uttar Pradesh,Owned,12,ananya.menon957@yahoo.in,+91-9448663072,Pending,2014-12-13
CUST100200,Shreya,Shah,Female,1975-11-30,50,Single,0,Graduate,Salaried,Sales Executive,560200,Pune,Maharashtra,Family Owned,9,shreya.shah914@outlook.com,+91-7297538613,Verified,2013-09-05
CUST100201,Reyansh,Shah,Male,2002-05-26,24,Widowed,0,Professional Degree,Self-Employed,Architect,414600,Mysuru,Karnataka,Rented,2,reyansh.shah672@gmail.com,+91-7392986109,Pending,2019-05-01
CUST100202,Neha,Banerjee,Female,1980-08-14,45,Married,0,High School,Unemployed,Homemaker,120000,Mysuru,Karnataka,Family Owned,11,neha.banerjee154@gmail.com,+91-7596035540,Verified,2019-02-11
CUST100203,Ritu,Nair,Female,2004-07-29,21,Married,2,High School,Business Owner,Restaurant Owner,382900,Hyderabad,Telangana,Owned,1,ritu.nair213@gmail.com,+91-8488424000,Verified,2021-09-24
CUST100204,Dev,Naidu,Male,1970-11-24,55,Married,0,Graduate,Salaried,Bank Officer,1011500,Jaipur,Rajasthan,Rented,24,dev.naidu849@yahoo.in,+91-7458199874,Verified,2015-05-05
CUST100205,Vihaan,Reddy,Male,1985-07-29,40,Married,2,Graduate,Unemployed,Student,120000,Delhi,Delhi,Rented,18,vihaan.reddy539@gmail.com,+91-7043692684,Verified,2020-06-23
CUST100206,Aanya,Banerjee,Female,1970-11-19,55,Single,0,Graduate,Self-Employed,Architect,396500,Hyderabad,Telangana,Family Owned,8,aanya.banerjee60@rediffmail.com,+91-7540784095,Verified,2021-03-30
CUST100207,Yash,Verma,Male,1988-09-01,37,Single,1,Graduate,Retired,Pensioner,251500,Bhopal,Madhya Pradesh,Rented,6,yash.verma882@rediffmail.com,+91-9495084031,Verified,2017-04-17
CUST100208,Amit,Kaur,Male,1991-02-23,35,Married,1,Graduate,Salaried,Analyst,1337200,Kochi,Kerala,Family Owned,16,amit.kaur424@gmail.com,+91-7528367674,Verified,2021-09-01
CUST100209,Nisha,Singh,Female,1997-11-10,28,Married,2,High School,Business Owner,Retail Store Owner,301500,Bhopal,Madhya Pradesh,Family Owned,6,nisha.singh608@outlook.com,+91-7832239640,Verified,2020-11-16
CUST100210,Manish,Singh,Male,1975-11-18,50,Married,2,Diploma,Business Owner,Contractor,590500,Nagpur,Maharashtra,Family Owned,1,manish.singh344@yahoo.in,+91-8170312092,Pending,2017-10-28
CUST100211,Dev,Iyer,Male,1985-08-10,40,Single,0,Graduate,Self-Employed,Architect,1266400,Delhi,Delhi,Rented,2,dev.iyer135@outlook.com,+91-7915225678,Verified,2022-02-03
CUST100212,Rahul,Ahmed,Male,1985-08-04,40,Single,0,Professional Degree,Salaried,HR Manager,661300,Chandigarh,Chandigarh,Mortgaged,9,rahul.ahmed345@outlook.com,+91-7042057472,Verified,2014-01-14
CUST100213,Arjun,Reddy,Male,1972-02-05,54,Single,2,Professional Degree,Salaried,Sales Executive,364500,Mumbai,Maharashtra,Rented,10,arjun.reddy216@gmail.com,+91-8333232194,Verified,2023-08-03
CUST100214,Sneha,Sharma,Female,2005-01-21,21,Single,3,Diploma,Retired,Retired Government Employee,446400,Nagpur,Maharashtra,Owned,3,sneha.sharma821@yahoo.in,+91-7732668399,Verified,2024-01-08
CUST100215,Deepak,Nair,Male,1983-12-07,42,Married,2,Graduate,Salaried,Sales Executive,724200,Indore,Madhya Pradesh,Rented,12,deepak.nair97@gmail.com,+91-7836654416,Verified,2018-05-24
CUST100216,Siddharth,Kapoor,Male,2005-05-12,21,Single,0,Post Graduate,Salaried,HR Manager,574000,Bengaluru,Karnataka,Family Owned,2,siddharth.kapoor956@rediffmail.com,+91-8888678531,Verified,2024-02-14
CUST100217,Kabir,Nair,Male,1998-02-10,28,Single,2,Post Graduate,Salaried,Bank Officer,730500,Gurugram,Haryana,Owned,2,kabir.nair154@yahoo.in,+91-8143835479,Verified,2021-03-22
CUST100218,Nisha,Chopra,Female,1977-01-19,49,Single,0,Post Graduate,Salaried,Software Engineer,379600,Lucknow,Uttar Pradesh,Rented,18,nisha.chopra100@gmail.com,+91-9876283531,Verified,2015-05-31
CUST100219,Vikram,Mehta,Male,1999-05-01,27,Married,0,High School,Business Owner,Restaurant Owner,233100,Pune,Maharashtra,Owned,9,vikram.mehta95@outlook.com,+91-9741707898,Verified,2023-08-23
CUST100220,Farhan,Bose,Male,1981-06-16,45,Married,3,Graduate,Unemployed,Student,278400,Pune,Maharashtra,Owned,5,farhan.bose886@rediffmail.com,+91-9222791602,Verified,2019-12-05
CUST100221,Saanvi,Mukherjee,Female,2004-11-07,21,Single,2,Diploma,Unemployed,Homemaker,120000,Bhopal,Madhya Pradesh,Mortgaged,1,saanvi.mukherjee304@gmail.com,+91-7994004919,Verified,2022-03-27
CUST100222,Divya,Naidu,Female,1983-05-17,43,Married,1,Graduate,Salaried,Teacher,301400,Indore,Madhya Pradesh,Rented,4,divya.naidu987@rediffmail.com,+91-9674002031,Verified,2017-01-11
CUST100223,Amit,Sheikh,Male,2004-09-22,21,Married,1,Diploma,Salaried,HR Manager,196100,Lucknow,Uttar Pradesh,Owned,3,amit.sheikh821@gmail.com,+91-9434526265,Pending,2023-11-05
CUST100224,Rahul,Gupta,Male,1990-03-26,36,Widowed,0,Graduate,Business Owner,Retail Store Owner,1886300,Ahmedabad,Gujarat,Mortgaged,13,rahul.gupta85@yahoo.in,+91-8549042945,Verified,2021-08-12
CUST100225,Sana,Sharma,Female,1994-11-12,31,Single,1,Graduate,Business Owner,Manufacturer,829300,Bengaluru,Karnataka,Owned,6,sana.sharma170@yahoo.in,+91-7613434191,Verified,2018-01-11
CUST100226,Farhan,Kaur,Male,1977-12-19,48,Married,1,Diploma,Business Owner,Manufacturer,1166100,Gurugram,Haryana,Family Owned,11,farhan.kaur553@gmail.com,+91-8644770266,Pending,2015-03-10
CUST100227,Zaid,Kapoor,Male,1978-08-27,47,Single,1,Diploma,Salaried,HR Manager,355200,Bengaluru,Karnataka,Owned,14,zaid.kapoor725@outlook.com,+91-7964392022,Verified,2013-08-17
CUST100228,Kavya,Mehta,Female,1993-12-15,32,Married,2,Diploma,Self-Employed,Doctor (Practice),306900,Noida,Uttar Pradesh,Rented,4,kavya.mehta799@gmail.com,+91-7044977595,Verified,2019-07-05
CUST100229,Zaid,Chowdhury,Male,1999-02-09,27,Widowed,4,Professional Degree,Salaried,Bank Officer,770100,Chennai,Tamil Nadu,Owned,9,zaid.chowdhury553@gmail.com,+91-9060381156,Verified,2024-06-08
CUST100230,Kritika,Khan,Female,1981-02-09,45,Married,3,Graduate,Business Owner,Trader,1049900,Kolkata,West Bengal,Owned,9,kritika.khan945@rediffmail.com,+91-8955641202,Verified,2018-09-04
CUST100231,Imran,Menon,Male,1979-03-10,47,Married,3,Graduate,Salaried,Bank Officer,589300,Indore,Madhya Pradesh,Rented,0,imran.menon433@gmail.com,+91-8792858948,Verified,2015-08-06
CUST100232,Aadhya,Reddy,Female,2005-05-17,21,Married,2,Professional Degree,Salaried,Nurse,853600,Ahmedabad,Gujarat,Rented,3,aadhya.reddy26@yahoo.in,+91-8537707064,Verified,2021-12-20
CUST100233,Sandeep,Rao,Male,2000-07-20,25,Divorced,1,High School,Salaried,Accountant,285800,Jaipur,Rajasthan,Family Owned,1,sandeep.rao178@outlook.com,+91-9056003993,Verified,2019-06-13
CUST100234,Kabir,Joshi,Male,1983-01-02,43,Married,0,Post Graduate,Self-Employed,Doctor (Practice),541500,Ahmedabad,Gujarat,Family Owned,7,kabir.joshi833@gmail.com,+91-9164233810,Verified,2020-01-04
CUST100235,Ayesha,Banerjee,Female,1994-05-05,32,Single,2,Professional Degree,Retired,Retired Private Sector,213600,Nagpur,Maharashtra,Family Owned,14,ayesha.banerjee139@gmail.com,+91-7833139239,Pending,2014-02-14
CUST100236,Suresh,Joshi,Male,1964-01-05,62,Single,1,Professional Degree,Salaried,Analyst,1218300,Mumbai,Maharashtra,Rented,10,suresh.joshi994@gmail.com,+91-7965980797,Verified,2024-04-14
CUST100237,Aadhya,Deshpande,Female,1985-07-16,40,Married,0,Post Graduate,Salaried,Software Engineer,1111300,Mysuru,Karnataka,Owned,10,aadhya.deshpande972@yahoo.in,+91-8181812361,Pending,2014-05-22
CUST100238,Karthik,Mukherjee,Male,1983-05-24,43,Divorced,4,Graduate,Retired,Pensioner,231700,Surat,Gujarat,Rented,1,karthik.mukherjee190@yahoo.in,+91-7214053056,Verified,2015-03-15
CUST100239,Sneha,Reddy,Female,1982-04-19,44,Single,0,Post Graduate,Retired,Retired Government Employee,978500,Mysuru,Karnataka,Mortgaged,14,sneha.reddy282@rediffmail.com,+91-9789073122,Verified,2015-06-25
CUST100240,Dev,Khan,Male,1986-01-20,40,Married,4,Graduate,Business Owner,Trader,624700,Hyderabad,Telangana,Owned,21,dev.khan510@rediffmail.com,+91-9523396903,Verified,2015-04-16
CUST100241,Sandeep,Sheikh,Male,1986-03-27,40,Divorced,2,Post Graduate,Salaried,Analyst,681800,Nagpur,Maharashtra,Rented,0,sandeep.sheikh224@rediffmail.com,+91-7415369202,Verified,2018-03-09
CUST100242,Lakshmi,Kapoor,Female,1976-02-19,50,Married,2,Graduate,Retired,Retired Government Employee,257300,Hyderabad,Telangana,Owned,8,lakshmi.kapoor954@gmail.com,+91-9760741718,Verified,2022-09-23
CUST100243,Anil,Mehta,Male,1989-03-09,37,Single,0,Graduate,Self-Employed,Freelance Designer,1387500,Gurugram,Haryana,Rented,14,anil.mehta185@outlook.com,+91-9073966708,Verified,2020-07-22
CUST100244,Fatima,Bose,Female,1995-11-30,30,Married,0,Post Graduate,Salaried,HR Manager,278100,Jaipur,Rajasthan,Family Owned,12,fatima.bose644@outlook.com,+91-8893115196,Pending,2013-11-13
CUST100245,Pranav,Bhat,Male,1996-09-13,29,Married,0,Post Graduate,Salaried,Nurse,670300,Jaipur,Rajasthan,Owned,5,pranav.bhat734@gmail.com,+91-9272920651,Verified,2013-09-13
CUST100246,Rahul,Ahmed,Male,1973-10-28,52,Married,1,Graduate,Business Owner,Retail Store Owner,772800,Noida,Uttar Pradesh,Rented,2,rahul.ahmed835@rediffmail.com,+91-9542078621,Verified,2022-03-11
CUST100247,Vikram,Patel,Male,1980-07-25,45,Married,3,Graduate,Salaried,HR Manager,1041700,Pune,Maharashtra,Owned,5,vikram.patel498@rediffmail.com,+91-8459428266,Verified,2015-10-08
CUST100248,Ishaan,Mukherjee,Male,1982-03-27,44,Widowed,0,High School,Self-Employed,Lawyer,560000,Nagpur,Maharashtra,Owned,8,ishaan.mukherjee586@gmail.com,+91-8479032048,Pending,2018-09-07
CUST100249,Farhan,Kapoor,Male,1993-03-01,33,Single,0,Post Graduate,Salaried,HR Manager,507600,Bhopal,Madhya Pradesh,Mortgaged,10,farhan.kapoor546@outlook.com,+91-7854129254,Verified,2020-03-23
CUST100250,Arjun,Kaur,Male,2004-10-12,21,Single,2,Post Graduate,Self-Employed,Freelance Designer,210200,Hyderabad,Telangana,Owned,3,arjun.kaur565@rediffmail.com,+91-8583199761,Pending,2023-07-26
CUST100251,Nikhil,Bose,Male,1977-09-08,48,Married,1,Diploma,Salaried,Bank Officer,276800,Jaipur,Rajasthan,Rented,10,nikhil.bose732@outlook.com,+91-8830681505,Verified,2023-10-01
CUST100252,Zara,Bose,Female,1984-12-14,41,Single,4,Professional Degree,Self-Employed,Freelance Designer,284800,Lucknow,Uttar Pradesh,Rented,13,zara.bose613@rediffmail.com,+91-9632826596,Verified,2021-01-27
CUST100253,Farhan,Kaur,Male,2001-10-04,24,Married,3,High School,Self-Employed,Doctor (Practice),725300,Indore,Madhya Pradesh,Owned,3,farhan.kaur111@rediffmail.com,+91-9858979769,Verified,2020-10-15
CUST100254,Suresh,Sharma,Male,1981-12-16,44,Married,3,Post Graduate,Salaried,Analyst,780800,Delhi,Delhi,Rented,24,suresh.sharma813@gmail.com,+91-9521016411,Verified,2022-11-24
CUST100255,Zaid,Nair,Male,2004-09-13,21,Single,1,High School,Retired,Retired Government Employee,294800,Kochi,Kerala,Mortgaged,3,zaid.nair790@outlook.com,+91-7729110361,Verified,2021-10-04
CUST100256,Zara,Chopra,Female,1985-08-05,40,Married,2,Graduate,Salaried,HR Manager,232300,Ahmedabad,Gujarat,Owned,19,zara.chopra91@outlook.com,+91-9493782098,Pending,2020-05-21
CUST100257,Kritika,Rao,Female,2001-06-30,25,Single,2,Graduate,Salaried,Accountant,679300,Ahmedabad,Gujarat,Rented,7,kritika.rao128@gmail.com,+91-7061775854,Verified,2018-01-29
CUST100258,Nisha,Reddy,Female,1982-10-03,43,Widowed,1,Diploma,Salaried,Nurse,449700,Jaipur,Rajasthan,Rented,8,nisha.reddy16@yahoo.in,+91-7067017544,Pending,2022-08-29
CUST100259,Imran,Verma,Male,1958-04-11,68,Single,4,Graduate,Salaried,Accountant,715200,Gurugram,Haryana,Rented,3,imran.verma71@rediffmail.com,+91-8857587304,Verified,2018-03-15
CUST100260,Shreya,Gill,Female,1991-12-05,34,Married,1,Graduate,Self-Employed,Lawyer,482900,Kochi,Kerala,Owned,0,shreya.gill486@rediffmail.com,+91-8746560508,Pending,2022-06-18
CUST100261,Saanvi,Iyer,Female,1987-05-19,39,Married,0,Graduate,Salaried,HR Manager,630500,Hyderabad,Telangana,Rented,19,saanvi.iyer425@rediffmail.com,+91-7722068498,Verified,2021-02-27
CUST100262,Lakshmi,Patel,Female,1995-12-21,30,Married,2,Post Graduate,Unemployed,Homemaker,255000,Hyderabad,Telangana,Owned,12,lakshmi.patel440@rediffmail.com,+91-7087274438,Verified,2019-06-13
CUST100263,Krishna,Singh,Male,1983-09-03,42,Married,2,Graduate,Salaried,Accountant,355400,Gurugram,Haryana,Rented,7,krishna.singh325@outlook.com,+91-7122229391,Verified,2020-08-22
CUST100264,Sana,Patel,Female,1988-02-26,38,Married,3,Post Graduate,Salaried,HR Manager,556000,Hyderabad,Telangana,Owned,20,sana.patel344@gmail.com,+91-7735326732,Verified,2017-11-28
CUST100265,Aarohi,Bose,Female,1983-09-20,42,Widowed,3,Diploma,Self-Employed,Chartered Accountant,356000,Chandigarh,Chandigarh,Mortgaged,18,aarohi.bose253@outlook.com,+91-7824505972,Verified,2016-09-07
CUST100266,Ishaan,Banerjee,Male,1994-09-15,31,Married,0,Post Graduate,Business Owner,Manufacturer,643100,Surat,Gujarat,Owned,13,ishaan.banerjee308@gmail.com,+91-9071847492,Verified,2019-04-16
CUST100267,Shreya,Reddy,Female,2005-06-08,21,Married,3,High School,Salaried,Software Engineer,264500,Noida,Uttar Pradesh,Owned,3,shreya.reddy167@gmail.com,+91-9721042586,Verified,2023-11-27
CUST100268,Nisha,Patel,Female,1997-01-17,29,Divorced,3,Diploma,Salaried,Software Engineer,239500,Gurugram,Haryana,Owned,11,nisha.patel352@yahoo.in,+91-9691786515,Verified,2014-07-20
CUST100269,Vihaan,Mehta,Male,2002-02-09,24,Married,1,Post Graduate,Salaried,Nurse,360000,Noida,Uttar Pradesh,Owned,3,vihaan.mehta124@rediffmail.com,+91-8081653166,Pending,2019-06-04
CUST100270,Zara,Malhotra,Female,1982-03-10,44,Single,1,High School,Salaried,Nurse,1718000,Gurugram,Haryana,Rented,4,zara.malhotra776@outlook.com,+91-7720745050,Pending,2022-02-27
CUST100271,Aarav,Bhat,Male,1993-06-19,33,Married,1,Post Graduate,Business Owner,Contractor,703000,Noida,Uttar Pradesh,Rented,2,aarav.bhat878@gmail.com,+91-7062316058,Verified,2016-10-27
CUST100272,Farhan,Bhat,Male,1976-02-05,50,Single,2,Professional Degree,Salaried,Bank Officer,1090600,Nagpur,Maharashtra,Owned,13,farhan.bhat266@rediffmail.com,+91-7837782384,Verified,2018-03-25
CUST100273,Ayaan,Rao,Male,2000-10-25,25,Married,2,Post Graduate,Salaried,Accountant,353600,Coimbatore,Tamil Nadu,Rented,7,ayaan.rao997@outlook.com,+91-7619849184,Pending,2021-06-07
CUST100274,Priya,Kapoor,Female,1987-01-17,39,Married,2,Graduate,Self-Employed,Doctor (Practice),396100,Kolkata,West Bengal,Rented,9,priya.kapoor523@gmail.com,+91-9142695099,Verified,2023-05-23
CUST100275,Kavya,Banerjee,Female,1991-02-08,35,Widowed,1,Graduate,Self-Employed,Doctor (Practice),592600,Indore,Madhya Pradesh,Owned,3,kavya.banerjee47@yahoo.in,+91-7873932328,Verified,2024-06-07
CUST100276,Arjun,Joshi,Male,1980-12-25,45,Married,3,Professional Degree,Salaried,Bank Officer,441500,Noida,Uttar Pradesh,Rented,0,arjun.joshi404@outlook.com,+91-8630653393,Verified,2023-07-06
CUST100277,Ishaan,Chowdhury,Male,1979-12-23,46,Widowed,1,Post Graduate,Retired,Pensioner,764200,Indore,Madhya Pradesh,Owned,9,ishaan.chowdhury230@outlook.com,+91-7674580312,Pending,2014-04-13
CUST100278,Krishna,Gill,Male,2000-06-11,26,Married,2,Graduate,Salaried,Nurse,571300,Noida,Uttar Pradesh,Family Owned,8,krishna.gill375@outlook.com,+91-7875818958,Verified,2021-02-23
CUST100279,Nisha,Sheikh,Female,1994-04-05,32,Married,4,Graduate,Salaried,HR Manager,579800,Kochi,Kerala,Owned,2,nisha.sheikh223@rediffmail.com,+91-9686919921,Pending,2018-04-01
CUST100280,Dev,Joshi,Male,1989-02-18,37,Single,1,Diploma,Unemployed,Student,120000,Bengaluru,Karnataka,Family Owned,19,dev.joshi715@rediffmail.com,+91-9536447592,Verified,2014-12-19
CUST100281,Manish,Banerjee,Male,1994-02-20,32,Married,3,Graduate,Business Owner,Contractor,1101800,Bhopal,Madhya Pradesh,Mortgaged,10,manish.banerjee354@yahoo.in,+91-9883606017,Verified,2024-05-14
CUST100282,Pranav,Chowdhury,Male,1985-11-09,40,Single,1,High School,Salaried,Accountant,292200,Noida,Uttar Pradesh,Rented,10,pranav.chowdhury105@gmail.com,+91-9558231472,Verified,2021-12-15
CUST100283,Anjali,Mehta,Female,1998-03-02,28,Single,4,High School,Business Owner,Retail Store Owner,1207400,Lucknow,Uttar Pradesh,Family Owned,5,anjali.mehta581@gmail.com,+91-9069814464,Verified,2016-09-16
CUST100284,Ishaan,Chowdhury,Male,1983-09-11,42,Single,1,Diploma,Self-Employed,Chartered Accountant,436000,Ahmedabad,Gujarat,Rented,15,ishaan.chowdhury18@yahoo.in,+91-9661259697,Verified,2015-12-19
CUST100285,Kavya,Bose,Female,1984-12-12,41,Married,2,Graduate,Salaried,Accountant,209100,Gurugram,Haryana,Mortgaged,9,kavya.bose138@outlook.com,+91-9732406635,Verified,2021-09-21
CUST100286,Pooja,Reddy,Female,2004-07-21,21,Widowed,1,Post Graduate,Salaried,Sales Executive,458500,Kolkata,West Bengal,Owned,3,pooja.reddy593@gmail.com,+91-8240907566,Verified,2023-03-01
CUST100287,Harsh,Gupta,Male,1965-03-25,61,Single,1,Graduate,Salaried,Analyst,681700,Bengaluru,Karnataka,Rented,11,harsh.gupta924@rediffmail.com,+91-7671882509,Verified,2020-03-28
CUST100288,Krishna,Deshpande,Male,1984-12-13,41,Single,1,Diploma,Self-Employed,Chartered Accountant,536100,Ahmedabad,Gujarat,Rented,18,krishna.deshpande80@outlook.com,+91-7140459578,Verified,2019-05-16
CUST100289,Yash,Iyer,Male,1979-05-28,47,Single,2,Post Graduate,Salaried,Teacher,396600,Bhopal,Madhya Pradesh,Rented,23,yash.iyer549@outlook.com,+91-8569451704,Pending,2015-05-24
CUST100290,Aanya,Naidu,Female,1995-06-15,31,Single,1,Graduate,Unemployed,Student,141900,Mysuru,Karnataka,Family Owned,13,aanya.naidu751@rediffmail.com,+91-7748802219,Verified,2023-10-25
CUST100291,Nisha,Reddy,Female,1989-07-12,36,Married,1,Post Graduate,Business Owner,Trader,1128000,Indore,Madhya Pradesh,Rented,18,nisha.reddy876@rediffmail.com,+91-9240041713,Verified,2021-12-30
CUST100292,Meera,Khan,Female,1970-05-18,56,Single,2,Diploma,Salaried,Bank Officer,696200,Kolkata,West Bengal,Rented,18,meera.khan375@yahoo.in,+91-7146443019,Verified,2018-03-24
CUST100293,Nikhil,Bose,Male,1992-06-15,34,Married,0,Graduate,Retired,Retired Government Employee,214900,Mumbai,Maharashtra,Rented,2,nikhil.bose756@gmail.com,+91-7422332484,Pending,2017-09-09
CUST100294,Pranav,Chowdhury,Male,1981-03-11,45,Divorced,1,Graduate,Self-Employed,Chartered Accountant,426300,Mysuru,Karnataka,Rented,22,pranav.chowdhury464@outlook.com,+91-9891808518,Verified,2019-05-19
CUST100295,Nisha,Nair,Female,1992-01-09,34,Single,1,High School,Self-Employed,Doctor (Practice),175200,Delhi,Delhi,Mortgaged,16,nisha.nair905@yahoo.in,+91-8954686873,Pending,2023-08-07
CUST100296,Deepak,Das,Male,1997-08-07,28,Married,0,Graduate,Business Owner,Retail Store Owner,929600,Kochi,Kerala,Mortgaged,10,deepak.das650@gmail.com,+91-7994106435,Verified,2021-08-16
CUST100297,Pranav,Banerjee,Male,1990-07-12,35,Single,3,Graduate,Salaried,Sales Executive,1207200,Nagpur,Maharashtra,Rented,17,pranav.banerjee235@outlook.com,+91-7745287234,Verified,2024-06-06
CUST100298,Karthik,Singh,Male,1987-01-12,39,Married,0,Post Graduate,Self-Employed,Lawyer,601000,Gurugram,Haryana,Rented,13,karthik.singh301@gmail.com,+91-9653577148,Verified,2016-09-12
CUST100299,Isha,Bhat,Female,2004-12-24,21,Married,0,Graduate,Self-Employed,Chartered Accountant,210700,Delhi,Delhi,Family Owned,2,isha.bhat812@gmail.com,+91-7124876198,Verified,2022-07-14
CUST100300,Riya,Gill,Female,1985-01-06,41,Married,1,Graduate,Business Owner,Restaurant Owner,617300,Ahmedabad,Gujarat,Family Owned,22,riya.gill820@yahoo.in,+91-8353226694,Verified,2023-09-06
CUST100301,Dev,Das,Male,1990-12-01,35,Widowed,1,Professional Degree,Salaried,Software Engineer,377200,Mysuru,Karnataka,Mortgaged,16,dev.das451@gmail.com,+91-8938740126,Verified,2022-04-14
CUST100302,Sowmya,Verma,Female,1992-05-30,34,Married,0,Post Graduate,Business Owner,Contractor,796200,Bhopal,Madhya Pradesh,Owned,9,sowmya.verma161@gmail.com,+91-8213063510,Verified,2018-12-17
CUST100303,Aarav,Iyer,Male,2004-11-26,21,Single,2,Professional Degree,Business Owner,Trader,1184400,Jaipur,Rajasthan,Owned,3,aarav.iyer300@rediffmail.com,+91-9256993264,Verified,2023-09-20
CUST100304,Siddharth,Sheikh,Male,2005-06-07,21,Married,2,Post Graduate,Salaried,Bank Officer,354100,Bengaluru,Karnataka,Rented,3,siddharth.sheikh116@yahoo.in,+91-7832446374,Verified,2021-08-12
CUST100305,Krishna,Das,Male,1969-10-03,56,Single,2,Post Graduate,Salaried,Analyst,399200,Ahmedabad,Gujarat,Rented,4,krishna.das829@gmail.com,+91-8712501681,Pending,2020-10-23
CUST100306,Ritu,Patel,Female,1976-08-07,49,Single,2,Post Graduate,Self-Employed,Freelance Designer,861400,Lucknow,Uttar Pradesh,Family Owned,15,ritu.patel455@outlook.com,+91-7853890962,Verified,2022-10-14
CUST100307,Priya,Sheikh,Female,1985-02-10,41,Single,3,Graduate,Self-Employed,Architect,399700,Hyderabad,Telangana,Mortgaged,6,priya.sheikh614@rediffmail.com,+91-9321152789,Verified,2013-09-04
CUST100308,Rahul,Sharma,Male,1994-08-04,31,Married,3,Post Graduate,Salaried,Sales Executive,388800,Coimbatore,Tamil Nadu,Family Owned,0,rahul.sharma635@gmail.com,+91-8175125430,Verified,2016-07-18
CUST100309,Vikram,Kapoor,Male,1991-04-17,35,Single,0,Professional Degree,Salaried,Accountant,1516300,Noida,Uttar Pradesh,Family Owned,3,vikram.kapoor828@gmail.com,+91-8667062235,Pending,2019-12-15
CUST100310,Ishaan,Sharma,Male,2001-09-23,24,Married,1,Graduate,Salaried,Software Engineer,135500,Nagpur,Maharashtra,Rented,6,ishaan.sharma119@rediffmail.com,+91-7028645014,Verified,2023-12-11
CUST100311,Yash,Rao,Male,2002-01-20,24,Married,0,Post Graduate,Salaried,Analyst,429700,Ahmedabad,Gujarat,Rented,5,yash.rao602@rediffmail.com,+91-9366764319,Verified,2024-02-10
CUST100312,Sandeep,Patel,Male,2002-05-22,24,Widowed,1,Post Graduate,Salaried,Software Engineer,491300,Nagpur,Maharashtra,Family Owned,6,sandeep.patel692@yahoo.in,+91-7767234398,Verified,2020-02-21
CUST100313,Rohan,Kulkarni,Male,1990-05-07,36,Married,2,Diploma,Salaried,Teacher,484500,Bengaluru,Karnataka,Mortgaged,18,rohan.kulkarni648@outlook.com,+91-7455864000,Verified,2014-12-01
CUST100314,Kritika,Malhotra,Female,1978-10-02,47,Married,0,Diploma,Salaried,Analyst,552600,Mumbai,Maharashtra,Rented,22,kritika.malhotra893@outlook.com,+91-9399913604,Verified,2022-04-05
CUST100315,Riya,Khan,Female,1983-08-28,42,Married,0,Graduate,Business Owner,Manufacturer,1354200,Coimbatore,Tamil Nadu,Rented,14,riya.khan207@rediffmail.com,+91-8824994121,Pending,2015-05-25
CUST100316,Rahul,Shah,Male,1971-08-08,54,Married,1,Graduate,Self-Employed,Lawyer,613800,Coimbatore,Tamil Nadu,Owned,23,rahul.shah406@yahoo.in,+91-8081456938,Verified,2018-10-27
CUST100317,Aadhya,Naidu,Female,1993-05-15,33,Single,0,Professional Degree,Salaried,HR Manager,377800,Chennai,Tamil Nadu,Mortgaged,15,aadhya.naidu378@outlook.com,+91-7948207195,Verified,2014-07-11
CUST100318,Imran,Banerjee,Male,1980-12-15,45,Married,2,Post Graduate,Salaried,Accountant,1063500,Mysuru,Karnataka,Owned,23,imran.banerjee6@yahoo.in,+91-7787240562,Verified,2015-06-03
CUST100319,Nikhil,Bhat,Male,2003-02-02,23,Single,1,Post Graduate,Self-Employed,Freelance Designer,662300,Pune,Maharashtra,Family Owned,5,nikhil.bhat312@rediffmail.com,+91-8147916137,Verified,2024-04-12
CUST100320,Aarohi,Shah,Female,1988-03-30,38,Single,0,Graduate,Self-Employed,Lawyer,559900,Indore,Madhya Pradesh,Rented,15,aarohi.shah894@outlook.com,+91-7747831736,Verified,2014-07-09
CUST100321,Amit,Mukherjee,Male,1980-12-14,45,Married,1,Diploma,Self-Employed,Architect,146600,Surat,Gujarat,Rented,21,amit.mukherjee366@yahoo.in,+91-7118638912,Verified,2015-05-31
CUST100322,Harsh,Patel,Male,1997-04-01,29,Married,0,Graduate,Self-Employed,Lawyer,330700,Chandigarh,Chandigarh,Mortgaged,6,harsh.patel532@gmail.com,+91-9075058018,Pending,2023-07-27
CUST100323,Krishna,Kaur,Male,1993-10-21,32,Single,1,Graduate,Salaried,Bank Officer,317700,Bengaluru,Karnataka,Family Owned,13,krishna.kaur468@rediffmail.com,+91-8024335976,Verified,2017-10-18
CUST100324,Lakshmi,Patel,Female,1990-03-29,36,Married,0,High School,Business Owner,Trader,482000,Hyderabad,Telangana,Rented,6,lakshmi.patel66@outlook.com,+91-9172897589,Verified,2018-06-17
CUST100325,Ayaan,Iyer,Male,1968-01-04,58,Widowed,1,Diploma,Self-Employed,Consultant,224100,Delhi,Delhi,Family Owned,15,ayaan.iyer240@outlook.com,+91-9119803727,Verified,2021-01-17
CUST100326,Kritika,Nair,Female,1992-09-20,33,Married,1,Post Graduate,Salaried,Analyst,312300,Chandigarh,Chandigarh,Rented,15,kritika.nair351@yahoo.in,+91-8279045068,Verified,2017-11-13
CUST100327,Sana,Iyer,Female,2005-01-31,21,Single,1,Post Graduate,Self-Employed,Freelance Designer,246200,Gurugram,Haryana,Mortgaged,3,sana.iyer397@yahoo.in,+91-7761451780,Verified,2022-02-16
CUST100328,Rohan,Kaur,Male,1997-08-06,28,Single,2,Professional Degree,Salaried,Accountant,963300,Chennai,Tamil Nadu,Family Owned,6,rohan.kaur891@yahoo.in,+91-7322014492,Pending,2019-11-30
CUST100329,Ritu,Deshpande,Female,1995-03-05,31,Single,0,Graduate,Salaried,Nurse,441900,Bengaluru,Karnataka,Rented,5,ritu.deshpande794@gmail.com,+91-7919359638,Verified,2024-05-17
CUST100330,Aanya,Joshi,Female,1984-09-15,41,Married,2,Graduate,Retired,Retired Private Sector,406600,Coimbatore,Tamil Nadu,Owned,11,aanya.joshi228@outlook.com,+91-7542965485,Verified,2016-04-26
CUST100331,Aarav,Naidu,Male,1992-03-28,34,Widowed,1,Post Graduate,Self-Employed,Chartered Accountant,381400,Mumbai,Maharashtra,Owned,2,aarav.naidu836@rediffmail.com,+91-9011589837,Verified,2021-08-04
CUST100332,Vivaan,Gupta,Male,1979-11-23,46,Married,2,High School,Salaried,Software Engineer,185100,Surat,Gujarat,Family Owned,19,vivaan.gupta492@yahoo.in,+91-7816052423,Verified,2018-06-09
CUST100333,Ayaan,Chopra,Male,1974-11-08,51,Married,3,Graduate,Salaried,Sales Executive,582300,Chandigarh,Chandigarh,Mortgaged,21,ayaan.chopra4@outlook.com,+91-9237198967,Verified,2019-09-08
CUST100334,Ayaan,Malhotra,Male,1996-07-11,29,Married,2,Diploma,Salaried,HR Manager,313800,Bengaluru,Karnataka,Family Owned,1,ayaan.malhotra609@rediffmail.com,+91-8493742357,Verified,2016-05-04
CUST100335,Manish,Sheikh,Male,1975-01-06,51,Single,2,Post Graduate,Business Owner,Trader,777900,Chennai,Tamil Nadu,Rented,3,manish.sheikh252@outlook.com,+91-8270289585,Verified,2015-07-15
CUST100336,Nikhil,Rao,Male,1985-03-03,41,Single,0,Professional Degree,Salaried,Teacher,1166500,Pune,Maharashtra,Rented,14,nikhil.rao449@yahoo.in,+91-9286283864,Pending,2017-07-29
CUST100337,Karthik,Reddy,Male,1988-01-12,38,Married,4,Post Graduate,Business Owner,Restaurant Owner,3890800,Kolkata,West Bengal,Rented,13,karthik.reddy612@yahoo.in,+91-8097854968,Pending,2015-11-06
CUST100338,Zara,Nair,Female,1964-10-25,61,Married,1,Graduate,Self-Employed,Doctor (Practice),516000,Kolkata,West Bengal,Owned,5,zara.nair577@gmail.com,+91-8912832480,Pending,2013-12-16
CUST100339,Saanvi,Chopra,Female,2005-01-23,21,Single,1,Graduate,Salaried,Teacher,220500,Delhi,Delhi,Family Owned,3,saanvi.chopra516@outlook.com,+91-9760630126,Verified,2024-04-05
CUST100340,Divya,Deshpande,Female,1976-01-13,50,Single,0,Graduate,Salaried,Accountant,676000,Bhopal,Madhya Pradesh,Family Owned,6,divya.deshpande360@outlook.com,+91-9865048998,Pending,2018-03-07
CUST100341,Divya,Kapoor,Female,1980-02-05,46,Single,2,Graduate,Salaried,Bank Officer,692300,Kochi,Kerala,Rented,18,divya.kapoor937@gmail.com,+91-9771008835,Verified,2018-04-27
CUST100342,Dev,Kapoor,Male,1991-04-09,35,Widowed,1,Graduate,Business Owner,Retail Store Owner,1070200,Bhopal,Madhya Pradesh,Mortgaged,2,dev.kapoor67@rediffmail.com,+91-8660386585,Verified,2023-02-18
CUST100343,Saanvi,Chopra,Female,1957-04-17,69,Single,3,Graduate,Salaried,HR Manager,334600,Chennai,Tamil Nadu,Rented,10,saanvi.chopra567@rediffmail.com,+91-9171404693,Verified,2018-10-07
CUST100344,Zara,Menon,Female,1994-03-21,32,Single,0,Professional Degree,Unemployed,Student,137900,Hyderabad,Telangana,Rented,14,zara.menon366@rediffmail.com,+91-7569724353,Verified,2017-01-17
CUST100345,Rohan,Singh,Male,1992-05-14,34,Married,2,Graduate,Salaried,Software Engineer,488300,Bengaluru,Karnataka,Rented,11,rohan.singh222@gmail.com,+91-8097856950,Verified,2019-01-20
CUST100346,Isha,Mehta,Female,1973-09-10,52,Single,2,Post Graduate,Salaried,Teacher,1778000,Mumbai,Maharashtra,Rented,21,isha.mehta770@yahoo.in,+91-8729056839,Pending,2019-12-14
CUST100347,Lakshmi,Gupta,Female,1985-09-06,40,Married,1,Graduate,Salaried,Analyst,457100,Jaipur,Rajasthan,Rented,0,lakshmi.gupta374@yahoo.in,+91-9016623607,Pending,2016-01-30
CUST100348,Yash,Kapoor,Male,1994-07-14,31,Married,1,Post Graduate,Unemployed,Student,150000,Pune,Maharashtra,Owned,9,yash.kapoor283@outlook.com,+91-7713371764,Pending,2023-11-19
CUST100349,Nikhil,Menon,Male,1983-11-01,42,Married,0,High School,Salaried,Teacher,968800,Bhopal,Madhya Pradesh,Rented,15,nikhil.menon6@gmail.com,+91-7253996491,Pending,2021-09-01
CUST100350,Swati,Reddy,Female,1981-03-18,45,Married,3,Graduate,Salaried,Software Engineer,513400,Mysuru,Karnataka,Mortgaged,7,swati.reddy109@gmail.com,+91-7995155231,Verified,2015-06-19
CUST100351,Rohan,Mehta,Male,1982-03-17,44,Single,2,High School,Salaried,Teacher,316000,Delhi,Delhi,Rented,6,rohan.mehta133@outlook.com,+91-8398699371,Verified,2016-03-22
CUST100352,Shreya,Menon,Female,2005-03-30,21,Married,0,Graduate,Self-Employed,Chartered Accountant,134700,Surat,Gujarat,Rented,0,shreya.menon979@outlook.com,+91-7912598588,Verified,2022-05-28
CUST100353,Amit,Sharma,Male,1983-12-21,42,Married,3,Graduate,Business Owner,Contractor,843700,Surat,Gujarat,Owned,13,amit.sharma882@gmail.com,+91-8916895256,Verified,2021-09-04
CUST100354,Vihaan,Banerjee,Male,2001-06-03,25,Single,0,Graduate,Salaried,Teacher,374400,Delhi,Delhi,Rented,7,vihaan.banerjee961@gmail.com,+91-8823929815,Pending,2017-12-06
CUST100355,Kabir,Das,Male,1975-07-24,50,Single,2,High School,Salaried,Accountant,1286500,Noida,Uttar Pradesh,Mortgaged,6,kabir.das587@outlook.com,+91-9018674369,Pending,2023-09-28
CUST100356,Lakshmi,Verma,Female,2004-09-05,21,Married,1,Graduate,Salaried,Analyst,364900,Hyderabad,Telangana,Owned,3,lakshmi.verma794@gmail.com,+91-7690853662,Verified,2023-07-30
CUST100357,Kritika,Patel,Female,2002-06-09,24,Married,1,Post Graduate,Unemployed,Student,120000,Pune,Maharashtra,Family Owned,6,kritika.patel506@outlook.com,+91-9321210255,Verified,2019-04-19
CUST100358,Sandeep,Joshi,Male,1990-08-27,35,Married,1,High School,Salaried,Bank Officer,797500,Hyderabad,Telangana,Mortgaged,6,sandeep.joshi654@gmail.com,+91-8464942303,Verified,2018-04-10
CUST100359,Vihaan,Rao,Male,1995-10-15,30,Married,2,Professional Degree,Salaried,HR Manager,1457400,Chennai,Tamil Nadu,Rented,12,vihaan.rao844@yahoo.in,+91-8292495917,Verified,2014-05-09
CUST100360,Ritu,Kulkarni,Female,1984-05-10,42,Single,2,Graduate,Retired,Pensioner,748200,Indore,Madhya Pradesh,Rented,6,ritu.kulkarni27@outlook.com,+91-9415143246,Verified,2014-03-26
CUST100361,Pranav,Khan,Male,1984-09-26,41,Married,1,Graduate,Retired,Pensioner,474300,Chennai,Tamil Nadu,Rented,23,pranav.khan604@yahoo.in,+91-8049255972,Verified,2016-04-15
CUST100362,Pooja,Mehta,Female,1981-03-18,45,Single,1,Post Graduate,Business Owner,Trader,877400,Kochi,Kerala,Rented,7,pooja.mehta514@gmail.com,+91-7364907870,Pending,2018-12-29
CUST100363,Pranav,Gill,Male,1985-07-28,40,Married,2,Graduate,Salaried,Accountant,1387100,Lucknow,Uttar Pradesh,Mortgaged,1,pranav.gill492@gmail.com,+91-7292098104,Verified,2017-10-25
CUST100364,Aarav,Chopra,Male,1978-08-17,47,Married,1,Post Graduate,Unemployed,Homemaker,272000,Mumbai,Maharashtra,Mortgaged,13,aarav.chopra521@gmail.com,+91-8271133425,Verified,2022-01-06
CUST100365,Yash,Mehta,Male,1986-02-03,40,Divorced,2,Diploma,Salaried,Accountant,258500,Bhopal,Madhya Pradesh,Rented,6,yash.mehta107@outlook.com,+91-8478207816,Verified,2013-08-12
CUST100366,Diya,Nair,Female,1981-08-27,44,Married,1,Graduate,Salaried,Software Engineer,549600,Ahmedabad,Gujarat,Mortgaged,20,diya.nair73@outlook.com,+91-9829487929,Pending,2022-02-04
CUST100367,Vihaan,Mehta,Male,1974-08-08,51,Married,1,Post Graduate,Self-Employed,Freelance Designer,704200,Indore,Madhya Pradesh,Owned,17,vihaan.mehta660@outlook.com,+91-8118394352,Pending,2024-04-08
CUST100368,Rahul,Verma,Male,1989-12-03,36,Married,2,Professional Degree,Salaried,Nurse,2015000,Nagpur,Maharashtra,Family Owned,18,rahul.verma615@rediffmail.com,+91-9481042166,Pending,2020-10-13
CUST100369,Vihaan,Menon,Male,2002-08-23,23,Widowed,4,Post Graduate,Salaried,Nurse,369100,Chennai,Tamil Nadu,Mortgaged,5,vihaan.menon805@rediffmail.com,+91-7419794843,Verified,2023-01-03
CUST100370,Anjali,Naidu,Female,2000-05-27,26,Married,1,High School,Self-Employed,Consultant,210700,Gurugram,Haryana,Rented,8,anjali.naidu815@rediffmail.com,+91-8719774559,Verified,2023-11-14
CUST100371,Aarav,Mehta,Male,1987-01-31,39,Single,0,Diploma,Salaried,Nurse,603500,Kolkata,West Bengal,Owned,5,aarav.mehta467@rediffmail.com,+91-7691943938,Verified,2020-04-10
CUST100372,Priya,Deshpande,Female,1989-11-11,36,Married,1,Graduate,Salaried,Accountant,491300,Mysuru,Karnataka,Rented,18,priya.deshpande253@outlook.com,+91-8233216693,Verified,2021-05-25
CUST100373,Reyansh,Patel,Male,1978-09-08,47,Single,0,Graduate,Self-Employed,Chartered Accountant,1117800,Hyderabad,Telangana,Owned,16,reyansh.patel945@gmail.com,+91-8997465797,Verified,2022-12-05
CUST100374,Reyansh,Ahmed,Male,2005-06-26,21,Widowed,1,Diploma,Salaried,Analyst,226700,Kolkata,West Bengal,Mortgaged,3,reyansh.ahmed143@rediffmail.com,+91-8357895222,Verified,2023-08-20
CUST100375,Ananya,Ahmed,Female,1997-03-11,29,Single,3,High School,Self-Employed,Chartered Accountant,434200,Noida,Uttar Pradesh,Family Owned,7,ananya.ahmed605@rediffmail.com,+91-8025441265,Verified,2015-09-16
CUST100376,Rajesh,Nair,Male,1984-11-23,41,Single,0,Professional Degree,Business Owner,Retail Store Owner,901700,Jaipur,Rajasthan,Rented,22,rajesh.nair501@gmail.com,+91-7137173701,Verified,2014-02-15
CUST100377,Kavya,Gill,Female,1991-11-04,34,Single,1,Graduate,Salaried,Bank Officer,508700,Hyderabad,Telangana,Mortgaged,1,kavya.gill106@yahoo.in,+91-7539659585,Verified,2013-09-17
CUST100378,Ritu,Khan,Female,2000-03-31,26,Single,2,High School,Self-Employed,Freelance Designer,281000,Lucknow,Uttar Pradesh,Owned,4,ritu.khan84@outlook.com,+91-8059698459,Verified,2021-07-01
CUST100379,Swati,Chopra,Female,1994-07-31,31,Married,0,Post Graduate,Self-Employed,Doctor (Practice),1428000,Kolkata,West Bengal,Rented,3,swati.chopra777@rediffmail.com,+91-8519905608,Verified,2019-04-06
CUST100380,Kavya,Gill,Female,1989-05-01,37,Widowed,1,High School,Salaried,Bank Officer,334700,Bengaluru,Karnataka,Rented,8,kavya.gill814@gmail.com,+91-7320814282,Verified,2021-08-28
CUST100381,Pranav,Mehta,Male,1983-06-05,43,Single,1,Graduate,Salaried,Nurse,490200,Indore,Madhya Pradesh,Rented,17,pranav.mehta605@gmail.com,+91-8889951696,Verified,2014-05-09
CUST100382,Ritu,Verma,Female,2002-01-30,24,Divorced,0,Graduate,Salaried,Nurse,175900,Delhi,Delhi,Family Owned,6,ritu.verma727@gmail.com,+91-9685393491,Verified,2019-08-26
CUST100383,Aarohi,Menon,Female,1988-01-28,38,Married,0,Graduate,Salaried,Bank Officer,120000,Mumbai,Maharashtra,Owned,14,aarohi.menon897@gmail.com,+91-7415375534,Verified,2023-09-23
CUST100384,Krishna,Joshi,Male,1988-06-18,38,Single,1,Graduate,Salaried,Software Engineer,673400,Delhi,Delhi,Rented,10,krishna.joshi181@rediffmail.com,+91-7533669102,Verified,2017-05-01
CUST100385,Tanvi,Mukherjee,Female,1960-01-10,66,Single,0,Diploma,Salaried,Accountant,550500,Bengaluru,Karnataka,Rented,22,tanvi.mukherjee960@gmail.com,+91-8712110465,Verified,2015-05-27
CUST100386,Nikhil,Chopra,Male,1973-11-14,52,Divorced,1,Graduate,Salaried,Software Engineer,528900,Indore,Madhya Pradesh,Rented,4,nikhil.chopra993@yahoo.in,+91-7026698883,Verified,2017-12-10
CUST100387,Vihaan,Joshi,Male,1988-03-02,38,Divorced,0,Professional Degree,Retired,Pensioner,448400,Chennai,Tamil Nadu,Family Owned,5,vihaan.joshi155@gmail.com,+91-9818401858,Verified,2014-08-30
CUST100388,Swati,Chopra,Female,1983-04-19,43,Married,1,Graduate,Salaried,Sales Executive,154100,Gurugram,Haryana,Owned,21,swati.chopra360@gmail.com,+91-8651641770,Verified,2018-10-11
CUST100389,Dev,Gupta,Male,1988-01-16,38,Single,2,Professional Degree,Salaried,Bank Officer,1781900,Bhopal,Madhya Pradesh,Family Owned,11,dev.gupta858@outlook.com,+91-7925565814,Verified,2024-01-27
CUST100390,Sneha,Bose,Female,1997-05-03,29,Single,0,Post Graduate,Business Owner,Manufacturer,1402000,Hyderabad,Telangana,Rented,11,sneha.bose830@yahoo.in,+91-7588590266,Verified,2013-08-23
CUST100391,Vikram,Kulkarni,Male,1975-11-26,50,Single,0,Diploma,Retired,Retired Government Employee,122000,Chandigarh,Chandigarh,Mortgaged,9,vikram.kulkarni774@gmail.com,+91-8565996427,Pending,2017-11-09
CUST100392,Pranav,Singh,Male,1994-06-25,32,Single,1,Professional Degree,Business Owner,Restaurant Owner,1483500,Bengaluru,Karnataka,Family Owned,14,pranav.singh938@gmail.com,+91-8159774261,Pending,2023-04-30
CUST100393,Imran,Naidu,Male,2005-03-18,21,Married,3,Diploma,Salaried,Nurse,635700,Kolkata,West Bengal,Family Owned,3,imran.naidu289@outlook.com,+91-8810898560,Verified,2023-06-29
CUST100394,Ayaan,Deshpande,Male,1969-10-24,56,Single,1,High School,Salaried,Analyst,349800,Ahmedabad,Gujarat,Rented,7,ayaan.deshpande399@rediffmail.com,+91-8643409015,Verified,2018-04-26
CUST100395,Amit,Sheikh,Male,1993-05-10,33,Married,1,Graduate,Unemployed,Student,193900,Nagpur,Maharashtra,Family Owned,15,amit.sheikh397@outlook.com,+91-9185346419,Verified,2017-12-27
CUST100396,Yash,Iyer,Male,1972-08-10,53,Single,2,Graduate,Salaried,Analyst,531400,Mysuru,Karnataka,Family Owned,14,yash.iyer21@outlook.com,+91-8698332421,Verified,2017-11-05
CUST100397,Kritika,Malhotra,Female,1976-05-19,50,Married,1,Diploma,Salaried,Bank Officer,569900,Kolkata,West Bengal,Owned,2,kritika.malhotra557@gmail.com,+91-8567766080,Pending,2021-12-27
CUST100398,Anil,Verma,Male,1982-06-23,44,Single,4,Post Graduate,Salaried,Accountant,1569000,Jaipur,Rajasthan,Owned,18,anil.verma863@outlook.com,+91-9277677716,Pending,2019-06-18
CUST100399,Aditya,Sharma,Male,1970-05-29,56,Divorced,0,High School,Salaried,Nurse,310400,Gurugram,Haryana,Mortgaged,21,aditya.sharma694@gmail.com,+91-8867684602,Pending,2013-08-29
CUST100400,Reyansh,Nair,Male,1980-09-10,45,Single,1,Diploma,Business Owner,Restaurant Owner,498900,Mumbai,Maharashtra,Mortgaged,16,reyansh.nair617@rediffmail.com,+91-7574327146,Verified,2024-05-29
CUST100401,Rajesh,Chowdhury,Male,1980-05-11,46,Married,2,Graduate,Self-Employed,Chartered Accountant,207400,Indore,Madhya Pradesh,Rented,4,rajesh.chowdhury74@yahoo.in,+91-7729570809,Verified,2014-12-21
CUST100402,Aarohi,Deshpande,Female,1988-12-03,37,Married,1,Diploma,Salaried,Software Engineer,345200,Kochi,Kerala,Rented,9,aarohi.deshpande640@rediffmail.com,+91-8658555803,Verified,2017-05-01
CUST100403,Anil,Deshpande,Male,1984-05-02,42,Married,0,Graduate,Self-Employed,Lawyer,858900,Surat,Gujarat,Rented,9,anil.deshpande417@yahoo.in,+91-8358929555,Verified,2014-09-07
CUST100404,Aditya,Bose,Male,1990-10-12,35,Married,3,Post Graduate,Business Owner,Retail Store Owner,555000,Delhi,Delhi,Mortgaged,3,aditya.bose396@rediffmail.com,+91-8770973528,Verified,2019-03-10
CUST100405,Zara,Kulkarni,Female,1988-02-11,38,Widowed,1,Post Graduate,Business Owner,Contractor,442700,Coimbatore,Tamil Nadu,Owned,16,zara.kulkarni331@rediffmail.com,+91-8968229277,Verified,2022-02-26
CUST100406,Suresh,Deshpande,Male,1978-08-11,47,Divorced,1,Graduate,Salaried,Teacher,1126600,Indore,Madhya Pradesh,Owned,1,suresh.deshpande763@outlook.com,+91-8274224639,Verified,2020-01-15
CUST100407,Kabir,Reddy,Male,2005-04-25,21,Single,2,High School,Salaried,Accountant,120000,Hyderabad,Telangana,Rented,3,kabir.reddy386@gmail.com,+91-9853961290,Verified,2022-02-02
CUST100408,Anika,Kapoor,Female,1983-11-21,42,Married,0,Diploma,Self-Employed,Chartered Accountant,596900,Jaipur,Rajasthan,Family Owned,8,anika.kapoor220@rediffmail.com,+91-9077071142,Verified,2014-08-15
CUST100409,Zara,Verma,Female,1984-02-16,42,Married,1,Graduate,Business Owner,Trader,1137700,Bengaluru,Karnataka,Owned,8,zara.verma981@yahoo.in,+91-8654974655,Verified,2021-05-26
CUST100410,Rohan,Gill,Male,1969-08-05,56,Widowed,2,Diploma,Self-Employed,Architect,347600,Mumbai,Maharashtra,Rented,15,rohan.gill675@rediffmail.com,+91-9254794239,Verified,2023-06-27
CUST100411,Lakshmi,Bose,Female,1982-12-10,43,Married,1,Graduate,Self-Employed,Consultant,495100,Chennai,Tamil Nadu,Rented,24,lakshmi.bose805@gmail.com,+91-8769783663,Pending,2020-03-18
CUST100412,Aadhya,Kulkarni,Female,2001-07-07,24,Married,0,Graduate,Self-Employed,Doctor (Practice),311900,Kolkata,West Bengal,Owned,6,aadhya.kulkarni839@gmail.com,+91-7988839802,Pending,2021-07-07
CUST100413,Reyansh,Joshi,Male,1991-11-08,34,Married,1,Post Graduate,Self-Employed,Doctor (Practice),770500,Mumbai,Maharashtra,Rented,16,reyansh.joshi745@yahoo.in,+91-8310945395,Verified,2019-01-27
CUST100414,Aarav,Kapoor,Male,2002-03-13,24,Married,0,High School,Salaried,Bank Officer,193200,Gurugram,Haryana,Family Owned,6,aarav.kapoor63@gmail.com,+91-7964672820,Pending,2021-03-28
CUST100415,Amit,Verma,Male,1999-04-20,27,Widowed,0,Graduate,Salaried,Sales Executive,829600,Nagpur,Maharashtra,Mortgaged,6,amit.verma416@yahoo.in,+91-8058358583,Verified,2016-03-29
CUST100416,Ananya,Naidu,Female,1996-09-26,29,Single,2,Graduate,Self-Employed,Consultant,852100,Ahmedabad,Gujarat,Owned,3,ananya.naidu452@yahoo.in,+91-8834052805,Pending,2014-10-24
CUST100417,Farhan,Mehta,Male,2005-05-12,21,Widowed,1,Post Graduate,Salaried,HR Manager,397400,Lucknow,Uttar Pradesh,Mortgaged,3,farhan.mehta920@outlook.com,+91-8357837470,Pending,2022-05-01
CUST100418,Ishaan,Singh,Male,1963-12-31,62,Single,2,Post Graduate,Self-Employed,Architect,908900,Indore,Madhya Pradesh,Owned,10,ishaan.singh414@gmail.com,+91-7972394828,Pending,2014-07-21
CUST100419,Manish,Mehta,Male,1986-09-30,39,Single,2,Graduate,Unemployed,Homemaker,141800,Chandigarh,Chandigarh,Family Owned,3,manish.mehta350@outlook.com,+91-9071168306,Verified,2018-04-23
CUST100420,Ayesha,Bose,Female,1991-07-16,34,Single,1,Graduate,Business Owner,Contractor,1018300,Noida,Uttar Pradesh,Rented,9,ayesha.bose706@gmail.com,+91-8649870376,Verified,2023-05-04
CUST100421,Reyansh,Sharma,Male,1959-02-24,67,Single,1,Graduate,Salaried,Bank Officer,421900,Indore,Madhya Pradesh,Rented,18,reyansh.sharma221@gmail.com,+91-9287226343,Verified,2013-09-17
CUST100422,Fatima,Deshpande,Female,1983-10-19,42,Married,1,Graduate,Business Owner,Trader,1160300,Lucknow,Uttar Pradesh,Family Owned,7,fatima.deshpande366@outlook.com,+91-9488022470,Verified,2017-12-07
CUST100423,Ishaan,Das,Male,1993-06-03,33,Married,1,Graduate,Salaried,Accountant,275500,Noida,Uttar Pradesh,Family Owned,15,ishaan.das652@outlook.com,+91-9334594018,Verified,2013-09-18
CUST100424,Fatima,Joshi,Female,1978-10-21,47,Married,1,Post Graduate,Salaried,Sales Executive,436000,Nagpur,Maharashtra,Rented,15,fatima.joshi159@rediffmail.com,+91-8524630630,Pending,2014-11-28
CUST100425,Aarohi,Naidu,Female,1977-03-19,49,Divorced,3,Professional Degree,Salaried,HR Manager,2836500,Pune,Maharashtra,Rented,15,aarohi.naidu651@rediffmail.com,+91-9044346911,Verified,2024-06-05
CUST100426,Imran,Chopra,Male,1964-11-20,61,Married,0,Post Graduate,Salaried,Nurse,1494600,Hyderabad,Telangana,Rented,5,imran.chopra795@gmail.com,+91-7447313543,Verified,2021-09-05
CUST100427,Isha,Das,Female,1984-07-11,41,Single,1,Graduate,Salaried,HR Manager,462300,Pune,Maharashtra,Rented,1,isha.das270@rediffmail.com,+91-8874646530,Verified,2018-10-18
CUST100428,Diya,Chowdhury,Female,1982-10-23,43,Widowed,0,Post Graduate,Business Owner,Restaurant Owner,595400,Gurugram,Haryana,Owned,3,diya.chowdhury942@gmail.com,+91-8331853987,Pending,2015-02-07
CUST100429,Kabir,Malhotra,Male,1981-09-01,44,Married,2,Post Graduate,Salaried,Sales Executive,428100,Pune,Maharashtra,Owned,16,kabir.malhotra284@gmail.com,+91-9188460432,Verified,2022-08-05
CUST100430,Kritika,Singh,Female,1989-01-10,37,Single,2,Diploma,Salaried,Nurse,340100,Bhopal,Madhya Pradesh,Family Owned,11,kritika.singh297@yahoo.in,+91-8647232728,Verified,2022-03-01
CUST100431,Vihaan,Ahmed,Male,1976-06-19,50,Single,2,Diploma,Salaried,Sales Executive,1126900,Pune,Maharashtra,Rented,17,vihaan.ahmed457@outlook.com,+91-8334798790,Pending,2020-06-09
CUST100432,Aarohi,Iyer,Female,1974-09-06,51,Married,0,Post Graduate,Salaried,Nurse,240700,Kolkata,West Bengal,Owned,12,aarohi.iyer298@rediffmail.com,+91-7332857511,Verified,2017-08-09
CUST100433,Aanya,Shah,Female,2002-11-16,23,Married,2,Graduate,Self-Employed,Doctor (Practice),765900,Bengaluru,Karnataka,Rented,5,aanya.shah59@yahoo.in,+91-7763366187,Verified,2024-02-23
CUST100434,Suresh,Kulkarni,Male,1997-06-07,29,Single,0,Graduate,Self-Employed,Consultant,221600,Gurugram,Haryana,Owned,11,suresh.kulkarni137@rediffmail.com,+91-7068202666,Verified,2022-02-04
CUST100435,Krishna,Kulkarni,Male,1969-08-12,56,Married,1,Graduate,Salaried,HR Manager,815800,Nagpur,Maharashtra,Family Owned,18,krishna.kulkarni468@gmail.com,+91-9529719574,Verified,2023-09-06
CUST100436,Rahul,Rao,Male,1995-10-29,30,Married,0,Professional Degree,Unemployed,Not Employed,187000,Kolkata,West Bengal,Family Owned,12,rahul.rao461@gmail.com,+91-8978971038,Verified,2020-01-31
CUST100437,Reyansh,Rao,Male,2004-09-13,21,Married,1,Graduate,Unemployed,Student,120000,Mysuru,Karnataka,Owned,3,reyansh.rao445@outlook.com,+91-8125383151,Verified,2021-07-15
CUST100438,Aarav,Kapoor,Male,1994-04-30,32,Married,0,Graduate,Salaried,Analyst,372600,Coimbatore,Tamil Nadu,Owned,7,aarav.kapoor475@yahoo.in,+91-7788005080,Verified,2022-01-07
CUST100439,Meera,Rao,Female,1973-02-21,53,Single,1,Graduate,Self-Employed,Chartered Accountant,970100,Coimbatore,Tamil Nadu,Owned,5,meera.rao401@outlook.com,+91-9714428708,Verified,2013-10-11
CUST100440,Krishna,Kapoor,Male,1991-10-06,34,Married,1,Diploma,Salaried,Accountant,296900,Coimbatore,Tamil Nadu,Mortgaged,16,krishna.kapoor591@rediffmail.com,+91-8286531334,Verified,2016-04-30
CUST100441,Meera,Deshpande,Female,1991-04-03,35,Single,0,Graduate,Self-Employed,Chartered Accountant,1037700,Surat,Gujarat,Owned,4,meera.deshpande373@rediffmail.com,+91-9827954341,Verified,2019-02-25
CUST100442,Rajesh,Rao,Male,1986-02-20,40,Single,3,Professional Degree,Retired,Retired Government Employee,379000,Nagpur,Maharashtra,Mortgaged,21,rajesh.rao146@outlook.com,+91-9286024869,Pending,2020-09-22
CUST100443,Anil,Naidu,Male,1994-12-05,31,Single,0,Post Graduate,Salaried,Bank Officer,261400,Surat,Gujarat,Rented,13,anil.naidu444@rediffmail.com,+91-7770705738,Verified,2021-12-04
CUST100444,Reyansh,Verma,Male,1997-07-01,29,Single,1,Graduate,Salaried,Nurse,334800,Jaipur,Rajasthan,Rented,11,reyansh.verma877@gmail.com,+91-8016665840,Verified,2022-10-20
CUST100445,Siddharth,Reddy,Male,1989-03-26,37,Single,1,Graduate,Retired,Retired Government Employee,120500,Pune,Maharashtra,Owned,14,siddharth.reddy65@yahoo.in,+91-9344029335,Verified,2023-09-01
CUST100446,Sana,Chowdhury,Female,1995-03-12,31,Married,2,High School,Retired,Pensioner,244900,Mysuru,Karnataka,Owned,13,sana.chowdhury382@gmail.com,+91-8440621877,Verified,2017-04-27
CUST100447,Anjali,Gill,Female,1993-04-20,33,Married,2,Post Graduate,Unemployed,Student,120000,Chandigarh,Chandigarh,Owned,15,anjali.gill371@gmail.com,+91-7917919884,Verified,2022-08-20
CUST100448,Priya,Verma,Female,2003-05-15,23,Single,1,Graduate,Salaried,HR Manager,199100,Nagpur,Maharashtra,Family Owned,5,priya.verma90@rediffmail.com,+91-7334131126,Verified,2020-08-23
CUST100449,Shreya,Naidu,Female,1989-05-13,37,Widowed,0,High School,Salaried,Accountant,191800,Noida,Uttar Pradesh,Owned,17,shreya.naidu792@yahoo.in,+91-8829489035,Verified,2017-02-04
CUST100450,Karthik,Kulkarni,Male,1988-04-06,38,Married,0,Graduate,Retired,Retired Private Sector,159300,Chennai,Tamil Nadu,Owned,11,karthik.kulkarni397@outlook.com,+91-9628269521,Verified,2023-06-09
CUST100451,Imran,Singh,Male,2004-04-04,22,Single,1,Diploma,Self-Employed,Architect,339300,Mumbai,Maharashtra,Mortgaged,4,imran.singh647@rediffmail.com,+91-8736303239,Verified,2020-07-29
CUST100452,Rajesh,Sheikh,Male,1998-05-02,28,Widowed,2,Graduate,Salaried,Sales Executive,416000,Hyderabad,Telangana,Mortgaged,10,rajesh.sheikh746@gmail.com,+91-7527438404,Verified,2022-08-05
CUST100453,Diya,Ahmed,Female,2003-10-07,22,Married,2,High School,Salaried,HR Manager,187600,Kolkata,West Bengal,Owned,4,diya.ahmed323@yahoo.in,+91-9421516481,Verified,2022-06-16
CUST100454,Dev,Mukherjee,Male,1991-05-05,35,Single,1,Professional Degree,Self-Employed,Lawyer,1849300,Chandigarh,Chandigarh,Mortgaged,7,dev.mukherjee391@yahoo.in,+91-8584979697,Pending,2016-10-20
CUST100455,Sandeep,Gill,Male,1974-09-07,51,Married,0,Graduate,Self-Employed,Freelance Designer,631700,Coimbatore,Tamil Nadu,Rented,9,sandeep.gill338@rediffmail.com,+91-7415348007,Pending,2015-08-22
CUST100456,Sandeep,Menon,Male,1997-04-18,29,Married,2,High School,Self-Employed,Architect,136300,Mumbai,Maharashtra,Rented,0,sandeep.menon521@yahoo.in,+91-9545829545,Pending,2022-12-23
CUST100457,Sana,Bose,Female,1975-10-04,50,Married,1,Post Graduate,Retired,Retired Government Employee,279400,Mumbai,Maharashtra,Mortgaged,14,sana.bose92@rediffmail.com,+91-9268093146,Verified,2023-05-29
CUST100458,Ananya,Bhat,Female,1985-04-24,41,Married,1,Post Graduate,Salaried,Sales Executive,230000,Pune,Maharashtra,Rented,16,ananya.bhat3@outlook.com,+91-9668974771,Pending,2016-01-03
CUST100459,Riya,Bhat,Female,1987-12-05,38,Single,1,Post Graduate,Salaried,Teacher,516600,Surat,Gujarat,Owned,9,riya.bhat707@rediffmail.com,+91-9594700700,Verified,2023-01-27
CUST100460,Aditya,Singh,Male,1997-03-31,29,Single,0,High School,Salaried,Accountant,809900,Bhopal,Madhya Pradesh,Family Owned,8,aditya.singh302@outlook.com,+91-8015316146,Verified,2023-01-11
CUST100461,Yash,Nair,Male,2002-03-23,24,Married,3,Post Graduate,Salaried,Accountant,437900,Chennai,Tamil Nadu,Rented,6,yash.nair358@outlook.com,+91-8871202976,Verified,2019-08-23
CUST100462,Karthik,Menon,Male,1995-12-24,30,Divorced,1,Post Graduate,Business Owner,Trader,668100,Kochi,Kerala,Rented,11,karthik.menon486@outlook.com,+91-8727065509,Pending,2021-03-28
CUST100463,Suresh,Gupta,Male,1980-11-28,45,Single,2,Post Graduate,Salaried,Bank Officer,611200,Mysuru,Karnataka,Mortgaged,20,suresh.gupta833@outlook.com,+91-8748409561,Pending,2014-05-13
CUST100464,Rahul,Bhat,Male,1987-10-10,38,Single,1,Post Graduate,Business Owner,Restaurant Owner,1289200,Pune,Maharashtra,Rented,11,rahul.bhat100@rediffmail.com,+91-7875763927,Verified,2019-05-29
CUST100465,Tanvi,Mehta,Female,1995-02-07,31,Married,0,Post Graduate,Self-Employed,Architect,1085400,Coimbatore,Tamil Nadu,Rented,1,tanvi.mehta259@rediffmail.com,+91-7139485360,Verified,2018-04-18
CUST100466,Rohan,Rao,Male,1987-06-22,39,Married,2,Post Graduate,Salaried,Teacher,338200,Delhi,Delhi,Owned,19,rohan.rao464@outlook.com,+91-7756630156,Verified,2017-12-06
CUST100467,Harsh,Chowdhury,Male,2001-07-08,24,Married,0,Graduate,Unemployed,Not Employed,132900,Kolkata,West Bengal,Family Owned,6,harsh.chowdhury162@outlook.com,+91-8960566499,Verified,2019-09-15
CUST100468,Pranav,Gupta,Male,1999-01-30,27,Married,1,High School,Business Owner,Manufacturer,825200,Noida,Uttar Pradesh,Owned,8,pranav.gupta187@rediffmail.com,+91-9162210039,Verified,2018-08-15
CUST100469,Manish,Chowdhury,Male,1983-01-28,43,Married,2,Diploma,Salaried,Nurse,503000,Kolkata,West Bengal,Owned,10,manish.chowdhury654@outlook.com,+91-8372099626,Verified,2015-02-19
CUST100470,Rohan,Khan,Male,1998-11-22,27,Single,1,Diploma,Salaried,Analyst,338000,Ahmedabad,Gujarat,Owned,7,rohan.khan909@rediffmail.com,+91-8978492336,Verified,2017-07-10
CUST100471,Anil,Kaur,Male,1983-10-31,42,Divorced,3,Graduate,Salaried,HR Manager,695300,Mysuru,Karnataka,Rented,8,anil.kaur837@yahoo.in,+91-7619858220,Pending,2016-04-23
CUST100472,Kavya,Mehta,Female,1997-05-31,29,Single,1,Graduate,Salaried,Nurse,379700,Bengaluru,Karnataka,Mortgaged,11,kavya.mehta718@yahoo.in,+91-8657671360,Verified,2016-05-28
CUST100473,Deepak,Mukherjee,Male,1976-10-13,49,Married,1,Graduate,Salaried,Teacher,738400,Delhi,Delhi,Owned,20,deepak.mukherjee796@outlook.com,+91-7427831409,Verified,2017-03-11
CUST100474,Aarav,Banerjee,Male,1998-04-25,28,Married,1,Graduate,Salaried,Analyst,892900,Noida,Uttar Pradesh,Owned,9,aarav.banerjee416@outlook.com,+91-8458166312,Verified,2023-02-05
CUST100475,Vivaan,Mukherjee,Male,1984-02-29,42,Married,3,Graduate,Salaried,Software Engineer,496400,Noida,Uttar Pradesh,Rented,6,vivaan.mukherjee604@gmail.com,+91-8612158179,Verified,2022-05-27
CUST100476,Saanvi,Gill,Female,1996-08-17,29,Single,3,Graduate,Salaried,Analyst,380200,Chandigarh,Chandigarh,Family Owned,3,saanvi.gill766@rediffmail.com,+91-7237664507,Verified,2021-09-13
CUST100477,Rohan,Iyer,Male,2005-03-09,21,Divorced,2,High School,Salaried,Accountant,210800,Chennai,Tamil Nadu,Owned,2,rohan.iyer364@outlook.com,+91-7960413856,Verified,2024-03-20
CUST100478,Tanvi,Ahmed,Female,1990-06-05,36,Married,2,Post Graduate,Salaried,Software Engineer,300100,Delhi,Delhi,Rented,3,tanvi.ahmed428@rediffmail.com,+91-9486847653,Verified,2022-11-03
CUST100479,Lakshmi,Iyer,Female,1996-07-18,29,Divorced,0,Graduate,Salaried,Analyst,494900,Chandigarh,Chandigarh,Rented,11,lakshmi.iyer470@rediffmail.com,+91-8083829732,Pending,2023-09-12
CUST100480,Riya,Bose,Female,1970-03-23,56,Divorced,2,Post Graduate,Salaried,Teacher,460800,Lucknow,Uttar Pradesh,Rented,12,riya.bose108@gmail.com,+91-9194350318,Pending,2014-12-18
CUST100481,Riya,Gupta,Female,1998-08-28,27,Married,0,Post Graduate,Retired,Pensioner,120000,Ahmedabad,Gujarat,Mortgaged,9,riya.gupta387@yahoo.in,+91-9653557483,Verified,2017-09-28
CUST100482,Aadhya,Bose,Female,1993-08-26,32,Married,6,Diploma,Self-Employed,Lawyer,419400,Bengaluru,Karnataka,Owned,14,aadhya.bose409@outlook.com,+91-8061388362,Verified,2014-07-04
CUST100483,Diya,Mehta,Female,1987-01-05,39,Married,1,Diploma,Business Owner,Contractor,514500,Pune,Maharashtra,Rented,3,diya.mehta570@gmail.com,+91-9527178341,Verified,2016-11-15
CUST100484,Krishna,Das,Male,1951-08-16,74,Single,0,Graduate,Salaried,Sales Executive,2229700,Bengaluru,Karnataka,Family Owned,17,krishna.das160@yahoo.in,+91-7929956690,Pending,2018-06-10
CUST100485,Sneha,Naidu,Female,2004-09-02,21,Single,2,Diploma,Salaried,HR Manager,471900,Bhopal,Madhya Pradesh,Owned,3,sneha.naidu454@rediffmail.com,+91-8341961042,Verified,2021-10-31
CUST100486,Fatima,Das,Female,2004-09-01,21,Married,1,Graduate,Self-Employed,Freelance Designer,861100,Chandigarh,Chandigarh,Owned,3,fatima.das147@yahoo.in,+91-8587418131,Verified,2023-04-09
CUST100487,Sana,Rao,Female,2003-03-09,23,Married,2,Graduate,Business Owner,Retail Store Owner,1160700,Bengaluru,Karnataka,Family Owned,5,sana.rao131@gmail.com,+91-9781743730,Pending,2022-05-13
CUST100488,Aanya,Bose,Female,2000-01-11,26,Married,0,High School,Salaried,Analyst,859900,Kochi,Kerala,Rented,8,aanya.bose932@outlook.com,+91-8051599040,Verified,2021-09-11
CUST100489,Dev,Kaur,Male,1968-09-17,57,Married,2,Post Graduate,Salaried,Software Engineer,470900,Nagpur,Maharashtra,Family Owned,22,dev.kaur237@rediffmail.com,+91-7614339075,Pending,2018-10-02
CUST100490,Harsh,Bhat,Male,1983-10-21,42,Married,2,Post Graduate,Salaried,Bank Officer,721900,Coimbatore,Tamil Nadu,Rented,10,harsh.bhat868@rediffmail.com,+91-7154215723,Pending,2017-11-02
CUST100491,Nikhil,Ahmed,Male,1979-10-24,46,Married,2,Post Graduate,Unemployed,Student,319000,Nagpur,Maharashtra,Owned,16,nikhil.ahmed265@gmail.com,+91-7037107521,Pending,2021-05-27
CUST100492,Ayaan,Singh,Male,1989-11-18,36,Single,2,Professional Degree,Self-Employed,Architect,842400,Gurugram,Haryana,Rented,1,ayaan.singh571@gmail.com,+91-7633965213,Verified,2014-06-03
CUST100493,Sandeep,Patel,Male,1979-07-11,46,Single,1,Graduate,Self-Employed,Chartered Accountant,323400,Noida,Uttar Pradesh,Owned,6,sandeep.patel53@rediffmail.com,+91-8222196676,Verified,2015-02-03
CUST100494,Vikram,Singh,Male,1990-12-07,35,Married,0,Graduate,Salaried,Analyst,395800,Noida,Uttar Pradesh,Owned,17,vikram.singh273@outlook.com,+91-7867312516,Pending,2019-01-03
CUST100495,Sana,Bose,Female,1983-12-10,42,Single,0,Graduate,Salaried,Analyst,225600,Nagpur,Maharashtra,Family Owned,8,sana.bose363@rediffmail.com,+91-9596042149,Verified,2014-05-24
CUST100496,Rajesh,Nair,Male,1988-02-13,38,Single,1,Diploma,Self-Employed,Freelance Designer,382100,Kolkata,West Bengal,Rented,19,rajesh.nair288@gmail.com,+91-7847729869,Verified,2022-03-13
CUST100497,Rahul,Malhotra,Male,1990-02-12,36,Married,0,Graduate,Salaried,Accountant,529000,Hyderabad,Telangana,Rented,13,rahul.malhotra245@yahoo.in,+91-8374914427,Verified,2022-09-08
CUST100498,Zara,Kaur,Female,1985-04-01,41,Single,1,Diploma,Retired,Retired Private Sector,232900,Kolkata,West Bengal,Owned,9,zara.kaur940@gmail.com,+91-8172905184,Verified,2022-10-05
CUST100499,Aadhya,Malhotra,Female,1992-08-14,33,Single,0,Post Graduate,Salaried,Accountant,822600,Gurugram,Haryana,Rented,12,aadhya.malhotra272@yahoo.in,+91-8431838131,Verified,2019-03-28
CUST100500,Swati,Nair,Female,1977-04-07,49,Single,0,Graduate,Salaried,HR Manager,455400,Nagpur,Maharashtra,Family Owned,16,swati.nair965@rediffmail.com,+91-8733353919,Verified,2021-10-29
CUST100501,Shreya,Iyer,Female,1993-03-01,33,Single,1,Post Graduate,Self-Employed,Consultant,573100,Mumbai,Maharashtra,Family Owned,12,shreya.iyer814@outlook.com,+91-9794132663,Verified,2024-03-26
CUST100502,Reyansh,Mukherjee,Male,1977-01-30,49,Married,2,Graduate,Salaried,Bank Officer,390900,Kochi,Kerala,Rented,23,reyansh.mukherjee450@gmail.com,+91-8193368960,Verified,2022-03-10
CUST100503,Neha,Naidu,Female,1997-09-01,28,Married,3,Diploma,Self-Employed,Chartered Accountant,171800,Surat,Gujarat,Family Owned,10,neha.naidu305@outlook.com,+91-7933516060,Verified,2018-10-17
CUST100504,Krishna,Gill,Male,1978-04-19,48,Single,1,Graduate,Salaried,Accountant,1421400,Indore,Madhya Pradesh,Owned,4,krishna.gill780@outlook.com,+91-7896495858,Verified,2017-06-15
CUST100505,Aadhya,Nair,Female,2004-07-20,21,Married,3,High School,Salaried,HR Manager,151200,Kochi,Kerala,Rented,0,aadhya.nair510@outlook.com,+91-7915887092,Verified,2022-08-17
CUST100506,Sana,Iyer,Female,1995-07-02,31,Single,4,Graduate,Business Owner,Manufacturer,475100,Ahmedabad,Gujarat,Owned,10,sana.iyer893@rediffmail.com,+91-8660057032,Pending,2018-05-31
CUST100507,Anika,Reddy,Female,1992-08-22,33,Married,0,Graduate,Self-Employed,Lawyer,552400,Jaipur,Rajasthan,Owned,11,anika.reddy866@outlook.com,+91-7455927459,Pending,2018-03-25
CUST100508,Saanvi,Iyer,Female,1988-09-13,37,Single,0,Diploma,Salaried,Teacher,272700,Chennai,Tamil Nadu,Family Owned,8,saanvi.iyer6@gmail.com,+91-8399102856,Verified,2014-07-18
CUST100509,Riya,Kapoor,Female,1987-04-24,39,Married,0,Post Graduate,Salaried,Analyst,774500,Chandigarh,Chandigarh,Mortgaged,10,riya.kapoor707@outlook.com,+91-9647181167,Verified,2023-03-24
CUST100510,Anil,Kapoor,Male,1972-02-23,54,Married,2,Graduate,Salaried,Accountant,491800,Lucknow,Uttar Pradesh,Mortgaged,21,anil.kapoor1@gmail.com,+91-7056872745,Pending,2021-11-09
CUST100511,Krishna,Deshpande,Male,1983-12-03,42,Married,1,Professional Degree,Self-Employed,Chartered Accountant,1451100,Jaipur,Rajasthan,Owned,20,krishna.deshpande528@gmail.com,+91-7047429548,Verified,2024-05-14
CUST100512,Priya,Deshpande,Female,1988-04-14,38,Married,3,Professional Degree,Business Owner,Restaurant Owner,670800,Kochi,Kerala,Rented,8,priya.deshpande893@gmail.com,+91-7145682301,Pending,2017-05-04
CUST100513,Amit,Ahmed,Male,1990-12-13,35,Single,0,Diploma,Self-Employed,Architect,361300,Indore,Madhya Pradesh,Mortgaged,17,amit.ahmed113@gmail.com,+91-8210559774,Verified,2016-07-09
CUST100514,Rajesh,Verma,Male,2005-01-11,21,Married,0,Post Graduate,Self-Employed,Lawyer,487300,Mumbai,Maharashtra,Mortgaged,3,rajesh.verma407@yahoo.in,+91-9738842729,Pending,2022-06-10
CUST100515,Suresh,Gill,Male,1983-02-01,43,Single,0,Diploma,Salaried,Accountant,387200,Bengaluru,Karnataka,Mortgaged,18,suresh.gill176@rediffmail.com,+91-7983145012,Verified,2023-01-05
CUST100516,Ayaan,Kaur,Male,2003-01-24,23,Married,0,Professional Degree,Self-Employed,Doctor (Practice),675300,Hyderabad,Telangana,Rented,5,ayaan.kaur561@rediffmail.com,+91-9866634470,Verified,2021-11-19
CUST100517,Swati,Shah,Female,1982-03-17,44,Married,3,Post Graduate,Self-Employed,Freelance Designer,1362000,Kochi,Kerala,Owned,12,swati.shah423@yahoo.in,+91-9753608531,Pending,2023-08-24
CUST100518,Saanvi,Joshi,Female,1985-12-07,40,Married,2,Post Graduate,Salaried,Nurse,527400,Mumbai,Maharashtra,Rented,20,saanvi.joshi150@gmail.com,+91-8823428264,Verified,2015-08-07
CUST100519,Priya,Nair,Female,1991-04-24,35,Married,1,Post Graduate,Business Owner,Trader,412800,Bengaluru,Karnataka,Owned,17,priya.nair56@rediffmail.com,+91-9427027765,Pending,2024-01-17
CUST100520,Dev,Gill,Male,1981-02-06,45,Married,4,Post Graduate,Salaried,Analyst,455100,Kolkata,West Bengal,Owned,20,dev.gill933@outlook.com,+91-9596040135,Verified,2018-04-30
CUST100521,Isha,Joshi,Female,1992-05-15,34,Married,2,Diploma,Self-Employed,Lawyer,308100,Lucknow,Uttar Pradesh,Family Owned,11,isha.joshi933@yahoo.in,+91-8483327088,Verified,2013-07-31
CUST100522,Ayaan,Gupta,Male,1961-08-23,64,Married,0,Graduate,Salaried,Accountant,840200,Bhopal,Madhya Pradesh,Rented,6,ayaan.gupta426@rediffmail.com,+91-7461631518,Verified,2023-05-04
CUST100523,Rohan,Malhotra,Male,1993-07-25,32,Widowed,1,Post Graduate,Salaried,Analyst,401500,Gurugram,Haryana,Owned,14,rohan.malhotra702@yahoo.in,+91-9582834890,Verified,2015-05-07
CUST100524,Yash,Mehta,Male,1993-01-14,33,Widowed,3,Diploma,Self-Employed,Freelance Designer,465000,Delhi,Delhi,Owned,8,yash.mehta997@gmail.com,+91-9168967154,Verified,2020-01-27
CUST100525,Aarohi,Mukherjee,Female,1984-08-27,41,Married,1,Post Graduate,Salaried,Software Engineer,305800,Chandigarh,Chandigarh,Rented,10,aarohi.mukherjee658@gmail.com,+91-8294549760,Verified,2020-01-24
CUST100526,Aarohi,Das,Female,1988-09-05,37,Married,1,Post Graduate,Salaried,Bank Officer,265300,Pune,Maharashtra,Owned,5,aarohi.das76@rediffmail.com,+91-8266604907,Verified,2022-12-23
CUST100527,Reyansh,Khan,Male,2005-06-22,21,Married,1,Graduate,Self-Employed,Doctor (Practice),407400,Pune,Maharashtra,Rented,3,reyansh.khan300@outlook.com,+91-7216992893,Pending,2022-12-05
CUST100528,Aarohi,Bhat,Female,1995-08-28,30,Single,2,Post Graduate,Salaried,Teacher,371100,Noida,Uttar Pradesh,Family Owned,12,aarohi.bhat989@gmail.com,+91-7028035066,Verified,2016-10-19
CUST100529,Pranav,Verma,Male,1975-10-26,50,Married,1,Graduate,Salaried,Teacher,488000,Mumbai,Maharashtra,Rented,2,pranav.verma670@gmail.com,+91-7918025138,Verified,2020-09-05
CUST100530,Yash,Khan,Male,2004-12-22,21,Married,1,Graduate,Salaried,Analyst,142200,Coimbatore,Tamil Nadu,Owned,3,yash.khan248@outlook.com,+91-8690882318,Verified,2022-03-02
CUST100531,Rohan,Verma,Male,1989-01-11,37,Married,0,High School,Salaried,Software Engineer,553600,Lucknow,Uttar Pradesh,Mortgaged,2,rohan.verma505@outlook.com,+91-8196732773,Pending,2015-11-27
CUST100532,Nisha,Joshi,Female,2001-05-21,25,Married,1,High School,Unemployed,Student,120000,Indore,Madhya Pradesh,Owned,4,nisha.joshi336@outlook.com,+91-9056407953,Verified,2017-08-10
CUST100533,Sandeep,Bhat,Male,2004-10-08,21,Married,1,Post Graduate,Self-Employed,Consultant,583100,Pune,Maharashtra,Family Owned,3,sandeep.bhat410@rediffmail.com,+91-9316943633,Verified,2023-05-15
CUST100534,Yash,Deshpande,Male,1994-11-08,31,Married,3,Post Graduate,Self-Employed,Freelance Designer,635000,Indore,Madhya Pradesh,Owned,6,yash.deshpande409@yahoo.in,+91-9287874600,Pending,2023-04-28
CUST100535,Divya,Kapoor,Female,1980-12-24,45,Divorced,1,High School,Retired,Retired Government Employee,120000,Surat,Gujarat,Rented,13,divya.kapoor473@gmail.com,+91-8127742408,Verified,2021-07-07
CUST100536,Swati,Kaur,Female,1981-11-02,44,Single,1,High School,Salaried,Teacher,206500,Ahmedabad,Gujarat,Owned,15,swati.kaur932@rediffmail.com,+91-8822599604,Pending,2022-05-28
CUST100537,Dev,Kaur,Male,2001-06-03,25,Single,0,Diploma,Business Owner,Retail Store Owner,850200,Ahmedabad,Gujarat,Rented,7,dev.kaur356@yahoo.in,+91-8254905922,Verified,2023-05-13
CUST100538,Amit,Iyer,Male,1975-01-10,51,Divorced,1,Graduate,Self-Employed,Consultant,453300,Bengaluru,Karnataka,Rented,8,amit.iyer717@gmail.com,+91-9072299303,Verified,2023-01-09
CUST100539,Manish,Malhotra,Male,1985-10-20,40,Married,1,High School,Salaried,Analyst,220400,Surat,Gujarat,Mortgaged,4,manish.malhotra243@yahoo.in,+91-8334756644,Verified,2022-12-01
CUST100540,Nisha,Joshi,Female,1984-05-04,42,Married,1,Post Graduate,Salaried,Teacher,629100,Noida,Uttar Pradesh,Family Owned,24,nisha.joshi820@outlook.com,+91-8432525044,Verified,2014-08-11
CUST100541,Aarav,Khan,Male,1984-05-19,42,Married,1,Post Graduate,Salaried,Software Engineer,1197900,Noida,Uttar Pradesh,Owned,9,aarav.khan371@rediffmail.com,+91-8356021788,Pending,2020-01-09
CUST100542,Kavya,Iyer,Female,1996-04-14,30,Single,1,Post Graduate,Salaried,Bank Officer,568000,Mysuru,Karnataka,Owned,12,kavya.iyer453@rediffmail.com,+91-7816039917,Pending,2015-05-22
CUST100543,Vikram,Nair,Male,1973-08-19,52,Married,2,Professional Degree,Business Owner,Trader,1109700,Surat,Gujarat,Rented,23,vikram.nair162@gmail.com,+91-8595213812,Verified,2018-05-14
CUST100544,Reyansh,Banerjee,Male,1978-05-02,48,Widowed,2,Post Graduate,Salaried,Sales Executive,827000,Kolkata,West Bengal,Rented,14,reyansh.banerjee449@outlook.com,+91-7598273270,Verified,2014-12-08
CUST100545,Suresh,Nair,Male,1977-06-18,49,Married,1,Post Graduate,Unemployed,Student,134300,Jaipur,Rajasthan,Mortgaged,22,suresh.nair240@outlook.com,+91-7759723098,Pending,2024-04-03
CUST100546,Arjun,Iyer,Male,1999-12-21,26,Married,2,Graduate,Salaried,Software Engineer,930600,Coimbatore,Tamil Nadu,Rented,0,arjun.iyer83@outlook.com,+91-7597008582,Verified,2019-03-22
CUST100547,Siddharth,Malhotra,Male,1998-01-16,28,Married,3,Diploma,Self-Employed,Architect,784800,Kochi,Kerala,Owned,10,siddharth.malhotra66@gmail.com,+91-7071411202,Pending,2020-10-19
CUST100548,Vihaan,Deshpande,Male,2003-03-27,23,Married,1,Graduate,Salaried,Bank Officer,120000,Jaipur,Rajasthan,Rented,5,vihaan.deshpande113@rediffmail.com,+91-8034719064,Verified,2022-07-31
CUST100549,Anil,Patel,Male,2001-07-27,24,Widowed,1,Graduate,Salaried,Bank Officer,283700,Noida,Uttar Pradesh,Mortgaged,6,anil.patel793@yahoo.in,+91-7896881326,Verified,2019-10-25
CUST100550,Anjali,Mukherjee,Female,1980-08-15,45,Single,1,Diploma,Unemployed,Student,136900,Lucknow,Uttar Pradesh,Mortgaged,2,anjali.mukherjee679@rediffmail.com,+91-8378593263,Pending,2020-02-21
CUST100551,Neha,Bose,Female,1986-05-24,40,Single,1,Graduate,Salaried,Nurse,701000,Coimbatore,Tamil Nadu,Rented,22,neha.bose946@gmail.com,+91-8759325759,Pending,2015-10-03
CUST100552,Rohan,Kaur,Male,1994-02-19,32,Married,0,Graduate,Salaried,Analyst,469900,Delhi,Delhi,Rented,14,rohan.kaur105@yahoo.in,+91-7281875545,Pending,2015-05-27
CUST100553,Sneha,Gill,Female,1980-05-26,46,Single,2,Graduate,Salaried,Accountant,252500,Lucknow,Uttar Pradesh,Family Owned,18,sneha.gill481@gmail.com,+91-8079274254,Verified,2021-04-29
CUST100554,Karthik,Sharma,Male,1991-07-04,35,Single,0,Graduate,Salaried,Software Engineer,370000,Indore,Madhya Pradesh,Owned,13,karthik.sharma521@gmail.com,+91-7683666254,Verified,2016-02-15
CUST100555,Pooja,Iyer,Female,1978-06-18,48,Married,0,Post Graduate,Self-Employed,Doctor (Practice),757800,Ahmedabad,Gujarat,Owned,13,pooja.iyer463@yahoo.in,+91-8531374482,Verified,2021-12-06
CUST100556,Fatima,Gill,Female,1980-01-18,46,Single,0,Graduate,Unemployed,Student,120000,Chennai,Tamil Nadu,Rented,10,fatima.gill682@outlook.com,+91-9847504816,Pending,2021-06-27
CUST100557,Nisha,Bhat,Female,1995-02-04,31,Single,2,Post Graduate,Salaried,Nurse,324900,Pune,Maharashtra,Rented,13,nisha.bhat868@gmail.com,+91-7444764857,Pending,2015-02-18
CUST100558,Isha,Joshi,Female,2005-07-03,21,Single,5,Graduate,Salaried,Teacher,412600,Chandigarh,Chandigarh,Owned,3,isha.joshi858@gmail.com,+91-7129146185,Verified,2022-10-26
CUST100559,Meera,Singh,Female,1977-04-08,49,Single,2,Post Graduate,Business Owner,Retail Store Owner,1270800,Hyderabad,Telangana,Rented,11,meera.singh98@gmail.com,+91-7298371780,Pending,2016-03-27
CUST100560,Anika,Khan,Female,1992-07-11,33,Single,2,Graduate,Salaried,HR Manager,504600,Delhi,Delhi,Family Owned,15,anika.khan856@yahoo.in,+91-8712855416,Verified,2022-05-30
CUST100561,Aarohi,Nair,Female,2002-01-08,24,Married,1,Graduate,Salaried,Accountant,400000,Kochi,Kerala,Owned,6,aarohi.nair85@gmail.com,+91-9562297148,Verified,2024-05-08
CUST100562,Ayesha,Banerjee,Female,1979-03-08,47,Divorced,1,Post Graduate,Salaried,Teacher,504100,Mysuru,Karnataka,Owned,11,ayesha.banerjee511@outlook.com,+91-8647982804,Pending,2015-02-12
CUST100563,Ananya,Mukherjee,Female,1987-10-22,38,Divorced,2,Graduate,Retired,Retired Government Employee,259500,Mysuru,Karnataka,Rented,0,ananya.mukherjee843@gmail.com,+91-9262503917,Verified,2023-02-23
CUST100564,Deepak,Khan,Male,1987-10-23,38,Married,0,Post Graduate,Salaried,HR Manager,1136100,Delhi,Delhi,Family Owned,14,deepak.khan592@yahoo.in,+91-9482178233,Verified,2019-12-27
CUST100565,Ishaan,Gupta,Male,1996-06-15,30,Married,1,Post Graduate,Salaried,Analyst,954700,Coimbatore,Tamil Nadu,Mortgaged,7,ishaan.gupta969@outlook.com,+91-8854351375,Pending,2019-03-07
CUST100566,Aditya,Kulkarni,Male,1997-01-13,29,Single,2,Post Graduate,Salaried,Nurse,302700,Hyderabad,Telangana,Owned,11,aditya.kulkarni406@gmail.com,+91-7927324115,Verified,2016-12-09
CUST100567,Amit,Joshi,Male,2004-11-10,21,Divorced,0,Graduate,Unemployed,Homemaker,130600,Mumbai,Maharashtra,Mortgaged,3,amit.joshi990@gmail.com,+91-8116090807,Pending,2022-05-01
CUST100568,Aadhya,Patel,Female,1987-08-23,38,Single,0,Post Graduate,Salaried,Nurse,386000,Bengaluru,Karnataka,Family Owned,19,aadhya.patel947@outlook.com,+91-8549118332,Pending,2018-07-31
CUST100569,Nikhil,Sheikh,Male,1973-10-16,52,Married,2,Graduate,Salaried,Software Engineer,201300,Mysuru,Karnataka,Rented,11,nikhil.sheikh882@rediffmail.com,+91-9470617532,Verified,2019-10-14
CUST100570,Harsh,Kaur,Male,2004-11-03,21,Married,2,Professional Degree,Salaried,Sales Executive,654200,Nagpur,Maharashtra,Rented,3,harsh.kaur42@gmail.com,+91-8519464930,Verified,2022-08-26
CUST100571,Anika,Iyer,Female,1975-09-07,50,Single,3,Diploma,Salaried,Sales Executive,1388800,Mumbai,Maharashtra,Owned,2,anika.iyer638@yahoo.in,+91-7619294313,Verified,2021-03-23
CUST100572,Kabir,Deshpande,Male,1996-03-08,30,Single,2,Graduate,Salaried,Analyst,565000,Surat,Gujarat,Mortgaged,6,kabir.deshpande650@rediffmail.com,+91-8551927991,Verified,2015-08-20
CUST100573,Sneha,Bose,Female,1978-11-22,47,Married,0,Graduate,Salaried,Bank Officer,625000,Ahmedabad,Gujarat,Rented,7,sneha.bose244@yahoo.in,+91-7439551105,Verified,2017-01-15
CUST100574,Neha,Iyer,Female,1990-11-19,35,Married,0,High School,Salaried,Software Engineer,206500,Bengaluru,Karnataka,Rented,10,neha.iyer132@gmail.com,+91-8320485817,Verified,2020-06-03
CUST100575,Kritika,Sheikh,Female,1993-11-06,32,Married,0,Post Graduate,Salaried,Accountant,2467100,Bhopal,Madhya Pradesh,Family Owned,7,kritika.sheikh617@yahoo.in,+91-8414112379,Verified,2016-09-08
CUST100576,Vikram,Sheikh,Male,1993-09-27,32,Divorced,2,High School,Salaried,Nurse,510700,Delhi,Delhi,Family Owned,14,vikram.sheikh423@yahoo.in,+91-7165090104,Pending,2016-11-07
CUST100577,Tanvi,Naidu,Female,1990-05-04,36,Married,4,High School,Salaried,Nurse,258300,Kolkata,West Bengal,Owned,6,tanvi.naidu463@rediffmail.com,+91-9849898123,Verified,2022-07-17
CUST100578,Ayesha,Reddy,Female,1991-11-23,34,Single,0,Graduate,Business Owner,Restaurant Owner,214100,Mysuru,Karnataka,Rented,16,ayesha.reddy784@outlook.com,+91-9730774556,Verified,2017-09-28
CUST100579,Divya,Nair,Female,1994-02-02,32,Married,1,Diploma,Salaried,HR Manager,419700,Pune,Maharashtra,Owned,8,divya.nair660@outlook.com,+91-7854853029,Verified,2019-08-06
CUST100580,Shreya,Joshi,Female,1978-10-31,47,Married,1,High School,Salaried,Accountant,373400,Surat,Gujarat,Owned,19,shreya.joshi231@yahoo.in,+91-8427954693,Verified,2016-03-12
CUST100581,Ananya,Khan,Female,1997-02-25,29,Married,0,High School,Retired,Pensioner,120000,Mysuru,Karnataka,Rented,2,ananya.khan420@yahoo.in,+91-7839970409,Verified,2023-10-31
CUST100582,Rajesh,Deshpande,Male,1987-01-11,39,Single,2,Graduate,Self-Employed,Doctor (Practice),392500,Indore,Madhya Pradesh,Mortgaged,19,rajesh.deshpande975@yahoo.in,+91-8351004843,Verified,2019-12-03
CUST100583,Harsh,Verma,Male,1972-09-19,53,Married,0,Graduate,Salaried,Sales Executive,820800,Hyderabad,Telangana,Family Owned,6,harsh.verma494@gmail.com,+91-9866843297,Pending,2022-06-26
CUST100584,Divya,Kapoor,Female,1978-01-03,48,Married,0,Diploma,Salaried,Analyst,416300,Mumbai,Maharashtra,Mortgaged,9,divya.kapoor67@outlook.com,+91-8496826046,Verified,2014-05-08
CUST100585,Ayaan,Kapoor,Male,1970-11-07,55,Divorced,2,Graduate,Self-Employed,Consultant,362200,Lucknow,Uttar Pradesh,Rented,23,ayaan.kapoor35@rediffmail.com,+91-7971595894,Verified,2017-07-23
CUST100586,Aarav,Reddy,Male,1982-07-15,43,Widowed,0,Graduate,Salaried,Sales Executive,246800,Coimbatore,Tamil Nadu,Owned,0,aarav.reddy629@gmail.com,+91-8973765922,Verified,2021-04-19
CUST100587,Krishna,Bhat,Male,2005-04-11,21,Married,3,Graduate,Self-Employed,Doctor (Practice),856600,Mysuru,Karnataka,Rented,3,krishna.bhat679@outlook.com,+91-8777998660,Verified,2022-01-06
CUST100588,Pranav,Kapoor,Male,1989-08-30,36,Divorced,0,Professional Degree,Unemployed,Student,282700,Chandigarh,Chandigarh,Mortgaged,10,pranav.kapoor861@rediffmail.com,+91-9535215654,Verified,2017-04-06
CUST100589,Dev,Gill,Male,1980-11-23,45,Single,4,Graduate,Salaried,Software Engineer,729800,Indore,Madhya Pradesh,Owned,4,dev.gill81@rediffmail.com,+91-9248660923,Pending,2021-10-08
CUST100590,Suresh,Bose,Male,1994-06-12,32,Married,1,Graduate,Salaried,Nurse,457300,Mysuru,Karnataka,Owned,12,suresh.bose952@yahoo.in,+91-7512838373,Verified,2017-08-13
CUST100591,Fatima,Joshi,Female,1981-07-10,44,Married,1,Graduate,Retired,Pensioner,120000,Delhi,Delhi,Mortgaged,12,fatima.joshi725@outlook.com,+91-9874370709,Verified,2023-01-30
CUST100592,Swati,Rao,Female,1971-10-02,54,Single,0,Graduate,Salaried,Analyst,588700,Kochi,Kerala,Owned,9,swati.rao487@gmail.com,+91-8987985191,Verified,2021-09-24
CUST100593,Aarohi,Singh,Female,1986-05-13,40,Divorced,0,Professional Degree,Retired,Retired Government Employee,268400,Mysuru,Karnataka,Rented,6,aarohi.singh105@gmail.com,+91-9616735138,Verified,2014-05-29
CUST100594,Deepika,Khan,Female,1980-03-25,46,Married,0,Graduate,Self-Employed,Chartered Accountant,639700,Lucknow,Uttar Pradesh,Rented,8,deepika.khan86@rediffmail.com,+91-7714553125,Verified,2023-01-19
CUST100595,Yash,Sheikh,Male,1989-01-13,37,Single,1,Diploma,Self-Employed,Freelance Designer,191100,Noida,Uttar Pradesh,Rented,0,yash.sheikh624@rediffmail.com,+91-7879669072,Pending,2018-12-15
CUST100596,Isha,Gupta,Female,2002-03-14,24,Married,3,Post Graduate,Salaried,HR Manager,594900,Hyderabad,Telangana,Mortgaged,6,isha.gupta46@rediffmail.com,+91-7168652481,Verified,2020-08-18
CUST100597,Pooja,Das,Female,1991-08-08,34,Married,0,Graduate,Self-Employed,Chartered Accountant,483500,Chennai,Tamil Nadu,Mortgaged,4,pooja.das817@yahoo.in,+91-7817551200,Pending,2019-11-01
CUST100598,Suresh,Deshpande,Male,1974-12-21,51,Married,2,Post Graduate,Business Owner,Trader,724600,Nagpur,Maharashtra,Owned,12,suresh.deshpande371@gmail.com,+91-9895582490,Pending,2015-06-28
CUST100599,Zaid,Sheikh,Male,1981-02-23,45,Single,0,Post Graduate,Self-Employed,Freelance Designer,276900,Chandigarh,Chandigarh,Owned,22,zaid.sheikh53@gmail.com,+91-9541405282,Verified,2016-05-13
CUST100600,Deepika,Kaur,Female,1973-11-06,52,Married,2,Graduate,Salaried,HR Manager,440600,Noida,Uttar Pradesh,Rented,7,deepika.kaur862@yahoo.in,+91-8279731452,Verified,2021-05-04
CUST100601,Tanvi,Shah,Female,1989-11-07,36,Single,3,Graduate,Salaried,Sales Executive,224100,Gurugram,Haryana,Mortgaged,8,tanvi.shah851@outlook.com,+91-8547215213,Verified,2019-07-17
CUST100602,Aadhya,Khan,Female,1969-03-17,57,Married,1,Graduate,Salaried,Software Engineer,440800,Nagpur,Maharashtra,Mortgaged,7,aadhya.khan649@yahoo.in,+91-8661241794,Verified,2019-08-07
CUST100603,Deepika,Khan,Female,1982-08-21,43,Married,1,Graduate,Salaried,Analyst,494400,Jaipur,Rajasthan,Owned,10,deepika.khan434@rediffmail.com,+91-7918180324,Pending,2018-06-19
CUST100604,Farhan,Ahmed,Male,1987-07-12,38,Married,1,Post Graduate,Salaried,Software Engineer,1007500,Mumbai,Maharashtra,Rented,7,farhan.ahmed649@yahoo.in,+91-7482978731,Verified,2020-10-25
CUST100605,Deepak,Ahmed,Male,1982-10-12,43,Married,2,High School,Salaried,Accountant,138600,Chandigarh,Chandigarh,Rented,8,deepak.ahmed32@gmail.com,+91-8847983617,Verified,2023-05-08
CUST100606,Aarohi,Sharma,Female,1993-02-26,33,Married,3,Graduate,Salaried,Sales Executive,434000,Chennai,Tamil Nadu,Owned,15,aarohi.sharma436@outlook.com,+91-8413734174,Verified,2014-05-08
CUST100607,Siddharth,Shah,Male,2003-01-03,23,Widowed,1,Graduate,Business Owner,Retail Store Owner,297700,Gurugram,Haryana,Rented,1,siddharth.shah560@gmail.com,+91-8947282005,Pending,2019-11-17
CUST100608,Shreya,Menon,Female,1973-04-02,53,Married,0,Post Graduate,Salaried,Bank Officer,721600,Bhopal,Madhya Pradesh,Mortgaged,3,shreya.menon75@yahoo.in,+91-9078781298,Verified,2019-02-07
CUST100609,Ishaan,Malhotra,Male,1989-01-05,37,Married,0,High School,Salaried,HR Manager,213900,Noida,Uttar Pradesh,Rented,6,ishaan.malhotra939@gmail.com,+91-8628391780,Pending,2016-08-29
CUST100610,Siddharth,Das,Male,1979-02-07,47,Single,0,Post Graduate,Salaried,Sales Executive,906700,Mysuru,Karnataka,Mortgaged,7,siddharth.das209@rediffmail.com,+91-9359463846,Verified,2015-09-24
CUST100611,Rajesh,Chowdhury,Male,1996-10-03,29,Married,1,Graduate,Salaried,Bank Officer,670700,Gurugram,Haryana,Rented,3,rajesh.chowdhury188@yahoo.in,+91-9074336934,Verified,2018-07-05
CUST100612,Deepika,Verma,Female,1987-05-18,39,Married,1,Graduate,Salaried,Accountant,551300,Chandigarh,Chandigarh,Owned,17,deepika.verma361@yahoo.in,+91-9123103901,Pending,2014-01-05
CUST100613,Deepak,Patel,Male,1991-12-17,34,Married,0,Professional Degree,Business Owner,Trader,1091000,Mysuru,Karnataka,Family Owned,6,deepak.patel646@yahoo.in,+91-7076516219,Verified,2019-11-21
CUST100614,Deepika,Malhotra,Female,2000-01-27,26,Married,1,Post Graduate,Salaried,Accountant,242600,Mumbai,Maharashtra,Family Owned,8,deepika.malhotra746@rediffmail.com,+91-9678482292,Verified,2017-12-11
CUST100615,Rohan,Gill,Male,1972-03-05,54,Single,1,High School,Salaried,Accountant,506200,Gurugram,Haryana,Rented,22,rohan.gill442@gmail.com,+91-8212795115,Verified,2020-11-28
CUST100616,Farhan,Das,Male,1963-03-16,63,Married,2,Post Graduate,Salaried,Software Engineer,1181800,Gurugram,Haryana,Rented,15,farhan.das538@rediffmail.com,+91-8543487369,Verified,2017-09-01
CUST100617,Rahul,Khan,Male,1977-03-28,49,Single,1,Graduate,Self-Employed,Consultant,623300,Gurugram,Haryana,Family Owned,22,rahul.khan286@rediffmail.com,+91-7461503137,Verified,2018-12-19
CUST100618,Aditya,Kaur,Male,1968-02-23,58,Married,3,Diploma,Business Owner,Manufacturer,678200,Kolkata,West Bengal,Rented,5,aditya.kaur418@gmail.com,+91-9329104241,Verified,2018-06-19
CUST100619,Saanvi,Gupta,Female,1978-05-31,48,Married,1,High School,Unemployed,Student,120000,Kochi,Kerala,Rented,24,saanvi.gupta765@gmail.com,+91-9024556635,Pending,2018-02-14
CUST100620,Meera,Ahmed,Female,1986-07-23,39,Married,3,High School,Salaried,Analyst,446000,Mysuru,Karnataka,Mortgaged,11,meera.ahmed951@yahoo.in,+91-7446626642,Verified,2020-01-27
CUST100621,Aanya,Reddy,Female,2000-10-08,25,Married,3,Graduate,Salaried,HR Manager,460800,Delhi,Delhi,Mortgaged,7,aanya.reddy928@rediffmail.com,+91-7664713693,Pending,2021-02-17
CUST100622,Rajesh,Menon,Male,1993-12-19,32,Single,1,High School,Salaried,Bank Officer,461400,Bengaluru,Karnataka,Rented,14,rajesh.menon563@gmail.com,+91-9127051450,Verified,2019-04-24
CUST100623,Isha,Deshpande,Female,1983-09-12,42,Married,1,Graduate,Salaried,Teacher,622400,Indore,Madhya Pradesh,Owned,6,isha.deshpande141@yahoo.in,+91-7724702239,Verified,2020-07-07
CUST100624,Pranav,Verma,Male,1987-08-24,38,Married,0,Professional Degree,Salaried,Software Engineer,821800,Bengaluru,Karnataka,Family Owned,3,pranav.verma615@rediffmail.com,+91-9756001973,Verified,2022-04-18
CUST100625,Diya,Verma,Female,2000-06-20,26,Married,2,Graduate,Salaried,Teacher,498300,Chennai,Tamil Nadu,Family Owned,8,diya.verma996@gmail.com,+91-9862536286,Verified,2023-01-08
CUST100626,Shreya,Menon,Female,2001-06-30,25,Married,3,Graduate,Self-Employed,Consultant,362700,Jaipur,Rajasthan,Rented,7,shreya.menon562@yahoo.in,+91-9016599083,Verified,2018-11-24
CUST100627,Rajesh,Banerjee,Male,1988-05-22,38,Divorced,1,Post Graduate,Retired,Pensioner,144400,Lucknow,Uttar Pradesh,Rented,8,rajesh.banerjee215@outlook.com,+91-7797991133,Verified,2021-08-02
CUST100628,Sandeep,Singh,Male,1970-10-27,55,Married,1,Diploma,Salaried,Accountant,469300,Bhopal,Madhya Pradesh,Rented,9,sandeep.singh816@yahoo.in,+91-8547365760,Verified,2013-07-05
CUST100629,Swati,Khan,Female,1984-04-20,42,Divorced,0,Diploma,Business Owner,Contractor,238400,Gurugram,Haryana,Rented,9,swati.khan445@gmail.com,+91-8228014182,Pending,2015-08-29
CUST100630,Ishaan,Sharma,Male,2005-01-09,21,Married,1,Post Graduate,Self-Employed,Chartered Accountant,360600,Delhi,Delhi,Mortgaged,3,ishaan.sharma469@gmail.com,+91-8663644687,Verified,2022-08-29
CUST100631,Swati,Naidu,Female,1992-02-26,34,Married,1,Graduate,Retired,Retired Government Employee,278600,Surat,Gujarat,Rented,11,swati.naidu821@yahoo.in,+91-7958248648,Verified,2017-11-14
CUST100632,Sana,Rao,Female,1986-04-19,40,Married,1,Post Graduate,Unemployed,Not Employed,212900,Indore,Madhya Pradesh,Mortgaged,13,sana.rao739@gmail.com,+91-8684576669,Verified,2018-02-14
CUST100633,Diya,Chowdhury,Female,1991-03-10,35,Single,0,Graduate,Self-Employed,Lawyer,153500,Ahmedabad,Gujarat,Family Owned,9,diya.chowdhury656@outlook.com,+91-9754180627,Pending,2019-08-16
CUST100634,Manish,Shah,Male,1977-12-26,48,Widowed,2,Graduate,Salaried,Nurse,424100,Pune,Maharashtra,Family Owned,14,manish.shah977@gmail.com,+91-7282330078,Verified,2017-02-23
CUST100635,Arjun,Reddy,Male,1955-09-22,70,Married,0,Graduate,Salaried,HR Manager,541500,Kolkata,West Bengal,Mortgaged,5,arjun.reddy924@outlook.com,+91-9167967458,Pending,2015-06-04
CUST100636,Shreya,Deshpande,Female,1984-10-16,41,Single,0,Professional Degree,Business Owner,Trader,958200,Chandigarh,Chandigarh,Family Owned,18,shreya.deshpande896@gmail.com,+91-9339551740,Pending,2015-10-23
CUST100637,Ishaan,Verma,Male,1982-04-27,44,Married,1,Diploma,Salaried,Teacher,262600,Ahmedabad,Gujarat,Owned,11,ishaan.verma168@yahoo.in,+91-9519702877,Verified,2024-03-02
CUST100638,Saanvi,Malhotra,Female,2000-01-12,26,Single,1,Diploma,Salaried,Sales Executive,1059800,Nagpur,Maharashtra,Owned,8,saanvi.malhotra680@rediffmail.com,+91-9870660813,Pending,2018-09-14
CUST100639,Riya,Khan,Female,1988-10-12,37,Married,2,Diploma,Self-Employed,Chartered Accountant,211600,Coimbatore,Tamil Nadu,Rented,19,riya.khan284@gmail.com,+91-7370204332,Pending,2016-10-12
CUST100640,Arjun,Sheikh,Male,1998-01-25,28,Single,2,Diploma,Salaried,Bank Officer,476400,Chandigarh,Chandigarh,Mortgaged,0,arjun.sheikh411@gmail.com,+91-9093850640,Verified,2023-06-27
CUST100641,Ishaan,Deshpande,Male,1979-01-06,47,Married,0,Graduate,Self-Employed,Doctor (Practice),929300,Coimbatore,Tamil Nadu,Family Owned,12,ishaan.deshpande697@gmail.com,+91-7551616545,Verified,2021-07-19
CUST100642,Arjun,Naidu,Male,1979-08-29,46,Single,1,Post Graduate,Salaried,Accountant,583600,Hyderabad,Telangana,Rented,23,arjun.naidu65@yahoo.in,+91-9118092040,Verified,2022-12-17
CUST100643,Pooja,Khan,Female,1972-11-27,53,Single,0,Professional Degree,Self-Employed,Consultant,1267600,Lucknow,Uttar Pradesh,Rented,7,pooja.khan456@outlook.com,+91-7376973276,Verified,2021-07-22
CUST100644,Ishaan,Kulkarni,Male,1983-01-19,43,Married,2,High School,Salaried,Accountant,228100,Lucknow,Uttar Pradesh,Owned,9,ishaan.kulkarni81@gmail.com,+91-8415551533,Verified,2024-04-22
CUST100645,Anjali,Gill,Female,1985-09-29,40,Single,0,Diploma,Salaried,Accountant,678500,Jaipur,Rajasthan,Owned,22,anjali.gill853@yahoo.in,+91-9414654941,Verified,2021-10-23
CUST100646,Shreya,Joshi,Female,1987-09-07,38,Married,2,Graduate,Retired,Retired Government Employee,345700,Coimbatore,Tamil Nadu,Rented,12,shreya.joshi134@rediffmail.com,+91-9241747515,Verified,2022-08-09
CUST100647,Rahul,Banerjee,Male,1975-09-07,50,Single,0,Post Graduate,Salaried,Software Engineer,651900,Indore,Madhya Pradesh,Owned,6,rahul.banerjee54@gmail.com,+91-9625186590,Verified,2019-07-20
CUST100648,Pranav,Deshpande,Male,1979-12-18,46,Widowed,2,Diploma,Self-Employed,Freelance Designer,244600,Indore,Madhya Pradesh,Owned,4,pranav.deshpande978@rediffmail.com,+91-9038330211,Pending,2019-07-31
CUST100649,Lakshmi,Mukherjee,Female,1994-09-22,31,Single,2,Graduate,Business Owner,Retail Store Owner,203800,Mumbai,Maharashtra,Family Owned,13,lakshmi.mukherjee829@rediffmail.com,+91-8542923768,Verified,2024-02-21
CUST100650,Farhan,Reddy,Male,1967-03-06,59,Married,1,Graduate,Business Owner,Trader,963000,Ahmedabad,Gujarat,Owned,17,farhan.reddy380@yahoo.in,+91-9629941639,Pending,2016-07-27
CUST100651,Kritika,Das,Female,1989-10-08,36,Married,1,Post Graduate,Salaried,Sales Executive,160100,Chandigarh,Chandigarh,Rented,13,kritika.das907@outlook.com,+91-9522523700,Verified,2021-08-24
CUST100652,Rahul,Kaur,Male,2005-05-29,21,Married,0,Post Graduate,Salaried,Bank Officer,784500,Hyderabad,Telangana,Family Owned,3,rahul.kaur89@gmail.com,+91-7312611806,Verified,2023-11-20
CUST100653,Manish,Bose,Male,1952-07-05,73,Married,0,Graduate,Salaried,Teacher,851500,Kochi,Kerala,Rented,9,manish.bose372@outlook.com,+91-7592475128,Verified,2022-11-05
CUST100654,Ritu,Singh,Female,2004-08-01,21,Married,2,Graduate,Self-Employed,Doctor (Practice),1415900,Kochi,Kerala,Rented,3,ritu.singh397@rediffmail.com,+91-7354620620,Verified,2023-08-24
CUST100655,Fatima,Das,Female,1996-03-17,30,Single,4,Diploma,Salaried,Software Engineer,536300,Hyderabad,Telangana,Owned,1,fatima.das452@outlook.com,+91-7788811847,Verified,2023-05-15
CUST100656,Vikram,Khan,Male,1973-12-15,52,Married,1,Post Graduate,Salaried,Nurse,562200,Indore,Madhya Pradesh,Mortgaged,13,vikram.khan707@outlook.com,+91-7692081217,Verified,2015-09-28
CUST100657,Siddharth,Joshi,Male,1998-01-24,28,Single,3,Graduate,Self-Employed,Consultant,1049300,Kochi,Kerala,Owned,10,siddharth.joshi622@outlook.com,+91-8063319321,Pending,2018-08-20
CUST100658,Rajesh,Joshi,Male,1982-01-13,44,Married,2,Diploma,Business Owner,Restaurant Owner,1255400,Gurugram,Haryana,Mortgaged,5,rajesh.joshi890@rediffmail.com,+91-9326249323,Verified,2021-01-15
CUST100659,Aanya,Gill,Female,1981-03-02,45,Married,1,Graduate,Retired,Retired Government Employee,137900,Noida,Uttar Pradesh,Rented,15,aanya.gill225@gmail.com,+91-8482812936,Verified,2023-05-20
CUST100660,Amit,Sharma,Male,1974-11-11,51,Married,1,Graduate,Salaried,Teacher,168400,Indore,Madhya Pradesh,Owned,9,amit.sharma566@rediffmail.com,+91-8643062453,Verified,2022-12-13
CUST100661,Anika,Kapoor,Female,1978-10-18,47,Married,1,High School,Salaried,Nurse,300100,Ahmedabad,Gujarat,Rented,21,anika.kapoor239@gmail.com,+91-7296465092,Verified,2024-02-17
CUST100662,Anil,Kulkarni,Male,2002-06-24,24,Single,0,Graduate,Salaried,Analyst,236800,Coimbatore,Tamil Nadu,Mortgaged,6,anil.kulkarni436@outlook.com,+91-8947939438,Verified,2018-12-19
CUST100663,Anil,Patel,Male,1981-05-31,45,Single,2,High School,Self-Employed,Chartered Accountant,180200,Hyderabad,Telangana,Family Owned,6,anil.patel498@rediffmail.com,+91-9053604108,Verified,2016-11-13
CUST100664,Harsh,Shah,Male,1977-12-13,48,Married,1,Post Graduate,Self-Employed,Architect,614700,Noida,Uttar Pradesh,Mortgaged,13,harsh.shah791@rediffmail.com,+91-7955133150,Verified,2018-03-28
CUST100665,Manish,Iyer,Male,1972-06-12,54,Married,2,High School,Self-Employed,Consultant,403300,Nagpur,Maharashtra,Rented,13,manish.iyer62@outlook.com,+91-9063958481,Verified,2022-01-26
CUST100666,Aanya,Deshpande,Female,1963-07-24,62,Married,1,Post Graduate,Salaried,Accountant,739500,Hyderabad,Telangana,Rented,4,aanya.deshpande952@rediffmail.com,+91-8529991517,Pending,2018-06-07
CUST100667,Meera,Khan,Female,2001-05-23,25,Single,2,Graduate,Salaried,Software Engineer,451600,Lucknow,Uttar Pradesh,Rented,7,meera.khan651@outlook.com,+91-8484688453,Verified,2020-04-11
CUST100668,Deepika,Menon,Female,1995-06-19,31,Married,2,Graduate,Salaried,Sales Executive,157700,Kolkata,West Bengal,Family Owned,2,deepika.menon3@outlook.com,+91-7189582508,Verified,2017-10-23
CUST100669,Ayesha,Chopra,Female,1993-04-08,33,Married,1,Diploma,Salaried,Analyst,261500,Nagpur,Maharashtra,Owned,7,ayesha.chopra47@yahoo.in,+91-9470154657,Pending,2016-01-17
CUST100670,Aarohi,Sheikh,Female,1981-10-26,44,Married,1,High School,Salaried,HR Manager,120400,Noida,Uttar Pradesh,Mortgaged,11,aarohi.sheikh469@outlook.com,+91-8790939655,Pending,2024-05-12
CUST100671,Neha,Naidu,Female,1976-06-16,50,Single,0,Professional Degree,Salaried,Nurse,812200,Surat,Gujarat,Owned,17,neha.naidu161@gmail.com,+91-9511176786,Pending,2021-03-21
CUST100672,Shreya,Patel,Female,1997-04-30,29,Married,3,Graduate,Salaried,Nurse,606600,Noida,Uttar Pradesh,Rented,10,shreya.patel323@yahoo.in,+91-7356751993,Verified,2019-09-26
CUST100673,Nisha,Singh,Female,1985-03-01,41,Single,0,Post Graduate,Salaried,Teacher,651600,Indore,Madhya Pradesh,Family Owned,1,nisha.singh718@rediffmail.com,+91-9396481156,Verified,2015-08-08
CUST100674,Arjun,Verma,Male,1984-12-13,41,Single,1,Graduate,Self-Employed,Architect,454000,Noida,Uttar Pradesh,Rented,11,arjun.verma505@gmail.com,+91-7842141883,Verified,2022-03-12
CUST100675,Aarohi,Deshpande,Female,1997-05-21,29,Single,1,Post Graduate,Business Owner,Restaurant Owner,913500,Indore,Madhya Pradesh,Rented,10,aarohi.deshpande989@rediffmail.com,+91-7918961677,Verified,2021-12-02
CUST100676,Anika,Gupta,Female,2003-05-16,23,Widowed,2,Professional Degree,Self-Employed,Doctor (Practice),616500,Kolkata,West Bengal,Rented,5,anika.gupta453@rediffmail.com,+91-8377834025,Verified,2023-06-20
CUST100677,Sneha,Deshpande,Female,2004-07-18,21,Single,3,Diploma,Salaried,Nurse,257800,Noida,Uttar Pradesh,Owned,3,sneha.deshpande304@outlook.com,+91-9438855309,Verified,2021-10-03
CUST100678,Siddharth,Mehta,Male,2000-03-03,26,Widowed,2,Diploma,Business Owner,Manufacturer,371500,Hyderabad,Telangana,Mortgaged,8,siddharth.mehta173@rediffmail.com,+91-9422680987,Verified,2018-08-07
CUST100679,Pooja,Reddy,Female,1986-08-15,39,Married,2,Graduate,Retired,Pensioner,260500,Kochi,Kerala,Owned,21,pooja.reddy367@outlook.com,+91-7413532455,Pending,2019-04-04
CUST100680,Manish,Gupta,Male,1988-11-27,37,Single,1,Post Graduate,Salaried,HR Manager,1053100,Jaipur,Rajasthan,Owned,19,manish.gupta573@yahoo.in,+91-9739491493,Verified,2018-12-13
CUST100681,Deepika,Das,Female,1970-06-13,56,Widowed,1,Graduate,Business Owner,Trader,1127000,Kochi,Kerala,Rented,3,deepika.das576@gmail.com,+91-8288190368,Verified,2014-07-27
CUST100682,Sneha,Shah,Female,1971-03-02,55,Married,2,Post Graduate,Salaried,Bank Officer,759800,Mysuru,Karnataka,Rented,1,sneha.shah444@yahoo.in,+91-8244594081,Verified,2021-10-20
CUST100683,Ayesha,Rao,Female,1983-04-11,43,Married,1,Graduate,Salaried,Bank Officer,263400,Bengaluru,Karnataka,Family Owned,3,ayesha.rao77@gmail.com,+91-9762113876,Verified,2015-07-27
CUST100684,Anika,Kaur,Female,1988-04-21,38,Married,3,Post Graduate,Salaried,Accountant,571300,Chandigarh,Chandigarh,Family Owned,5,anika.kaur381@outlook.com,+91-9337964082,Verified,2015-04-27
CUST100685,Vikram,Gill,Male,1986-01-04,40,Married,1,Graduate,Salaried,HR Manager,387900,Mysuru,Karnataka,Rented,18,vikram.gill504@rediffmail.com,+91-8593246893,Verified,2017-06-11
CUST100686,Ritu,Gill,Female,1973-01-21,53,Married,0,Professional Degree,Self-Employed,Consultant,1144000,Jaipur,Rajasthan,Rented,5,ritu.gill269@rediffmail.com,+91-8981303386,Pending,2022-04-10
CUST100687,Ishaan,Bhat,Male,2002-02-01,24,Divorced,0,Graduate,Salaried,Nurse,170700,Surat,Gujarat,Owned,6,ishaan.bhat294@rediffmail.com,+91-9235904756,Verified,2022-08-28
CUST100688,Zara,Reddy,Female,1997-09-19,28,Divorced,1,Graduate,Self-Employed,Doctor (Practice),222400,Bhopal,Madhya Pradesh,Owned,10,zara.reddy48@gmail.com,+91-9188937402,Verified,2023-07-23
CUST100689,Meera,Verma,Female,1993-04-15,33,Married,0,High School,Salaried,HR Manager,676900,Bhopal,Madhya Pradesh,Family Owned,1,meera.verma327@yahoo.in,+91-8655481111,Verified,2022-05-20
CUST100690,Amit,Kulkarni,Male,1991-04-12,35,Married,0,Post Graduate,Salaried,Nurse,730000,Kolkata,West Bengal,Rented,12,amit.kulkarni171@outlook.com,+91-8464790510,Pending,2013-07-28
CUST100691,Isha,Khan,Female,1977-12-05,48,Widowed,4,Graduate,Salaried,Analyst,185200,Surat,Gujarat,Mortgaged,5,isha.khan773@yahoo.in,+91-9582322410,Verified,2021-07-29
CUST100692,Kritika,Malhotra,Female,1978-06-26,48,Single,1,High School,Unemployed,Homemaker,120000,Nagpur,Maharashtra,Family Owned,19,kritika.malhotra753@yahoo.in,+91-9577417748,Verified,2020-09-05
CUST100693,Zara,Chowdhury,Female,2003-06-05,23,Divorced,0,Diploma,Self-Employed,Consultant,241600,Nagpur,Maharashtra,Mortgaged,5,zara.chowdhury857@outlook.com,+91-8899274153,Verified,2019-12-01
CUST100694,Deepak,Kaur,Male,1972-08-21,53,Single,0,Diploma,Self-Employed,Lawyer,428200,Mumbai,Maharashtra,Rented,1,deepak.kaur928@yahoo.in,+91-8419362351,Verified,2020-10-31
CUST100695,Divya,Mukherjee,Female,1976-11-13,49,Married,3,Post Graduate,Self-Employed,Architect,2466800,Coimbatore,Tamil Nadu,Owned,16,divya.mukherjee728@yahoo.in,+91-7813215132,Verified,2014-01-19
CUST100696,Sowmya,Sheikh,Female,1999-02-13,27,Divorced,1,Professional Degree,Self-Employed,Freelance Designer,1912700,Bhopal,Madhya Pradesh,Mortgaged,4,sowmya.sheikh286@rediffmail.com,+91-9748283412,Verified,2023-02-15
CUST100697,Ishaan,Sharma,Male,2001-12-01,24,Married,2,Professional Degree,Salaried,Nurse,2088200,Pune,Maharashtra,Rented,6,ishaan.sharma469@yahoo.in,+91-7094594448,Pending,2020-06-16
CUST100698,Aanya,Nair,Female,1998-04-30,28,Married,1,Post Graduate,Salaried,Nurse,425000,Kolkata,West Bengal,Owned,2,aanya.nair505@gmail.com,+91-7318486867,Verified,2022-07-05
CUST100699,Aarohi,Ahmed,Female,2000-05-05,26,Married,1,Post Graduate,Salaried,Sales Executive,379900,Pune,Maharashtra,Family Owned,8,aarohi.ahmed234@yahoo.in,+91-9225432645,Verified,2017-12-21
CUST100700,Vihaan,Bhat,Male,1975-04-02,51,Married,3,Post Graduate,Salaried,Teacher,519300,Bhopal,Madhya Pradesh,Family Owned,21,vihaan.bhat403@outlook.com,+91-9228555539,Verified,2023-01-27
CUST100701,Zara,Chowdhury,Female,1997-04-26,29,Married,1,Diploma,Self-Employed,Freelance Designer,334300,Surat,Gujarat,Rented,1,zara.chowdhury174@outlook.com,+91-9799086800,Verified,2019-10-09
CUST100702,Ayaan,Kapoor,Male,1999-02-23,27,Single,1,Graduate,Salaried,Nurse,409400,Bengaluru,Karnataka,Owned,9,ayaan.kapoor3@outlook.com,+91-9160276396,Verified,2023-04-01
CUST100703,Nikhil,Kulkarni,Male,1989-11-10,36,Single,0,Post Graduate,Unemployed,Homemaker,120000,Chandigarh,Chandigarh,Owned,10,nikhil.kulkarni415@gmail.com,+91-8574956958,Pending,2022-12-01
CUST100704,Kritika,Mehta,Female,2000-11-28,25,Single,0,Post Graduate,Salaried,HR Manager,304000,Lucknow,Uttar Pradesh,Rented,7,kritika.mehta738@outlook.com,+91-7297342455,Verified,2021-05-26
CUST100705,Dev,Kapoor,Male,1986-10-24,39,Single,1,Graduate,Salaried,Teacher,224500,Hyderabad,Telangana,Rented,2,dev.kapoor37@yahoo.in,+91-9799613179,Pending,2022-04-13
CUST100706,Shreya,Chopra,Female,1979-08-21,46,Single,1,Diploma,Salaried,Analyst,587100,Gurugram,Haryana,Family Owned,9,shreya.chopra405@rediffmail.com,+91-9589378075,Verified,2024-03-09
CUST100707,Anjali,Rao,Female,1978-09-12,47,Single,4,Graduate,Self-Employed,Lawyer,345600,Surat,Gujarat,Owned,24,anjali.rao994@outlook.com,+91-8582233611,Verified,2014-08-24
CUST100708,Nisha,Das,Female,1983-03-11,43,Single,1,Graduate,Retired,Pensioner,137600,Kolkata,West Bengal,Rented,23,nisha.das11@yahoo.in,+91-8660069394,Verified,2018-04-06
CUST100709,Arjun,Ahmed,Male,1997-10-01,28,Married,1,Graduate,Salaried,Sales Executive,234600,Kochi,Kerala,Rented,10,arjun.ahmed469@gmail.com,+91-8327194659,Verified,2024-04-26
CUST100710,Siddharth,Naidu,Male,1972-12-31,53,Married,2,Graduate,Salaried,Nurse,457000,Ahmedabad,Gujarat,Mortgaged,2,siddharth.naidu423@rediffmail.com,+91-8251846571,Verified,2019-08-19
CUST100711,Saanvi,Menon,Female,1974-11-19,51,Married,1,Graduate,Salaried,HR Manager,271300,Ahmedabad,Gujarat,Rented,3,saanvi.menon384@outlook.com,+91-8493452194,Verified,2016-10-14
CUST100712,Anil,Khan,Male,1986-12-13,39,Divorced,0,Post Graduate,Business Owner,Restaurant Owner,908000,Bengaluru,Karnataka,Owned,21,anil.khan830@rediffmail.com,+91-9596599133,Verified,2014-03-01
CUST100713,Pooja,Reddy,Female,1981-01-20,45,Divorced,2,Diploma,Salaried,Bank Officer,247400,Lucknow,Uttar Pradesh,Family Owned,0,pooja.reddy412@outlook.com,+91-9079775359,Verified,2018-02-07
CUST100714,Aditya,Bhat,Male,1994-03-23,32,Widowed,1,Diploma,Business Owner,Retail Store Owner,860100,Bhopal,Madhya Pradesh,Mortgaged,14,aditya.bhat633@yahoo.in,+91-7253945152,Verified,2022-02-16
CUST100715,Imran,Reddy,Male,1993-08-08,32,Single,1,Post Graduate,Self-Employed,Doctor (Practice),467000,Mysuru,Karnataka,Owned,4,imran.reddy457@outlook.com,+91-7866341637,Verified,2022-11-21
CUST100716,Divya,Singh,Female,1984-08-05,41,Single,1,High School,Salaried,Bank Officer,397200,Lucknow,Uttar Pradesh,Owned,3,divya.singh735@gmail.com,+91-9471431615,Verified,2017-12-28
CUST100717,Amit,Ahmed,Male,1988-08-04,37,Single,0,Graduate,Salaried,Nurse,318500,Mumbai,Maharashtra,Owned,16,amit.ahmed363@gmail.com,+91-8327459596,Pending,2021-06-18
CUST100718,Krishna,Mukherjee,Male,1993-10-04,32,Married,2,Post Graduate,Salaried,Teacher,606800,Kolkata,West Bengal,Rented,13,krishna.mukherjee578@gmail.com,+91-7448708092,Verified,2014-04-01
CUST100719,Saanvi,Shah,Female,1985-09-12,40,Single,1,Graduate,Self-Employed,Chartered Accountant,392900,Hyderabad,Telangana,Rented,22,saanvi.shah907@outlook.com,+91-7617333805,Verified,2017-03-12
CUST100720,Zaid,Ahmed,Male,1985-03-14,41,Married,1,Graduate,Self-Employed,Freelance Designer,350500,Indore,Madhya Pradesh,Rented,20,zaid.ahmed455@gmail.com,+91-8821804617,Verified,2013-12-07
CUST100721,Dev,Chowdhury,Male,1991-01-30,35,Single,0,Post Graduate,Self-Employed,Lawyer,530000,Delhi,Delhi,Mortgaged,17,dev.chowdhury36@yahoo.in,+91-7228941463,Verified,2017-05-30
CUST100722,Aanya,Ahmed,Female,1988-10-15,37,Single,4,High School,Salaried,Bank Officer,196300,Gurugram,Haryana,Mortgaged,19,aanya.ahmed333@outlook.com,+91-8330695267,Pending,2022-07-14
CUST100723,Manish,Khan,Male,1990-02-19,36,Divorced,3,Professional Degree,Retired,Pensioner,834200,Hyderabad,Telangana,Rented,8,manish.khan659@yahoo.in,+91-9362030701,Pending,2023-05-31
CUST100724,Pooja,Ahmed,Female,2001-08-24,24,Single,1,Post Graduate,Retired,Retired Government Employee,350000,Coimbatore,Tamil Nadu,Rented,6,pooja.ahmed21@gmail.com,+91-8355475784,Verified,2021-06-26
CUST100725,Nikhil,Sheikh,Male,1996-01-17,30,Divorced,1,Graduate,Salaried,HR Manager,366900,Surat,Gujarat,Mortgaged,12,nikhil.sheikh382@outlook.com,+91-9624308254,Verified,2017-02-26
CUST100726,Anika,Kaur,Female,2001-03-07,25,Single,0,Post Graduate,Business Owner,Restaurant Owner,366400,Hyderabad,Telangana,Rented,7,anika.kaur194@yahoo.in,+91-7712524950,Verified,2022-12-12
CUST100727,Aditya,Naidu,Male,1977-03-30,49,Married,0,Graduate,Salaried,Nurse,758400,Pune,Maharashtra,Owned,18,aditya.naidu737@gmail.com,+91-9076732554,Verified,2020-01-03
CUST100728,Anjali,Shah,Female,1979-10-28,46,Married,0,Graduate,Self-Employed,Chartered Accountant,627000,Kolkata,West Bengal,Mortgaged,5,anjali.shah908@rediffmail.com,+91-9350091105,Pending,2023-07-27
CUST100729,Ayesha,Shah,Female,1992-05-07,34,Married,2,Post Graduate,Salaried,Software Engineer,504900,Jaipur,Rajasthan,Rented,16,ayesha.shah478@outlook.com,+91-8153343221,Verified,2017-08-02
CUST100730,Imran,Bhat,Male,1986-02-01,40,Married,1,Graduate,Salaried,Sales Executive,785200,Indore,Madhya Pradesh,Owned,0,imran.bhat743@yahoo.in,+91-9137832455,Pending,2018-01-09
CUST100731,Dev,Kaur,Male,1986-02-23,40,Married,1,Graduate,Self-Employed,Lawyer,258700,Bengaluru,Karnataka,Owned,18,dev.kaur598@gmail.com,+91-9146370189,Pending,2013-12-20
CUST100732,Amit,Mehta,Male,1962-03-15,64,Married,3,High School,Self-Employed,Lawyer,197300,Chennai,Tamil Nadu,Family Owned,14,amit.mehta922@outlook.com,+91-7565753751,Verified,2024-06-15
CUST100733,Sandeep,Mukherjee,Male,1988-09-08,37,Married,1,Graduate,Salaried,Software Engineer,1997600,Surat,Gujarat,Rented,19,sandeep.mukherjee95@rediffmail.com,+91-9535222220,Verified,2019-02-17
CUST100734,Aarav,Chowdhury,Male,2005-04-15,21,Divorced,1,Graduate,Business Owner,Restaurant Owner,686300,Pune,Maharashtra,Owned,3,aarav.chowdhury253@gmail.com,+91-8223902819,Pending,2022-02-21
CUST100735,Fatima,Gill,Female,2005-01-10,21,Married,2,Graduate,Business Owner,Retail Store Owner,495000,Chandigarh,Chandigarh,Rented,3,fatima.gill238@rediffmail.com,+91-7346147419,Verified,2021-10-17
CUST100736,Aanya,Mukherjee,Female,1976-01-01,50,Single,3,Graduate,Unemployed,Homemaker,120000,Bhopal,Madhya Pradesh,Family Owned,22,aanya.mukherjee703@yahoo.in,+91-7942430546,Verified,2014-09-07
CUST100737,Manish,Khan,Male,1986-09-23,39,Divorced,2,Diploma,Salaried,Sales Executive,933200,Mumbai,Maharashtra,Owned,17,manish.khan50@rediffmail.com,+91-9264616576,Pending,2018-01-14
CUST100738,Dev,Shah,Male,1973-07-23,52,Divorced,0,Post Graduate,Salaried,Bank Officer,639200,Jaipur,Rajasthan,Rented,22,dev.shah413@yahoo.in,+91-9687505587,Verified,2020-07-06
CUST100739,Krishna,Menon,Male,1997-01-29,29,Married,0,Graduate,Salaried,Software Engineer,329700,Ahmedabad,Gujarat,Family Owned,5,krishna.menon387@outlook.com,+91-8560167467,Verified,2016-04-27
CUST100740,Yash,Nair,Male,1972-05-02,54,Married,0,Diploma,Business Owner,Contractor,344800,Nagpur,Maharashtra,Rented,20,yash.nair219@rediffmail.com,+91-7074111024,Verified,2013-09-18
CUST100741,Harsh,Deshpande,Male,1987-10-28,38,Married,3,Professional Degree,Self-Employed,Doctor (Practice),612100,Nagpur,Maharashtra,Rented,2,harsh.deshpande412@yahoo.in,+91-9319447598,Verified,2016-10-21
CUST100742,Kabir,Chopra,Male,1987-11-23,38,Single,3,Post Graduate,Retired,Retired Government Employee,373900,Bhopal,Madhya Pradesh,Owned,6,kabir.chopra989@outlook.com,+91-8334394733,Verified,2013-10-21
CUST100743,Kavya,Singh,Female,1989-08-11,36,Married,1,Graduate,Business Owner,Manufacturer,1694900,Pune,Maharashtra,Owned,14,kavya.singh8@gmail.com,+91-7754634537,Verified,2023-10-13
CUST100744,Ayaan,Das,Male,2004-06-03,22,Single,4,High School,Salaried,Analyst,150400,Ahmedabad,Gujarat,Family Owned,4,ayaan.das171@gmail.com,+91-7014323789,Verified,2021-09-30
CUST100745,Rahul,Singh,Male,1977-06-18,49,Divorced,0,Diploma,Salaried,Sales Executive,549800,Jaipur,Rajasthan,Mortgaged,22,rahul.singh879@rediffmail.com,+91-9131383018,Verified,2016-10-22
CUST100746,Arjun,Chowdhury,Male,1979-04-10,47,Divorced,0,Graduate,Salaried,Software Engineer,332600,Kolkata,West Bengal,Owned,13,arjun.chowdhury499@outlook.com,+91-8790574677,Pending,2022-04-14
CUST100747,Karthik,Kaur,Male,1995-11-11,30,Single,3,Diploma,Business Owner,Restaurant Owner,497400,Coimbatore,Tamil Nadu,Owned,2,karthik.kaur643@yahoo.in,+91-9341604445,Pending,2014-01-14
CUST100748,Vikram,Menon,Male,1995-06-07,31,Married,0,Graduate,Self-Employed,Chartered Accountant,317100,Chennai,Tamil Nadu,Rented,13,vikram.menon562@outlook.com,+91-7483952077,Verified,2013-09-20
CUST100749,Kabir,Ahmed,Male,1982-08-09,43,Married,3,Post Graduate,Salaried,Nurse,365100,Mysuru,Karnataka,Rented,16,kabir.ahmed931@outlook.com,+91-8513539073,Verified,2016-04-16
CUST100750,Aarav,Nair,Male,1975-07-14,50,Married,4,Graduate,Unemployed,Student,210400,Mumbai,Maharashtra,Mortgaged,1,aarav.nair655@gmail.com,+91-7457481080,Pending,2019-08-31
CUST100751,Saanvi,Bhat,Female,2000-10-17,25,Married,0,Post Graduate,Salaried,Teacher,368500,Lucknow,Uttar Pradesh,Family Owned,7,saanvi.bhat439@rediffmail.com,+91-9817775433,Verified,2018-01-13
CUST100752,Ayaan,Mehta,Male,1988-02-19,38,Divorced,0,Graduate,Salaried,Analyst,321600,Chennai,Tamil Nadu,Family Owned,12,ayaan.mehta175@yahoo.in,+91-9478136666,Verified,2014-02-12
CUST100753,Zaid,Sharma,Male,1996-08-01,29,Married,1,Post Graduate,Salaried,Nurse,637400,Delhi,Delhi,Rented,11,zaid.sharma681@yahoo.in,+91-7485948891,Verified,2014-07-14
CUST100754,Nikhil,Singh,Male,1979-06-23,47,Single,1,Graduate,Salaried,Sales Executive,354500,Pune,Maharashtra,Family Owned,3,nikhil.singh820@outlook.com,+91-9527442720,Verified,2016-12-11
CUST100755,Nikhil,Rao,Male,1967-12-20,58,Single,0,Professional Degree,Salaried,Analyst,1417500,Pune,Maharashtra,Owned,12,nikhil.rao204@yahoo.in,+91-7614954064,Verified,2014-04-24
CUST100756,Sowmya,Iyer,Female,1997-01-13,29,Married,2,Professional Degree,Business Owner,Trader,682600,Surat,Gujarat,Rented,11,sowmya.iyer605@rediffmail.com,+91-7395352473,Verified,2024-05-11
CUST100757,Suresh,Mukherjee,Male,1985-05-24,41,Married,1,Diploma,Salaried,Bank Officer,1110800,Indore,Madhya Pradesh,Family Owned,0,suresh.mukherjee524@yahoo.in,+91-7163411373,Pending,2018-06-02
CUST100758,Pranav,Sheikh,Male,1972-02-11,54,Married,1,Professional Degree,Retired,Pensioner,859900,Mysuru,Karnataka,Rented,20,pranav.sheikh590@gmail.com,+91-7492182197,Pending,2013-09-22
CUST100759,Sana,Banerjee,Female,1991-01-14,35,Married,2,Graduate,Self-Employed,Chartered Accountant,1591300,Kolkata,West Bengal,Rented,11,sana.banerjee548@outlook.com,+91-7391458613,Pending,2017-08-10
CUST100760,Reyansh,Banerjee,Male,1983-12-17,42,Single,4,Diploma,Self-Employed,Architect,392100,Noida,Uttar Pradesh,Owned,16,reyansh.banerjee991@outlook.com,+91-8477245197,Verified,2020-10-10
CUST100761,Aarohi,Kulkarni,Female,1991-09-28,34,Married,2,Graduate,Salaried,Bank Officer,465600,Delhi,Delhi,Owned,8,aarohi.kulkarni312@rediffmail.com,+91-7783417845,Verified,2020-04-28
CUST100762,Rajesh,Chopra,Male,1988-12-22,37,Married,2,High School,Salaried,Analyst,261100,Indore,Madhya Pradesh,Owned,4,rajesh.chopra545@rediffmail.com,+91-7694989025,Verified,2023-09-07
CUST100763,Amit,Nair,Male,2004-08-08,21,Single,1,Post Graduate,Business Owner,Retail Store Owner,1424300,Coimbatore,Tamil Nadu,Family Owned,3,amit.nair714@rediffmail.com,+91-9133856713,Pending,2021-07-19
CUST100764,Rohan,Das,Male,1986-01-29,40,Married,1,Post Graduate,Salaried,Nurse,797700,Jaipur,Rajasthan,Rented,22,rohan.das290@yahoo.in,+91-7093938119,Verified,2019-08-08
CUST100765,Aarohi,Sheikh,Female,1999-08-14,26,Married,3,Professional Degree,Salaried,HR Manager,898400,Chennai,Tamil Nadu,Owned,8,aarohi.sheikh863@outlook.com,+91-7142001397,Pending,2022-10-13
CUST100766,Ishaan,Menon,Male,1982-05-03,44,Married,1,Graduate,Salaried,Software Engineer,234400,Chennai,Tamil Nadu,Family Owned,19,ishaan.menon232@yahoo.in,+91-9295191402,Verified,2017-10-29
CUST100767,Zara,Kaur,Female,1955-10-12,70,Married,0,Graduate,Salaried,Nurse,751900,Hyderabad,Telangana,Rented,20,zara.kaur438@outlook.com,+91-9061506603,Pending,2018-12-18
CUST100768,Anjali,Bose,Female,1993-08-11,32,Married,1,Graduate,Salaried,Nurse,497700,Surat,Gujarat,Rented,14,anjali.bose723@gmail.com,+91-9823694166,Verified,2024-04-30
CUST100769,Aanya,Ahmed,Female,1980-06-07,46,Single,1,Graduate,Salaried,HR Manager,506300,Ahmedabad,Gujarat,Owned,6,aanya.ahmed22@yahoo.in,+91-7330520063,Verified,2014-02-12
CUST100770,Aadhya,Nair,Female,2000-04-29,26,Married,1,Graduate,Self-Employed,Doctor (Practice),1395500,Chennai,Tamil Nadu,Rented,8,aadhya.nair682@rediffmail.com,+91-8043026401,Verified,2022-02-13
CUST100771,Nikhil,Kulkarni,Male,2002-06-08,24,Married,4,Professional Degree,Business Owner,Retail Store Owner,1164400,Pune,Maharashtra,Family Owned,2,nikhil.kulkarni727@outlook.com,+91-7950440815,Verified,2023-03-02
CUST100772,Aarav,Joshi,Male,1995-09-26,30,Married,1,Post Graduate,Business Owner,Retail Store Owner,1404200,Surat,Gujarat,Rented,12,aarav.joshi481@gmail.com,+91-8958962613,Verified,2023-09-23
CUST100773,Vivaan,Patel,Male,1996-08-31,29,Divorced,2,Professional Degree,Self-Employed,Lawyer,1085300,Coimbatore,Tamil Nadu,Mortgaged,6,vivaan.patel143@gmail.com,+91-9842002605,Verified,2017-11-20
CUST100774,Rajesh,Sheikh,Male,1964-05-05,62,Single,2,Graduate,Salaried,Teacher,756300,Noida,Uttar Pradesh,Owned,3,rajesh.sheikh672@outlook.com,+91-9227194002,Pending,2013-12-16
CUST100775,Swati,Patel,Female,1991-11-23,34,Married,1,Post Graduate,Unemployed,Not Employed,120000,Kolkata,West Bengal,Mortgaged,16,swati.patel598@outlook.com,+91-8282024567,Pending,2013-08-01
CUST100776,Zara,Chopra,Female,1980-08-26,45,Divorced,2,Graduate,Salaried,Software Engineer,449700,Kochi,Kerala,Family Owned,18,zara.chopra346@yahoo.in,+91-7433453975,Verified,2017-06-16
CUST100777,Farhan,Sharma,Male,1974-04-28,52,Single,1,Graduate,Salaried,Bank Officer,410100,Indore,Madhya Pradesh,Owned,1,farhan.sharma7@outlook.com,+91-8089022281,Pending,2015-02-19
CUST100778,Suresh,Chopra,Male,1969-01-18,57,Married,1,Post Graduate,Salaried,Analyst,732100,Hyderabad,Telangana,Rented,18,suresh.chopra265@rediffmail.com,+91-8262914412,Pending,2022-08-29
CUST100779,Nikhil,Naidu,Male,1980-09-25,45,Single,3,High School,Salaried,Nurse,120000,Nagpur,Maharashtra,Rented,4,nikhil.naidu776@yahoo.in,+91-8196471159,Verified,2017-08-22
CUST100780,Kabir,Iyer,Male,1995-11-19,30,Married,1,High School,Salaried,Analyst,575500,Gurugram,Haryana,Family Owned,11,kabir.iyer73@gmail.com,+91-7828657852,Pending,2021-05-18
CUST100781,Saanvi,Reddy,Female,1980-04-17,46,Married,0,High School,Salaried,Nurse,850700,Noida,Uttar Pradesh,Rented,18,saanvi.reddy755@gmail.com,+91-7740467111,Verified,2020-07-27
CUST100782,Pranav,Naidu,Male,1969-02-28,57,Married,1,Post Graduate,Business Owner,Trader,376100,Bengaluru,Karnataka,Family Owned,19,pranav.naidu549@yahoo.in,+91-9656141446,Verified,2024-02-09
CUST100783,Anil,Patel,Male,1978-01-22,48,Married,2,Diploma,Self-Employed,Lawyer,488100,Nagpur,Maharashtra,Mortgaged,1,anil.patel278@rediffmail.com,+91-7424815395,Verified,2014-07-16
CUST100784,Imran,Naidu,Male,1981-11-05,44,Single,1,Diploma,Business Owner,Trader,523600,Pune,Maharashtra,Mortgaged,10,imran.naidu335@rediffmail.com,+91-8160133512,Pending,2019-01-31
CUST100785,Ayaan,Verma,Male,1985-07-04,41,Divorced,0,Graduate,Salaried,Sales Executive,374800,Delhi,Delhi,Rented,15,ayaan.verma560@rediffmail.com,+91-9493224005,Pending,2020-01-02
CUST100786,Sowmya,Ahmed,Female,1997-07-09,28,Married,2,Graduate,Salaried,Teacher,306600,Mysuru,Karnataka,Rented,10,sowmya.ahmed231@yahoo.in,+91-9196976889,Pending,2019-04-15
CUST100787,Nisha,Reddy,Female,1991-07-22,34,Married,1,Graduate,Unemployed,Student,244000,Noida,Uttar Pradesh,Owned,6,nisha.reddy157@rediffmail.com,+91-8491336040,Pending,2019-07-13
CUST100788,Ritu,Bhat,Female,1998-10-25,27,Married,3,Diploma,Self-Employed,Lawyer,282500,Kolkata,West Bengal,Family Owned,9,ritu.bhat867@yahoo.in,+91-7361419359,Verified,2016-07-19
CUST100789,Ishaan,Malhotra,Male,1975-05-15,51,Single,0,Post Graduate,Salaried,Analyst,1056600,Chandigarh,Chandigarh,Rented,5,ishaan.malhotra476@yahoo.in,+91-9672722208,Verified,2017-12-29
CUST100790,Deepak,Khan,Male,1998-09-01,27,Married,4,Post Graduate,Salaried,Nurse,1036300,Noida,Uttar Pradesh,Rented,9,deepak.khan901@yahoo.in,+91-9386899755,Verified,2017-08-15
CUST100791,Dev,Das,Male,1995-11-07,30,Married,0,Post Graduate,Self-Employed,Freelance Designer,843300,Ahmedabad,Gujarat,Owned,12,dev.das920@outlook.com,+91-7167507289,Verified,2018-04-19
CUST100792,Neha,Deshpande,Female,1997-06-15,29,Married,0,Diploma,Retired,Retired Government Employee,172600,Indore,Madhya Pradesh,Rented,11,neha.deshpande957@rediffmail.com,+91-9736657632,Verified,2018-11-23
CUST100793,Aarav,Verma,Male,2004-11-28,21,Single,2,Graduate,Self-Employed,Architect,771600,Surat,Gujarat,Owned,3,aarav.verma822@yahoo.in,+91-9662601333,Verified,2023-11-03
CUST100794,Ayesha,Chowdhury,Female,2004-08-16,21,Married,2,Professional Degree,Salaried,Software Engineer,668400,Mysuru,Karnataka,Rented,0,ayesha.chowdhury991@gmail.com,+91-9655783643,Verified,2023-03-20
CUST100795,Reyansh,Joshi,Male,1994-09-14,31,Divorced,2,Graduate,Self-Employed,Architect,833700,Indore,Madhya Pradesh,Family Owned,11,reyansh.joshi298@rediffmail.com,+91-7123843207,Verified,2014-02-05
CUST100796,Sowmya,Das,Female,1993-06-10,33,Single,1,Professional Degree,Retired,Pensioner,335800,Chennai,Tamil Nadu,Owned,15,sowmya.das559@rediffmail.com,+91-8039251095,Verified,2016-03-06
CUST100797,Kritika,Malhotra,Female,1991-09-07,34,Married,3,Graduate,Salaried,HR Manager,546100,Gurugram,Haryana,Owned,16,kritika.malhotra105@outlook.com,+91-7171434450,Verified,2021-07-19
CUST100798,Isha,Rao,Female,1979-09-16,46,Married,4,Post Graduate,Self-Employed,Lawyer,934500,Lucknow,Uttar Pradesh,Rented,22,isha.rao197@gmail.com,+91-7910286016,Verified,2020-07-01
CUST100799,Reyansh,Mehta,Male,2005-03-28,21,Single,0,Graduate,Salaried,Teacher,1009500,Mumbai,Maharashtra,Owned,3,reyansh.mehta693@yahoo.in,+91-9186705133,Verified,2023-02-22
CUST100800,Vivaan,Bose,Male,1984-08-07,41,Single,3,Graduate,Salaried,Bank Officer,525900,Gurugram,Haryana,Owned,20,vivaan.bose819@outlook.com,+91-7558727537,Verified,2022-07-28
CUST100801,Sandeep,Kaur,Male,1989-02-27,37,Married,2,Graduate,Salaried,Analyst,557500,Chandigarh,Chandigarh,Family Owned,18,sandeep.kaur481@yahoo.in,+91-7781627175,Verified,2015-09-17
CUST100802,Anika,Reddy,Female,1997-04-04,29,Married,2,Post Graduate,Salaried,Sales Executive,493500,Bengaluru,Karnataka,Rented,10,anika.reddy575@outlook.com,+91-9820819485,Verified,2024-06-24
CUST100803,Swati,Verma,Female,1976-09-12,49,Single,2,Graduate,Salaried,Bank Officer,745700,Hyderabad,Telangana,Owned,4,swati.verma266@rediffmail.com,+91-7361462215,Verified,2016-03-27
CUST100804,Lakshmi,Kulkarni,Female,1995-05-29,31,Single,0,Graduate,Salaried,Accountant,618800,Jaipur,Rajasthan,Rented,11,lakshmi.kulkarni583@outlook.com,+91-9568200617,Verified,2024-06-22
CUST100805,Nikhil,Naidu,Male,1988-08-26,37,Single,3,Graduate,Self-Employed,Chartered Accountant,870700,Jaipur,Rajasthan,Rented,19,nikhil.naidu453@rediffmail.com,+91-9670834105,Pending,2019-04-08
CUST100806,Amit,Bhat,Male,1979-05-22,47,Married,1,High School,Self-Employed,Doctor (Practice),290300,Lucknow,Uttar Pradesh,Owned,21,amit.bhat933@gmail.com,+91-8677083908,Verified,2020-05-27
CUST100807,Ritu,Singh,Female,1983-04-25,43,Single,2,High School,Salaried,Analyst,221100,Surat,Gujarat,Rented,6,ritu.singh419@rediffmail.com,+91-9388600541,Verified,2016-08-31
CUST100808,Amit,Kapoor,Male,2001-04-08,25,Single,1,Diploma,Self-Employed,Lawyer,415500,Bhopal,Madhya Pradesh,Family Owned,3,amit.kapoor678@gmail.com,+91-8991594659,Verified,2021-01-13
CUST100809,Ishaan,Kaur,Male,1985-12-17,40,Single,2,Post Graduate,Salaried,Accountant,701000,Chennai,Tamil Nadu,Owned,1,ishaan.kaur422@yahoo.in,+91-9484309024,Verified,2018-05-10
CUST100810,Harsh,Kaur,Male,1988-01-31,38,Single,0,Professional Degree,Self-Employed,Chartered Accountant,1412100,Ahmedabad,Gujarat,Rented,8,harsh.kaur579@yahoo.in,+91-7797835452,Verified,2024-01-27
CUST100811,Divya,Gupta,Female,1982-03-08,44,Married,3,Graduate,Business Owner,Restaurant Owner,957700,Coimbatore,Tamil Nadu,Owned,16,divya.gupta165@gmail.com,+91-9576729202,Verified,2018-01-31
CUST100812,Aditya,Joshi,Male,1979-09-17,46,Single,0,Graduate,Salaried,Accountant,231700,Chandigarh,Chandigarh,Rented,23,aditya.joshi496@gmail.com,+91-7355342668,Verified,2019-06-28
CUST100813,Ishaan,Nair,Male,1968-03-29,58,Single,0,Post Graduate,Salaried,Software Engineer,998700,Bengaluru,Karnataka,Family Owned,16,ishaan.nair386@yahoo.in,+91-8381818255,Verified,2023-01-25
CUST100814,Aadhya,Rao,Female,2005-01-01,21,Single,1,Graduate,Salaried,Teacher,283800,Jaipur,Rajasthan,Owned,3,aadhya.rao114@gmail.com,+91-8810151573,Verified,2024-01-10
CUST100815,Rahul,Rao,Male,1991-12-22,34,Married,3,Graduate,Salaried,HR Manager,609100,Gurugram,Haryana,Mortgaged,11,rahul.rao717@gmail.com,+91-7477276661,Verified,2016-09-18
CUST100816,Aditya,Mehta,Male,1988-07-27,37,Married,1,Post Graduate,Business Owner,Restaurant Owner,718100,Surat,Gujarat,Owned,12,aditya.mehta76@outlook.com,+91-7233010024,Pending,2023-10-04
CUST100817,Pooja,Khan,Female,1972-03-14,54,Single,1,Professional Degree,Self-Employed,Chartered Accountant,1456100,Mumbai,Maharashtra,Rented,7,pooja.khan360@gmail.com,+91-8171199467,Verified,2022-01-23
CUST100818,Kritika,Bhat,Female,1975-11-29,50,Married,1,Professional Degree,Self-Employed,Chartered Accountant,687800,Hyderabad,Telangana,Rented,16,kritika.bhat607@gmail.com,+91-7990954644,Pending,2017-07-03
CUST100819,Harsh,Sharma,Male,1965-08-22,60,Married,0,Diploma,Salaried,Teacher,553400,Coimbatore,Tamil Nadu,Owned,20,harsh.sharma396@rediffmail.com,+91-8361696404,Verified,2019-05-16
CUST100820,Arjun,Menon,Male,1993-04-10,33,Married,1,Graduate,Business Owner,Trader,534000,Pune,Maharashtra,Rented,15,arjun.menon214@outlook.com,+91-9850274402,Verified,2024-02-08
CUST100821,Aarav,Iyer,Male,1991-02-13,35,Married,2,Diploma,Salaried,Software Engineer,457900,Nagpur,Maharashtra,Rented,6,aarav.iyer374@outlook.com,+91-9762931873,Verified,2019-11-09
CUST100822,Shreya,Mukherjee,Female,2004-05-04,22,Married,1,Graduate,Self-Employed,Freelance Designer,312000,Noida,Uttar Pradesh,Owned,4,shreya.mukherjee734@outlook.com,+91-8569301319,Verified,2023-06-08
CUST100823,Ishaan,Iyer,Male,2002-01-21,24,Married,0,Graduate,Salaried,HR Manager,367100,Surat,Gujarat,Owned,6,ishaan.iyer454@outlook.com,+91-9792390535,Verified,2021-10-26
CUST100824,Yash,Chopra,Male,2004-07-16,21,Married,1,High School,Salaried,Sales Executive,132300,Pune,Maharashtra,Owned,3,yash.chopra638@yahoo.in,+91-9028521087,Verified,2023-06-29
CUST100825,Meera,Kulkarni,Female,1984-11-27,41,Married,1,Graduate,Business Owner,Contractor,283400,Kochi,Kerala,Owned,6,meera.kulkarni959@outlook.com,+91-8662972746,Verified,2014-10-07
CUST100826,Pooja,Bose,Female,2002-06-16,24,Single,0,Post Graduate,Business Owner,Contractor,870100,Bengaluru,Karnataka,Family Owned,6,pooja.bose48@yahoo.in,+91-9443992971,Verified,2022-01-01
CUST100827,Manish,Singh,Male,1999-07-21,26,Married,1,Graduate,Self-Employed,Architect,481800,Gurugram,Haryana,Family Owned,8,manish.singh607@rediffmail.com,+91-9833545065,Verified,2023-06-26
CUST100828,Meera,Gupta,Female,2004-07-10,21,Divorced,1,Graduate,Salaried,Sales Executive,446000,Ahmedabad,Gujarat,Owned,3,meera.gupta341@outlook.com,+91-7918020647,Verified,2023-10-11
CUST100829,Aanya,Deshpande,Female,1982-07-14,43,Single,1,Graduate,Business Owner,Manufacturer,764300,Noida,Uttar Pradesh,Owned,23,aanya.deshpande477@yahoo.in,+91-9695791507,Verified,2020-05-11
CUST100830,Sandeep,Mehta,Male,1989-04-12,37,Single,2,Graduate,Self-Employed,Freelance Designer,158100,Noida,Uttar Pradesh,Rented,3,sandeep.mehta856@outlook.com,+91-7070989199,Verified,2013-09-22
CUST100831,Aanya,Sharma,Female,1985-10-10,40,Married,2,Post Graduate,Self-Employed,Consultant,479200,Delhi,Delhi,Mortgaged,5,aanya.sharma293@gmail.com,+91-8738605601,Verified,2018-02-14
CUST100832,Swati,Naidu,Female,1980-01-19,46,Married,1,Diploma,Salaried,Sales Executive,411500,Coimbatore,Tamil Nadu,Owned,19,swati.naidu205@yahoo.in,+91-7527842051,Verified,2021-06-11
CUST100833,Riya,Gill,Female,1991-01-14,35,Married,1,Post Graduate,Salaried,Sales Executive,864300,Lucknow,Uttar Pradesh,Rented,16,riya.gill132@rediffmail.com,+91-9878560882,Verified,2020-06-06
CUST100834,Aditya,Banerjee,Male,1992-06-12,34,Married,1,Post Graduate,Salaried,Sales Executive,298700,Mysuru,Karnataka,Rented,14,aditya.banerjee570@yahoo.in,+91-8983764569,Verified,2023-05-14
CUST100835,Zara,Sheikh,Female,2002-04-02,24,Single,1,Graduate,Salaried,Nurse,969700,Mysuru,Karnataka,Family Owned,6,zara.sheikh908@yahoo.in,+91-9293154655,Verified,2022-11-28
CUST100836,Swati,Banerjee,Female,1972-10-29,53,Married,2,Graduate,Self-Employed,Consultant,763300,Kochi,Kerala,Mortgaged,8,swati.banerjee533@rediffmail.com,+91-9358453738,Verified,2016-11-06
CUST100837,Rahul,Naidu,Male,1982-12-18,43,Married,2,Graduate,Salaried,Software Engineer,384000,Nagpur,Maharashtra,Owned,11,rahul.naidu337@outlook.com,+91-8223697153,Verified,2017-03-19
CUST100838,Kritika,Das,Female,1983-08-03,42,Single,3,Post Graduate,Self-Employed,Architect,774900,Chandigarh,Chandigarh,Owned,22,kritika.das302@yahoo.in,+91-9642988530,Pending,2016-10-17
CUST100839,Reyansh,Gill,Male,1982-11-13,43,Married,3,Post Graduate,Salaried,Accountant,825300,Nagpur,Maharashtra,Owned,5,reyansh.gill481@rediffmail.com,+91-7998243498,Verified,2020-02-18
CUST100840,Deepika,Gill,Female,1983-03-20,43,Single,4,Graduate,Salaried,Software Engineer,546600,Chennai,Tamil Nadu,Owned,21,deepika.gill766@yahoo.in,+91-7265780729,Verified,2014-07-05
CUST100841,Rohan,Naidu,Male,1982-07-07,43,Married,0,Post Graduate,Retired,Pensioner,330500,Nagpur,Maharashtra,Rented,11,rohan.naidu199@gmail.com,+91-8080644808,Pending,2018-11-23
CUST100842,Rahul,Reddy,Male,1990-01-03,36,Divorced,2,Graduate,Salaried,HR Manager,475600,Hyderabad,Telangana,Rented,2,rahul.reddy832@gmail.com,+91-8585775391,Pending,2013-07-15
CUST100843,Kabir,Menon,Male,2000-06-13,26,Single,0,Graduate,Business Owner,Trader,172200,Lucknow,Uttar Pradesh,Owned,8,kabir.menon763@rediffmail.com,+91-8580036280,Verified,2021-12-12
CUST100844,Anika,Verma,Female,2003-07-05,23,Married,3,Graduate,Salaried,HR Manager,591600,Gurugram,Haryana,Family Owned,5,anika.verma817@rediffmail.com,+91-8027531051,Verified,2019-07-23
CUST100845,Pooja,Kaur,Female,1971-01-21,55,Single,4,Graduate,Self-Employed,Architect,555900,Chennai,Tamil Nadu,Mortgaged,8,pooja.kaur568@yahoo.in,+91-9167681268,Verified,2019-03-23
CUST100846,Zaid,Sheikh,Male,1973-11-23,52,Married,0,Graduate,Salaried,HR Manager,714500,Chennai,Tamil Nadu,Family Owned,21,zaid.sheikh199@rediffmail.com,+91-9823062070,Verified,2021-11-11
CUST100847,Imran,Reddy,Male,1984-11-24,41,Married,0,Post Graduate,Salaried,Analyst,1091200,Nagpur,Maharashtra,Owned,11,imran.reddy95@outlook.com,+91-9697948017,Verified,2017-01-22
CUST100848,Aarav,Sharma,Male,1974-06-15,52,Married,4,Post Graduate,Salaried,Sales Executive,360900,Hyderabad,Telangana,Owned,17,aarav.sharma612@gmail.com,+91-9552764354,Pending,2014-04-27
CUST100849,Kavya,Nair,Female,1954-09-06,71,Married,0,Post Graduate,Salaried,Analyst,2444200,Lucknow,Uttar Pradesh,Family Owned,19,kavya.nair948@yahoo.in,+91-7627267661,Verified,2020-02-19
CUST100850,Rohan,Joshi,Male,1986-10-01,39,Married,0,Post Graduate,Salaried,Sales Executive,604900,Kolkata,West Bengal,Family Owned,1,rohan.joshi353@rediffmail.com,+91-9886775875,Verified,2014-12-14
CUST100851,Anjali,Menon,Female,2005-04-30,21,Married,0,Graduate,Self-Employed,Freelance Designer,431100,Coimbatore,Tamil Nadu,Rented,3,anjali.menon844@rediffmail.com,+91-8445325781,Verified,2022-03-20
CUST100852,Kabir,Sheikh,Male,1976-11-11,49,Married,1,Graduate,Salaried,Analyst,329300,Hyderabad,Telangana,Family Owned,5,kabir.sheikh881@yahoo.in,+91-8068434922,Verified,2019-04-10
CUST100853,Priya,Chopra,Female,1974-03-17,52,Married,1,Diploma,Salaried,Teacher,500900,Bengaluru,Karnataka,Family Owned,23,priya.chopra995@outlook.com,+91-7093933392,Verified,2019-04-07
CUST100854,Sneha,Nair,Female,1994-07-06,31,Married,1,Graduate,Self-Employed,Freelance Designer,832200,Indore,Madhya Pradesh,Owned,5,sneha.nair583@gmail.com,+91-9376558271,Verified,2013-07-31
CUST100855,Rajesh,Patel,Male,2002-11-10,23,Single,0,Post Graduate,Salaried,HR Manager,700500,Pune,Maharashtra,Owned,5,rajesh.patel668@outlook.com,+91-7336113986,Verified,2022-06-02
CUST100856,Vihaan,Khan,Male,1986-11-01,39,Married,2,Graduate,Retired,Pensioner,411100,Hyderabad,Telangana,Owned,15,vihaan.khan779@yahoo.in,+91-9410471819,Verified,2015-02-18
CUST100857,Diya,Banerjee,Female,1984-09-22,41,Single,3,Post Graduate,Unemployed,Student,120000,Noida,Uttar Pradesh,Family Owned,16,diya.banerjee876@yahoo.in,+91-7284598154,Verified,2020-03-25
CUST100858,Isha,Gupta,Female,1979-03-31,47,Married,2,Graduate,Salaried,Analyst,526000,Kochi,Kerala,Mortgaged,12,isha.gupta705@rediffmail.com,+91-8399616958,Verified,2023-01-14
CUST100859,Harsh,Menon,Male,1987-02-21,39,Married,1,Graduate,Salaried,Sales Executive,690500,Kolkata,West Bengal,Owned,21,harsh.menon697@outlook.com,+91-8663203712,Verified,2023-04-20
CUST100860,Zaid,Naidu,Male,1987-05-25,39,Married,3,Graduate,Self-Employed,Consultant,851600,Pune,Maharashtra,Rented,21,zaid.naidu928@rediffmail.com,+91-9228435109,Verified,2023-05-26
CUST100861,Reyansh,Bhat,Male,1962-08-03,63,Single,0,Diploma,Salaried,HR Manager,407500,Ahmedabad,Gujarat,Family Owned,5,reyansh.bhat277@yahoo.in,+91-9838610680,Pending,2016-04-27
CUST100862,Vivaan,Reddy,Male,2004-10-21,21,Widowed,1,Graduate,Salaried,Analyst,517900,Gurugram,Haryana,Rented,3,vivaan.reddy719@outlook.com,+91-9250630800,Verified,2024-04-16
CUST100863,Dev,Patel,Male,1985-09-03,40,Married,0,Post Graduate,Salaried,Accountant,690900,Kolkata,West Bengal,Rented,2,dev.patel355@gmail.com,+91-7818374468,Verified,2019-11-17
CUST100864,Krishna,Joshi,Male,1988-01-26,38,Single,1,Professional Degree,Retired,Pensioner,278000,Jaipur,Rajasthan,Owned,9,krishna.joshi497@yahoo.in,+91-8299453829,Verified,2013-12-26
CUST100865,Neha,Kaur,Female,1992-11-12,33,Married,3,Professional Degree,Salaried,Teacher,777200,Delhi,Delhi,Rented,5,neha.kaur88@yahoo.in,+91-7240542332,Verified,2022-09-19
CUST100866,Karthik,Gill,Male,1983-05-29,43,Married,0,Post Graduate,Salaried,Software Engineer,919200,Jaipur,Rajasthan,Rented,15,karthik.gill863@yahoo.in,+91-8755551834,Pending,2019-01-14
CUST100867,Rahul,Banerjee,Male,1996-01-10,30,Single,0,Diploma,Retired,Retired Government Employee,351600,Nagpur,Maharashtra,Family Owned,12,rahul.banerjee45@gmail.com,+91-7565561341,Verified,2022-03-05
CUST100868,Neha,Menon,Female,1982-10-16,43,Single,1,Graduate,Salaried,Nurse,904900,Surat,Gujarat,Rented,5,neha.menon378@outlook.com,+91-9893005283,Verified,2019-06-10
CUST100869,Deepika,Ahmed,Female,1995-01-21,31,Divorced,1,Diploma,Business Owner,Contractor,724300,Lucknow,Uttar Pradesh,Owned,9,deepika.ahmed261@yahoo.in,+91-7759624699,Verified,2023-09-22
CUST100870,Anil,Deshpande,Male,1973-09-23,52,Married,1,Diploma,Salaried,Accountant,168200,Noida,Uttar Pradesh,Family Owned,20,anil.deshpande823@yahoo.in,+91-7292396211,Verified,2016-06-17
CUST100871,Anil,Naidu,Male,2004-11-25,21,Married,3,Post Graduate,Salaried,HR Manager,259500,Jaipur,Rajasthan,Owned,3,anil.naidu11@outlook.com,+91-7397631055,Verified,2024-02-07
CUST100872,Ananya,Patel,Female,1983-11-08,42,Married,2,Graduate,Salaried,Analyst,865400,Delhi,Delhi,Rented,16,ananya.patel425@gmail.com,+91-7131664328,Verified,2020-01-02
CUST100873,Sneha,Chowdhury,Female,1971-09-24,54,Single,2,Graduate,Salaried,Teacher,552900,Chandigarh,Chandigarh,Rented,15,sneha.chowdhury893@yahoo.in,+91-7735033154,Verified,2017-02-06
CUST100874,Nikhil,Bhat,Male,1989-11-20,36,Married,2,Graduate,Salaried,HR Manager,328600,Kochi,Kerala,Family Owned,18,nikhil.bhat641@rediffmail.com,+91-9277939000,Verified,2015-12-26
CUST100875,Vivaan,Ahmed,Male,1995-09-24,30,Divorced,1,Post Graduate,Salaried,Bank Officer,968100,Nagpur,Maharashtra,Owned,1,vivaan.ahmed432@gmail.com,+91-8168780331,Pending,2016-02-16
CUST100876,Rahul,Mukherjee,Male,1969-09-04,56,Single,1,Post Graduate,Salaried,Software Engineer,830500,Jaipur,Rajasthan,Mortgaged,1,rahul.mukherjee819@outlook.com,+91-9273637149,Pending,2015-10-23
CUST100877,Ayesha,Das,Female,1987-12-12,38,Single,1,Diploma,Self-Employed,Freelance Designer,289100,Noida,Uttar Pradesh,Rented,13,ayesha.das434@gmail.com,+91-9082423673,Verified,2013-10-29
CUST100878,Zara,Mehta,Female,1988-03-05,38,Single,0,Diploma,Salaried,Sales Executive,356500,Pune,Maharashtra,Rented,8,zara.mehta822@rediffmail.com,+91-9361461249,Verified,2020-01-26
CUST100879,Rohan,Rao,Male,1977-03-15,49,Single,0,Graduate,Retired,Retired Private Sector,387000,Delhi,Delhi,Rented,3,rohan.rao457@rediffmail.com,+91-7448902957,Verified,2020-01-04
CUST100880,Aarav,Joshi,Male,1986-09-08,39,Married,0,Diploma,Salaried,Analyst,266900,Hyderabad,Telangana,Owned,14,aarav.joshi642@outlook.com,+91-7990626952,Verified,2018-04-02
CUST100881,Amit,Ahmed,Male,1978-04-20,48,Married,0,Graduate,Salaried,Sales Executive,868700,Mysuru,Karnataka,Mortgaged,9,amit.ahmed529@gmail.com,+91-8154283305,Verified,2015-12-03
CUST100882,Priya,Patel,Female,2004-02-27,22,Married,0,Post Graduate,Unemployed,Not Employed,120000,Indore,Madhya Pradesh,Family Owned,4,priya.patel156@yahoo.in,+91-9865379818,Pending,2021-04-22
CUST100883,Aarohi,Kapoor,Female,1992-02-03,34,Single,3,Post Graduate,Self-Employed,Lawyer,1779600,Delhi,Delhi,Rented,7,aarohi.kapoor220@outlook.com,+91-8585255175,Pending,2019-02-16
CUST100884,Sowmya,Gupta,Female,1994-04-12,32,Single,0,Professional Degree,Business Owner,Manufacturer,1217000,Jaipur,Rajasthan,Rented,14,sowmya.gupta181@gmail.com,+91-7871385663,Verified,2024-06-25
CUST100885,Lakshmi,Patel,Female,1982-04-21,44,Married,1,Graduate,Salaried,Software Engineer,730200,Pune,Maharashtra,Owned,24,lakshmi.patel476@rediffmail.com,+91-7930501818,Verified,2023-05-22
CUST100886,Vikram,Joshi,Male,1973-08-19,52,Single,2,High School,Salaried,Nurse,306500,Pune,Maharashtra,Family Owned,10,vikram.joshi716@outlook.com,+91-9479498700,Verified,2013-12-15
CUST100887,Suresh,Kapoor,Male,1987-03-27,39,Single,0,Professional Degree,Salaried,Accountant,1717200,Pune,Maharashtra,Family Owned,7,suresh.kapoor339@rediffmail.com,+91-9217776468,Verified,2020-06-25
CUST100888,Anil,Chowdhury,Male,2005-01-03,21,Married,1,High School,Self-Employed,Consultant,378400,Chandigarh,Chandigarh,Family Owned,1,anil.chowdhury317@rediffmail.com,+91-9047310486,Verified,2023-10-22
CUST100889,Vihaan,Rao,Male,2000-05-14,26,Single,2,Post Graduate,Salaried,Nurse,411900,Jaipur,Rajasthan,Rented,8,vihaan.rao672@outlook.com,+91-7474555221,Verified,2020-02-10
CUST100890,Arjun,Nair,Male,1986-08-25,39,Married,2,Graduate,Self-Employed,Freelance Designer,314100,Gurugram,Haryana,Rented,11,arjun.nair639@gmail.com,+91-7622477880,Pending,2019-06-26
CUST100891,Reyansh,Gupta,Male,1998-05-23,28,Married,1,Post Graduate,Salaried,Sales Executive,126300,Bhopal,Madhya Pradesh,Mortgaged,10,reyansh.gupta310@yahoo.in,+91-8985950937,Verified,2015-08-26
CUST100892,Ayaan,Bhat,Male,1981-05-08,45,Single,0,Diploma,Self-Employed,Doctor (Practice),305000,Surat,Gujarat,Rented,12,ayaan.bhat312@outlook.com,+91-8270539700,Verified,2022-05-25
CUST100893,Pooja,Bhat,Female,2001-12-03,24,Married,2,Diploma,Salaried,Software Engineer,318100,Kochi,Kerala,Rented,6,pooja.bhat634@rediffmail.com,+91-9033412671,Verified,2021-03-09
CUST100894,Lakshmi,Bhat,Female,2002-11-04,23,Single,0,Professional Degree,Salaried,Software Engineer,473600,Surat,Gujarat,Owned,5,lakshmi.bhat310@yahoo.in,+91-8235418290,Verified,2019-12-06
CUST100895,Deepak,Mehta,Male,1982-05-15,44,Single,1,Diploma,Self-Employed,Architect,504100,Delhi,Delhi,Owned,24,deepak.mehta602@yahoo.in,+91-9696246657,Verified,2016-03-26
CUST100896,Karthik,Nair,Male,1987-08-18,38,Married,1,Post Graduate,Self-Employed,Freelance Designer,278400,Chennai,Tamil Nadu,Family Owned,17,karthik.nair3@outlook.com,+91-7554651964,Verified,2014-12-16
CUST100897,Arjun,Mehta,Male,1985-06-20,41,Single,2,Post Graduate,Salaried,Teacher,271100,Lucknow,Uttar Pradesh,Family Owned,10,arjun.mehta505@outlook.com,+91-9779521565,Pending,2021-08-12
CUST100898,Aditya,Malhotra,Male,1980-06-14,46,Single,1,Graduate,Salaried,HR Manager,2020100,Gurugram,Haryana,Owned,9,aditya.malhotra13@rediffmail.com,+91-7290994521,Verified,2020-09-08
CUST100899,Nisha,Singh,Female,1985-04-25,41,Married,1,Graduate,Salaried,Teacher,918400,Delhi,Delhi,Owned,19,nisha.singh932@outlook.com,+91-8929043759,Pending,2023-09-04
CUST100900,Kabir,Mehta,Male,1992-04-26,34,Married,1,High School,Unemployed,Not Employed,120000,Indore,Madhya Pradesh,Rented,16,kabir.mehta691@outlook.com,+91-9197387678,Verified,2014-02-03
CUST100901,Meera,Bhat,Female,1984-03-12,42,Married,1,Professional Degree,Salaried,Nurse,495200,Chennai,Tamil Nadu,Rented,18,meera.bhat814@outlook.com,+91-9011674411,Verified,2017-05-15
CUST100902,Ritu,Kulkarni,Female,1981-06-06,45,Married,0,Post Graduate,Salaried,Analyst,1206500,Lucknow,Uttar Pradesh,Rented,20,ritu.kulkarni812@yahoo.in,+91-9695558066,Verified,2022-03-21
CUST100903,Ananya,Shah,Female,1973-10-17,52,Married,1,Professional Degree,Business Owner,Trader,1245000,Chandigarh,Chandigarh,Family Owned,0,ananya.shah497@gmail.com,+91-7576367968,Verified,2018-09-15
CUST100904,Dev,Ahmed,Male,1976-12-18,49,Divorced,1,High School,Self-Employed,Doctor (Practice),190600,Noida,Uttar Pradesh,Rented,15,dev.ahmed973@outlook.com,+91-9124952251,Verified,2013-08-13
CUST100905,Suresh,Banerjee,Male,1997-05-21,29,Married,0,Graduate,Salaried,HR Manager,647900,Pune,Maharashtra,Owned,11,suresh.banerjee637@gmail.com,+91-8643094461,Verified,2013-09-04
CUST100906,Vikram,Joshi,Male,1978-06-07,48,Single,3,High School,Salaried,HR Manager,411800,Hyderabad,Telangana,Rented,18,vikram.joshi611@rediffmail.com,+91-9795281844,Pending,2017-10-22
CUST100907,Ananya,Kulkarni,Female,1961-07-03,65,Single,2,Diploma,Business Owner,Retail Store Owner,468600,Lucknow,Uttar Pradesh,Owned,3,ananya.kulkarni479@outlook.com,+91-9726694106,Pending,2020-03-29
CUST100908,Rajesh,Gill,Male,1974-07-28,51,Single,1,Diploma,Salaried,Teacher,979800,Ahmedabad,Gujarat,Family Owned,1,rajesh.gill150@yahoo.in,+91-9440939553,Pending,2023-07-20
CUST100909,Rahul,Chowdhury,Male,1980-05-14,46,Married,5,Graduate,Self-Employed,Architect,537800,Kochi,Kerala,Owned,5,rahul.chowdhury195@yahoo.in,+91-9891169684,Verified,2018-06-08
CUST100910,Sandeep,Ahmed,Male,2003-04-27,23,Married,2,Post Graduate,Salaried,Accountant,327400,Bengaluru,Karnataka,Rented,5,sandeep.ahmed66@gmail.com,+91-8344187121,Verified,2022-12-07
CUST100911,Aditya,Deshpande,Male,1964-08-21,61,Married,2,High School,Salaried,Teacher,1800800,Surat,Gujarat,Mortgaged,7,aditya.deshpande332@yahoo.in,+91-7148148355,Verified,2020-04-02
CUST100912,Lakshmi,Kapoor,Female,1980-07-26,45,Divorced,2,Graduate,Unemployed,Not Employed,269700,Jaipur,Rajasthan,Mortgaged,15,lakshmi.kapoor423@outlook.com,+91-7294811555,Verified,2019-04-02
CUST100913,Diya,Bose,Female,1984-10-16,41,Married,1,High School,Salaried,Bank Officer,220800,Ahmedabad,Gujarat,Owned,6,diya.bose351@gmail.com,+91-7523988036,Verified,2015-03-28
CUST100914,Anjali,Sheikh,Female,2005-03-28,21,Married,1,Post Graduate,Self-Employed,Consultant,612600,Lucknow,Uttar Pradesh,Rented,3,anjali.sheikh554@outlook.com,+91-7829341053,Verified,2022-12-15
CUST100915,Anjali,Patel,Female,1968-08-15,57,Married,1,High School,Self-Employed,Freelance Designer,360300,Kochi,Kerala,Rented,2,anjali.patel653@yahoo.in,+91-8072884779,Verified,2021-05-19
CUST100916,Lakshmi,Malhotra,Female,1990-09-20,35,Married,2,Post Graduate,Salaried,Accountant,1270500,Surat,Gujarat,Rented,13,lakshmi.malhotra353@yahoo.in,+91-8943311147,Verified,2022-05-05
CUST100917,Priya,Mehta,Female,1995-04-17,31,Single,0,High School,Self-Employed,Freelance Designer,420900,Gurugram,Haryana,Rented,7,priya.mehta491@yahoo.in,+91-9289385797,Pending,2014-12-18
CUST100918,Pranav,Singh,Male,1983-01-06,43,Married,1,Graduate,Salaried,Analyst,690200,Coimbatore,Tamil Nadu,Owned,4,pranav.singh66@yahoo.in,+91-7980271458,Pending,2016-10-18
CUST100919,Farhan,Naidu,Male,1978-02-04,48,Married,2,Post Graduate,Retired,Retired Government Employee,216200,Jaipur,Rajasthan,Mortgaged,1,farhan.naidu169@outlook.com,+91-9558232332,Verified,2020-10-22
CUST100920,Kabir,Joshi,Male,1987-07-10,38,Single,0,Post Graduate,Salaried,Analyst,1267300,Bengaluru,Karnataka,Mortgaged,7,kabir.joshi347@yahoo.in,+91-8512978319,Pending,2020-01-27
CUST100921,Anil,Chowdhury,Male,1969-11-20,56,Married,3,Graduate,Self-Employed,Architect,703300,Pune,Maharashtra,Mortgaged,8,anil.chowdhury221@gmail.com,+91-8658396916,Verified,2018-04-04
CUST100922,Suresh,Bhat,Male,1978-08-21,47,Married,1,Diploma,Unemployed,Not Employed,135000,Chandigarh,Chandigarh,Rented,4,suresh.bhat239@yahoo.in,+91-7055035291,Verified,2020-02-20
CUST100923,Suresh,Naidu,Male,1995-12-16,30,Single,0,Post Graduate,Self-Employed,Chartered Accountant,628500,Nagpur,Maharashtra,Family Owned,10,suresh.naidu852@rediffmail.com,+91-8525115526,Pending,2013-10-02
CUST100924,Pooja,Menon,Female,1982-10-15,43,Married,0,Diploma,Salaried,Sales Executive,314900,Noida,Uttar Pradesh,Family Owned,11,pooja.menon32@yahoo.in,+91-9262384280,Verified,2015-03-18
CUST100925,Kavya,Kaur,Female,2005-05-11,21,Single,1,Post Graduate,Salaried,Sales Executive,433400,Coimbatore,Tamil Nadu,Owned,3,kavya.kaur859@outlook.com,+91-8432408980,Verified,2021-09-26
CUST100926,Nikhil,Shah,Male,1997-12-20,28,Single,2,Graduate,Salaried,Bank Officer,316300,Indore,Madhya Pradesh,Mortgaged,10,nikhil.shah701@yahoo.in,+91-8634409079,Verified,2021-06-17
CUST100927,Kavya,Bhat,Female,1994-04-07,32,Single,2,High School,Self-Employed,Chartered Accountant,360400,Bengaluru,Karnataka,Rented,14,kavya.bhat851@rediffmail.com,+91-7997481775,Verified,2014-09-19
CUST100928,Nikhil,Rao,Male,1994-09-22,31,Married,2,Diploma,Unemployed,Student,120000,Kolkata,West Bengal,Rented,13,nikhil.rao848@yahoo.in,+91-7229754375,Pending,2023-03-13
CUST100929,Aarohi,Nair,Female,1985-07-29,40,Divorced,0,Graduate,Self-Employed,Architect,849600,Kolkata,West Bengal,Rented,22,aarohi.nair116@rediffmail.com,+91-9390830006,Verified,2023-07-17
CUST100930,Sneha,Sheikh,Female,2004-08-03,21,Single,2,Graduate,Salaried,Teacher,316000,Mysuru,Karnataka,Mortgaged,3,sneha.sheikh846@outlook.com,+91-7829707684,Verified,2022-05-14
CUST100931,Fatima,Kaur,Female,1978-05-03,48,Married,0,Graduate,Business Owner,Restaurant Owner,537400,Chandigarh,Chandigarh,Family Owned,4,fatima.kaur830@outlook.com,+91-9858257038,Verified,2016-08-16
CUST100932,Fatima,Mukherjee,Female,1983-04-21,43,Single,0,Diploma,Salaried,HR Manager,967700,Delhi,Delhi,Rented,1,fatima.mukherjee926@yahoo.in,+91-8499085981,Pending,2023-07-17
CUST100933,Vihaan,Reddy,Male,1983-07-30,42,Married,0,Post Graduate,Salaried,Teacher,568000,Coimbatore,Tamil Nadu,Rented,20,vihaan.reddy675@rediffmail.com,+91-9655220150,Verified,2023-05-22
CUST100934,Krishna,Kaur,Male,1983-08-18,42,Married,0,Graduate,Salaried,Accountant,321900,Surat,Gujarat,Rented,1,krishna.kaur934@outlook.com,+91-8698483986,Verified,2016-04-21
CUST100935,Yash,Khan,Male,1973-12-20,52,Married,2,Graduate,Self-Employed,Doctor (Practice),991300,Bengaluru,Karnataka,Owned,6,yash.khan624@outlook.com,+91-9786374587,Verified,2021-11-23
CUST100936,Rahul,Reddy,Male,2004-10-22,21,Single,1,High School,Unemployed,Student,120000,Kochi,Kerala,Owned,3,rahul.reddy867@rediffmail.com,+91-7592001599,Verified,2023-10-17
CUST100937,Isha,Menon,Female,1961-08-26,64,Married,2,Graduate,Self-Employed,Consultant,1752100,Mumbai,Maharashtra,Rented,16,isha.menon762@yahoo.in,+91-7323728081,Verified,2015-05-25
CUST100938,Deepika,Singh,Female,1995-09-10,30,Single,2,High School,Salaried,Accountant,292700,Bengaluru,Karnataka,Rented,9,deepika.singh276@yahoo.in,+91-8230874031,Pending,2015-04-05
CUST100939,Imran,Iyer,Male,1985-03-27,41,Married,0,Graduate,Salaried,Bank Officer,653700,Gurugram,Haryana,Owned,14,imran.iyer562@yahoo.in,+91-9320651726,Verified,2015-02-20
CUST100940,Dev,Joshi,Male,1998-03-30,28,Married,2,Post Graduate,Salaried,HR Manager,397500,Ahmedabad,Gujarat,Owned,6,dev.joshi257@outlook.com,+91-9545833424,Pending,2015-05-10
CUST100941,Ayaan,Gill,Male,1976-04-25,50,Single,1,Graduate,Business Owner,Retail Store Owner,1402400,Noida,Uttar Pradesh,Owned,22,ayaan.gill399@outlook.com,+91-7938703708,Verified,2020-06-29
CUST100942,Fatima,Khan,Female,1976-11-10,49,Married,2,High School,Salaried,Sales Executive,915800,Nagpur,Maharashtra,Owned,6,fatima.khan886@outlook.com,+91-8853981264,Pending,2017-07-07
CUST100943,Lakshmi,Sharma,Female,1997-08-24,28,Single,3,Graduate,Unemployed,Not Employed,121300,Hyderabad,Telangana,Owned,10,lakshmi.sharma570@rediffmail.com,+91-9776936819,Pending,2020-12-18
CUST100944,Deepika,Mukherjee,Female,1984-09-10,41,Single,0,Post Graduate,Salaried,Teacher,1103400,Jaipur,Rajasthan,Rented,1,deepika.mukherjee490@outlook.com,+91-7197902431,Verified,2022-11-16
CUST100945,Karthik,Chowdhury,Male,1988-09-22,37,Widowed,1,Graduate,Salaried,Software Engineer,927300,Bengaluru,Karnataka,Mortgaged,19,karthik.chowdhury490@outlook.com,+91-8127830323,Verified,2020-07-10
CUST100946,Karthik,Deshpande,Male,1974-07-10,51,Single,2,Graduate,Salaried,Analyst,514100,Noida,Uttar Pradesh,Family Owned,8,karthik.deshpande200@yahoo.in,+91-8916464142,Verified,2015-05-06
CUST100947,Vikram,Menon,Male,1978-05-06,48,Married,1,Diploma,Retired,Retired Government Employee,120000,Kochi,Kerala,Family Owned,14,vikram.menon334@gmail.com,+91-8979963528,Verified,2024-02-24
CUST100948,Anjali,Singh,Female,1986-02-27,40,Single,2,High School,Salaried,Analyst,575200,Delhi,Delhi,Rented,18,anjali.singh619@gmail.com,+91-9098282964,Pending,2015-09-18
CUST100949,Arjun,Chopra,Male,1991-07-31,34,Married,0,Graduate,Self-Employed,Freelance Designer,517800,Noida,Uttar Pradesh,Owned,6,arjun.chopra516@rediffmail.com,+91-7394873227,Pending,2017-12-06
CUST100950,Amit,Reddy,Male,1999-08-08,26,Married,1,Diploma,Salaried,Analyst,460300,Surat,Gujarat,Family Owned,8,amit.reddy834@yahoo.in,+91-7298809388,Pending,2019-12-27
CUST100951,Isha,Chowdhury,Female,1974-10-14,51,Married,1,Post Graduate,Unemployed,Homemaker,205900,Chandigarh,Chandigarh,Mortgaged,16,isha.chowdhury873@yahoo.in,+91-9571613728,Verified,2021-02-22
CUST100952,Ayaan,Ahmed,Male,1981-12-15,44,Married,1,Professional Degree,Salaried,Software Engineer,396500,Surat,Gujarat,Owned,18,ayaan.ahmed158@rediffmail.com,+91-8692938235,Verified,2013-08-15
CUST100953,Priya,Menon,Female,1993-01-29,33,Married,1,Graduate,Self-Employed,Consultant,327300,Nagpur,Maharashtra,Owned,11,priya.menon611@gmail.com,+91-7438964263,Verified,2019-02-20
CUST100954,Rohan,Menon,Male,2005-02-19,21,Single,1,Graduate,Self-Employed,Architect,268700,Pune,Maharashtra,Mortgaged,3,rohan.menon946@gmail.com,+91-7547840146,Verified,2022-03-16
CUST100955,Aadhya,Sharma,Female,1980-09-25,45,Single,1,Post Graduate,Salaried,Analyst,686900,Surat,Gujarat,Mortgaged,3,aadhya.sharma181@outlook.com,+91-8126296902,Pending,2023-05-10
CUST100956,Farhan,Mukherjee,Male,1997-04-28,29,Married,0,Graduate,Salaried,Teacher,430900,Ahmedabad,Gujarat,Rented,11,farhan.mukherjee630@yahoo.in,+91-7677325018,Verified,2015-03-17
CUST100957,Sowmya,Kulkarni,Female,1998-05-01,28,Single,1,Graduate,Self-Employed,Chartered Accountant,400800,Ahmedabad,Gujarat,Rented,5,sowmya.kulkarni310@gmail.com,+91-7432524851,Pending,2023-06-01
CUST100958,Sana,Kapoor,Female,1992-06-26,34,Married,0,Graduate,Retired,Retired Government Employee,120000,Hyderabad,Telangana,Owned,16,sana.kapoor819@outlook.com,+91-8790307509,Verified,2019-07-15
CUST100959,Suresh,Menon,Male,1997-03-13,29,Single,1,Graduate,Retired,Retired Private Sector,246200,Ahmedabad,Gujarat,Mortgaged,11,suresh.menon923@yahoo.in,+91-7325595977,Pending,2016-09-27
CUST100960,Farhan,Chowdhury,Male,2000-06-29,26,Single,2,Graduate,Business Owner,Contractor,529600,Pune,Maharashtra,Family Owned,8,farhan.chowdhury412@outlook.com,+91-8093662562,Verified,2018-03-19
CUST100961,Deepak,Kapoor,Male,1997-10-14,28,Single,1,Graduate,Salaried,Bank Officer,545900,Surat,Gujarat,Rented,2,deepak.kapoor911@gmail.com,+91-7453885390,Verified,2023-02-07
CUST100962,Anil,Malhotra,Male,1986-05-09,40,Married,1,Post Graduate,Salaried,Bank Officer,813100,Surat,Gujarat,Owned,22,anil.malhotra312@rediffmail.com,+91-7227928483,Verified,2021-02-15
CUST100963,Aditya,Menon,Male,1991-05-12,35,Married,1,Professional Degree,Salaried,Analyst,549800,Mysuru,Karnataka,Owned,17,aditya.menon916@rediffmail.com,+91-7089342918,Verified,2020-07-17
CUST100964,Tanvi,Gupta,Female,1964-07-19,61,Single,0,Post Graduate,Salaried,Software Engineer,832000,Surat,Gujarat,Owned,2,tanvi.gupta661@rediffmail.com,+91-7659701396,Pending,2018-06-07
CUST100965,Imran,Singh,Male,1989-09-20,36,Married,1,Graduate,Self-Employed,Chartered Accountant,1251300,Delhi,Delhi,Rented,2,imran.singh669@rediffmail.com,+91-8598908100,Pending,2023-11-24
CUST100966,Priya,Verma,Female,1983-03-22,43,Single,3,Graduate,Business Owner,Trader,718300,Gurugram,Haryana,Rented,8,priya.verma249@outlook.com,+91-7277563736,Pending,2020-11-29
CUST100967,Aarav,Das,Male,2000-05-23,26,Single,0,Graduate,Salaried,Analyst,146600,Chennai,Tamil Nadu,Owned,8,aarav.das137@outlook.com,+91-7958439307,Verified,2017-04-18
CUST100968,Aarohi,Patel,Female,2001-12-03,24,Married,0,Graduate,Salaried,Software Engineer,311500,Indore,Madhya Pradesh,Mortgaged,6,aarohi.patel649@outlook.com,+91-7213671217,Verified,2024-03-31
CUST100969,Kabir,Reddy,Male,1992-05-11,34,Single,1,Diploma,Salaried,Software Engineer,195100,Bhopal,Madhya Pradesh,Rented,16,kabir.reddy994@rediffmail.com,+91-9885701374,Pending,2015-11-21
CUST100970,Kabir,Banerjee,Male,1984-06-14,42,Single,3,Graduate,Salaried,HR Manager,756300,Coimbatore,Tamil Nadu,Mortgaged,3,kabir.banerjee222@gmail.com,+91-9523875550,Verified,2017-03-10
CUST100971,Aditya,Singh,Male,1983-11-06,42,Single,1,Diploma,Self-Employed,Consultant,517400,Hyderabad,Telangana,Rented,7,aditya.singh789@gmail.com,+91-7440223485,Verified,2020-06-14
CUST100972,Vivaan,Singh,Male,2004-09-19,21,Married,0,Diploma,Business Owner,Manufacturer,171900,Jaipur,Rajasthan,Rented,0,vivaan.singh263@rediffmail.com,+91-8574744282,Verified,2022-09-18
CUST100973,Deepak,Deshpande,Male,1991-09-06,34,Single,0,High School,Self-Employed,Architect,518200,Ahmedabad,Gujarat,Family Owned,14,deepak.deshpande686@yahoo.in,+91-7859380982,Pending,2014-05-08
CUST100974,Imran,Bose,Male,1992-01-10,34,Married,2,Graduate,Salaried,Accountant,1187500,Jaipur,Rajasthan,Mortgaged,16,imran.bose405@gmail.com,+91-8053206776,Verified,2023-02-23
CUST100975,Shreya,Iyer,Female,1987-02-04,39,Married,2,Graduate,Salaried,Teacher,471000,Indore,Madhya Pradesh,Owned,10,shreya.iyer333@yahoo.in,+91-7298499429,Verified,2020-12-10
CUST100976,Tanvi,Malhotra,Female,1971-11-22,54,Married,2,High School,Salaried,Software Engineer,483500,Ahmedabad,Gujarat,Rented,14,tanvi.malhotra147@yahoo.in,+91-7950847801,Verified,2019-04-03
CUST100977,Krishna,Shah,Male,1978-03-27,48,Single,0,Professional Degree,Salaried,Software Engineer,1153400,Kolkata,West Bengal,Mortgaged,21,krishna.shah658@outlook.com,+91-9082653530,Verified,2018-10-07
CUST100978,Harsh,Mukherjee,Male,1991-10-16,34,Single,3,Post Graduate,Self-Employed,Chartered Accountant,1110600,Mysuru,Karnataka,Owned,16,harsh.mukherjee140@yahoo.in,+91-9541733097,Pending,2023-04-11
CUST100979,Sowmya,Mukherjee,Female,1973-12-17,52,Single,2,Post Graduate,Self-Employed,Freelance Designer,1078700,Bhopal,Madhya Pradesh,Rented,3,sowmya.mukherjee329@outlook.com,+91-8459742512,Verified,2016-04-12
CUST100980,Fatima,Kapoor,Female,1978-01-01,48,Married,3,Graduate,Salaried,HR Manager,1201000,Gurugram,Haryana,Owned,16,fatima.kapoor865@yahoo.in,+91-8127592225,Verified,2022-09-17
CUST100981,Aadhya,Gupta,Female,1966-09-01,59,Married,4,Post Graduate,Self-Employed,Chartered Accountant,1533400,Coimbatore,Tamil Nadu,Owned,0,aadhya.gupta639@outlook.com,+91-8510844665,Verified,2013-09-26
CUST100982,Pranav,Khan,Male,1995-12-30,30,Divorced,1,Post Graduate,Self-Employed,Chartered Accountant,1762900,Bengaluru,Karnataka,Owned,11,pranav.khan58@yahoo.in,+91-9340580590,Pending,2017-10-31
CUST100983,Aditya,Sharma,Male,1988-08-07,37,Married,0,Graduate,Self-Employed,Lawyer,231500,Lucknow,Uttar Pradesh,Mortgaged,15,aditya.sharma166@gmail.com,+91-8377116227,Verified,2019-08-28
CUST100984,Zaid,Deshpande,Male,1993-01-26,33,Married,2,Graduate,Self-Employed,Consultant,135300,Coimbatore,Tamil Nadu,Rented,5,zaid.deshpande937@yahoo.in,+91-9069121870,Pending,2023-01-18
CUST100985,Swati,Kulkarni,Female,1982-08-27,43,Married,2,Post Graduate,Self-Employed,Consultant,483100,Hyderabad,Telangana,Rented,6,swati.kulkarni34@yahoo.in,+91-8712518620,Verified,2018-10-09
CUST100986,Kabir,Deshpande,Male,1974-11-06,51,Single,3,Post Graduate,Unemployed,Student,233400,Nagpur,Maharashtra,Rented,9,kabir.deshpande147@outlook.com,+91-8811680088,Pending,2013-12-13
CUST100987,Rajesh,Sheikh,Male,1987-06-17,39,Married,0,Post Graduate,Salaried,Nurse,815400,Delhi,Delhi,Rented,21,rajesh.sheikh827@yahoo.in,+91-7142213669,Verified,2023-09-15
CUST100988,Aditya,Chopra,Male,1987-01-30,39,Widowed,0,Post Graduate,Unemployed,Student,131600,Mumbai,Maharashtra,Mortgaged,19,aditya.chopra858@rediffmail.com,+91-8278101533,Verified,2023-09-04
CUST100989,Tanvi,Iyer,Female,1976-06-29,50,Single,1,Graduate,Salaried,Software Engineer,316600,Kolkata,West Bengal,Mortgaged,15,tanvi.iyer72@gmail.com,+91-8595154594,Pending,2020-02-24
CUST100990,Zaid,Verma,Male,1968-05-18,58,Widowed,2,Post Graduate,Salaried,Bank Officer,583800,Delhi,Delhi,Owned,3,zaid.verma939@rediffmail.com,+91-7270523778,Verified,2017-04-21
CUST100991,Priya,Sheikh,Female,1990-04-23,36,Married,2,Post Graduate,Self-Employed,Chartered Accountant,807600,Chennai,Tamil Nadu,Owned,17,priya.sheikh154@rediffmail.com,+91-8350284025,Verified,2019-11-12
CUST100992,Karthik,Gill,Male,1988-02-12,38,Married,2,Diploma,Salaried,Nurse,394800,Chennai,Tamil Nadu,Rented,20,karthik.gill669@gmail.com,+91-9388634332,Pending,2019-07-06
CUST100993,Kritika,Chowdhury,Female,2000-08-22,25,Single,0,Graduate,Business Owner,Manufacturer,414300,Mumbai,Maharashtra,Rented,2,kritika.chowdhury282@rediffmail.com,+91-9544703484,Pending,2021-03-30
CUST100994,Deepak,Gupta,Male,1985-08-26,40,Single,0,Post Graduate,Self-Employed,Doctor (Practice),325200,Bhopal,Madhya Pradesh,Rented,15,deepak.gupta9@gmail.com,+91-8922087327,Verified,2013-12-21
CUST100995,Vivaan,Banerjee,Male,1996-05-21,30,Single,4,Graduate,Salaried,Bank Officer,809400,Ahmedabad,Gujarat,Rented,9,vivaan.banerjee877@yahoo.in,+91-8179946137,Verified,2017-09-13
CUST100996,Vivaan,Joshi,Male,1996-03-04,30,Single,0,High School,Self-Employed,Consultant,809400,Nagpur,Maharashtra,Owned,12,vivaan.joshi782@gmail.com,+91-9658180282,Pending,2019-08-09
CUST100997,Vihaan,Kaur,Male,1999-11-14,26,Widowed,0,Graduate,Salaried,Accountant,208100,Jaipur,Rajasthan,Owned,8,vihaan.kaur36@rediffmail.com,+91-7077001643,Verified,2024-03-30
CUST100998,Yash,Singh,Male,1969-03-03,57,Single,3,Graduate,Salaried,Sales Executive,533900,Pune,Maharashtra,Family Owned,13,yash.singh945@yahoo.in,+91-9028620328,Verified,2021-08-04
CUST100999,Krishna,Deshpande,Male,1976-01-03,50,Married,1,Graduate,Retired,Retired Private Sector,287700,Nagpur,Maharashtra,Mortgaged,5,krishna.deshpande379@rediffmail.com,+91-7373112287,Verified,2024-03-04
CUST101000,Swati,Banerjee,Female,1981-08-25,44,Married,0,Graduate,Self-Employed,Chartered Accountant,431000,Ahmedabad,Gujarat,Family Owned,12,swati.banerjee882@outlook.com,+91-9256194546,Verified,2023-03-17
CUST101001,Ishaan,Verma,Male,1976-08-07,49,Single,0,High School,Salaried,HR Manager,632900,Jaipur,Rajasthan,Rented,3,ishaan.verma882@rediffmail.com,+91-9767278205,Verified,2018-07-14
CUST101002,Diya,Nair,Female,1978-09-12,47,Married,0,Diploma,Self-Employed,Consultant,614800,Coimbatore,Tamil Nadu,Family Owned,1,diya.nair982@yahoo.in,+91-7017957756,Pending,2016-04-13
CUST101003,Ishaan,Malhotra,Male,1991-08-30,34,Single,1,Post Graduate,Business Owner,Manufacturer,556300,Nagpur,Maharashtra,Owned,16,ishaan.malhotra826@yahoo.in,+91-8864415652,Verified,2024-01-22
CUST101004,Priya,Das,Female,1984-02-11,42,Single,2,Professional Degree,Self-Employed,Freelance Designer,723300,Kolkata,West Bengal,Mortgaged,15,priya.das118@rediffmail.com,+91-9438753762,Verified,2016-11-27
CUST101005,Ayaan,Kaur,Male,1975-02-13,51,Single,0,Graduate,Business Owner,Contractor,913300,Coimbatore,Tamil Nadu,Family Owned,9,ayaan.kaur21@rediffmail.com,+91-7894436875,Verified,2016-10-05
CUST101006,Divya,Verma,Female,1994-11-18,31,Married,0,High School,Unemployed,Not Employed,120000,Bhopal,Madhya Pradesh,Family Owned,10,divya.verma669@yahoo.in,+91-9761748039,Verified,2017-05-13
CUST101007,Meera,Rao,Female,1963-10-20,62,Single,3,Graduate,Business Owner,Manufacturer,1504100,Bengaluru,Karnataka,Rented,12,meera.rao195@yahoo.in,+91-9341547354,Pending,2017-06-01
CUST101008,Saanvi,Malhotra,Female,1996-02-08,30,Married,0,Professional Degree,Salaried,Sales Executive,436700,Chennai,Tamil Nadu,Owned,1,saanvi.malhotra951@yahoo.in,+91-8738904072,Verified,2014-01-26
CUST101009,Priya,Banerjee,Female,1986-08-25,39,Married,1,Post Graduate,Salaried,Analyst,176300,Chennai,Tamil Nadu,Owned,14,priya.banerjee826@rediffmail.com,+91-9743856723,Pending,2023-12-14
CUST101010,Amit,Sharma,Male,1974-11-23,51,Single,1,Graduate,Self-Employed,Lawyer,343300,Chandigarh,Chandigarh,Rented,2,amit.sharma520@yahoo.in,+91-7661555361,Verified,2017-11-05
CUST101011,Manish,Sheikh,Male,1985-07-28,40,Single,3,Graduate,Self-Employed,Doctor (Practice),394900,Bengaluru,Karnataka,Owned,1,manish.sheikh374@yahoo.in,+91-8415032543,Verified,2016-12-07
CUST101012,Manish,Reddy,Male,2000-07-01,26,Married,0,Professional Degree,Self-Employed,Doctor (Practice),564700,Bengaluru,Karnataka,Family Owned,8,manish.reddy59@rediffmail.com,+91-7363986047,Verified,2022-11-05
CUST101013,Vivaan,Banerjee,Male,1974-06-25,52,Single,0,Diploma,Self-Employed,Architect,683200,Hyderabad,Telangana,Mortgaged,22,vivaan.banerjee567@rediffmail.com,+91-9092751497,Verified,2023-06-05
CUST101014,Anil,Sheikh,Male,1975-09-13,50,Married,1,Graduate,Salaried,Analyst,328200,Noida,Uttar Pradesh,Owned,16,anil.sheikh247@outlook.com,+91-7871098315,Verified,2014-11-20
CUST101015,Karthik,Iyer,Male,1990-05-09,36,Married,2,Post Graduate,Business Owner,Retail Store Owner,652600,Ahmedabad,Gujarat,Rented,13,karthik.iyer167@rediffmail.com,+91-7197919968,Verified,2018-03-04
CUST101016,Rahul,Nair,Male,1988-11-06,37,Single,1,Graduate,Self-Employed,Chartered Accountant,915900,Gurugram,Haryana,Owned,19,rahul.nair850@yahoo.in,+91-7376162864,Verified,2017-11-21
CUST101017,Nikhil,Bhat,Male,1981-11-24,44,Married,0,Post Graduate,Self-Employed,Doctor (Practice),1030200,Kochi,Kerala,Owned,20,nikhil.bhat122@gmail.com,+91-9474120202,Verified,2022-03-02
CUST101018,Rohan,Kulkarni,Male,1990-01-24,36,Married,1,Professional Degree,Retired,Pensioner,1012600,Hyderabad,Telangana,Rented,18,rohan.kulkarni326@rediffmail.com,+91-8437204395,Pending,2015-11-24
CUST101019,Sandeep,Kaur,Male,1982-09-13,43,Married,4,High School,Retired,Retired Government Employee,532600,Mysuru,Karnataka,Family Owned,22,sandeep.kaur424@yahoo.in,+91-7587786555,Pending,2016-08-19
CUST101020,Pranav,Rao,Male,1988-09-22,37,Married,0,Graduate,Self-Employed,Chartered Accountant,537900,Pune,Maharashtra,Owned,1,pranav.rao788@yahoo.in,+91-7067392938,Pending,2019-08-14
CUST101021,Saanvi,Bose,Female,1971-02-26,55,Married,0,Graduate,Self-Employed,Chartered Accountant,205000,Surat,Gujarat,Owned,15,saanvi.bose698@outlook.com,+91-8913993283,Verified,2019-12-27
CUST101022,Diya,Gupta,Female,1981-12-13,44,Married,1,Graduate,Business Owner,Retail Store Owner,1640000,Indore,Madhya Pradesh,Rented,8,diya.gupta713@rediffmail.com,+91-8317256548,Verified,2018-06-17
CUST101023,Sandeep,Kaur,Male,1991-08-29,34,Married,2,Post Graduate,Self-Employed,Architect,335000,Jaipur,Rajasthan,Mortgaged,3,sandeep.kaur159@gmail.com,+91-7792368701,Verified,2021-05-16
CUST101024,Reyansh,Patel,Male,1970-05-04,56,Single,0,Professional Degree,Salaried,Teacher,1034100,Mumbai,Maharashtra,Rented,10,reyansh.patel711@gmail.com,+91-7764261650,Pending,2019-06-15
CUST101025,Suresh,Gupta,Male,1990-03-23,36,Single,3,Graduate,Salaried,HR Manager,418300,Chandigarh,Chandigarh,Owned,18,suresh.gupta972@yahoo.in,+91-8890307182,Verified,2013-09-13
CUST101026,Siddharth,Mukherjee,Male,1999-06-12,27,Single,1,Diploma,Business Owner,Contractor,509300,Kochi,Kerala,Rented,9,siddharth.mukherjee399@outlook.com,+91-8059810325,Pending,2018-01-12
CUST101027,Vikram,Nair,Male,1968-06-12,58,Single,1,Graduate,Retired,Retired Private Sector,1313300,Chandigarh,Chandigarh,Rented,0,vikram.nair450@yahoo.in,+91-7959153740,Verified,2022-09-01
CUST101028,Neha,Nair,Female,1974-04-28,52,Single,2,Diploma,Retired,Retired Government Employee,369300,Mysuru,Karnataka,Rented,4,neha.nair897@gmail.com,+91-8432287182,Verified,2023-12-13
CUST101029,Zara,Bose,Female,1977-04-29,49,Married,0,Post Graduate,Self-Employed,Chartered Accountant,558300,Mumbai,Maharashtra,Rented,21,zara.bose52@outlook.com,+91-8558982021,Verified,2017-06-05
CUST101030,Vihaan,Gupta,Male,1977-09-15,48,Widowed,1,Post Graduate,Self-Employed,Freelance Designer,439400,Gurugram,Haryana,Rented,19,vihaan.gupta696@outlook.com,+91-8095810906,Verified,2022-08-13
CUST101031,Aanya,Ahmed,Female,1969-01-13,57,Married,1,Professional Degree,Self-Employed,Architect,1042400,Bengaluru,Karnataka,Family Owned,20,aanya.ahmed773@yahoo.in,+91-9124740484,Verified,2016-10-29
CUST101032,Farhan,Menon,Male,1976-09-06,49,Married,1,Graduate,Salaried,Analyst,183900,Indore,Madhya Pradesh,Family Owned,19,farhan.menon490@outlook.com,+91-7892375376,Pending,2015-08-29
CUST101033,Amit,Mukherjee,Male,2003-03-07,23,Married,1,Diploma,Salaried,Nurse,214300,Nagpur,Maharashtra,Mortgaged,1,amit.mukherjee922@outlook.com,+91-7097528132,Verified,2024-05-14
CUST101034,Ayaan,Khan,Male,1973-11-24,52,Married,2,Graduate,Salaried,Bank Officer,477100,Delhi,Delhi,Rented,19,ayaan.khan166@rediffmail.com,+91-7811101957,Verified,2024-05-13
CUST101035,Neha,Kaur,Female,1993-10-21,32,Single,0,Graduate,Retired,Retired Private Sector,268500,Chennai,Tamil Nadu,Rented,3,neha.kaur668@rediffmail.com,+91-7811168395,Verified,2024-06-15
CUST101036,Ayesha,Mehta,Female,1991-05-27,35,Married,1,Post Graduate,Salaried,Sales Executive,675100,Surat,Gujarat,Rented,17,ayesha.mehta432@gmail.com,+91-7548769646,Pending,2014-11-20
CUST101037,Tanvi,Bose,Female,1982-12-07,43,Single,1,Graduate,Salaried,Sales Executive,406800,Bengaluru,Karnataka,Rented,14,tanvi.bose37@rediffmail.com,+91-7855651917,Verified,2018-05-20
CUST101038,Meera,Gupta,Female,1980-05-02,46,Married,4,Diploma,Unemployed,Not Employed,120000,Ahmedabad,Gujarat,Rented,22,meera.gupta412@gmail.com,+91-8456422233,Verified,2014-01-07
CUST101039,Rajesh,Bhat,Male,1992-05-04,34,Married,3,Graduate,Salaried,Nurse,355900,Nagpur,Maharashtra,Mortgaged,5,rajesh.bhat784@gmail.com,+91-7478536964,Pending,2018-10-24
CUST101040,Reyansh,Kaur,Male,1985-10-14,40,Single,1,Post Graduate,Salaried,Sales Executive,1147300,Lucknow,Uttar Pradesh,Rented,13,reyansh.kaur730@yahoo.in,+91-7526602465,Verified,2015-03-31
CUST101041,Reyansh,Joshi,Male,1987-01-28,39,Single,2,Graduate,Salaried,Nurse,856100,Ahmedabad,Gujarat,Family Owned,16,reyansh.joshi969@gmail.com,+91-8443539882,Pending,2022-07-24
CUST101042,Zara,Verma,Female,1993-01-28,33,Single,0,Professional Degree,Self-Employed,Lawyer,386600,Chandigarh,Chandigarh,Rented,15,zara.verma965@outlook.com,+91-7181113499,Verified,2018-08-05
CUST101043,Lakshmi,Gill,Female,1973-09-11,52,Single,2,Graduate,Business Owner,Restaurant Owner,583000,Surat,Gujarat,Rented,18,lakshmi.gill309@yahoo.in,+91-7195489578,Verified,2019-03-16
CUST101044,Aadhya,Chowdhury,Female,2005-05-21,21,Divorced,3,Graduate,Salaried,Accountant,574900,Kolkata,West Bengal,Owned,3,aadhya.chowdhury333@gmail.com,+91-7958554724,Pending,2023-04-30
CUST101045,Amit,Chowdhury,Male,1977-09-12,48,Single,5,Graduate,Business Owner,Manufacturer,1654300,Jaipur,Rajasthan,Rented,12,amit.chowdhury714@gmail.com,+91-7870880556,Verified,2022-09-21
CUST101046,Vihaan,Sharma,Male,2004-06-08,22,Married,2,Post Graduate,Salaried,Teacher,1092700,Jaipur,Rajasthan,Owned,4,vihaan.sharma97@gmail.com,+91-9551198206,Verified,2021-06-21
CUST101047,Anil,Ahmed,Male,1995-09-20,30,Married,3,Diploma,Self-Employed,Lawyer,284600,Mumbai,Maharashtra,Rented,12,anil.ahmed752@outlook.com,+91-7040703273,Verified,2015-02-09
CUST101048,Siddharth,Kulkarni,Male,1993-06-02,33,Married,1,Post Graduate,Self-Employed,Chartered Accountant,994100,Jaipur,Rajasthan,Mortgaged,9,siddharth.kulkarni360@rediffmail.com,+91-8150644031,Verified,2016-11-19
CUST101049,Pooja,Joshi,Female,1987-05-31,39,Single,1,Graduate,Salaried,Accountant,484600,Mysuru,Karnataka,Family Owned,16,pooja.joshi985@outlook.com,+91-7054080264,Verified,2023-12-02
CUST101050,Rahul,Reddy,Male,1991-10-19,34,Single,2,Professional Degree,Business Owner,Retail Store Owner,433800,Ahmedabad,Gujarat,Family Owned,16,rahul.reddy318@yahoo.in,+91-9799141093,Verified,2016-07-16
CUST101051,Ananya,Kaur,Female,2004-07-10,21,Married,1,Graduate,Salaried,Sales Executive,290400,Mumbai,Maharashtra,Mortgaged,3,ananya.kaur827@yahoo.in,+91-8730711642,Pending,2022-10-19
CUST101052,Manish,Ahmed,Male,1976-06-09,50,Single,0,Post Graduate,Salaried,Accountant,454300,Kolkata,West Bengal,Owned,0,manish.ahmed920@yahoo.in,+91-9050770154,Pending,2022-01-02
CUST101053,Dev,Sheikh,Male,1965-02-01,61,Single,0,Diploma,Salaried,Teacher,1155100,Bhopal,Madhya Pradesh,Mortgaged,18,dev.sheikh224@yahoo.in,+91-8192817595,Verified,2023-08-03
CUST101054,Lakshmi,Malhotra,Female,1987-08-15,38,Single,1,Graduate,Salaried,Accountant,231000,Chennai,Tamil Nadu,Owned,4,lakshmi.malhotra636@outlook.com,+91-9821980910,Verified,2024-06-09
CUST101055,Karthik,Bhat,Male,1979-07-23,46,Married,1,Diploma,Business Owner,Trader,781600,Bengaluru,Karnataka,Family Owned,12,karthik.bhat302@yahoo.in,+91-7894924751,Pending,2019-12-03
CUST101056,Nisha,Singh,Female,1982-04-08,44,Single,0,Graduate,Salaried,Software Engineer,568900,Kolkata,West Bengal,Rented,2,nisha.singh480@yahoo.in,+91-8574891758,Verified,2021-12-27
CUST101057,Nikhil,Nair,Male,1995-03-10,31,Married,3,Graduate,Salaried,Bank Officer,415600,Coimbatore,Tamil Nadu,Rented,1,nikhil.nair244@outlook.com,+91-7296732361,Verified,2020-02-24
CUST101058,Sana,Das,Female,1995-10-24,30,Married,2,Diploma,Salaried,Accountant,312900,Surat,Gujarat,Owned,10,sana.das129@gmail.com,+91-8176336343,Pending,2016-05-07
CUST101059,Priya,Singh,Female,1979-01-03,47,Divorced,1,Diploma,Salaried,Analyst,312400,Kolkata,West Bengal,Owned,7,priya.singh639@rediffmail.com,+91-9482039060,Pending,2022-01-23
CUST101060,Rohan,Verma,Male,1989-05-22,37,Single,0,Graduate,Retired,Retired Private Sector,269900,Coimbatore,Tamil Nadu,Rented,15,rohan.verma563@outlook.com,+91-7113596400,Pending,2024-05-24
CUST101061,Shreya,Gill,Female,1997-05-22,29,Married,0,High School,Salaried,Teacher,337800,Lucknow,Uttar Pradesh,Mortgaged,0,shreya.gill99@rediffmail.com,+91-8456722031,Verified,2021-01-09
CUST101062,Riya,Reddy,Female,1991-06-02,35,Married,2,High School,Salaried,Software Engineer,310800,Kolkata,West Bengal,Owned,17,riya.reddy540@gmail.com,+91-7889993148,Verified,2016-02-15
CUST101063,Kritika,Malhotra,Female,1991-03-03,35,Divorced,1,Post Graduate,Self-Employed,Consultant,445100,Chandigarh,Chandigarh,Family Owned,14,kritika.malhotra891@outlook.com,+91-8418687861,Verified,2024-01-25
CUST101064,Aditya,Bose,Male,1995-02-06,31,Married,2,Graduate,Salaried,HR Manager,295400,Chandigarh,Chandigarh,Mortgaged,13,aditya.bose552@rediffmail.com,+91-7298116856,Verified,2018-12-20
CUST101065,Nikhil,Chowdhury,Male,1992-08-06,33,Single,2,Post Graduate,Business Owner,Manufacturer,2399800,Hyderabad,Telangana,Owned,15,nikhil.chowdhury386@outlook.com,+91-7411058676,Verified,2014-03-07
CUST101066,Anil,Khan,Male,1984-01-05,42,Single,3,High School,Business Owner,Retail Store Owner,274700,Hyderabad,Telangana,Mortgaged,1,anil.khan285@outlook.com,+91-8857128747,Verified,2024-01-18
CUST101067,Ishaan,Deshpande,Male,1971-08-08,54,Single,1,Post Graduate,Retired,Pensioner,452800,Jaipur,Rajasthan,Owned,10,ishaan.deshpande202@outlook.com,+91-7812669419,Verified,2021-11-16
CUST101068,Yash,Nair,Male,1991-08-09,34,Single,1,Graduate,Unemployed,Not Employed,163500,Pune,Maharashtra,Mortgaged,10,yash.nair780@rediffmail.com,+91-8954224992,Verified,2024-01-23
CUST101069,Divya,Mukherjee,Female,1991-06-19,35,Single,2,High School,Salaried,Software Engineer,216000,Noida,Uttar Pradesh,Family Owned,1,divya.mukherjee158@rediffmail.com,+91-8674270222,Pending,2015-04-09
CUST101070,Deepak,Banerjee,Male,1994-09-10,31,Married,1,Post Graduate,Salaried,Software Engineer,942200,Pune,Maharashtra,Owned,13,deepak.banerjee378@outlook.com,+91-7249871637,Pending,2017-04-30
CUST101071,Fatima,Sharma,Female,1990-02-18,36,Single,0,Post Graduate,Business Owner,Retail Store Owner,692700,Kolkata,West Bengal,Rented,18,fatima.sharma581@gmail.com,+91-8453572590,Verified,2015-06-30
CUST101072,Reyansh,Khan,Male,1982-07-02,44,Widowed,0,Graduate,Salaried,Analyst,729500,Bhopal,Madhya Pradesh,Owned,24,reyansh.khan49@outlook.com,+91-8687001970,Pending,2020-06-09
CUST101073,Anjali,Sharma,Female,1982-08-01,43,Married,3,Graduate,Business Owner,Restaurant Owner,869200,Ahmedabad,Gujarat,Owned,12,anjali.sharma592@yahoo.in,+91-8615725576,Verified,2014-05-18
CUST101074,Tanvi,Iyer,Female,1982-12-30,43,Married,1,Post Graduate,Business Owner,Trader,1667600,Gurugram,Haryana,Owned,10,tanvi.iyer694@gmail.com,+91-9784239053,Pending,2022-08-06
CUST101075,Aditya,Bhat,Male,2004-07-29,21,Married,1,High School,Salaried,Sales Executive,490000,Mysuru,Karnataka,Rented,3,aditya.bhat460@rediffmail.com,+91-7626557072,Verified,2022-05-16
CUST101076,Vivaan,Joshi,Male,1966-11-16,59,Married,1,Graduate,Salaried,HR Manager,1497800,Jaipur,Rajasthan,Owned,5,vivaan.joshi887@gmail.com,+91-8282168663,Verified,2022-07-20
CUST101077,Vikram,Bose,Male,1986-03-26,40,Single,0,Graduate,Salaried,Accountant,975900,Ahmedabad,Gujarat,Family Owned,13,vikram.bose799@gmail.com,+91-7724300518,Verified,2020-10-03
CUST101078,Kabir,Khan,Male,1976-01-24,50,Married,1,Graduate,Salaried,Accountant,677700,Lucknow,Uttar Pradesh,Owned,5,kabir.khan430@yahoo.in,+91-8942832838,Verified,2017-08-14
CUST101079,Ayaan,Kaur,Male,1993-05-03,33,Single,3,High School,Salaried,Software Engineer,330100,Kochi,Kerala,Rented,3,ayaan.kaur554@gmail.com,+91-8320553347,Pending,2014-12-17
CUST101080,Fatima,Joshi,Female,1985-05-20,41,Married,1,Post Graduate,Self-Employed,Freelance Designer,323100,Kochi,Kerala,Rented,15,fatima.joshi705@outlook.com,+91-8457718614,Pending,2022-04-26
CUST101081,Swati,Reddy,Female,1972-07-19,53,Married,1,Diploma,Unemployed,Homemaker,125000,Surat,Gujarat,Rented,7,swati.reddy278@rediffmail.com,+91-8693960261,Pending,2014-05-03
CUST101082,Vihaan,Joshi,Male,1998-06-18,28,Married,2,Professional Degree,Self-Employed,Doctor (Practice),1168500,Pune,Maharashtra,Rented,10,vihaan.joshi335@gmail.com,+91-8975553209,Verified,2021-07-27
CUST101083,Isha,Iyer,Female,1981-08-15,44,Single,1,Graduate,Salaried,Sales Executive,1307200,Nagpur,Maharashtra,Rented,12,isha.iyer747@gmail.com,+91-7278179299,Verified,2019-02-22
CUST101084,Fatima,Gupta,Female,1975-09-11,50,Single,1,Diploma,Business Owner,Trader,404900,Jaipur,Rajasthan,Owned,7,fatima.gupta161@outlook.com,+91-8872321363,Verified,2022-10-09
CUST101085,Anika,Sharma,Female,1994-01-22,32,Widowed,1,Graduate,Business Owner,Trader,482300,Bhopal,Madhya Pradesh,Mortgaged,14,anika.sharma316@yahoo.in,+91-9171359415,Verified,2018-10-28
CUST101086,Shreya,Ahmed,Female,2004-04-02,22,Divorced,2,Professional Degree,Self-Employed,Lawyer,577800,Chennai,Tamil Nadu,Rented,1,shreya.ahmed913@gmail.com,+91-8192736607,Pending,2022-08-14
CUST101087,Kabir,Verma,Male,1985-11-07,40,Single,3,Graduate,Self-Employed,Consultant,675900,Bengaluru,Karnataka,Owned,20,kabir.verma808@gmail.com,+91-8576335298,Verified,2020-10-06
CUST101088,Vikram,Banerjee,Male,1978-11-05,47,Married,3,Graduate,Business Owner,Retail Store Owner,362200,Noida,Uttar Pradesh,Rented,4,vikram.banerjee629@rediffmail.com,+91-7455267029,Verified,2016-06-26
CUST101089,Pranav,Banerjee,Male,1981-06-02,45,Married,1,Post Graduate,Salaried,Analyst,262400,Kolkata,West Bengal,Owned,19,pranav.banerjee933@yahoo.in,+91-9683948696,Verified,2018-04-07
CUST101090,Sowmya,Nair,Female,1992-11-17,33,Married,0,Graduate,Salaried,Nurse,780100,Mysuru,Karnataka,Owned,15,sowmya.nair7@gmail.com,+91-7713436725,Verified,2021-12-15
CUST101091,Ritu,Shah,Female,1985-04-20,41,Married,0,Graduate,Salaried,Software Engineer,509800,Indore,Madhya Pradesh,Rented,23,ritu.shah652@yahoo.in,+91-7937722925,Pending,2022-05-28
CUST101092,Karthik,Chowdhury,Male,1973-07-11,52,Single,2,Diploma,Salaried,HR Manager,288000,Mumbai,Maharashtra,Family Owned,8,karthik.chowdhury814@rediffmail.com,+91-9873256749,Verified,2016-02-06
CUST101093,Kabir,Kapoor,Male,2004-08-29,21,Married,1,Post Graduate,Salaried,Bank Officer,269400,Lucknow,Uttar Pradesh,Owned,3,kabir.kapoor843@yahoo.in,+91-8348898420,Verified,2023-02-25
CUST101094,Sowmya,Chopra,Female,1974-04-15,52,Divorced,2,Post Graduate,Self-Employed,Consultant,461500,Hyderabad,Telangana,Rented,3,sowmya.chopra882@yahoo.in,+91-7714018970,Pending,2020-08-10
CUST101095,Imran,Shah,Male,1995-03-19,31,Married,1,Post Graduate,Salaried,Accountant,1049300,Delhi,Delhi,Family Owned,5,imran.shah548@rediffmail.com,+91-9250417434,Verified,2018-03-10
CUST101096,Siddharth,Das,Male,1983-12-18,42,Single,3,Graduate,Retired,Retired Government Employee,285300,Jaipur,Rajasthan,Rented,5,siddharth.das639@yahoo.in,+91-7570145203,Verified,2016-06-08
CUST101097,Siddharth,Menon,Male,2000-10-14,25,Single,1,Post Graduate,Salaried,HR Manager,472000,Indore,Madhya Pradesh,Owned,7,siddharth.menon277@rediffmail.com,+91-7918099484,Verified,2021-06-01
CUST101098,Zara,Mehta,Female,1997-11-02,28,Single,0,Graduate,Self-Employed,Architect,654200,Pune,Maharashtra,Mortgaged,4,zara.mehta875@outlook.com,+91-8796265548,Pending,2019-10-20
CUST101099,Vivaan,Ahmed,Male,1977-04-03,49,Single,2,Graduate,Salaried,Analyst,670400,Kolkata,West Bengal,Owned,19,vivaan.ahmed40@outlook.com,+91-7043133842,Pending,2023-06-04
CUST101100,Harsh,Kulkarni,Male,1996-07-31,29,Divorced,1,High School,Self-Employed,Architect,216500,Noida,Uttar Pradesh,Owned,11,harsh.kulkarni136@yahoo.in,+91-9010875847,Verified,2018-11-26
CUST101101,Fatima,Malhotra,Female,1993-04-05,33,Married,1,Professional Degree,Business Owner,Restaurant Owner,385900,Surat,Gujarat,Rented,5,fatima.malhotra630@outlook.com,+91-7535456679,Pending,2019-11-22
CUST101102,Vivaan,Patel,Male,1987-09-07,38,Single,1,Diploma,Self-Employed,Chartered Accountant,659100,Kolkata,West Bengal,Mortgaged,18,vivaan.patel337@rediffmail.com,+91-8682545198,Verified,2024-04-22
CUST101103,Aarohi,Sharma,Female,1990-09-13,35,Married,1,Diploma,Salaried,HR Manager,370100,Gurugram,Haryana,Rented,17,aarohi.sharma178@yahoo.in,+91-7087140013,Verified,2022-07-12
CUST101104,Farhan,Singh,Male,1981-05-11,45,Married,2,Graduate,Business Owner,Contractor,547800,Indore,Madhya Pradesh,Rented,20,farhan.singh874@gmail.com,+91-7768812046,Verified,2014-11-28
CUST101105,Anil,Khan,Male,1976-04-25,50,Widowed,1,Diploma,Business Owner,Retail Store Owner,284800,Pune,Maharashtra,Owned,2,anil.khan468@outlook.com,+91-9040452230,Verified,2016-07-27
CUST101106,Nisha,Kaur,Female,1988-07-23,37,Single,2,Post Graduate,Salaried,Accountant,1200800,Lucknow,Uttar Pradesh,Rented,10,nisha.kaur173@yahoo.in,+91-9715379244,Verified,2022-02-08
CUST101107,Divya,Naidu,Female,1979-01-19,47,Single,3,High School,Self-Employed,Freelance Designer,347900,Hyderabad,Telangana,Rented,21,divya.naidu722@outlook.com,+91-8041300537,Verified,2016-07-31
CUST101108,Vihaan,Sharma,Male,1989-01-31,37,Married,1,Post Graduate,Salaried,Nurse,640600,Chennai,Tamil Nadu,Family Owned,2,vihaan.sharma274@gmail.com,+91-8364524603,Verified,2014-04-02
CUST101109,Kritika,Chowdhury,Female,1986-07-31,39,Married,1,Post Graduate,Salaried,Accountant,886300,Mysuru,Karnataka,Rented,5,kritika.chowdhury309@outlook.com,+91-8032160426,Verified,2016-11-19
CUST101110,Siddharth,Rao,Male,1992-07-04,34,Widowed,2,Graduate,Self-Employed,Consultant,278700,Lucknow,Uttar Pradesh,Mortgaged,2,siddharth.rao887@rediffmail.com,+91-9517306050,Verified,2023-07-18
CUST101111,Ananya,Shah,Female,1993-09-12,32,Married,1,Graduate,Salaried,Analyst,654000,Kochi,Kerala,Rented,14,ananya.shah97@yahoo.in,+91-9074694790,Verified,2013-07-27
CUST101112,Nisha,Kaur,Female,1989-03-05,37,Married,1,Graduate,Self-Employed,Consultant,251600,Delhi,Delhi,Mortgaged,19,nisha.kaur269@rediffmail.com,+91-9239873917,Verified,2016-03-14
CUST101113,Dev,Kapoor,Male,1999-12-23,26,Married,0,Diploma,Business Owner,Contractor,711800,Pune,Maharashtra,Rented,0,dev.kapoor892@outlook.com,+91-9075026565,Pending,2023-06-24
CUST101114,Suresh,Verma,Male,1964-09-16,61,Married,1,Graduate,Retired,Retired Government Employee,230800,Bhopal,Madhya Pradesh,Mortgaged,13,suresh.verma167@yahoo.in,+91-9297839131,Verified,2016-10-20
CUST101115,Lakshmi,Chowdhury,Female,1989-05-02,37,Married,3,Graduate,Salaried,Teacher,560700,Bengaluru,Karnataka,Mortgaged,8,lakshmi.chowdhury761@yahoo.in,+91-7751269386,Pending,2020-07-05
CUST101116,Kavya,Chopra,Female,1976-02-29,50,Married,0,Graduate,Self-Employed,Consultant,295700,Chennai,Tamil Nadu,Owned,11,kavya.chopra114@rediffmail.com,+91-7742682600,Pending,2023-05-07
CUST101117,Amit,Kaur,Male,1999-11-03,26,Single,1,Post Graduate,Salaried,Nurse,480700,Indore,Madhya Pradesh,Rented,8,amit.kaur509@yahoo.in,+91-7913171757,Pending,2021-02-13
CUST101118,Zaid,Deshpande,Male,1994-04-11,32,Married,0,Graduate,Salaried,Nurse,209000,Ahmedabad,Gujarat,Owned,12,zaid.deshpande384@yahoo.in,+91-9360812314,Verified,2016-02-02
CUST101119,Sandeep,Chowdhury,Male,1995-05-15,31,Widowed,0,Post Graduate,Retired,Pensioner,283600,Ahmedabad,Gujarat,Owned,11,sandeep.chowdhury522@yahoo.in,+91-9444418692,Verified,2017-05-10
CUST101120,Manish,Joshi,Male,1974-11-23,51,Married,1,Post Graduate,Self-Employed,Freelance Designer,284200,Noida,Uttar Pradesh,Mortgaged,18,manish.joshi299@outlook.com,+91-8038350135,Verified,2015-09-26
CUST101121,Tanvi,Kulkarni,Female,1991-05-22,35,Married,1,Post Graduate,Salaried,Teacher,1004700,Gurugram,Haryana,Rented,17,tanvi.kulkarni515@yahoo.in,+91-9432431268,Verified,2023-02-20
CUST101122,Zara,Khan,Female,2001-09-27,24,Divorced,2,Post Graduate,Salaried,Accountant,458700,Bengaluru,Karnataka,Rented,6,zara.khan771@outlook.com,+91-8782624827,Verified,2023-06-10
CUST101123,Pooja,Khan,Female,1957-04-15,69,Married,0,Post Graduate,Salaried,Analyst,954700,Bengaluru,Karnataka,Family Owned,10,pooja.khan426@rediffmail.com,+91-9074339073,Pending,2021-10-23
CUST101124,Meera,Shah,Female,1997-05-15,29,Single,0,Post Graduate,Self-Employed,Architect,947500,Jaipur,Rajasthan,Owned,6,meera.shah143@outlook.com,+91-8532886455,Verified,2019-10-02
CUST101125,Neha,Bhat,Female,1995-09-04,30,Single,6,Graduate,Salaried,Bank Officer,569300,Nagpur,Maharashtra,Rented,12,neha.bhat342@outlook.com,+91-9240193851,Verified,2019-07-01
CUST101126,Meera,Das,Female,1978-11-12,47,Single,1,Post Graduate,Self-Employed,Consultant,964400,Pune,Maharashtra,Rented,3,meera.das583@gmail.com,+91-7625016754,Verified,2020-08-12
CUST101127,Diya,Bhat,Female,1966-07-14,59,Married,0,Graduate,Self-Employed,Doctor (Practice),829000,Bengaluru,Karnataka,Owned,16,diya.bhat489@yahoo.in,+91-7891799479,Verified,2019-07-27
CUST101128,Imran,Banerjee,Male,1970-02-05,56,Married,0,Post Graduate,Self-Employed,Doctor (Practice),1350100,Bhopal,Madhya Pradesh,Family Owned,14,imran.banerjee817@outlook.com,+91-8931620743,Pending,2022-06-05
CUST101129,Kritika,Ahmed,Female,1998-11-23,27,Married,3,Diploma,Salaried,Analyst,425700,Hyderabad,Telangana,Family Owned,2,kritika.ahmed801@yahoo.in,+91-7137465168,Pending,2022-07-11
CUST101130,Neha,Singh,Female,1973-03-10,53,Married,0,Graduate,Self-Employed,Lawyer,312100,Hyderabad,Telangana,Mortgaged,4,neha.singh118@rediffmail.com,+91-9478263393,Pending,2023-12-19
CUST101131,Sandeep,Gill,Male,1975-10-17,50,Married,1,Post Graduate,Unemployed,Homemaker,120000,Gurugram,Haryana,Owned,11,sandeep.gill908@outlook.com,+91-8398174118,Verified,2019-03-14
CUST101132,Divya,Deshpande,Female,1976-09-30,49,Widowed,1,Diploma,Salaried,Sales Executive,281800,Gurugram,Haryana,Rented,14,divya.deshpande981@gmail.com,+91-8552330964,Verified,2020-07-17
CUST101133,Sandeep,Chowdhury,Male,2002-01-03,24,Single,2,Post Graduate,Self-Employed,Freelance Designer,348000,Lucknow,Uttar Pradesh,Rented,6,sandeep.chowdhury839@gmail.com,+91-7712941949,Pending,2024-04-12
CUST101134,Meera,Singh,Female,1979-11-13,46,Single,3,High School,Retired,Retired Private Sector,572800,Indore,Madhya Pradesh,Mortgaged,9,meera.singh663@rediffmail.com,+91-8786528939,Pending,2018-01-29
CUST101135,Rahul,Chopra,Male,1989-01-18,37,Single,0,Post Graduate,Salaried,Sales Executive,529500,Kochi,Kerala,Rented,18,rahul.chopra889@rediffmail.com,+91-9238680689,Pending,2022-05-26
CUST101136,Nikhil,Joshi,Male,2004-12-22,21,Widowed,2,Graduate,Salaried,HR Manager,794400,Bengaluru,Karnataka,Owned,3,nikhil.joshi737@yahoo.in,+91-7010398478,Verified,2022-07-03
CUST101137,Kavya,Bose,Female,1994-12-02,31,Single,2,Post Graduate,Salaried,Software Engineer,525400,Chennai,Tamil Nadu,Family Owned,4,kavya.bose821@gmail.com,+91-8271895491,Verified,2016-12-31
CUST101138,Nisha,Menon,Female,1993-05-11,33,Married,1,Graduate,Salaried,Sales Executive,350900,Indore,Madhya Pradesh,Mortgaged,10,nisha.menon66@yahoo.in,+91-8093592065,Verified,2021-12-09
CUST101139,Priya,Patel,Female,1999-04-06,27,Single,3,Graduate,Salaried,Teacher,138900,Gurugram,Haryana,Rented,9,priya.patel451@gmail.com,+91-8086887307,Pending,2019-08-27
CUST101140,Rahul,Kapoor,Male,1993-06-28,33,Married,1,Graduate,Retired,Retired Private Sector,139000,Indore,Madhya Pradesh,Rented,1,rahul.kapoor817@gmail.com,+91-9733169058,Verified,2014-02-22
CUST101141,Harsh,Reddy,Male,1965-09-03,60,Divorced,3,Diploma,Self-Employed,Lawyer,430000,Indore,Madhya Pradesh,Rented,13,harsh.reddy500@rediffmail.com,+91-7533044895,Verified,2019-07-22
CUST101142,Nisha,Joshi,Female,2005-05-21,21,Single,1,Post Graduate,Salaried,Bank Officer,486700,Gurugram,Haryana,Rented,2,nisha.joshi319@outlook.com,+91-7471760832,Verified,2022-06-19
CUST101143,Kabir,Naidu,Male,1997-05-10,29,Widowed,1,High School,Salaried,Teacher,246600,Pune,Maharashtra,Family Owned,1,kabir.naidu931@gmail.com,+91-7122846329,Verified,2019-03-04
CUST101144,Zara,Ahmed,Female,1998-09-27,27,Single,1,Graduate,Self-Employed,Architect,725500,Mumbai,Maharashtra,Mortgaged,4,zara.ahmed57@gmail.com,+91-7082669646,Verified,2023-09-20
CUST101145,Rajesh,Gill,Male,1988-08-07,37,Married,0,Graduate,Business Owner,Restaurant Owner,995900,Delhi,Delhi,Owned,7,rajesh.gill429@yahoo.in,+91-8855991025,Verified,2021-01-07
CUST101146,Isha,Chopra,Female,1993-09-19,32,Single,0,Post Graduate,Salaried,HR Manager,588400,Kolkata,West Bengal,Family Owned,9,isha.chopra285@outlook.com,+91-7083679696,Verified,2015-07-28
CUST101147,Kabir,Gill,Male,2002-12-15,23,Married,0,Graduate,Salaried,Software Engineer,457900,Nagpur,Maharashtra,Rented,5,kabir.gill38@rediffmail.com,+91-9782071365,Verified,2019-08-08
CUST101148,Ayaan,Patel,Male,1986-06-06,40,Married,1,High School,Self-Employed,Architect,343700,Kochi,Kerala,Rented,18,ayaan.patel35@rediffmail.com,+91-8939613946,Pending,2017-05-06
CUST101149,Tanvi,Kapoor,Female,1982-06-04,44,Married,1,Graduate,Self-Employed,Architect,501300,Mumbai,Maharashtra,Rented,21,tanvi.kapoor726@outlook.com,+91-7693266667,Verified,2022-09-12
CUST101150,Ayesha,Iyer,Female,2000-03-15,26,Married,0,Post Graduate,Salaried,Analyst,228000,Kolkata,West Bengal,Rented,8,ayesha.iyer112@yahoo.in,+91-7454072625,Verified,2020-01-12
CUST101151,Kavya,Rao,Female,1983-08-26,42,Married,2,Post Graduate,Self-Employed,Doctor (Practice),706800,Chennai,Tamil Nadu,Owned,24,kavya.rao295@outlook.com,+91-7395584873,Verified,2019-08-14
CUST101152,Ananya,Bhat,Female,2005-04-18,21,Married,0,Post Graduate,Salaried,Nurse,232400,Coimbatore,Tamil Nadu,Rented,3,ananya.bhat994@yahoo.in,+91-9390721218,Pending,2022-01-09
CUST101153,Sowmya,Deshpande,Female,1984-04-06,42,Single,2,Post Graduate,Business Owner,Contractor,1791800,Jaipur,Rajasthan,Rented,16,sowmya.deshpande287@gmail.com,+91-8722822684,Pending,2023-12-03
CUST101154,Kavya,Reddy,Female,1995-04-24,31,Married,2,Graduate,Business Owner,Restaurant Owner,205600,Nagpur,Maharashtra,Rented,13,kavya.reddy402@outlook.com,+91-8869448662,Verified,2023-10-17
CUST101155,Reyansh,Chopra,Male,1986-03-08,40,Single,2,Diploma,Business Owner,Contractor,660700,Kochi,Kerala,Mortgaged,10,reyansh.chopra44@yahoo.in,+91-9273300561,Pending,2021-04-22
CUST101156,Aarav,Kaur,Male,1985-02-03,41,Single,1,Diploma,Salaried,Nurse,284300,Chennai,Tamil Nadu,Rented,5,aarav.kaur780@outlook.com,+91-7538271136,Verified,2021-11-06
CUST101157,Anika,Naidu,Female,2005-01-19,21,Divorced,0,Graduate,Self-Employed,Architect,284200,Mysuru,Karnataka,Mortgaged,3,anika.naidu85@gmail.com,+91-8721310334,Verified,2024-01-16
CUST101158,Priya,Shah,Female,1998-12-06,27,Single,1,Professional Degree,Salaried,Accountant,1089300,Indore,Madhya Pradesh,Rented,9,priya.shah88@gmail.com,+91-8427830015,Verified,2015-12-02
CUST101159,Pranav,Chowdhury,Male,1997-03-18,29,Single,3,Graduate,Unemployed,Homemaker,120000,Coimbatore,Tamil Nadu,Family Owned,11,pranav.chowdhury615@outlook.com,+91-7331755072,Verified,2016-07-16
CUST101160,Sowmya,Iyer,Female,1972-05-05,54,Married,0,Graduate,Salaried,Software Engineer,398100,Lucknow,Uttar Pradesh,Rented,9,sowmya.iyer201@rediffmail.com,+91-8139875320,Verified,2014-04-18
CUST101161,Harsh,Gill,Male,1974-12-17,51,Single,2,Graduate,Salaried,Analyst,788600,Ahmedabad,Gujarat,Rented,23,harsh.gill812@rediffmail.com,+91-7026097913,Verified,2018-12-19
CUST101162,Reyansh,Chopra,Male,1997-06-08,29,Married,4,Graduate,Salaried,Teacher,936000,Bhopal,Madhya Pradesh,Owned,2,reyansh.chopra337@rediffmail.com,+91-8814298601,Pending,2015-07-17
CUST101163,Nikhil,Malhotra,Male,1978-03-06,48,Married,1,Diploma,Salaried,Accountant,215100,Indore,Madhya Pradesh,Rented,16,nikhil.malhotra402@gmail.com,+91-7781428237,Verified,2013-08-18
CUST101164,Harsh,Ahmed,Male,1985-11-27,40,Married,2,Graduate,Salaried,Sales Executive,149200,Surat,Gujarat,Mortgaged,4,harsh.ahmed897@gmail.com,+91-7166252093,Verified,2019-01-03
CUST101165,Kritika,Joshi,Female,1991-10-16,34,Married,2,Graduate,Self-Employed,Architect,684600,Delhi,Delhi,Family Owned,8,kritika.joshi881@gmail.com,+91-9835746023,Pending,2021-04-24
CUST101166,Dev,Gill,Male,1989-06-03,37,Married,1,Graduate,Salaried,Nurse,422500,Noida,Uttar Pradesh,Family Owned,19,dev.gill436@gmail.com,+91-9221108911,Verified,2015-05-07
CUST101167,Imran,Chowdhury,Male,1986-02-16,40,Single,0,Graduate,Salaried,Sales Executive,917800,Pune,Maharashtra,Mortgaged,10,imran.chowdhury827@gmail.com,+91-9887487101,Verified,2016-04-28
CUST101168,Shreya,Joshi,Female,1971-11-21,54,Married,4,Professional Degree,Self-Employed,Chartered Accountant,400000,Delhi,Delhi,Owned,11,shreya.joshi225@gmail.com,+91-9030765651,Pending,2021-02-25
CUST101169,Divya,Joshi,Female,1994-07-21,31,Married,1,Graduate,Salaried,Bank Officer,429000,Bhopal,Madhya Pradesh,Rented,13,divya.joshi989@yahoo.in,+91-9232178257,Verified,2021-07-23
CUST101170,Imran,Gupta,Male,1989-09-12,36,Married,0,Diploma,Salaried,Nurse,696500,Bengaluru,Karnataka,Family Owned,10,imran.gupta303@rediffmail.com,+91-8771755715,Verified,2016-08-28
CUST101171,Meera,Menon,Female,1981-12-15,44,Single,1,Graduate,Self-Employed,Architect,416700,Surat,Gujarat,Family Owned,19,meera.menon580@yahoo.in,+91-7289023753,Verified,2019-08-29
CUST101172,Amit,Sheikh,Male,1990-09-28,35,Married,0,Graduate,Salaried,Accountant,528600,Gurugram,Haryana,Owned,15,amit.sheikh319@outlook.com,+91-8280794356,Verified,2018-06-10
CUST101173,Vikram,Gill,Male,2005-03-28,21,Single,1,Post Graduate,Unemployed,Student,169300,Lucknow,Uttar Pradesh,Owned,3,vikram.gill364@gmail.com,+91-8858790276,Pending,2024-01-31
CUST101174,Aarav,Sheikh,Male,1986-07-28,39,Married,1,Professional Degree,Salaried,Sales Executive,535000,Ahmedabad,Gujarat,Rented,15,aarav.sheikh616@rediffmail.com,+91-8987234395,Pending,2022-06-03
CUST101175,Tanvi,Naidu,Female,1986-01-14,40,Married,4,Graduate,Self-Employed,Freelance Designer,412500,Chennai,Tamil Nadu,Rented,20,tanvi.naidu564@yahoo.in,+91-7128526962,Verified,2016-06-04
CUST101176,Karthik,Bose,Male,2002-09-29,23,Single,0,Diploma,Self-Employed,Architect,683300,Chandigarh,Chandigarh,Rented,5,karthik.bose128@yahoo.in,+91-7613090545,Pending,2022-11-05
CUST101177,Kritika,Sharma,Female,1981-10-31,44,Married,6,Graduate,Salaried,Teacher,762200,Delhi,Delhi,Owned,12,kritika.sharma860@rediffmail.com,+91-7196714653,Verified,2024-01-07
CUST101178,Amit,Kulkarni,Male,1980-12-29,45,Married,3,Graduate,Salaried,Sales Executive,722400,Ahmedabad,Gujarat,Rented,20,amit.kulkarni408@gmail.com,+91-7637753977,Verified,2022-05-01
CUST101179,Zaid,Verma,Male,1976-10-05,49,Single,3,Post Graduate,Salaried,Teacher,727400,Jaipur,Rajasthan,Rented,11,zaid.verma56@gmail.com,+91-7145581996,Verified,2020-07-08
CUST101180,Manish,Nair,Male,1998-09-04,27,Divorced,4,Graduate,Self-Employed,Architect,756600,Kolkata,West Bengal,Owned,9,manish.nair826@outlook.com,+91-8252751906,Pending,2023-03-21
CUST101181,Vikram,Patel,Male,1986-09-09,39,Married,1,Graduate,Salaried,Accountant,586000,Noida,Uttar Pradesh,Rented,11,vikram.patel336@yahoo.in,+91-8352153785,Verified,2015-02-26
CUST101182,Aarohi,Nair,Female,1999-11-03,26,Married,1,Graduate,Salaried,Nurse,251400,Noida,Uttar Pradesh,Owned,8,aarohi.nair933@outlook.com,+91-7847547606,Verified,2020-08-27
CUST101183,Vikram,Shah,Male,2005-04-23,21,Married,2,Graduate,Business Owner,Retail Store Owner,494900,Mysuru,Karnataka,Owned,3,vikram.shah596@gmail.com,+91-9513398132,Verified,2023-05-27
CUST101184,Aarohi,Kaur,Female,1988-10-20,37,Single,1,Graduate,Salaried,HR Manager,557300,Chennai,Tamil Nadu,Family Owned,0,aarohi.kaur830@rediffmail.com,+91-9143803621,Verified,2013-12-23
CUST101185,Siddharth,Khan,Male,1994-09-25,31,Married,1,Diploma,Business Owner,Manufacturer,232700,Pune,Maharashtra,Rented,13,siddharth.khan723@outlook.com,+91-8838158777,Verified,2019-01-17
CUST101186,Isha,Ahmed,Female,1959-07-16,66,Single,0,Post Graduate,Business Owner,Trader,844500,Ahmedabad,Gujarat,Rented,22,isha.ahmed826@outlook.com,+91-9594434511,Verified,2015-10-23
CUST101187,Aarav,Banerjee,Male,1994-09-07,31,Single,0,Graduate,Retired,Retired Private Sector,154300,Gurugram,Haryana,Rented,13,aarav.banerjee944@outlook.com,+91-9123852327,Pending,2019-12-19
CUST101188,Karthik,Sharma,Male,1985-07-01,41,Married,0,Professional Degree,Salaried,Teacher,595700,Kolkata,West Bengal,Family Owned,9,karthik.sharma267@gmail.com,+91-9024280066,Verified,2022-07-22
CUST101189,Karthik,Chopra,Male,1988-11-05,37,Married,0,Graduate,Salaried,Accountant,321700,Ahmedabad,Gujarat,Owned,13,karthik.chopra223@rediffmail.com,+91-7916503193,Pending,2016-01-19
CUST101190,Amit,Patel,Male,1981-12-03,44,Single,0,Professional Degree,Salaried,Analyst,1322000,Jaipur,Rajasthan,Rented,17,amit.patel721@outlook.com,+91-8153996082,Verified,2014-06-10
CUST101191,Ananya,Bose,Female,1977-12-08,48,Married,1,High School,Salaried,Software Engineer,241200,Ahmedabad,Gujarat,Owned,10,ananya.bose74@rediffmail.com,+91-7897455245,Verified,2021-12-20
CUST101192,Imran,Mehta,Male,1979-05-17,47,Married,2,Diploma,Business Owner,Contractor,1240100,Pune,Maharashtra,Rented,15,imran.mehta59@yahoo.in,+91-7097642266,Verified,2018-02-25
CUST101193,Dev,Chowdhury,Male,1988-05-01,38,Married,1,High School,Self-Employed,Freelance Designer,217000,Surat,Gujarat,Owned,6,dev.chowdhury261@gmail.com,+91-8556461249,Verified,2018-03-28
CUST101194,Diya,Singh,Female,1971-12-20,54,Single,3,Post Graduate,Self-Employed,Chartered Accountant,1231500,Mumbai,Maharashtra,Mortgaged,22,diya.singh601@outlook.com,+91-7241420581,Verified,2020-05-23
CUST101195,Sowmya,Rao,Female,1995-01-20,31,Married,0,Post Graduate,Retired,Retired Government Employee,496000,Mysuru,Karnataka,Rented,9,sowmya.rao323@outlook.com,+91-9053824625,Verified,2021-12-12
CUST101196,Kritika,Verma,Female,1988-02-10,38,Single,2,Post Graduate,Salaried,Nurse,518900,Noida,Uttar Pradesh,Rented,13,kritika.verma902@gmail.com,+91-9362901951,Verified,2016-06-07
CUST101197,Aadhya,Banerjee,Female,2002-03-31,24,Married,1,Post Graduate,Self-Employed,Consultant,508800,Hyderabad,Telangana,Rented,6,aadhya.banerjee393@gmail.com,+91-8390254956,Verified,2020-04-10
CUST101198,Tanvi,Khan,Female,2003-05-16,23,Widowed,3,Professional Degree,Business Owner,Retail Store Owner,380600,Coimbatore,Tamil Nadu,Mortgaged,4,tanvi.khan252@rediffmail.com,+91-8864312553,Verified,2021-10-11
CUST101199,Sowmya,Mehta,Female,1979-04-10,47,Married,3,Graduate,Salaried,Teacher,1117800,Indore,Madhya Pradesh,Rented,10,sowmya.mehta914@yahoo.in,+91-7281965049,Verified,2018-12-14
CUST101200,Lakshmi,Bose,Female,1993-03-20,33,Widowed,2,Post Graduate,Salaried,Sales Executive,548500,Kolkata,West Bengal,Owned,6,lakshmi.bose477@rediffmail.com,+91-8475631072,Verified,2018-12-23
CUST101201,Anil,Deshpande,Male,1981-06-21,45,Married,2,Diploma,Salaried,Sales Executive,452900,Surat,Gujarat,Family Owned,8,anil.deshpande742@yahoo.in,+91-8133308327,Verified,2019-06-09
CUST101202,Ayaan,Das,Male,1989-03-10,37,Single,0,Graduate,Business Owner,Trader,965600,Noida,Uttar Pradesh,Mortgaged,19,ayaan.das381@yahoo.in,+91-8567704850,Verified,2021-11-15
CUST101203,Vivaan,Chopra,Male,1993-07-03,33,Married,2,Graduate,Self-Employed,Chartered Accountant,382000,Kolkata,West Bengal,Family Owned,1,vivaan.chopra202@yahoo.in,+91-8438046717,Verified,2014-06-25
CUST101204,Rahul,Sheikh,Male,1965-05-02,61,Married,2,High School,Self-Employed,Chartered Accountant,540200,Bhopal,Madhya Pradesh,Mortgaged,19,rahul.sheikh385@outlook.com,+91-7135143356,Verified,2014-04-27
CUST101205,Swati,Sharma,Female,1996-11-27,29,Married,1,Diploma,Salaried,Accountant,463500,Indore,Madhya Pradesh,Owned,11,swati.sharma925@gmail.com,+91-7053011344,Verified,2023-01-26
CUST101206,Sandeep,Sharma,Male,1972-10-10,53,Married,1,Post Graduate,Salaried,HR Manager,618300,Pune,Maharashtra,Mortgaged,19,sandeep.sharma783@rediffmail.com,+91-9384029389,Verified,2014-11-25
CUST101207,Arjun,Ahmed,Male,2001-09-14,24,Married,3,Graduate,Salaried,Teacher,174100,Chandigarh,Chandigarh,Family Owned,6,arjun.ahmed650@yahoo.in,+91-7196516960,Verified,2019-05-13
CUST101208,Suresh,Mukherjee,Male,1994-12-16,31,Single,0,Graduate,Salaried,Nurse,501100,Surat,Gujarat,Rented,13,suresh.mukherjee11@gmail.com,+91-8790807343,Verified,2013-08-17
CUST101209,Divya,Sharma,Female,1980-06-28,46,Single,0,Graduate,Salaried,HR Manager,376500,Gurugram,Haryana,Owned,3,divya.sharma216@gmail.com,+91-9669311984,Verified,2016-01-13
CUST101210,Vivaan,Chopra,Male,1981-06-25,45,Married,3,High School,Salaried,Sales Executive,171300,Surat,Gujarat,Rented,16,vivaan.chopra882@rediffmail.com,+91-9044851186,Pending,2014-06-11
CUST101211,Krishna,Mehta,Male,2005-05-01,21,Married,3,Post Graduate,Salaried,Accountant,934000,Indore,Madhya Pradesh,Owned,3,krishna.mehta305@yahoo.in,+91-8352477731,Verified,2021-09-27
CUST101212,Nikhil,Gill,Male,1978-01-19,48,Married,2,Graduate,Salaried,Sales Executive,621600,Coimbatore,Tamil Nadu,Owned,2,nikhil.gill837@outlook.com,+91-7076322575,Verified,2018-06-21
CUST101213,Neha,Sharma,Female,1984-10-13,41,Single,3,Graduate,Salaried,Bank Officer,362400,Mysuru,Karnataka,Owned,23,neha.sharma497@outlook.com,+91-9580782777,Verified,2021-11-26
CUST101214,Imran,Mehta,Male,1999-11-11,26,Married,2,Professional Degree,Salaried,Nurse,209700,Bengaluru,Karnataka,Owned,8,imran.mehta319@rediffmail.com,+91-9547444049,Pending,2018-12-03
CUST101215,Vikram,Sharma,Male,1999-01-28,27,Single,2,Graduate,Salaried,Software Engineer,499200,Kolkata,West Bengal,Family Owned,9,vikram.sharma332@yahoo.in,+91-7749834588,Verified,2020-01-30
CUST101216,Ayaan,Nair,Male,1997-11-11,28,Married,2,Professional Degree,Salaried,HR Manager,2063400,Delhi,Delhi,Rented,0,ayaan.nair592@outlook.com,+91-9652783515,Verified,2016-07-14
CUST101217,Aadhya,Kapoor,Female,2002-04-03,24,Married,1,Graduate,Self-Employed,Architect,591500,Mumbai,Maharashtra,Owned,6,aadhya.kapoor560@rediffmail.com,+91-7776998098,Verified,2021-05-13
CUST101218,Deepak,Mehta,Male,1998-07-20,27,Single,0,Graduate,Unemployed,Homemaker,120000,Kolkata,West Bengal,Family Owned,9,deepak.mehta240@yahoo.in,+91-9029564931,Verified,2018-02-14
CUST101219,Ishaan,Shah,Male,1973-02-04,53,Married,0,Graduate,Salaried,Sales Executive,823600,Bengaluru,Karnataka,Rented,12,ishaan.shah93@yahoo.in,+91-7145972762,Pending,2022-06-04
CUST101220,Lakshmi,Gupta,Female,1994-02-28,32,Married,0,Graduate,Salaried,HR Manager,506800,Nagpur,Maharashtra,Rented,14,lakshmi.gupta349@outlook.com,+91-7321973859,Verified,2016-03-30
CUST101221,Deepak,Gill,Male,1972-03-26,54,Single,1,Graduate,Salaried,Bank Officer,558700,Ahmedabad,Gujarat,Owned,7,deepak.gill720@outlook.com,+91-9666890286,Verified,2022-12-10
CUST101222,Ayesha,Singh,Female,1973-11-28,52,Married,1,Diploma,Business Owner,Contractor,322500,Gurugram,Haryana,Rented,8,ayesha.singh130@rediffmail.com,+91-7510344090,Pending,2019-09-20
CUST101223,Kritika,Singh,Female,1985-12-07,40,Married,0,Graduate,Salaried,HR Manager,464500,Coimbatore,Tamil Nadu,Rented,14,kritika.singh927@rediffmail.com,+91-7557858649,Pending,2019-08-03
CUST101224,Yash,Banerjee,Male,1987-08-10,38,Single,2,Graduate,Salaried,Nurse,712500,Chennai,Tamil Nadu,Owned,2,yash.banerjee626@outlook.com,+91-9081485749,Verified,2014-02-20
CUST101225,Kabir,Chowdhury,Male,2002-11-26,23,Married,1,Graduate,Salaried,HR Manager,316500,Coimbatore,Tamil Nadu,Owned,5,kabir.chowdhury23@outlook.com,+91-7996878678,Pending,2022-10-26
CUST101226,Siddharth,Gupta,Male,1983-08-03,42,Married,0,Graduate,Salaried,Bank Officer,233800,Gurugram,Haryana,Family Owned,12,siddharth.gupta164@yahoo.in,+91-7655420508,Verified,2023-12-03
CUST101227,Aditya,Das,Male,1972-10-05,53,Single,0,Graduate,Salaried,Software Engineer,468600,Hyderabad,Telangana,Mortgaged,15,aditya.das421@outlook.com,+91-9166313813,Verified,2018-07-05
CUST101228,Aditya,Malhotra,Male,1999-09-29,26,Married,0,Professional Degree,Self-Employed,Freelance Designer,565100,Pune,Maharashtra,Rented,2,aditya.malhotra834@outlook.com,+91-9232025202,Verified,2016-09-19
CUST101229,Suresh,Bhat,Male,1978-05-19,48,Single,1,Diploma,Self-Employed,Architect,925300,Kochi,Kerala,Rented,20,suresh.bhat185@outlook.com,+91-9820914095,Verified,2021-03-28
CUST101230,Kavya,Malhotra,Female,1982-03-25,44,Married,3,Post Graduate,Salaried,Teacher,488500,Nagpur,Maharashtra,Mortgaged,9,kavya.malhotra37@yahoo.in,+91-8636475595,Verified,2022-06-25
CUST101231,Fatima,Reddy,Female,1970-09-09,55,Divorced,0,Post Graduate,Self-Employed,Freelance Designer,813200,Chennai,Tamil Nadu,Rented,14,fatima.reddy979@outlook.com,+91-7249519364,Verified,2016-01-01
CUST101232,Isha,Iyer,Female,1970-07-01,56,Married,1,Graduate,Salaried,Nurse,567300,Bengaluru,Karnataka,Rented,10,isha.iyer392@outlook.com,+91-7661107188,Verified,2020-12-29
CUST101233,Riya,Deshpande,Female,1994-12-03,31,Married,2,Post Graduate,Self-Employed,Consultant,662700,Indore,Madhya Pradesh,Family Owned,8,riya.deshpande547@gmail.com,+91-7037066854,Verified,2015-01-19
CUST101234,Aarav,Joshi,Male,1967-04-23,59,Single,0,High School,Self-Employed,Chartered Accountant,706400,Kolkata,West Bengal,Rented,23,aarav.joshi720@outlook.com,+91-8450431934,Verified,2019-10-24
CUST101235,Sowmya,Sharma,Female,1986-06-24,40,Married,3,Post Graduate,Salaried,Teacher,395500,Hyderabad,Telangana,Rented,12,sowmya.sharma479@outlook.com,+91-7848321867,Verified,2024-05-13
CUST101236,Kritika,Reddy,Female,1977-10-02,48,Married,1,High School,Retired,Retired Private Sector,120000,Nagpur,Maharashtra,Family Owned,6,kritika.reddy477@gmail.com,+91-7778212885,Verified,2021-04-25
CUST101237,Sowmya,Gupta,Female,1983-06-27,43,Single,1,Graduate,Self-Employed,Doctor (Practice),298300,Kochi,Kerala,Owned,23,sowmya.gupta635@outlook.com,+91-7020535281,Verified,2016-08-04
CUST101238,Kritika,Naidu,Female,1989-11-06,36,Married,1,Graduate,Business Owner,Contractor,1106000,Bhopal,Madhya Pradesh,Mortgaged,18,kritika.naidu685@rediffmail.com,+91-9099392496,Pending,2019-10-29
CUST101239,Pranav,Chopra,Male,1984-02-28,42,Married,0,Graduate,Salaried,Accountant,629900,Mumbai,Maharashtra,Owned,10,pranav.chopra738@gmail.com,+91-7664187237,Pending,2020-07-17
CUST101240,Ishaan,Nair,Male,1978-03-27,48,Single,1,Professional Degree,Salaried,HR Manager,3350500,Kochi,Kerala,Owned,17,ishaan.nair467@rediffmail.com,+91-8713780707,Verified,2018-12-03
CUST101241,Anika,Rao,Female,1977-01-14,49,Single,3,Graduate,Salaried,HR Manager,294200,Pune,Maharashtra,Family Owned,5,anika.rao647@gmail.com,+91-7357052611,Verified,2017-08-31
CUST101242,Fatima,Reddy,Female,1970-11-07,55,Married,2,High School,Self-Employed,Doctor (Practice),757900,Kolkata,West Bengal,Owned,23,fatima.reddy143@yahoo.in,+91-9186821944,Verified,2019-04-08
CUST101243,Ananya,Chowdhury,Female,2002-12-11,23,Divorced,0,High School,Business Owner,Trader,120000,Mumbai,Maharashtra,Rented,5,ananya.chowdhury495@gmail.com,+91-8988598743,Verified,2019-07-14
CUST101244,Aarav,Naidu,Male,1988-08-24,37,Single,2,Post Graduate,Self-Employed,Chartered Accountant,418600,Lucknow,Uttar Pradesh,Owned,19,aarav.naidu565@rediffmail.com,+91-8058053158,Verified,2019-05-12
CUST101245,Anika,Mukherjee,Female,1993-08-11,32,Single,2,Diploma,Salaried,Teacher,227100,Mysuru,Karnataka,Owned,4,anika.mukherjee356@rediffmail.com,+91-8244002837,Verified,2019-05-16
CUST101246,Aditya,Khan,Male,1974-12-25,51,Married,2,Graduate,Unemployed,Homemaker,298100,Chennai,Tamil Nadu,Owned,23,aditya.khan339@gmail.com,+91-7285108569,Verified,2021-05-05
CUST101247,Vikram,Sheikh,Male,1991-09-21,34,Single,0,Graduate,Salaried,Accountant,432300,Lucknow,Uttar Pradesh,Mortgaged,9,vikram.sheikh928@outlook.com,+91-9425084172,Verified,2013-10-07
CUST101248,Reyansh,Verma,Male,1975-08-05,50,Married,1,Professional Degree,Salaried,Bank Officer,793600,Noida,Uttar Pradesh,Mortgaged,23,reyansh.verma836@yahoo.in,+91-8126688120,Verified,2018-10-18
CUST101249,Pranav,Iyer,Male,2001-05-01,25,Single,2,Graduate,Self-Employed,Freelance Designer,588600,Nagpur,Maharashtra,Rented,6,pranav.iyer47@gmail.com,+91-8359141883,Verified,2021-04-05
CUST101250,Nisha,Das,Female,1998-01-02,28,Widowed,0,Professional Degree,Salaried,Software Engineer,611900,Coimbatore,Tamil Nadu,Rented,10,nisha.das580@rediffmail.com,+91-8150820094,Pending,2022-06-19
CUST101251,Imran,Kulkarni,Male,2005-02-09,21,Single,2,Post Graduate,Salaried,Bank Officer,379800,Lucknow,Uttar Pradesh,Family Owned,3,imran.kulkarni89@yahoo.in,+91-7840364140,Verified,2024-05-02
CUST101252,Neha,Reddy,Female,1998-06-16,28,Married,1,Graduate,Self-Employed,Chartered Accountant,730900,Kolkata,West Bengal,Owned,10,neha.reddy879@yahoo.in,+91-7448708153,Verified,2020-08-30
CUST101253,Suresh,Reddy,Male,1975-07-03,51,Married,2,Graduate,Salaried,Nurse,374600,Bhopal,Madhya Pradesh,Rented,3,suresh.reddy947@rediffmail.com,+91-9723200271,Verified,2015-01-08
CUST101254,Vihaan,Sheikh,Male,1985-12-17,40,Married,0,Professional Degree,Salaried,HR Manager,422500,Chandigarh,Chandigarh,Family Owned,14,vihaan.sheikh484@outlook.com,+91-8139682156,Verified,2024-01-03
CUST101255,Rahul,Iyer,Male,1963-07-20,62,Married,0,Diploma,Salaried,Nurse,288100,Chennai,Tamil Nadu,Owned,18,rahul.iyer257@gmail.com,+91-9135461057,Verified,2017-05-12
CUST101256,Anil,Mehta,Male,1991-01-08,35,Single,1,Post Graduate,Unemployed,Homemaker,120000,Noida,Uttar Pradesh,Rented,15,anil.mehta105@rediffmail.com,+91-9430191459,Verified,2013-12-14
CUST101257,Dev,Chopra,Male,1976-03-01,50,Divorced,2,Post Graduate,Salaried,Teacher,491200,Mysuru,Karnataka,Family Owned,4,dev.chopra720@rediffmail.com,+91-9023113195,Pending,2020-01-07
CUST101258,Anjali,Deshpande,Female,1972-05-07,54,Married,0,Diploma,Self-Employed,Chartered Accountant,663800,Jaipur,Rajasthan,Rented,3,anjali.deshpande438@outlook.com,+91-9088940929,Verified,2022-01-05
CUST101259,Ritu,Khan,Female,1977-03-25,49,Married,0,Post Graduate,Salaried,Bank Officer,930100,Surat,Gujarat,Rented,2,ritu.khan839@gmail.com,+91-8632662234,Verified,2017-01-30
CUST101260,Amit,Deshpande,Male,1988-09-22,37,Married,2,Graduate,Retired,Retired Private Sector,304300,Jaipur,Rajasthan,Mortgaged,15,amit.deshpande3@yahoo.in,+91-7562488072,Verified,2014-07-21
CUST101261,Pooja,Kaur,Female,1986-01-12,40,Single,0,Post Graduate,Business Owner,Manufacturer,484000,Mumbai,Maharashtra,Rented,21,pooja.kaur854@outlook.com,+91-8625016015,Pending,2015-01-19
CUST101262,Neha,Kapoor,Female,2004-11-17,21,Single,0,Diploma,Self-Employed,Freelance Designer,390000,Mysuru,Karnataka,Owned,0,neha.kapoor566@outlook.com,+91-8977493889,Verified,2022-01-02
CUST101263,Rajesh,Kulkarni,Male,1993-03-29,33,Married,2,Diploma,Self-Employed,Doctor (Practice),368100,Delhi,Delhi,Owned,15,rajesh.kulkarni818@outlook.com,+91-7119763918,Pending,2016-10-21
CUST101264,Deepika,Bose,Female,1975-12-26,50,Married,1,Graduate,Salaried,Sales Executive,409500,Jaipur,Rajasthan,Family Owned,0,deepika.bose142@rediffmail.com,+91-7727716717,Verified,2014-02-10
CUST101265,Vihaan,Banerjee,Male,1995-12-21,30,Married,0,Graduate,Salaried,Bank Officer,272900,Hyderabad,Telangana,Family Owned,12,vihaan.banerjee7@outlook.com,+91-7136492666,Verified,2019-04-22
CUST101266,Kabir,Reddy,Male,1992-10-18,33,Married,0,Graduate,Salaried,Accountant,725500,Surat,Gujarat,Family Owned,14,kabir.reddy447@gmail.com,+91-8190476548,Pending,2015-09-01
CUST101267,Imran,Das,Male,1996-04-21,30,Married,2,Professional Degree,Salaried,HR Manager,225300,Pune,Maharashtra,Rented,10,imran.das587@yahoo.in,+91-9748449562,Verified,2019-09-16
CUST101268,Reyansh,Chopra,Male,1992-04-13,34,Single,0,Graduate,Salaried,Software Engineer,414200,Jaipur,Rajasthan,Family Owned,15,reyansh.chopra290@yahoo.in,+91-8254558006,Verified,2018-12-01
CUST101269,Aarav,Bose,Male,1985-03-21,41,Divorced,3,Post Graduate,Salaried,Sales Executive,239700,Mysuru,Karnataka,Family Owned,11,aarav.bose829@yahoo.in,+91-9112783953,Verified,2014-08-21
CUST101270,Priya,Chowdhury,Female,2005-05-14,21,Divorced,2,Graduate,Salaried,Bank Officer,517300,Mysuru,Karnataka,Family Owned,3,priya.chowdhury113@outlook.com,+91-8029745848,Verified,2022-04-02
CUST101271,Vikram,Kulkarni,Male,1985-12-08,40,Single,2,High School,Self-Employed,Lawyer,746600,Jaipur,Rajasthan,Mortgaged,19,vikram.kulkarni154@yahoo.in,+91-9650914086,Pending,2014-05-28
CUST101272,Aarav,Mukherjee,Male,1974-02-18,52,Married,2,Graduate,Retired,Retired Government Employee,165700,Kochi,Kerala,Mortgaged,18,aarav.mukherjee198@outlook.com,+91-7354285769,Verified,2019-08-22
CUST101273,Siddharth,Naidu,Male,1990-01-04,36,Married,3,Graduate,Self-Employed,Freelance Designer,251900,Mysuru,Karnataka,Owned,18,siddharth.naidu585@outlook.com,+91-9844567295,Verified,2021-07-29
CUST101274,Kavya,Malhotra,Female,1996-03-11,30,Married,2,Graduate,Self-Employed,Freelance Designer,694600,Bengaluru,Karnataka,Rented,12,kavya.malhotra95@outlook.com,+91-7838077811,Verified,2023-06-23
CUST101275,Kabir,Joshi,Male,1993-04-04,33,Married,0,Post Graduate,Salaried,Analyst,560900,Pune,Maharashtra,Rented,11,kabir.joshi272@gmail.com,+91-9366000943,Pending,2019-03-07
CUST101276,Krishna,Khan,Male,1990-12-05,35,Married,4,Graduate,Salaried,Software Engineer,155300,Noida,Uttar Pradesh,Mortgaged,15,krishna.khan970@gmail.com,+91-9216594380,Verified,2019-08-24
CUST101277,Suresh,Ahmed,Male,1996-01-25,30,Single,2,Post Graduate,Salaried,HR Manager,822600,Kolkata,West Bengal,Owned,6,suresh.ahmed221@gmail.com,+91-8516849037,Verified,2020-08-16
CUST101278,Diya,Sheikh,Female,1980-05-17,46,Married,3,High School,Business Owner,Contractor,333800,Bengaluru,Karnataka,Family Owned,1,diya.sheikh296@outlook.com,+91-8334575376,Verified,2022-11-22
CUST101279,Sandeep,Banerjee,Male,1980-04-16,46,Married,1,Graduate,Self-Employed,Consultant,1434300,Ahmedabad,Gujarat,Owned,4,sandeep.banerjee48@gmail.com,+91-9522556273,Verified,2023-07-31
CUST101280,Sandeep,Verma,Male,1993-10-29,32,Widowed,1,Graduate,Business Owner,Contractor,782400,Indore,Madhya Pradesh,Owned,8,sandeep.verma744@rediffmail.com,+91-8788952716,Verified,2022-10-14
CUST101281,Zaid,Sharma,Male,1965-09-18,60,Married,3,Post Graduate,Salaried,HR Manager,362700,Pune,Maharashtra,Mortgaged,14,zaid.sharma148@gmail.com,+91-7895763270,Verified,2021-09-15
CUST101282,Nikhil,Kapoor,Male,2005-05-28,21,Married,0,Graduate,Salaried,Software Engineer,451400,Chennai,Tamil Nadu,Owned,3,nikhil.kapoor668@gmail.com,+91-8136481383,Verified,2023-01-30
CUST101283,Manish,Iyer,Male,1979-06-21,47,Single,3,Graduate,Salaried,Sales Executive,314000,Kochi,Kerala,Owned,0,manish.iyer499@rediffmail.com,+91-7838777237,Verified,2017-11-03
CUST101284,Rohan,Kulkarni,Male,1984-02-01,42,Married,1,Graduate,Self-Employed,Doctor (Practice),621200,Jaipur,Rajasthan,Rented,8,rohan.kulkarni180@outlook.com,+91-9386260884,Pending,2013-09-17
CUST101285,Ayaan,Das,Male,1994-06-09,32,Widowed,1,Diploma,Salaried,Software Engineer,983900,Indore,Madhya Pradesh,Rented,6,ayaan.das394@rediffmail.com,+91-9160995690,Verified,2016-07-21
CUST101286,Sneha,Kapoor,Female,1964-10-21,61,Married,2,Post Graduate,Salaried,Bank Officer,1655700,Ahmedabad,Gujarat,Rented,5,sneha.kapoor836@outlook.com,+91-7957474890,Verified,2017-02-11
CUST101287,Divya,Das,Female,1963-05-02,63,Single,2,Post Graduate,Business Owner,Contractor,1277600,Hyderabad,Telangana,Owned,16,divya.das112@rediffmail.com,+91-8496612887,Pending,2014-08-20
CUST101288,Siddharth,Reddy,Male,1977-08-01,48,Single,2,Post Graduate,Salaried,HR Manager,402100,Indore,Madhya Pradesh,Rented,18,siddharth.reddy342@outlook.com,+91-7634774151,Verified,2019-03-10
CUST101289,Kabir,Naidu,Male,1980-05-25,46,Married,2,Graduate,Self-Employed,Architect,1016300,Delhi,Delhi,Owned,3,kabir.naidu466@gmail.com,+91-7397764282,Verified,2022-11-23
CUST101290,Rajesh,Chopra,Male,1981-12-23,44,Single,3,Post Graduate,Salaried,Software Engineer,597000,Ahmedabad,Gujarat,Rented,22,rajesh.chopra806@outlook.com,+91-9259044919,Verified,2022-02-18
CUST101291,Vivaan,Bose,Male,1989-12-08,36,Single,3,Post Graduate,Salaried,Analyst,659500,Delhi,Delhi,Owned,18,vivaan.bose82@outlook.com,+91-9422489973,Verified,2020-11-08
CUST101292,Nikhil,Chowdhury,Male,1985-01-28,41,Single,0,Graduate,Salaried,HR Manager,207500,Coimbatore,Tamil Nadu,Owned,9,nikhil.chowdhury456@rediffmail.com,+91-8870471376,Pending,2018-06-04
CUST101293,Farhan,Iyer,Male,1977-11-20,48,Married,1,Graduate,Salaried,HR Manager,909700,Chennai,Tamil Nadu,Owned,2,farhan.iyer439@rediffmail.com,+91-7613856619,Verified,2021-08-23
CUST101294,Ayaan,Mukherjee,Male,1995-03-23,31,Married,1,Professional Degree,Salaried,HR Manager,365800,Noida,Uttar Pradesh,Rented,3,ayaan.mukherjee970@gmail.com,+91-7593056533,Verified,2019-10-14
CUST101295,Isha,Iyer,Female,1980-07-21,45,Married,1,Graduate,Self-Employed,Freelance Designer,558700,Indore,Madhya Pradesh,Family Owned,11,isha.iyer516@gmail.com,+91-7553680295,Verified,2021-01-17
CUST101296,Aarav,Reddy,Male,1995-06-14,31,Married,1,Graduate,Salaried,Analyst,355200,Ahmedabad,Gujarat,Rented,13,aarav.reddy632@outlook.com,+91-8732250814,Verified,2019-10-25
CUST101297,Nikhil,Nair,Male,1997-05-24,29,Married,0,High School,Salaried,Analyst,372500,Chandigarh,Chandigarh,Owned,4,nikhil.nair836@rediffmail.com,+91-9343443420,Verified,2022-01-23
CUST101298,Sana,Menon,Female,1980-01-21,46,Married,1,Graduate,Business Owner,Restaurant Owner,370000,Bhopal,Madhya Pradesh,Mortgaged,6,sana.menon190@outlook.com,+91-7449281581,Verified,2020-02-12
CUST101299,Sandeep,Sharma,Male,1997-12-23,28,Single,1,Graduate,Self-Employed,Doctor (Practice),467900,Mysuru,Karnataka,Mortgaged,10,sandeep.sharma297@gmail.com,+91-9239946406,Verified,2022-06-30
CUST101300,Sneha,Kulkarni,Female,1980-10-12,45,Married,2,High School,Business Owner,Retail Store Owner,678000,Lucknow,Uttar Pradesh,Rented,7,sneha.kulkarni564@yahoo.in,+91-9788751032,Verified,2022-11-05
CUST101301,Ayaan,Nair,Male,1998-02-01,28,Married,0,Graduate,Salaried,Teacher,205900,Bhopal,Madhya Pradesh,Owned,10,ayaan.nair691@yahoo.in,+91-8888612696,Verified,2016-01-19
CUST101302,Yash,Mehta,Male,1987-04-11,39,Widowed,2,Diploma,Self-Employed,Doctor (Practice),535000,Chennai,Tamil Nadu,Family Owned,17,yash.mehta197@gmail.com,+91-8969392477,Verified,2013-10-21
CUST101303,Amit,Rao,Male,1991-11-27,34,Single,1,Graduate,Salaried,Bank Officer,314300,Chandigarh,Chandigarh,Owned,10,amit.rao25@rediffmail.com,+91-8598987733,Verified,2014-09-17
CUST101304,Deepika,Gill,Female,1996-06-06,30,Married,2,Graduate,Salaried,Analyst,193300,Coimbatore,Tamil Nadu,Mortgaged,12,deepika.gill842@gmail.com,+91-7439539597,Verified,2016-03-01
CUST101305,Tanvi,Khan,Female,1967-10-23,58,Single,0,Diploma,Self-Employed,Consultant,808000,Indore,Madhya Pradesh,Owned,11,tanvi.khan880@gmail.com,+91-8471559717,Pending,2022-10-13
CUST101306,Farhan,Mehta,Male,1989-07-23,36,Married,1,Post Graduate,Salaried,Nurse,426600,Chandigarh,Chandigarh,Rented,4,farhan.mehta318@rediffmail.com,+91-9634719966,Verified,2022-07-30
CUST101307,Rajesh,Banerjee,Male,1974-04-05,52,Married,1,Graduate,Unemployed,Student,254500,Kolkata,West Bengal,Owned,20,rajesh.banerjee982@outlook.com,+91-8581159611,Verified,2018-03-22
CUST101308,Suresh,Sharma,Male,1983-05-22,43,Married,1,Graduate,Salaried,Nurse,1866500,Mumbai,Maharashtra,Owned,7,suresh.sharma761@yahoo.in,+91-8541816282,Pending,2024-05-08
CUST101309,Rohan,Das,Male,2004-08-11,21,Single,0,Graduate,Salaried,Software Engineer,378200,Coimbatore,Tamil Nadu,Owned,3,rohan.das440@rediffmail.com,+91-8392019690,Verified,2021-12-25
CUST101310,Dev,Mehta,Male,2004-12-29,21,Married,2,Post Graduate,Self-Employed,Chartered Accountant,709500,Surat,Gujarat,Rented,3,dev.mehta698@outlook.com,+91-8238520957,Verified,2022-07-13
CUST101311,Anika,Gupta,Female,1985-11-15,40,Single,1,Professional Degree,Self-Employed,Doctor (Practice),943800,Noida,Uttar Pradesh,Rented,0,anika.gupta855@rediffmail.com,+91-7840263307,Pending,2016-11-30
CUST101312,Sowmya,Kapoor,Female,1990-10-28,35,Single,1,Diploma,Salaried,Analyst,574400,Lucknow,Uttar Pradesh,Rented,13,sowmya.kapoor123@yahoo.in,+91-8885081803,Verified,2016-06-19
CUST101313,Vivaan,Patel,Male,1989-08-14,36,Single,0,Graduate,Retired,Retired Private Sector,484100,Lucknow,Uttar Pradesh,Owned,17,vivaan.patel651@yahoo.in,+91-8726926910,Pending,2015-12-16
CUST101314,Vikram,Ahmed,Male,2003-12-17,22,Married,0,Graduate,Salaried,HR Manager,685200,Hyderabad,Telangana,Rented,4,vikram.ahmed130@rediffmail.com,+91-8361307644,Verified,2022-09-24
CUST101315,Pranav,Gill,Male,1973-12-20,52,Single,3,Graduate,Salaried,Analyst,396000,Coimbatore,Tamil Nadu,Rented,2,pranav.gill709@rediffmail.com,+91-7929955221,Verified,2015-05-14
CUST101316,Aarohi,Kulkarni,Female,1981-01-24,45,Married,2,Post Graduate,Salaried,Nurse,330000,Kochi,Kerala,Rented,24,aarohi.kulkarni703@rediffmail.com,+91-7048287842,Verified,2014-09-24
CUST101317,Kabir,Mukherjee,Male,1984-03-14,42,Single,3,Post Graduate,Salaried,Bank Officer,513300,Chandigarh,Chandigarh,Family Owned,6,kabir.mukherjee450@yahoo.in,+91-9478293771,Verified,2018-01-06
CUST101318,Rajesh,Sharma,Male,1982-04-18,44,Divorced,3,Graduate,Salaried,Teacher,333800,Bhopal,Madhya Pradesh,Owned,12,rajesh.sharma759@rediffmail.com,+91-8099312496,Pending,2021-12-14
CUST101319,Lakshmi,Singh,Female,1993-05-22,33,Married,0,High School,Self-Employed,Chartered Accountant,605600,Delhi,Delhi,Rented,8,lakshmi.singh113@rediffmail.com,+91-9622768691,Verified,2023-06-12
CUST101320,Pranav,Deshpande,Male,1986-01-20,40,Married,1,Graduate,Salaried,HR Manager,669800,Surat,Gujarat,Owned,12,pranav.deshpande339@gmail.com,+91-8215097271,Pending,2017-09-30
CUST101321,Amit,Gupta,Male,1987-01-27,39,Single,1,Graduate,Salaried,Nurse,349100,Bengaluru,Karnataka,Owned,12,amit.gupta544@gmail.com,+91-7783195872,Pending,2017-02-15
CUST101322,Dev,Mehta,Male,1997-04-14,29,Single,1,Professional Degree,Self-Employed,Consultant,478300,Pune,Maharashtra,Rented,11,dev.mehta686@gmail.com,+91-9178321858,Verified,2023-12-25
CUST101323,Vikram,Bhat,Male,1975-08-04,50,Married,2,Graduate,Self-Employed,Chartered Accountant,912500,Gurugram,Haryana,Mortgaged,18,vikram.bhat411@gmail.com,+91-9832076979,Verified,2017-02-09
CUST101324,Nikhil,Nair,Male,1995-07-03,31,Single,2,Professional Degree,Self-Employed,Chartered Accountant,432000,Indore,Madhya Pradesh,Rented,9,nikhil.nair968@gmail.com,+91-7138327013,Verified,2017-07-14
CUST101325,Rajesh,Deshpande,Male,1978-12-24,47,Widowed,2,Graduate,Salaried,Bank Officer,471900,Hyderabad,Telangana,Rented,24,rajesh.deshpande901@rediffmail.com,+91-9169991509,Pending,2023-11-21
CUST101326,Deepika,Bose,Female,1986-12-19,39,Married,1,High School,Salaried,Nurse,358600,Indore,Madhya Pradesh,Mortgaged,20,deepika.bose26@rediffmail.com,+91-7299805561,Pending,2019-06-14
CUST101327,Krishna,Chowdhury,Male,1983-04-15,43,Married,0,Professional Degree,Salaried,Teacher,950800,Indore,Madhya Pradesh,Rented,1,krishna.chowdhury789@outlook.com,+91-9547599911,Verified,2019-03-26
CUST101328,Lakshmi,Naidu,Female,1962-04-05,64,Married,2,High School,Self-Employed,Freelance Designer,1566000,Mysuru,Karnataka,Mortgaged,12,lakshmi.naidu834@gmail.com,+91-7067987988,Verified,2018-11-20
CUST101329,Aarohi,Gupta,Female,1974-03-28,52,Married,2,Graduate,Salaried,Sales Executive,278700,Mumbai,Maharashtra,Owned,8,aarohi.gupta252@gmail.com,+91-9759009432,Pending,2013-11-01
CUST101330,Priya,Singh,Female,1991-09-05,34,Single,1,Graduate,Salaried,Sales Executive,466300,Kochi,Kerala,Rented,15,priya.singh453@yahoo.in,+91-9081931455,Verified,2017-02-13
CUST101331,Anika,Joshi,Female,1987-04-25,39,Single,0,Graduate,Business Owner,Retail Store Owner,880200,Chennai,Tamil Nadu,Rented,0,anika.joshi330@yahoo.in,+91-9868771749,Pending,2023-04-29
CUST101332,Zaid,Singh,Male,1996-05-12,30,Married,3,Graduate,Salaried,HR Manager,446800,Kolkata,West Bengal,Rented,12,zaid.singh14@rediffmail.com,+91-7413155772,Verified,2019-04-12
CUST101333,Ishaan,Mehta,Male,1985-05-06,41,Single,0,Graduate,Business Owner,Manufacturer,459500,Kolkata,West Bengal,Owned,18,ishaan.mehta23@outlook.com,+91-8220618666,Pending,2020-09-12
CUST101334,Ishaan,Naidu,Male,1976-09-26,49,Married,1,Graduate,Retired,Retired Government Employee,278000,Surat,Gujarat,Owned,2,ishaan.naidu175@outlook.com,+91-9577275671,Verified,2015-08-20
CUST101335,Sowmya,Nair,Female,1973-03-25,53,Single,0,High School,Business Owner,Manufacturer,185400,Bhopal,Madhya Pradesh,Owned,19,sowmya.nair946@rediffmail.com,+91-9050482147,Verified,2015-10-22
CUST101336,Saanvi,Naidu,Female,2004-09-14,21,Married,0,Graduate,Business Owner,Manufacturer,925400,Noida,Uttar Pradesh,Owned,3,saanvi.naidu789@yahoo.in,+91-7746635604,Verified,2023-07-16
CUST101337,Vikram,Rao,Male,1988-02-22,38,Married,2,Graduate,Salaried,HR Manager,841700,Bhopal,Madhya Pradesh,Rented,20,vikram.rao819@rediffmail.com,+91-9077015437,Verified,2018-12-04
CUST101338,Sowmya,Gupta,Female,1978-09-13,47,Single,1,Post Graduate,Salaried,Bank Officer,199300,Pune,Maharashtra,Owned,21,sowmya.gupta586@yahoo.in,+91-7449842204,Verified,2015-07-31
CUST101339,Ananya,Verma,Female,1982-04-30,44,Single,1,Graduate,Business Owner,Restaurant Owner,780800,Delhi,Delhi,Family Owned,14,ananya.verma89@rediffmail.com,+91-9734703256,Verified,2020-03-15
CUST101340,Neha,Kaur,Female,1984-09-15,41,Married,0,Post Graduate,Salaried,Bank Officer,445800,Pune,Maharashtra,Rented,2,neha.kaur977@yahoo.in,+91-7749595369,Pending,2019-06-22
CUST101341,Harsh,Mehta,Male,1994-09-16,31,Single,1,Diploma,Salaried,Accountant,871300,Coimbatore,Tamil Nadu,Rented,13,harsh.mehta925@gmail.com,+91-9770103599,Verified,2021-10-31
CUST101342,Manish,Joshi,Male,1977-05-09,49,Single,0,Post Graduate,Salaried,Bank Officer,1790700,Pune,Maharashtra,Mortgaged,13,manish.joshi838@outlook.com,+91-9759269735,Pending,2019-08-17
CUST101343,Diya,Reddy,Female,1989-07-06,36,Married,2,Graduate,Self-Employed,Chartered Accountant,435800,Mysuru,Karnataka,Mortgaged,18,diya.reddy656@rediffmail.com,+91-7047942849,Pending,2017-06-10
CUST101344,Imran,Kapoor,Male,1987-12-09,38,Widowed,1,Post Graduate,Salaried,HR Manager,272900,Delhi,Delhi,Rented,1,imran.kapoor745@gmail.com,+91-7749527207,Pending,2024-06-16
CUST101345,Kritika,Khan,Female,1993-10-09,32,Single,2,Graduate,Unemployed,Student,190300,Hyderabad,Telangana,Rented,14,kritika.khan914@outlook.com,+91-9247724198,Verified,2016-10-06
CUST101346,Vivaan,Das,Male,1990-11-22,35,Married,1,Graduate,Business Owner,Retail Store Owner,556800,Lucknow,Uttar Pradesh,Rented,2,vivaan.das735@rediffmail.com,+91-8888261430,Verified,2022-01-29
CUST101347,Karthik,Joshi,Male,1996-05-25,30,Married,2,Graduate,Salaried,Nurse,1719300,Kolkata,West Bengal,Owned,1,karthik.joshi85@outlook.com,+91-7313541073,Verified,2013-10-11
CUST101348,Aadhya,Bhat,Female,1999-12-21,26,Married,0,High School,Salaried,HR Manager,277300,Bhopal,Madhya Pradesh,Rented,7,aadhya.bhat160@outlook.com,+91-8978803780,Verified,2023-03-20
CUST101349,Priya,Gill,Female,1978-08-03,47,Married,1,Graduate,Self-Employed,Chartered Accountant,629200,Mumbai,Maharashtra,Owned,9,priya.gill582@rediffmail.com,+91-7475539150,Verified,2014-10-17
CUST101350,Dev,Reddy,Male,1972-06-07,54,Married,4,Graduate,Salaried,Software Engineer,1473400,Chennai,Tamil Nadu,Mortgaged,8,dev.reddy218@rediffmail.com,+91-7683470461,Pending,2024-03-02
CUST101351,Siddharth,Joshi,Male,1982-06-08,44,Married,1,Graduate,Self-Employed,Architect,869000,Nagpur,Maharashtra,Family Owned,14,siddharth.joshi237@gmail.com,+91-8887746724,Verified,2017-01-09
CUST101352,Amit,Bose,Male,1974-03-24,52,Single,0,Graduate,Salaried,Software Engineer,1038300,Chennai,Tamil Nadu,Owned,1,amit.bose459@yahoo.in,+91-8898838998,Verified,2020-07-18
CUST101353,Aadhya,Mehta,Female,2004-05-03,22,Married,0,Diploma,Self-Employed,Chartered Accountant,538100,Gurugram,Haryana,Owned,1,aadhya.mehta501@yahoo.in,+91-9663403664,Verified,2023-10-02
CUST101354,Yash,Gill,Male,1979-06-10,47,Married,0,Diploma,Salaried,HR Manager,622300,Hyderabad,Telangana,Mortgaged,24,yash.gill302@outlook.com,+91-8883427515,Pending,2021-04-12
CUST101355,Priya,Verma,Female,1974-01-18,52,Married,2,Graduate,Salaried,Accountant,305900,Coimbatore,Tamil Nadu,Rented,7,priya.verma197@yahoo.in,+91-9871790347,Verified,2016-10-10
CUST101356,Pranav,Deshpande,Male,1979-06-06,47,Married,0,Post Graduate,Salaried,Analyst,1698400,Surat,Gujarat,Rented,10,pranav.deshpande419@yahoo.in,+91-9862810103,Verified,2016-05-20
CUST101357,Vivaan,Naidu,Male,1967-10-21,58,Single,0,Post Graduate,Business Owner,Manufacturer,1044800,Bhopal,Madhya Pradesh,Mortgaged,17,vivaan.naidu323@yahoo.in,+91-8327418163,Verified,2020-10-30
CUST101358,Meera,Rao,Female,1988-07-08,37,Married,2,Graduate,Salaried,Sales Executive,317400,Kolkata,West Bengal,Rented,16,meera.rao866@yahoo.in,+91-7192726482,Pending,2018-07-11
CUST101359,Deepika,Deshpande,Female,2000-08-15,25,Married,1,Post Graduate,Salaried,Sales Executive,336700,Surat,Gujarat,Rented,2,deepika.deshpande56@outlook.com,+91-8810849849,Pending,2023-10-25
CUST101360,Anil,Chowdhury,Male,1984-12-14,41,Married,2,Graduate,Business Owner,Restaurant Owner,456100,Chennai,Tamil Nadu,Rented,13,anil.chowdhury942@outlook.com,+91-9448411724,Verified,2018-09-13
CUST101361,Pooja,Kaur,Female,2004-06-05,22,Single,1,Post Graduate,Salaried,Analyst,517800,Hyderabad,Telangana,Owned,4,pooja.kaur424@rediffmail.com,+91-9599664336,Verified,2022-02-02
CUST101362,Rahul,Reddy,Male,1985-03-13,41,Married,1,Post Graduate,Retired,Retired Private Sector,430400,Chennai,Tamil Nadu,Family Owned,11,rahul.reddy4@outlook.com,+91-9079317825,Verified,2023-03-06
CUST101363,Kabir,Gupta,Male,1981-06-16,45,Married,1,Diploma,Business Owner,Trader,356100,Bhopal,Madhya Pradesh,Mortgaged,9,kabir.gupta226@yahoo.in,+91-8395967984,Verified,2015-08-08
CUST101364,Amit,Bhat,Male,2004-05-03,22,Single,3,Diploma,Self-Employed,Chartered Accountant,909200,Pune,Maharashtra,Rented,4,amit.bhat477@gmail.com,+91-8735225817,Pending,2023-11-26
CUST101365,Kavya,Joshi,Female,1974-07-23,51,Single,0,High School,Salaried,Sales Executive,823900,Gurugram,Haryana,Rented,6,kavya.joshi616@outlook.com,+91-9396986428,Pending,2018-02-24
CUST101366,Ayesha,Khan,Female,1977-09-15,48,Married,0,Graduate,Salaried,Accountant,773800,Indore,Madhya Pradesh,Rented,19,ayesha.khan745@outlook.com,+91-9313422306,Verified,2020-10-14
CUST101367,Aarav,Chopra,Male,1997-08-14,28,Married,1,Graduate,Salaried,Accountant,361700,Jaipur,Rajasthan,Owned,10,aarav.chopra546@yahoo.in,+91-8329351211,Verified,2024-02-28
CUST101368,Reyansh,Khan,Male,1999-04-29,27,Single,0,High School,Self-Employed,Lawyer,346500,Bhopal,Madhya Pradesh,Owned,9,reyansh.khan51@gmail.com,+91-9116237498,Verified,2020-04-05
CUST101369,Kabir,Sharma,Male,1981-10-27,44,Married,0,Post Graduate,Salaried,Software Engineer,739900,Mysuru,Karnataka,Owned,24,kabir.sharma3@yahoo.in,+91-7917834080,Verified,2020-04-22
CUST101370,Zaid,Kaur,Male,1986-11-28,39,Married,2,Graduate,Salaried,Nurse,654600,Gurugram,Haryana,Rented,19,zaid.kaur140@gmail.com,+91-9730399527,Pending,2021-12-18
CUST101371,Shreya,Sharma,Female,1991-05-01,35,Single,0,Post Graduate,Salaried,Analyst,407400,Coimbatore,Tamil Nadu,Rented,14,shreya.sharma955@gmail.com,+91-7947558284,Pending,2020-01-20
CUST101372,Karthik,Verma,Male,1974-04-22,52,Married,1,Graduate,Salaried,Teacher,495000,Indore,Madhya Pradesh,Rented,4,karthik.verma191@rediffmail.com,+91-9656787023,Verified,2021-07-07
CUST101373,Harsh,Shah,Male,1991-07-16,34,Widowed,1,Graduate,Salaried,Nurse,158200,Gurugram,Haryana,Family Owned,3,harsh.shah397@rediffmail.com,+91-8627452755,Verified,2017-07-28
CUST101374,Pooja,Gill,Female,1999-03-31,27,Single,2,Post Graduate,Self-Employed,Architect,1551800,Chennai,Tamil Nadu,Owned,9,pooja.gill981@rediffmail.com,+91-8311902141,Pending,2017-05-22
CUST101375,Sowmya,Kaur,Female,1983-10-29,42,Married,1,Diploma,Self-Employed,Freelance Designer,555000,Nagpur,Maharashtra,Owned,17,sowmya.kaur393@gmail.com,+91-9864964759,Verified,2020-04-10
CUST101376,Reyansh,Shah,Male,1973-11-07,52,Single,3,Professional Degree,Retired,Retired Private Sector,150900,Hyderabad,Telangana,Mortgaged,4,reyansh.shah484@rediffmail.com,+91-9627928153,Verified,2018-04-08
CUST101377,Ayesha,Joshi,Female,1985-11-27,40,Single,1,Diploma,Salaried,Nurse,494000,Mysuru,Karnataka,Rented,17,ayesha.joshi604@gmail.com,+91-7564843130,Verified,2019-05-11
CUST101378,Swati,Gupta,Female,1964-08-16,61,Married,0,Graduate,Salaried,Analyst,1092900,Kolkata,West Bengal,Rented,10,swati.gupta171@outlook.com,+91-7742731654,Verified,2024-01-12
CUST101379,Ishaan,Khan,Male,1977-03-26,49,Divorced,2,High School,Salaried,Teacher,487000,Gurugram,Haryana,Rented,18,ishaan.khan589@yahoo.in,+91-7255173825,Verified,2024-05-06
CUST101380,Harsh,Sharma,Male,1980-04-16,46,Single,0,Graduate,Salaried,Sales Executive,1253200,Mumbai,Maharashtra,Rented,5,harsh.sharma918@outlook.com,+91-7399962034,Verified,2015-11-30
CUST101381,Anil,Gill,Male,2005-03-18,21,Married,2,Professional Degree,Unemployed,Not Employed,120000,Mysuru,Karnataka,Rented,2,anil.gill147@yahoo.in,+91-9817451612,Pending,2022-04-01
CUST101382,Yash,Malhotra,Male,1988-03-18,38,Single,0,Graduate,Business Owner,Restaurant Owner,840700,Bengaluru,Karnataka,Rented,7,yash.malhotra803@gmail.com,+91-7641704992,Verified,2016-11-25
CUST101383,Reyansh,Naidu,Male,1997-09-09,28,Married,3,High School,Salaried,Nurse,336100,Noida,Uttar Pradesh,Rented,2,reyansh.naidu320@yahoo.in,+91-7752759824,Verified,2016-12-30
CUST101384,Amit,Banerjee,Male,1976-01-17,50,Married,2,Graduate,Self-Employed,Consultant,564900,Noida,Uttar Pradesh,Rented,18,amit.banerjee777@yahoo.in,+91-8046428001,Verified,2014-10-07
CUST101385,Krishna,Patel,Male,1980-10-27,45,Married,2,Graduate,Self-Employed,Chartered Accountant,793200,Kochi,Kerala,Family Owned,5,krishna.patel743@gmail.com,+91-8256323743,Verified,2024-03-28
CUST101386,Saanvi,Deshpande,Female,1997-01-06,29,Married,0,Graduate,Unemployed,Homemaker,120000,Kochi,Kerala,Owned,0,saanvi.deshpande135@yahoo.in,+91-9229041408,Verified,2019-10-31
CUST101387,Rahul,Deshpande,Male,1982-10-20,43,Married,1,Graduate,Self-Employed,Architect,271500,Gurugram,Haryana,Owned,3,rahul.deshpande189@gmail.com,+91-9319977952,Verified,2019-02-03
CUST101388,Shreya,Rao,Female,1993-03-06,33,Single,0,Post Graduate,Salaried,Sales Executive,586400,Pune,Maharashtra,Mortgaged,15,shreya.rao533@yahoo.in,+91-7375346877,Verified,2018-09-07
CUST101389,Zaid,Gupta,Male,1993-07-02,33,Married,1,High School,Retired,Retired Government Employee,331100,Mysuru,Karnataka,Rented,7,zaid.gupta736@yahoo.in,+91-9897943346,Pending,2021-05-02
CUST101390,Pranav,Kulkarni,Male,1998-06-06,28,Married,2,Post Graduate,Salaried,Nurse,1405000,Mysuru,Karnataka,Mortgaged,10,pranav.kulkarni123@rediffmail.com,+91-9372535987,Verified,2016-09-09
CUST101391,Aadhya,Deshpande,Female,1995-09-21,30,Married,1,Graduate,Salaried,Sales Executive,549300,Kochi,Kerala,Family Owned,8,aadhya.deshpande176@gmail.com,+91-8925661481,Verified,2017-05-09
CUST101392,Sandeep,Singh,Male,1988-07-08,37,Married,0,Post Graduate,Salaried,Teacher,519900,Noida,Uttar Pradesh,Mortgaged,11,sandeep.singh778@yahoo.in,+91-8546809325,Verified,2014-08-19
CUST101393,Reyansh,Deshpande,Male,1988-11-28,37,Married,2,Diploma,Self-Employed,Consultant,400200,Gurugram,Haryana,Family Owned,0,reyansh.deshpande547@yahoo.in,+91-8477152646,Verified,2024-01-12
CUST101394,Kritika,Gupta,Female,1984-07-20,41,Widowed,3,Diploma,Salaried,Teacher,457800,Kolkata,West Bengal,Owned,0,kritika.gupta693@rediffmail.com,+91-8113893710,Verified,2019-12-13
CUST101395,Sandeep,Khan,Male,1983-09-25,42,Married,3,Post Graduate,Salaried,Software Engineer,595400,Hyderabad,Telangana,Rented,8,sandeep.khan883@yahoo.in,+91-9471758732,Verified,2024-03-27
CUST101396,Pranav,Deshpande,Male,1986-12-25,39,Married,0,Post Graduate,Unemployed,Student,250700,Kolkata,West Bengal,Rented,6,pranav.deshpande964@rediffmail.com,+91-7766039194,Verified,2019-06-12
CUST101397,Siddharth,Chopra,Male,1983-08-26,42,Married,4,Graduate,Business Owner,Contractor,352600,Coimbatore,Tamil Nadu,Family Owned,15,siddharth.chopra122@rediffmail.com,+91-8231514568,Pending,2024-03-17
CUST101398,Kritika,Chopra,Female,1990-02-23,36,Married,0,Post Graduate,Business Owner,Restaurant Owner,459000,Bhopal,Madhya Pradesh,Rented,18,kritika.chopra108@rediffmail.com,+91-9710153040,Verified,2018-02-16
CUST101399,Kabir,Malhotra,Male,2005-02-24,21,Single,1,Graduate,Salaried,HR Manager,225700,Bhopal,Madhya Pradesh,Rented,3,kabir.malhotra626@yahoo.in,+91-9451340039,Verified,2023-05-03
CUST101400,Kritika,Deshpande,Female,1994-05-26,32,Married,0,Graduate,Self-Employed,Lawyer,499900,Hyderabad,Telangana,Family Owned,14,kritika.deshpande422@gmail.com,+91-9223697084,Verified,2016-05-29
CUST101401,Diya,Sharma,Female,1982-09-15,43,Married,0,Graduate,Salaried,HR Manager,733400,Nagpur,Maharashtra,Family Owned,19,diya.sharma787@outlook.com,+91-9019756773,Pending,2015-05-30
CUST101402,Ayesha,Verma,Female,2000-06-06,26,Single,2,Graduate,Salaried,Accountant,583100,Lucknow,Uttar Pradesh,Rented,1,ayesha.verma980@rediffmail.com,+91-7640350878,Verified,2020-04-26
CUST101403,Ritu,Kulkarni,Female,2001-02-17,25,Married,1,Graduate,Salaried,Nurse,353500,Lucknow,Uttar Pradesh,Rented,7,ritu.kulkarni170@rediffmail.com,+91-7350161086,Pending,2020-03-04
CUST101404,Divya,Ahmed,Female,1973-07-04,53,Married,1,Post Graduate,Salaried,Software Engineer,676800,Mysuru,Karnataka,Owned,5,divya.ahmed55@rediffmail.com,+91-9175402952,Verified,2022-12-15
CUST101405,Ishaan,Kapoor,Male,1977-09-01,48,Single,3,Graduate,Salaried,Analyst,467600,Lucknow,Uttar Pradesh,Rented,1,ishaan.kapoor371@gmail.com,+91-7094563555,Verified,2018-06-05
CUST101406,Dev,Singh,Male,2004-10-11,21,Married,2,Graduate,Salaried,Accountant,535100,Mysuru,Karnataka,Family Owned,3,dev.singh915@gmail.com,+91-7226585299,Verified,2022-04-25
CUST101407,Harsh,Patel,Male,2005-01-29,21,Married,0,Post Graduate,Salaried,Sales Executive,595200,Nagpur,Maharashtra,Rented,3,harsh.patel492@rediffmail.com,+91-8277808711,Verified,2021-12-03
CUST101408,Anjali,Deshpande,Female,1996-09-01,29,Single,0,Post Graduate,Salaried,Software Engineer,180000,Ahmedabad,Gujarat,Rented,11,anjali.deshpande553@gmail.com,+91-7290978875,Verified,2014-08-02
CUST101409,Ishaan,Mukherjee,Male,2000-06-25,26,Married,0,Post Graduate,Self-Employed,Lawyer,650100,Coimbatore,Tamil Nadu,Rented,8,ishaan.mukherjee37@gmail.com,+91-7085123901,Verified,2020-11-16
CUST101410,Pooja,Kulkarni,Female,1980-04-17,46,Married,1,Graduate,Salaried,Bank Officer,609800,Lucknow,Uttar Pradesh,Family Owned,22,pooja.kulkarni96@outlook.com,+91-8263733754,Verified,2024-02-11
CUST101411,Aanya,Banerjee,Female,1979-02-04,47,Single,0,Post Graduate,Salaried,HR Manager,956800,Delhi,Delhi,Family Owned,3,aanya.banerjee774@yahoo.in,+91-8670179275,Pending,2013-12-15
CUST101412,Meera,Kulkarni,Female,1978-07-24,47,Single,3,Graduate,Business Owner,Manufacturer,518200,Pune,Maharashtra,Rented,3,meera.kulkarni361@yahoo.in,+91-9664925596,Verified,2017-05-16
CUST101413,Kavya,Naidu,Female,1998-09-22,27,Single,1,Diploma,Business Owner,Retail Store Owner,442600,Hyderabad,Telangana,Rented,5,kavya.naidu278@rediffmail.com,+91-8035710737,Verified,2021-06-23
CUST101414,Vikram,Bhat,Male,1995-05-29,31,Married,4,Graduate,Salaried,Accountant,828800,Bhopal,Madhya Pradesh,Owned,12,vikram.bhat327@rediffmail.com,+91-7510925949,Pending,2017-03-02
CUST101415,Pranav,Ahmed,Male,1986-11-24,39,Single,2,Professional Degree,Salaried,Analyst,929400,Jaipur,Rajasthan,Rented,17,pranav.ahmed504@rediffmail.com,+91-7858495256,Pending,2021-11-26
CUST101416,Rajesh,Rao,Male,1984-11-05,41,Married,0,Graduate,Salaried,Bank Officer,626500,Gurugram,Haryana,Owned,6,rajesh.rao367@rediffmail.com,+91-7539485005,Verified,2018-03-28
CUST101417,Anika,Ahmed,Female,1995-05-25,31,Married,0,Post Graduate,Salaried,Bank Officer,1362700,Mumbai,Maharashtra,Owned,13,anika.ahmed462@outlook.com,+91-8278300825,Verified,2017-04-13
CUST101418,Vihaan,Iyer,Male,1991-02-13,35,Married,1,Post Graduate,Self-Employed,Lawyer,535300,Hyderabad,Telangana,Rented,17,vihaan.iyer895@outlook.com,+91-8973683933,Verified,2016-04-11
CUST101419,Kabir,Shah,Male,1986-11-12,39,Single,0,High School,Self-Employed,Doctor (Practice),238500,Kolkata,West Bengal,Mortgaged,5,kabir.shah579@outlook.com,+91-7692293746,Verified,2015-01-08
CUST101420,Aarohi,Bhat,Female,1990-10-30,35,Married,1,Professional Degree,Salaried,Teacher,465500,Kochi,Kerala,Family Owned,11,aarohi.bhat39@yahoo.in,+91-8296473433,Pending,2021-11-30
CUST101421,Krishna,Das,Male,2005-03-05,21,Married,2,Graduate,Business Owner,Restaurant Owner,173300,Mysuru,Karnataka,Mortgaged,0,krishna.das695@yahoo.in,+91-8867344238,Verified,2023-04-27
CUST101422,Yash,Rao,Male,2005-05-19,21,Divorced,0,Professional Degree,Salaried,Teacher,863700,Noida,Uttar Pradesh,Owned,3,yash.rao201@gmail.com,+91-9528223990,Verified,2022-05-23
CUST101423,Tanvi,Kulkarni,Female,1996-07-07,29,Single,1,Professional Degree,Business Owner,Manufacturer,637600,Hyderabad,Telangana,Family Owned,11,tanvi.kulkarni245@outlook.com,+91-7914505657,Verified,2018-07-02
CUST101424,Riya,Naidu,Female,1993-11-18,32,Married,1,Graduate,Salaried,Software Engineer,133900,Indore,Madhya Pradesh,Mortgaged,7,riya.naidu773@gmail.com,+91-8211854369,Verified,2023-06-01
CUST101425,Zara,Joshi,Female,1990-09-04,35,Single,3,Post Graduate,Salaried,Sales Executive,367800,Kochi,Kerala,Rented,17,zara.joshi345@gmail.com,+91-9756722954,Verified,2019-01-05
CUST101426,Fatima,Nair,Female,1990-09-06,35,Divorced,4,Graduate,Self-Employed,Freelance Designer,213300,Pune,Maharashtra,Family Owned,2,fatima.nair885@outlook.com,+91-7749636036,Verified,2021-05-23
CUST101427,Manish,Khan,Male,1979-08-09,46,Married,2,Post Graduate,Salaried,HR Manager,196000,Bengaluru,Karnataka,Mortgaged,7,manish.khan77@outlook.com,+91-8016332332,Verified,2018-05-09
CUST101428,Aanya,Iyer,Female,1973-02-01,53,Married,3,Post Graduate,Salaried,Accountant,790100,Lucknow,Uttar Pradesh,Rented,6,aanya.iyer606@yahoo.in,+91-9628009157,Verified,2021-02-07
CUST101429,Rahul,Menon,Male,1981-07-01,45,Single,3,Graduate,Salaried,Teacher,888800,Nagpur,Maharashtra,Rented,20,rahul.menon898@gmail.com,+91-7988673795,Verified,2024-02-04
CUST101430,Isha,Menon,Female,1990-01-23,36,Married,0,Post Graduate,Salaried,Software Engineer,875800,Surat,Gujarat,Mortgaged,0,isha.menon812@gmail.com,+91-8928048225,Pending,2016-04-16
CUST101431,Dev,Deshpande,Male,1985-08-24,40,Married,2,Professional Degree,Salaried,Bank Officer,326300,Indore,Madhya Pradesh,Rented,2,dev.deshpande857@gmail.com,+91-7143669383,Verified,2017-03-29
CUST101432,Anil,Sheikh,Male,1988-11-01,37,Widowed,0,High School,Salaried,Nurse,479000,Chennai,Tamil Nadu,Rented,1,anil.sheikh733@rediffmail.com,+91-7725706175,Pending,2016-11-22
CUST101433,Imran,Chopra,Male,1980-09-15,45,Married,0,Diploma,Salaried,HR Manager,873100,Lucknow,Uttar Pradesh,Mortgaged,12,imran.chopra931@rediffmail.com,+91-7378913257,Pending,2023-02-21
CUST101434,Aditya,Bose,Male,1988-06-04,38,Single,5,Graduate,Retired,Retired Government Employee,126900,Surat,Gujarat,Rented,12,aditya.bose943@outlook.com,+91-9427328669,Pending,2016-01-11
CUST101435,Imran,Das,Male,1978-03-29,48,Single,2,Post Graduate,Business Owner,Trader,1158500,Kolkata,West Bengal,Rented,0,imran.das438@outlook.com,+91-9347089644,Verified,2016-08-27
CUST101436,Imran,Sheikh,Male,1989-05-10,37,Single,1,Professional Degree,Salaried,Teacher,1011500,Noida,Uttar Pradesh,Rented,19,imran.sheikh806@gmail.com,+91-9030059380,Pending,2019-03-17
CUST101437,Fatima,Patel,Female,1998-04-23,28,Married,2,Diploma,Salaried,Accountant,204400,Bengaluru,Karnataka,Rented,10,fatima.patel788@gmail.com,+91-8412887530,Verified,2017-06-08
CUST101438,Yash,Singh,Male,2005-04-18,21,Divorced,0,Graduate,Salaried,Software Engineer,230900,Mysuru,Karnataka,Rented,3,yash.singh516@outlook.com,+91-7934087210,Verified,2021-07-28
CUST101439,Kavya,Kaur,Female,2005-04-23,21,Married,1,Post Graduate,Salaried,Sales Executive,316700,Delhi,Delhi,Owned,3,kavya.kaur727@outlook.com,+91-8329476019,Verified,2021-08-25
CUST101440,Ayesha,Gupta,Female,1983-09-05,42,Married,2,Post Graduate,Self-Employed,Lawyer,411200,Pune,Maharashtra,Owned,3,ayesha.gupta204@gmail.com,+91-7738507539,Verified,2020-02-18
CUST101441,Anika,Kapoor,Female,1968-09-17,57,Married,2,Professional Degree,Self-Employed,Architect,3577300,Mumbai,Maharashtra,Mortgaged,10,anika.kapoor103@yahoo.in,+91-9383424721,Verified,2016-05-08
CUST101442,Ishaan,Bhat,Male,1995-10-21,30,Single,2,High School,Salaried,HR Manager,397600,Delhi,Delhi,Rented,12,ishaan.bhat575@rediffmail.com,+91-9485868682,Verified,2017-03-01
CUST101443,Kabir,Kaur,Male,1989-05-30,37,Married,1,Post Graduate,Business Owner,Restaurant Owner,294100,Bengaluru,Karnataka,Family Owned,10,kabir.kaur714@yahoo.in,+91-7882254610,Verified,2017-03-03
CUST101444,Aanya,Sheikh,Female,1990-01-09,36,Single,1,Post Graduate,Salaried,Accountant,627100,Pune,Maharashtra,Mortgaged,18,aanya.sheikh260@outlook.com,+91-8424077786,Verified,2014-07-20
CUST101445,Kavya,Reddy,Female,1999-10-09,26,Married,1,Graduate,Salaried,Nurse,323900,Jaipur,Rajasthan,Rented,8,kavya.reddy581@rediffmail.com,+91-8067705238,Verified,2019-07-28
CUST101446,Divya,Mukherjee,Female,1989-05-15,37,Divorced,1,Graduate,Salaried,Software Engineer,495600,Pune,Maharashtra,Family Owned,5,divya.mukherjee109@yahoo.in,+91-7216285567,Verified,2014-01-03
CUST101447,Suresh,Joshi,Male,1988-11-13,37,Married,1,Graduate,Salaried,Bank Officer,636400,Kolkata,West Bengal,Owned,9,suresh.joshi425@gmail.com,+91-8962831915,Verified,2018-09-01
CUST101448,Manish,Mehta,Male,2001-09-29,24,Married,1,High School,Salaried,Teacher,441000,Noida,Uttar Pradesh,Mortgaged,6,manish.mehta973@yahoo.in,+91-7888771746,Verified,2022-01-23
CUST101449,Vihaan,Banerjee,Male,1973-11-06,52,Divorced,1,Post Graduate,Salaried,HR Manager,302900,Chennai,Tamil Nadu,Rented,12,vihaan.banerjee73@outlook.com,+91-7282481516,Pending,2023-10-11
CUST101450,Ayesha,Malhotra,Female,1986-07-14,39,Single,0,Graduate,Salaried,Sales Executive,275800,Chennai,Tamil Nadu,Family Owned,13,ayesha.malhotra156@yahoo.in,+91-8657039038,Verified,2014-09-16
CUST101451,Farhan,Patel,Male,1986-06-25,40,Married,2,Post Graduate,Salaried,Analyst,766300,Delhi,Delhi,Owned,15,farhan.patel781@outlook.com,+91-7011530184,Verified,2017-08-25
CUST101452,Nikhil,Kapoor,Male,1981-09-15,44,Single,1,Diploma,Retired,Retired Private Sector,242100,Nagpur,Maharashtra,Rented,9,nikhil.kapoor843@outlook.com,+91-9342083110,Verified,2019-09-01
CUST101453,Aditya,Gupta,Male,1990-08-22,35,Widowed,1,High School,Retired,Pensioner,279400,Chennai,Tamil Nadu,Rented,3,aditya.gupta213@outlook.com,+91-8391637221,Verified,2020-02-02
CUST101454,Manish,Reddy,Male,1979-01-13,47,Single,1,Graduate,Salaried,Analyst,421300,Lucknow,Uttar Pradesh,Mortgaged,11,manish.reddy196@gmail.com,+91-8978704054,Verified,2016-03-28
CUST101455,Sandeep,Deshpande,Male,1979-08-11,46,Single,1,Post Graduate,Retired,Retired Government Employee,787100,Bengaluru,Karnataka,Rented,11,sandeep.deshpande885@gmail.com,+91-8040716136,Verified,2022-04-21
CUST101456,Aditya,Iyer,Male,1965-12-12,60,Single,2,Post Graduate,Salaried,Bank Officer,848600,Chennai,Tamil Nadu,Rented,10,aditya.iyer695@rediffmail.com,+91-7080428254,Pending,2013-09-07
CUST101457,Kabir,Nair,Male,1979-07-02,47,Single,1,Graduate,Retired,Retired Private Sector,252900,Chennai,Tamil Nadu,Mortgaged,2,kabir.nair756@gmail.com,+91-8842786245,Verified,2021-07-07
CUST101458,Riya,Sheikh,Female,1982-10-17,43,Married,1,Graduate,Salaried,HR Manager,433400,Kochi,Kerala,Owned,24,riya.sheikh812@gmail.com,+91-9718780230,Verified,2015-07-03
CUST101459,Priya,Bhat,Female,2004-05-03,22,Single,0,Post Graduate,Self-Employed,Chartered Accountant,1485800,Ahmedabad,Gujarat,Rented,4,priya.bhat243@gmail.com,+91-7732865636,Verified,2022-05-20
CUST101460,Amit,Rao,Male,2001-06-27,25,Married,2,Diploma,Salaried,Accountant,189100,Mumbai,Maharashtra,Rented,7,amit.rao609@rediffmail.com,+91-9774047629,Verified,2024-06-13
CUST101461,Aarav,Chopra,Male,1997-05-19,29,Married,0,High School,Salaried,Nurse,648100,Bhopal,Madhya Pradesh,Rented,4,aarav.chopra50@yahoo.in,+91-7069273245,Verified,2023-11-03
CUST101462,Meera,Nair,Female,1991-01-17,35,Single,2,Graduate,Salaried,Teacher,323500,Mysuru,Karnataka,Family Owned,17,meera.nair591@gmail.com,+91-9851836892,Pending,2016-07-16
CUST101463,Deepika,Rao,Female,1980-02-19,46,Single,0,Post Graduate,Salaried,HR Manager,764700,Kochi,Kerala,Rented,15,deepika.rao334@rediffmail.com,+91-8410904410,Verified,2021-01-19
CUST101464,Arjun,Khan,Male,2000-03-02,26,Single,0,Graduate,Retired,Pensioner,148400,Surat,Gujarat,Family Owned,8,arjun.khan224@yahoo.in,+91-8924651385,Verified,2018-01-05
CUST101465,Harsh,Kulkarni,Male,1997-02-03,29,Divorced,2,Post Graduate,Unemployed,Student,120000,Mysuru,Karnataka,Rented,9,harsh.kulkarni977@gmail.com,+91-9137466307,Pending,2015-02-14
CUST101466,Kritika,Bose,Female,1994-06-19,32,Married,1,Graduate,Self-Employed,Doctor (Practice),588000,Coimbatore,Tamil Nadu,Rented,1,kritika.bose775@outlook.com,+91-9635331949,Verified,2015-10-13
CUST101467,Isha,Gill,Female,1982-08-26,43,Single,2,Diploma,Salaried,Bank Officer,501400,Ahmedabad,Gujarat,Family Owned,24,isha.gill725@rediffmail.com,+91-7029541766,Verified,2022-01-07
CUST101468,Imran,Verma,Male,1980-12-05,45,Single,3,Graduate,Salaried,Bank Officer,632900,Jaipur,Rajasthan,Owned,2,imran.verma859@yahoo.in,+91-8038288479,Verified,2018-08-25
CUST101469,Nisha,Joshi,Female,1976-07-20,49,Single,2,Graduate,Salaried,HR Manager,770100,Mumbai,Maharashtra,Owned,8,nisha.joshi644@yahoo.in,+91-7638377243,Verified,2020-06-23
CUST101470,Ananya,Bhat,Female,1978-10-14,47,Married,3,Post Graduate,Salaried,Software Engineer,881600,Kolkata,West Bengal,Rented,3,ananya.bhat851@rediffmail.com,+91-9677549485,Verified,2014-01-23
CUST101471,Suresh,Kaur,Male,2005-03-31,21,Single,0,Professional Degree,Retired,Retired Private Sector,371400,Hyderabad,Telangana,Mortgaged,3,suresh.kaur528@rediffmail.com,+91-7978836500,Pending,2022-07-08
CUST101472,Amit,Nair,Male,1994-06-19,32,Married,1,Graduate,Salaried,Sales Executive,767700,Chandigarh,Chandigarh,Rented,14,amit.nair300@yahoo.in,+91-8453807518,Verified,2022-08-15
CUST101473,Deepak,Bhat,Male,1987-04-21,39,Single,2,Post Graduate,Business Owner,Restaurant Owner,806900,Nagpur,Maharashtra,Family Owned,20,deepak.bhat394@yahoo.in,+91-9212389712,Verified,2018-09-25
CUST101474,Karthik,Nair,Male,2002-01-25,24,Divorced,0,Graduate,Salaried,Accountant,512500,Bengaluru,Karnataka,Family Owned,6,karthik.nair671@yahoo.in,+91-7982021801,Verified,2019-04-11
CUST101475,Suresh,Banerjee,Male,1996-03-15,30,Widowed,1,Post Graduate,Salaried,Analyst,403400,Chandigarh,Chandigarh,Owned,12,suresh.banerjee176@rediffmail.com,+91-9034548621,Pending,2015-03-26
CUST101476,Aarohi,Banerjee,Female,1963-12-19,62,Single,0,Post Graduate,Self-Employed,Consultant,1308100,Coimbatore,Tamil Nadu,Owned,22,aarohi.banerjee61@gmail.com,+91-8746363576,Verified,2014-06-27
CUST101477,Sana,Menon,Female,1972-07-18,53,Divorced,2,Post Graduate,Salaried,HR Manager,619500,Lucknow,Uttar Pradesh,Mortgaged,17,sana.menon512@outlook.com,+91-8990219936,Verified,2018-01-07
CUST101478,Aarohi,Menon,Female,1970-10-26,55,Single,1,High School,Self-Employed,Consultant,884300,Gurugram,Haryana,Owned,16,aarohi.menon303@rediffmail.com,+91-7861432150,Verified,2015-07-11
CUST101479,Nikhil,Sheikh,Male,1985-05-26,41,Single,0,Professional Degree,Salaried,Teacher,510200,Lucknow,Uttar Pradesh,Mortgaged,2,nikhil.sheikh706@outlook.com,+91-9196876048,Verified,2018-11-14
CUST101480,Vihaan,Nair,Male,1995-07-23,30,Married,0,Graduate,Self-Employed,Architect,512800,Kochi,Kerala,Family Owned,5,vihaan.nair900@rediffmail.com,+91-7774243572,Verified,2018-10-21
CUST101481,Dev,Chopra,Male,1986-02-08,40,Single,0,Diploma,Salaried,Teacher,426600,Nagpur,Maharashtra,Mortgaged,15,dev.chopra619@rediffmail.com,+91-9067370627,Verified,2022-05-12
CUST101482,Anika,Malhotra,Female,1975-01-30,51,Married,3,Graduate,Salaried,Bank Officer,1226500,Jaipur,Rajasthan,Family Owned,6,anika.malhotra299@outlook.com,+91-8572720674,Verified,2022-07-20
CUST101483,Aanya,Patel,Female,1992-01-11,34,Single,1,Graduate,Salaried,Accountant,339900,Noida,Uttar Pradesh,Owned,16,aanya.patel560@outlook.com,+91-7874616296,Verified,2019-01-12
CUST101484,Suresh,Menon,Male,2004-11-13,21,Divorced,1,Post Graduate,Salaried,Bank Officer,295800,Lucknow,Uttar Pradesh,Rented,3,suresh.menon953@gmail.com,+91-9465914847,Verified,2021-09-09
CUST101485,Siddharth,Mukherjee,Male,1989-03-24,37,Married,1,Post Graduate,Salaried,Accountant,529700,Ahmedabad,Gujarat,Owned,8,siddharth.mukherjee724@gmail.com,+91-7672328056,Pending,2018-05-11
CUST101486,Isha,Patel,Female,1999-11-19,26,Divorced,0,Diploma,Self-Employed,Freelance Designer,261700,Chennai,Tamil Nadu,Family Owned,8,isha.patel848@gmail.com,+91-7994573092,Verified,2017-02-25
CUST101487,Vikram,Iyer,Male,1980-11-07,45,Single,0,Post Graduate,Self-Employed,Consultant,1027200,Mysuru,Karnataka,Rented,3,vikram.iyer32@gmail.com,+91-9028372082,Verified,2013-08-26
CUST101488,Neha,Chowdhury,Female,1977-11-22,48,Married,0,Post Graduate,Salaried,Analyst,888700,Indore,Madhya Pradesh,Mortgaged,9,neha.chowdhury679@rediffmail.com,+91-8237317521,Pending,2024-06-13
CUST101489,Kabir,Patel,Male,1972-05-18,54,Single,1,Graduate,Salaried,Bank Officer,162500,Chandigarh,Chandigarh,Family Owned,12,kabir.patel247@outlook.com,+91-9454674115,Verified,2024-03-06
CUST101490,Rajesh,Iyer,Male,1983-07-31,42,Married,0,Graduate,Retired,Pensioner,209600,Mysuru,Karnataka,Owned,14,rajesh.iyer68@gmail.com,+91-8076325962,Pending,2020-07-22
CUST101491,Reyansh,Khan,Male,1982-06-22,44,Married,1,High School,Salaried,Nurse,234500,Nagpur,Maharashtra,Rented,15,reyansh.khan145@gmail.com,+91-9430918615,Pending,2020-08-09
CUST101492,Siddharth,Malhotra,Male,1979-06-26,47,Single,1,Graduate,Salaried,Nurse,501100,Bengaluru,Karnataka,Rented,24,siddharth.malhotra521@rediffmail.com,+91-7580349549,Verified,2023-01-07
CUST101493,Aarav,Kaur,Male,1982-04-26,44,Married,1,Graduate,Salaried,Accountant,388400,Delhi,Delhi,Family Owned,4,aarav.kaur74@rediffmail.com,+91-7391770963,Verified,2021-06-03
CUST101494,Saanvi,Kaur,Female,1978-11-06,47,Single,0,Graduate,Salaried,Sales Executive,1665100,Bengaluru,Karnataka,Rented,3,saanvi.kaur231@gmail.com,+91-9192304950,Verified,2014-03-04
CUST101495,Vivaan,Deshpande,Male,2004-08-23,21,Married,0,Graduate,Salaried,Nurse,177400,Bengaluru,Karnataka,Family Owned,3,vivaan.deshpande481@rediffmail.com,+91-9643655717,Verified,2023-07-30
CUST101496,Amit,Deshpande,Male,1971-12-20,54,Single,4,Post Graduate,Salaried,Software Engineer,865600,Nagpur,Maharashtra,Owned,4,amit.deshpande122@yahoo.in,+91-8389664312,Verified,2018-05-18
CUST101497,Aarav,Verma,Male,1989-12-05,36,Single,5,Professional Degree,Salaried,Software Engineer,477700,Ahmedabad,Gujarat,Rented,15,aarav.verma415@yahoo.in,+91-9841907075,Pending,2018-09-03
CUST101498,Aditya,Sharma,Male,2005-06-23,21,Married,3,Post Graduate,Salaried,HR Manager,538100,Coimbatore,Tamil Nadu,Owned,3,aditya.sharma927@rediffmail.com,+91-8122078584,Verified,2022-06-22
CUST101499,Imran,Nair,Male,1995-03-15,31,Married,1,Graduate,Salaried,Sales Executive,217400,Jaipur,Rajasthan,Rented,2,imran.nair283@gmail.com,+91-7825814547,Verified,2019-12-08
CUST101500,Ananya,Rao,Female,1972-07-03,54,Married,2,Diploma,Retired,Retired Private Sector,168900,Gurugram,Haryana,Owned,15,ananya.rao513@rediffmail.com,+91-7987368456,Verified,2020-10-11
CUST101501,Amit,Sheikh,Male,1996-04-28,30,Married,1,Post Graduate,Salaried,Bank Officer,660700,Lucknow,Uttar Pradesh,Rented,6,amit.sheikh95@gmail.com,+91-9763150697,Pending,2021-08-09
CUST101502,Kavya,Sharma,Female,2002-05-30,24,Single,1,Diploma,Salaried,Sales Executive,349900,Mumbai,Maharashtra,Mortgaged,2,kavya.sharma469@gmail.com,+91-8034032527,Verified,2020-09-21
CUST101503,Pranav,Verma,Male,1993-08-13,32,Single,1,Graduate,Salaried,Nurse,634400,Bengaluru,Karnataka,Rented,9,pranav.verma722@gmail.com,+91-7351185771,Pending,2018-03-14
CUST101504,Deepak,Bhat,Male,1981-06-04,45,Married,2,Post Graduate,Self-Employed,Architect,649100,Delhi,Delhi,Owned,12,deepak.bhat640@gmail.com,+91-8515062844,Verified,2020-11-03
CUST101505,Rajesh,Gill,Male,1983-05-13,43,Married,1,Graduate,Salaried,Analyst,245300,Jaipur,Rajasthan,Owned,20,rajesh.gill16@gmail.com,+91-8994974711,Verified,2017-07-05
CUST101506,Karthik,Reddy,Male,2004-09-28,21,Married,3,Diploma,Self-Employed,Architect,198300,Chandigarh,Chandigarh,Owned,3,karthik.reddy557@gmail.com,+91-8397376864,Verified,2022-06-24
CUST101507,Reyansh,Kapoor,Male,1979-02-06,47,Married,1,High School,Salaried,Software Engineer,181400,Chandigarh,Chandigarh,Family Owned,5,reyansh.kapoor388@outlook.com,+91-8978138881,Verified,2019-11-16
CUST101508,Vivaan,Bose,Male,1994-11-20,31,Married,0,Professional Degree,Salaried,Nurse,371300,Noida,Uttar Pradesh,Owned,13,vivaan.bose404@yahoo.in,+91-8977991167,Pending,2022-04-24
CUST101509,Kavya,Shah,Female,1972-12-17,53,Single,1,Graduate,Salaried,Sales Executive,402700,Jaipur,Rajasthan,Rented,17,kavya.shah758@gmail.com,+91-9498926577,Pending,2016-12-30
CUST101510,Pranav,Deshpande,Male,1983-07-20,42,Single,2,Diploma,Self-Employed,Chartered Accountant,696300,Surat,Gujarat,Rented,22,pranav.deshpande996@rediffmail.com,+91-8827092700,Verified,2015-03-06
CUST101511,Deepak,Shah,Male,1978-11-08,47,Single,0,Graduate,Salaried,Accountant,205400,Bhopal,Madhya Pradesh,Owned,1,deepak.shah332@rediffmail.com,+91-9784806899,Pending,2024-06-11
CUST101512,Fatima,Reddy,Female,1976-06-06,50,Single,2,Post Graduate,Salaried,Software Engineer,710700,Bhopal,Madhya Pradesh,Owned,18,fatima.reddy425@yahoo.in,+91-8180860481,Verified,2019-05-13
CUST101513,Aditya,Nair,Male,2002-10-11,23,Married,2,Post Graduate,Salaried,Analyst,184000,Coimbatore,Tamil Nadu,Owned,2,aditya.nair687@yahoo.in,+91-8256234755,Pending,2023-04-14
CUST101514,Divya,Verma,Female,2000-05-14,26,Single,1,Diploma,Self-Employed,Doctor (Practice),174700,Surat,Gujarat,Owned,8,divya.verma511@rediffmail.com,+91-9189255347,Verified,2018-02-26
CUST101515,Imran,Chopra,Male,1998-02-11,28,Married,1,Professional Degree,Salaried,Sales Executive,706600,Noida,Uttar Pradesh,Rented,10,imran.chopra696@rediffmail.com,+91-7785319220,Pending,2019-01-08
CUST101516,Manish,Das,Male,1982-06-24,44,Married,3,Post Graduate,Business Owner,Contractor,1095900,Mysuru,Karnataka,Rented,13,manish.das198@outlook.com,+91-8419471472,Verified,2022-09-30
CUST101517,Aarohi,Deshpande,Female,1992-05-08,34,Married,2,Graduate,Self-Employed,Doctor (Practice),227800,Mumbai,Maharashtra,Rented,16,aarohi.deshpande19@yahoo.in,+91-8837157926,Verified,2016-02-26
CUST101518,Krishna,Sheikh,Male,1984-07-19,41,Married,0,Graduate,Salaried,HR Manager,626100,Bengaluru,Karnataka,Rented,6,krishna.sheikh304@yahoo.in,+91-9686753563,Verified,2017-08-21
CUST101519,Siddharth,Verma,Male,2004-06-29,22,Married,0,Graduate,Self-Employed,Freelance Designer,247100,Surat,Gujarat,Owned,4,siddharth.verma993@outlook.com,+91-9111499946,Verified,2022-09-24
CUST101520,Nisha,Chopra,Female,2005-02-23,21,Single,2,Diploma,Self-Employed,Lawyer,278500,Nagpur,Maharashtra,Owned,3,nisha.chopra963@yahoo.in,+91-9850233668,Verified,2023-11-17
CUST101521,Zaid,Kaur,Male,1984-01-13,42,Divorced,1,High School,Salaried,Analyst,256600,Coimbatore,Tamil Nadu,Rented,22,zaid.kaur686@gmail.com,+91-8313961338,Verified,2024-06-11
CUST101522,Pooja,Banerjee,Female,1992-12-04,33,Single,0,Graduate,Salaried,Teacher,313900,Delhi,Delhi,Owned,6,pooja.banerjee463@yahoo.in,+91-7868846979,Pending,2015-09-14
CUST101523,Neha,Gupta,Female,1985-11-10,40,Married,0,Diploma,Salaried,HR Manager,249900,Bhopal,Madhya Pradesh,Rented,22,neha.gupta636@yahoo.in,+91-7743344846,Verified,2016-06-12
CUST101524,Kritika,Malhotra,Female,2001-03-20,25,Married,2,Graduate,Salaried,Teacher,361700,Noida,Uttar Pradesh,Owned,7,kritika.malhotra684@yahoo.in,+91-8867040121,Pending,2022-12-21
CUST101525,Zaid,Banerjee,Male,1980-12-01,45,Single,3,Post Graduate,Self-Employed,Consultant,727900,Jaipur,Rajasthan,Rented,14,zaid.banerjee453@gmail.com,+91-8422512303,Verified,2018-09-08
CUST101526,Zara,Singh,Female,1997-04-21,29,Married,0,Graduate,Salaried,Sales Executive,410100,Indore,Madhya Pradesh,Mortgaged,11,zara.singh33@yahoo.in,+91-9293341740,Verified,2018-01-01
CUST101527,Vivaan,Gupta,Male,1996-06-05,30,Single,2,Post Graduate,Retired,Pensioner,475000,Mumbai,Maharashtra,Rented,12,vivaan.gupta529@rediffmail.com,+91-8687775180,Verified,2016-08-10
CUST101528,Rajesh,Menon,Male,1986-06-08,40,Married,0,Diploma,Salaried,Sales Executive,193500,Chennai,Tamil Nadu,Mortgaged,6,rajesh.menon462@rediffmail.com,+91-8737499080,Verified,2021-05-20
CUST101529,Deepak,Kulkarni,Male,1983-01-19,43,Married,0,Post Graduate,Self-Employed,Lawyer,714300,Surat,Gujarat,Rented,0,deepak.kulkarni613@rediffmail.com,+91-7391377358,Verified,2022-08-08
CUST101530,Karthik,Menon,Male,2005-02-28,21,Married,0,High School,Business Owner,Retail Store Owner,166600,Kolkata,West Bengal,Family Owned,3,karthik.menon49@yahoo.in,+91-7358602687,Verified,2023-09-20
CUST101531,Swati,Mehta,Female,1977-08-28,48,Married,2,Graduate,Self-Employed,Lawyer,650800,Kolkata,West Bengal,Family Owned,5,swati.mehta223@outlook.com,+91-8428921639,Verified,2022-12-01
CUST101532,Zara,Nair,Female,1994-07-12,31,Single,1,Professional Degree,Salaried,HR Manager,798900,Chennai,Tamil Nadu,Rented,2,zara.nair780@rediffmail.com,+91-7247593214,Verified,2019-04-28
CUST101533,Arjun,Sheikh,Male,1994-03-12,32,Married,2,Graduate,Salaried,Accountant,1083700,Chandigarh,Chandigarh,Owned,14,arjun.sheikh168@gmail.com,+91-8192350274,Pending,2017-04-18
CUST101534,Diya,Chopra,Female,1993-03-16,33,Married,1,Graduate,Salaried,Analyst,274900,Indore,Madhya Pradesh,Rented,15,diya.chopra311@gmail.com,+91-8795742770,Pending,2018-12-09
CUST101535,Zaid,Singh,Male,1995-03-30,31,Married,4,High School,Salaried,Analyst,265100,Gurugram,Haryana,Owned,13,zaid.singh381@rediffmail.com,+91-8397461141,Verified,2013-10-16
CUST101536,Sowmya,Bhat,Female,2005-04-05,21,Married,1,Graduate,Self-Employed,Lawyer,263700,Ahmedabad,Gujarat,Mortgaged,3,sowmya.bhat305@outlook.com,+91-8648231461,Pending,2022-01-14
CUST101537,Lakshmi,Singh,Female,1990-04-09,36,Married,2,Professional Degree,Business Owner,Contractor,1518600,Mysuru,Karnataka,Mortgaged,18,lakshmi.singh227@rediffmail.com,+91-9847703658,Verified,2013-11-13
CUST101538,Pranav,Rao,Male,1984-07-17,41,Single,0,Graduate,Self-Employed,Freelance Designer,327300,Noida,Uttar Pradesh,Owned,7,pranav.rao290@yahoo.in,+91-7139049806,Verified,2023-03-31
CUST101539,Nisha,Sheikh,Female,1988-07-19,37,Single,1,Graduate,Salaried,Nurse,1099400,Chennai,Tamil Nadu,Family Owned,10,nisha.sheikh61@rediffmail.com,+91-8169710193,Pending,2024-02-18
CUST101540,Nikhil,Naidu,Male,1986-01-21,40,Married,1,Graduate,Salaried,Accountant,399400,Noida,Uttar Pradesh,Rented,8,nikhil.naidu910@outlook.com,+91-7485388561,Pending,2018-08-07
CUST101541,Ritu,Naidu,Female,1998-10-23,27,Married,2,Professional Degree,Salaried,Sales Executive,575200,Mumbai,Maharashtra,Owned,9,ritu.naidu341@gmail.com,+91-8815661079,Pending,2016-08-01
CUST101542,Vihaan,Shah,Male,1981-04-28,45,Single,1,Post Graduate,Salaried,Analyst,490100,Nagpur,Maharashtra,Owned,0,vihaan.shah738@yahoo.in,+91-8069124224,Verified,2019-11-12
CUST101543,Nikhil,Mukherjee,Male,1971-02-11,55,Single,2,Graduate,Self-Employed,Chartered Accountant,535900,Noida,Uttar Pradesh,Rented,14,nikhil.mukherjee646@yahoo.in,+91-8650769347,Verified,2018-11-24
CUST101544,Ayesha,Ahmed,Female,1964-09-10,61,Single,1,Graduate,Self-Employed,Architect,372800,Bengaluru,Karnataka,Family Owned,19,ayesha.ahmed793@yahoo.in,+91-8020392617,Verified,2021-09-30
CUST101545,Neha,Bose,Female,2004-10-21,21,Married,1,High School,Salaried,Sales Executive,394400,Kolkata,West Bengal,Rented,3,neha.bose902@gmail.com,+91-8410656647,Verified,2022-04-12
CUST101546,Vihaan,Reddy,Male,1971-08-08,54,Married,2,Graduate,Salaried,Bank Officer,417600,Pune,Maharashtra,Rented,22,vihaan.reddy949@rediffmail.com,+91-8082063701,Verified,2022-12-05
CUST101547,Karthik,Bose,Male,1964-07-01,62,Married,1,Post Graduate,Salaried,Bank Officer,553600,Chennai,Tamil Nadu,Family Owned,13,karthik.bose665@rediffmail.com,+91-8881095069,Verified,2021-07-10
CUST101548,Reyansh,Malhotra,Male,2005-04-16,21,Married,2,Graduate,Self-Employed,Chartered Accountant,465900,Mumbai,Maharashtra,Rented,3,reyansh.malhotra684@outlook.com,+91-7661761695,Verified,2023-07-21
CUST101549,Deepika,Naidu,Female,1971-09-10,54,Married,1,High School,Self-Employed,Chartered Accountant,164600,Surat,Gujarat,Family Owned,19,deepika.naidu561@rediffmail.com,+91-8731822469,Verified,2019-03-20
CUST101550,Riya,Shah,Female,1976-07-24,49,Single,4,Graduate,Self-Employed,Architect,400400,Lucknow,Uttar Pradesh,Owned,2,riya.shah114@yahoo.in,+91-9270544107,Verified,2019-05-03
CUST101551,Fatima,Khan,Female,1993-03-07,33,Single,2,Diploma,Salaried,Bank Officer,456400,Surat,Gujarat,Owned,15,fatima.khan381@yahoo.in,+91-7627783324,Verified,2013-10-21
CUST101552,Anil,Iyer,Male,1985-03-20,41,Married,0,Graduate,Salaried,Software Engineer,959700,Pune,Maharashtra,Owned,2,anil.iyer48@outlook.com,+91-8514593216,Verified,2023-01-25
CUST101553,Anil,Sharma,Male,1988-01-13,38,Married,1,Post Graduate,Salaried,Bank Officer,141600,Indore,Madhya Pradesh,Owned,19,anil.sharma7@outlook.com,+91-8328128450,Verified,2023-12-13
CUST101554,Vivaan,Chopra,Male,1996-02-24,30,Married,2,Post Graduate,Self-Employed,Chartered Accountant,485800,Indore,Madhya Pradesh,Family Owned,12,vivaan.chopra521@yahoo.in,+91-8951995615,Verified,2016-08-05
CUST101555,Zaid,Kapoor,Male,1989-03-23,37,Single,0,Post Graduate,Retired,Retired Private Sector,286700,Coimbatore,Tamil Nadu,Owned,13,zaid.kapoor484@gmail.com,+91-9642022280,Verified,2021-06-06
CUST101556,Shreya,Ahmed,Female,1973-11-21,52,Single,5,Post Graduate,Salaried,Bank Officer,1024000,Pune,Maharashtra,Rented,11,shreya.ahmed432@outlook.com,+91-8939892014,Verified,2019-10-01
CUST101557,Imran,Gupta,Male,1975-11-10,50,Married,1,Diploma,Salaried,Accountant,310600,Indore,Madhya Pradesh,Family Owned,4,imran.gupta382@yahoo.in,+91-7372783999,Verified,2022-07-21
CUST101558,Yash,Sharma,Male,1984-05-06,42,Single,1,Post Graduate,Unemployed,Student,206900,Jaipur,Rajasthan,Rented,13,yash.sharma726@outlook.com,+91-8058924469,Verified,2024-02-23
CUST101559,Arjun,Das,Male,1972-08-27,53,Divorced,2,Graduate,Salaried,Software Engineer,449700,Delhi,Delhi,Owned,13,arjun.das618@rediffmail.com,+91-9886474693,Verified,2016-03-07
CUST101560,Farhan,Mukherjee,Male,1999-10-04,26,Divorced,1,Professional Degree,Salaried,Bank Officer,660300,Indore,Madhya Pradesh,Owned,8,farhan.mukherjee253@outlook.com,+91-7365837660,Pending,2020-07-11
CUST101561,Ishaan,Deshpande,Male,1977-06-17,49,Married,1,Post Graduate,Salaried,Software Engineer,889200,Surat,Gujarat,Rented,20,ishaan.deshpande131@yahoo.in,+91-9271881493,Pending,2016-03-05
CUST101562,Aarav,Naidu,Male,1977-07-06,48,Married,1,Post Graduate,Salaried,Bank Officer,1174800,Kochi,Kerala,Family Owned,14,aarav.naidu802@rediffmail.com,+91-7731323042,Pending,2020-11-26
CUST101563,Priya,Kulkarni,Female,1990-02-25,36,Married,1,Diploma,Self-Employed,Lawyer,606500,Gurugram,Haryana,Rented,13,priya.kulkarni476@yahoo.in,+91-7591254586,Verified,2024-05-30
CUST101564,Ayesha,Chowdhury,Female,1984-06-24,42,Single,2,Graduate,Salaried,Accountant,739400,Chennai,Tamil Nadu,Mortgaged,3,ayesha.chowdhury312@rediffmail.com,+91-9622076983,Pending,2014-06-21
CUST101565,Isha,Mukherjee,Female,1993-07-11,32,Single,3,Professional Degree,Salaried,Sales Executive,1518200,Mysuru,Karnataka,Rented,14,isha.mukherjee349@outlook.com,+91-8082109811,Pending,2013-07-28
CUST101566,Pranav,Rao,Male,1993-10-18,32,Married,2,Graduate,Salaried,Software Engineer,1093100,Surat,Gujarat,Owned,8,pranav.rao337@yahoo.in,+91-9057148734,Verified,2023-07-30
CUST101567,Fatima,Patel,Female,2003-02-07,23,Single,3,Graduate,Salaried,Accountant,531200,Lucknow,Uttar Pradesh,Owned,5,fatima.patel475@yahoo.in,+91-8030578927,Verified,2023-10-13
CUST101568,Deepak,Gill,Male,1980-06-01,46,Married,0,Graduate,Self-Employed,Architect,419000,Mysuru,Karnataka,Owned,6,deepak.gill126@outlook.com,+91-8539041874,Verified,2015-08-20
CUST101569,Anil,Banerjee,Male,1993-05-24,33,Married,2,Diploma,Salaried,Nurse,543400,Coimbatore,Tamil Nadu,Owned,3,anil.banerjee941@gmail.com,+91-9592636539,Verified,2015-04-02
CUST101570,Saanvi,Iyer,Female,2004-08-30,21,Divorced,2,Post Graduate,Self-Employed,Chartered Accountant,1549700,Surat,Gujarat,Family Owned,3,saanvi.iyer750@yahoo.in,+91-9356301228,Verified,2023-02-22
CUST101571,Swati,Bhat,Female,1998-02-20,28,Single,2,Post Graduate,Salaried,Bank Officer,827200,Gurugram,Haryana,Rented,4,swati.bhat338@rediffmail.com,+91-7944062078,Verified,2021-09-15
CUST101572,Aanya,Mehta,Female,1978-01-13,48,Married,0,High School,Salaried,Sales Executive,191900,Gurugram,Haryana,Rented,19,aanya.mehta595@yahoo.in,+91-7013141628,Verified,2016-07-28
CUST101573,Diya,Verma,Female,1979-08-01,46,Single,5,Graduate,Self-Employed,Chartered Accountant,1349600,Chennai,Tamil Nadu,Owned,24,diya.verma63@rediffmail.com,+91-8379612256,Pending,2014-12-29
CUST101574,Ananya,Khan,Female,1985-03-14,41,Married,0,Graduate,Self-Employed,Freelance Designer,942100,Mumbai,Maharashtra,Rented,15,ananya.khan891@gmail.com,+91-9027247605,Verified,2024-04-28
CUST101575,Pooja,Khan,Female,2001-05-20,25,Married,0,Graduate,Unemployed,Homemaker,120000,Mysuru,Karnataka,Rented,7,pooja.khan202@yahoo.in,+91-9391332345,Verified,2017-11-29
CUST101576,Zara,Kapoor,Female,1990-05-21,36,Single,1,Diploma,Salaried,HR Manager,249900,Chennai,Tamil Nadu,Owned,7,zara.kapoor981@outlook.com,+91-9591851855,Verified,2015-04-10
CUST101577,Manish,Chopra,Male,1982-05-18,44,Single,1,Graduate,Salaried,Nurse,784800,Bengaluru,Karnataka,Mortgaged,8,manish.chopra325@outlook.com,+91-7576535058,Pending,2013-08-30
CUST101578,Riya,Nair,Female,1994-04-09,32,Married,3,Graduate,Unemployed,Homemaker,120000,Hyderabad,Telangana,Rented,14,riya.nair190@rediffmail.com,+91-8562411179,Verified,2019-03-03
CUST101579,Dev,Kulkarni,Male,1998-06-30,28,Single,4,Graduate,Business Owner,Retail Store Owner,493500,Indore,Madhya Pradesh,Mortgaged,10,dev.kulkarni635@yahoo.in,+91-7589921206,Verified,2016-03-15
CUST101580,Yash,Kulkarni,Male,1992-10-29,33,Single,1,Post Graduate,Salaried,Bank Officer,676600,Hyderabad,Telangana,Rented,6,yash.kulkarni17@rediffmail.com,+91-7146116154,Pending,2020-12-11
CUST101581,Anil,Singh,Male,1995-09-15,30,Married,2,Post Graduate,Salaried,Teacher,352300,Mysuru,Karnataka,Mortgaged,12,anil.singh689@yahoo.in,+91-8823626125,Pending,2018-08-22
CUST101582,Harsh,Malhotra,Male,1969-02-11,57,Married,2,Diploma,Salaried,Nurse,763300,Chandigarh,Chandigarh,Mortgaged,7,harsh.malhotra286@yahoo.in,+91-7274365641,Pending,2022-05-18
CUST101583,Lakshmi,Sharma,Female,1985-04-26,41,Single,2,Professional Degree,Retired,Pensioner,172500,Hyderabad,Telangana,Family Owned,17,lakshmi.sharma477@yahoo.in,+91-8628274870,Verified,2024-06-23
CUST101584,Vivaan,Rao,Male,1977-08-29,48,Single,2,Graduate,Salaried,HR Manager,350800,Surat,Gujarat,Mortgaged,15,vivaan.rao291@outlook.com,+91-9680664661,Pending,2022-06-29
CUST101585,Anil,Shah,Male,1968-12-14,57,Single,1,Diploma,Salaried,HR Manager,558800,Chandigarh,Chandigarh,Mortgaged,9,anil.shah924@outlook.com,+91-7987542370,Pending,2013-10-06
CUST101586,Farhan,Mehta,Male,1998-07-02,28,Divorced,0,High School,Self-Employed,Doctor (Practice),699800,Lucknow,Uttar Pradesh,Rented,4,farhan.mehta63@gmail.com,+91-9254216412,Pending,2021-07-25
CUST101587,Nisha,Deshpande,Female,1996-04-11,30,Single,1,Graduate,Retired,Pensioner,691700,Bengaluru,Karnataka,Rented,3,nisha.deshpande822@yahoo.in,+91-8722603900,Verified,2023-06-07
CUST101588,Pooja,Gupta,Female,1990-05-22,36,Married,1,Post Graduate,Salaried,HR Manager,1288000,Mumbai,Maharashtra,Family Owned,18,pooja.gupta631@rediffmail.com,+91-9063464383,Pending,2015-07-02
CUST101589,Rajesh,Ahmed,Male,1978-06-01,48,Single,3,Post Graduate,Salaried,Sales Executive,439100,Gurugram,Haryana,Family Owned,18,rajesh.ahmed666@gmail.com,+91-8729432812,Pending,2017-04-14
CUST101590,Priya,Das,Female,1987-10-30,38,Married,5,Graduate,Business Owner,Manufacturer,901800,Gurugram,Haryana,Owned,19,priya.das928@outlook.com,+91-8326096900,Verified,2023-05-18
CUST101591,Ayesha,Patel,Female,1988-01-31,38,Married,2,Graduate,Self-Employed,Doctor (Practice),535000,Ahmedabad,Gujarat,Family Owned,20,ayesha.patel12@outlook.com,+91-8156159801,Verified,2022-08-06
CUST101592,Anil,Shah,Male,1999-06-20,27,Married,3,Graduate,Self-Employed,Doctor (Practice),719300,Nagpur,Maharashtra,Mortgaged,2,anil.shah934@rediffmail.com,+91-9450823287,Pending,2019-01-07
CUST101593,Aarav,Patel,Male,1982-07-04,44,Divorced,0,Diploma,Salaried,Analyst,859200,Delhi,Delhi,Rented,5,aarav.patel443@rediffmail.com,+91-9680319936,Verified,2015-07-15
CUST101594,Vivaan,Shah,Male,1988-11-04,37,Married,2,Graduate,Business Owner,Restaurant Owner,226500,Kochi,Kerala,Rented,12,vivaan.shah634@gmail.com,+91-7596211142,Verified,2016-10-11
CUST101595,Nisha,Banerjee,Female,1993-01-17,33,Single,0,Post Graduate,Salaried,Bank Officer,580700,Ahmedabad,Gujarat,Owned,15,nisha.banerjee781@rediffmail.com,+91-7626037441,Verified,2014-03-09
CUST101596,Isha,Menon,Female,1986-06-09,40,Married,1,Graduate,Self-Employed,Consultant,274700,Jaipur,Rajasthan,Mortgaged,0,isha.menon468@rediffmail.com,+91-8649332356,Pending,2024-02-15
CUST101597,Zaid,Sheikh,Male,2005-04-17,21,Divorced,1,High School,Salaried,Teacher,200800,Bengaluru,Karnataka,Rented,3,zaid.sheikh391@rediffmail.com,+91-8111132880,Verified,2022-01-31
CUST101598,Rohan,Bose,Male,1983-05-22,43,Married,1,Diploma,Salaried,HR Manager,411200,Mumbai,Maharashtra,Family Owned,5,rohan.bose610@outlook.com,+91-8234311379,Pending,2015-08-14
CUST101599,Vihaan,Naidu,Male,1975-06-17,51,Married,0,Professional Degree,Salaried,Nurse,1370200,Surat,Gujarat,Owned,4,vihaan.naidu409@rediffmail.com,+91-8189585204,Verified,2019-06-20
CUST101600,Lakshmi,Chopra,Female,1979-12-22,46,Married,2,Graduate,Salaried,Software Engineer,1049100,Gurugram,Haryana,Rented,11,lakshmi.chopra282@yahoo.in,+91-7226084719,Pending,2014-07-26
CUST101601,Ishaan,Bose,Male,2003-12-14,22,Married,0,Diploma,Salaried,HR Manager,120000,Mumbai,Maharashtra,Mortgaged,4,ishaan.bose307@outlook.com,+91-9647266991,Pending,2023-09-16
CUST101602,Rahul,Ahmed,Male,1987-04-04,39,Single,4,Graduate,Salaried,Bank Officer,698300,Chandigarh,Chandigarh,Mortgaged,21,rahul.ahmed872@outlook.com,+91-8997141269,Pending,2016-07-19
CUST101603,Ishaan,Reddy,Male,2003-09-11,22,Single,1,Graduate,Salaried,Analyst,334700,Lucknow,Uttar Pradesh,Family Owned,0,ishaan.reddy826@gmail.com,+91-7216723604,Pending,2023-01-24
CUST101604,Suresh,Ahmed,Male,1991-07-15,34,Married,1,Post Graduate,Salaried,Sales Executive,141900,Hyderabad,Telangana,Family Owned,2,suresh.ahmed816@yahoo.in,+91-9588544003,Verified,2018-03-04
CUST101605,Amit,Naidu,Male,1969-06-18,57,Married,1,Professional Degree,Salaried,Software Engineer,883900,Kochi,Kerala,Owned,6,amit.naidu360@rediffmail.com,+91-9357321547,Verified,2014-12-11
CUST101606,Dev,Chopra,Male,1999-11-10,26,Single,1,Graduate,Retired,Pensioner,303400,Hyderabad,Telangana,Rented,8,dev.chopra570@rediffmail.com,+91-8819268457,Pending,2018-06-18
CUST101607,Manish,Naidu,Male,1992-06-25,34,Divorced,1,Professional Degree,Salaried,Software Engineer,284600,Chandigarh,Chandigarh,Rented,2,manish.naidu683@yahoo.in,+91-9680614222,Verified,2018-07-08
CUST101608,Aarohi,Chopra,Female,2004-05-16,22,Single,3,Post Graduate,Retired,Retired Private Sector,253500,Mysuru,Karnataka,Owned,4,aarohi.chopra244@yahoo.in,+91-8462936003,Verified,2023-09-29
CUST101609,Zaid,Singh,Male,1965-10-02,60,Single,2,Post Graduate,Business Owner,Retail Store Owner,1063200,Hyderabad,Telangana,Family Owned,7,zaid.singh778@outlook.com,+91-8534630191,Pending,2021-05-23
CUST101610,Ayesha,Patel,Female,1999-01-30,27,Single,3,Post Graduate,Salaried,Analyst,679500,Kochi,Kerala,Owned,9,ayesha.patel237@gmail.com,+91-8176443585,Verified,2022-08-13
CUST101611,Meera,Gupta,Female,1982-08-08,43,Single,1,Post Graduate,Salaried,Bank Officer,817700,Lucknow,Uttar Pradesh,Rented,7,meera.gupta407@rediffmail.com,+91-7068919014,Verified,2022-07-01
CUST101612,Dev,Patel,Male,1993-02-02,33,Married,2,Graduate,Salaried,HR Manager,535100,Hyderabad,Telangana,Owned,15,dev.patel816@rediffmail.com,+91-8225605257,Verified,2022-05-16
CUST101613,Vihaan,Verma,Male,1988-04-25,38,Single,0,Professional Degree,Salaried,Analyst,447200,Indore,Madhya Pradesh,Rented,9,vihaan.verma256@gmail.com,+91-9674794227,Pending,2020-06-04
CUST101614,Pooja,Bose,Female,1984-04-02,42,Married,0,Graduate,Business Owner,Trader,517800,Ahmedabad,Gujarat,Mortgaged,1,pooja.bose407@outlook.com,+91-8097819011,Pending,2021-11-06
CUST101615,Anika,Rao,Female,1991-08-27,34,Married,4,Diploma,Salaried,Accountant,330600,Delhi,Delhi,Family Owned,11,anika.rao731@gmail.com,+91-8443886652,Verified,2017-12-28
CUST101616,Karthik,Shah,Male,1999-09-18,26,Single,0,Graduate,Salaried,Nurse,570800,Kolkata,West Bengal,Owned,8,karthik.shah507@rediffmail.com,+91-8390533857,Verified,2021-11-04
CUST101617,Amit,Malhotra,Male,1988-03-02,38,Single,2,Post Graduate,Self-Employed,Consultant,830500,Pune,Maharashtra,Rented,0,amit.malhotra339@rediffmail.com,+91-7951124623,Verified,2018-01-06
CUST101618,Vikram,Mukherjee,Male,1978-03-30,48,Married,1,Graduate,Salaried,Teacher,680400,Mumbai,Maharashtra,Rented,18,vikram.mukherjee148@yahoo.in,+91-8568710318,Verified,2018-01-28
CUST101619,Rahul,Bhat,Male,1992-03-29,34,Married,2,Professional Degree,Self-Employed,Chartered Accountant,1175900,Lucknow,Uttar Pradesh,Owned,16,rahul.bhat638@outlook.com,+91-9888341555,Verified,2017-03-06
CUST101620,Krishna,Iyer,Male,1976-01-12,50,Married,1,High School,Salaried,HR Manager,452900,Nagpur,Maharashtra,Owned,15,krishna.iyer896@rediffmail.com,+91-8922146677,Verified,2021-02-02
CUST101621,Fatima,Nair,Female,1966-08-15,59,Married,0,Diploma,Business Owner,Restaurant Owner,299000,Noida,Uttar Pradesh,Owned,15,fatima.nair290@yahoo.in,+91-9737029827,Pending,2015-02-09
CUST101622,Aarav,Patel,Male,1994-10-22,31,Married,0,Graduate,Salaried,HR Manager,498100,Delhi,Delhi,Rented,0,aarav.patel306@rediffmail.com,+91-7162367084,Verified,2020-04-05
CUST101623,Ritu,Naidu,Female,1986-06-12,40,Married,1,Diploma,Unemployed,Student,120000,Lucknow,Uttar Pradesh,Owned,11,ritu.naidu12@gmail.com,+91-7237354884,Verified,2017-04-03
CUST101624,Neha,Sharma,Female,1988-10-25,37,Widowed,3,Diploma,Salaried,Accountant,311900,Bengaluru,Karnataka,Rented,15,neha.sharma470@outlook.com,+91-9087558488,Verified,2018-01-31
CUST101625,Siddharth,Reddy,Male,1989-12-30,36,Single,2,Graduate,Salaried,HR Manager,151600,Surat,Gujarat,Rented,18,siddharth.reddy551@outlook.com,+91-7791623421,Verified,2018-03-05
CUST101626,Vikram,Banerjee,Male,1981-01-06,45,Widowed,1,Diploma,Business Owner,Restaurant Owner,657800,Lucknow,Uttar Pradesh,Owned,16,vikram.banerjee263@rediffmail.com,+91-9258356896,Verified,2015-11-07
CUST101627,Swati,Banerjee,Female,2004-09-14,21,Single,1,Post Graduate,Salaried,Analyst,1274800,Jaipur,Rajasthan,Owned,3,swati.banerjee289@outlook.com,+91-7812910990,Verified,2024-03-06
CUST101628,Amit,Ahmed,Male,1988-11-11,37,Married,0,Professional Degree,Unemployed,Not Employed,353800,Gurugram,Haryana,Mortgaged,11,amit.ahmed188@outlook.com,+91-9014185066,Verified,2024-02-23
CUST101629,Shreya,Kulkarni,Female,1981-01-22,45,Married,1,Post Graduate,Salaried,Nurse,556500,Jaipur,Rajasthan,Rented,7,shreya.kulkarni129@yahoo.in,+91-8477454274,Pending,2015-12-26
CUST101630,Krishna,Kaur,Male,1979-04-25,47,Married,1,Graduate,Unemployed,Student,143300,Noida,Uttar Pradesh,Mortgaged,1,krishna.kaur537@gmail.com,+91-8714323699,Pending,2018-02-06
CUST101631,Sandeep,Mehta,Male,1999-12-26,26,Married,1,Post Graduate,Business Owner,Retail Store Owner,515900,Kolkata,West Bengal,Mortgaged,8,sandeep.mehta432@rediffmail.com,+91-8513750438,Verified,2024-05-25
CUST101632,Saanvi,Gill,Female,1972-10-19,53,Married,0,Graduate,Salaried,HR Manager,350700,Surat,Gujarat,Rented,6,saanvi.gill123@gmail.com,+91-8315280167,Pending,2014-08-22
CUST101633,Ishaan,Chopra,Male,1994-02-15,32,Married,1,Professional Degree,Salaried,Bank Officer,909200,Noida,Uttar Pradesh,Owned,8,ishaan.chopra272@rediffmail.com,+91-9275831020,Verified,2020-03-31
CUST101634,Vihaan,Bhat,Male,2004-07-30,21,Married,0,Professional Degree,Retired,Retired Government Employee,595900,Ahmedabad,Gujarat,Owned,3,vihaan.bhat905@gmail.com,+91-9433682650,Verified,2023-04-28
CUST101635,Manish,Chopra,Male,1988-08-05,37,Single,0,Graduate,Salaried,Accountant,1013200,Kolkata,West Bengal,Mortgaged,6,manish.chopra126@rediffmail.com,+91-9182832201,Verified,2015-06-06
CUST101636,Aditya,Kulkarni,Male,2002-09-19,23,Divorced,0,Post Graduate,Salaried,Analyst,533100,Nagpur,Maharashtra,Owned,5,aditya.kulkarni503@gmail.com,+91-9875453863,Pending,2021-02-07
CUST101637,Deepika,Shah,Female,1969-07-11,56,Married,3,Diploma,Salaried,Software Engineer,299700,Bhopal,Madhya Pradesh,Owned,7,deepika.shah906@rediffmail.com,+91-9197235628,Verified,2015-08-30
CUST101638,Yash,Iyer,Male,1986-08-31,39,Married,1,Graduate,Self-Employed,Chartered Accountant,308300,Chennai,Tamil Nadu,Owned,8,yash.iyer433@rediffmail.com,+91-9393812259,Verified,2017-08-19
CUST101639,Aarohi,Kulkarni,Female,1984-06-26,42,Divorced,0,Graduate,Self-Employed,Freelance Designer,470900,Noida,Uttar Pradesh,Rented,8,aarohi.kulkarni797@gmail.com,+91-9367918596,Verified,2020-06-26
CUST101640,Manish,Chopra,Male,1989-09-25,36,Married,2,Graduate,Salaried,Software Engineer,244300,Hyderabad,Telangana,Owned,18,manish.chopra206@rediffmail.com,+91-8482443244,Verified,2023-09-24
CUST101641,Lakshmi,Menon,Female,1994-11-13,31,Married,2,Post Graduate,Unemployed,Not Employed,208700,Lucknow,Uttar Pradesh,Mortgaged,6,lakshmi.menon431@outlook.com,+91-7072656091,Verified,2016-09-06
CUST101642,Pooja,Singh,Female,1970-01-11,56,Single,0,Post Graduate,Self-Employed,Doctor (Practice),484200,Coimbatore,Tamil Nadu,Owned,3,pooja.singh632@yahoo.in,+91-7137206592,Verified,2021-11-12
CUST101643,Zara,Gupta,Female,1997-05-09,29,Married,4,Post Graduate,Salaried,Nurse,683700,Indore,Madhya Pradesh,Owned,11,zara.gupta806@gmail.com,+91-8126208523,Verified,2023-08-06
CUST101644,Aanya,Naidu,Female,1978-03-04,48,Single,0,Graduate,Retired,Retired Government Employee,171900,Jaipur,Rajasthan,Mortgaged,16,aanya.naidu842@rediffmail.com,+91-7835834633,Pending,2017-11-20
CUST101645,Riya,Rao,Female,1978-04-25,48,Married,0,Post Graduate,Self-Employed,Consultant,236400,Indore,Madhya Pradesh,Family Owned,11,riya.rao308@outlook.com,+91-7051718771,Pending,2021-03-14
CUST101646,Suresh,Bose,Male,2003-06-05,23,Married,1,Diploma,Self-Employed,Chartered Accountant,326800,Nagpur,Maharashtra,Owned,2,suresh.bose329@outlook.com,+91-8961240812,Verified,2019-11-01
CUST101647,Sana,Chopra,Female,2000-03-08,26,Married,3,High School,Salaried,Teacher,748100,Ahmedabad,Gujarat,Rented,8,sana.chopra758@outlook.com,+91-8938493145,Verified,2022-02-07
CUST101648,Ishaan,Patel,Male,1984-03-06,42,Married,1,High School,Salaried,Teacher,477000,Chandigarh,Chandigarh,Owned,16,ishaan.patel578@gmail.com,+91-8686522062,Pending,2015-02-28
CUST101649,Sana,Chopra,Female,1993-02-07,33,Married,2,Graduate,Salaried,Nurse,319200,Surat,Gujarat,Owned,9,sana.chopra286@outlook.com,+91-8628513832,Verified,2018-09-18
CUST101650,Zaid,Shah,Male,1997-06-20,29,Single,1,High School,Salaried,Nurse,152200,Delhi,Delhi,Mortgaged,11,zaid.shah356@outlook.com,+91-9892512568,Verified,2014-09-19
CUST101651,Nikhil,Kulkarni,Male,1974-11-05,51,Married,1,Graduate,Salaried,Analyst,1793300,Surat,Gujarat,Owned,23,nikhil.kulkarni805@gmail.com,+91-8119174605,Verified,2014-07-10
CUST101652,Arjun,Khan,Male,1972-07-16,53,Married,0,Post Graduate,Unemployed,Homemaker,146000,Surat,Gujarat,Mortgaged,14,arjun.khan380@gmail.com,+91-9160351702,Pending,2017-05-21
CUST101653,Diya,Mehta,Female,1998-10-25,27,Married,1,Graduate,Business Owner,Manufacturer,214500,Mysuru,Karnataka,Rented,6,diya.mehta632@rediffmail.com,+91-9028582529,Verified,2023-03-31
CUST101654,Zaid,Kaur,Male,1993-12-07,32,Single,4,Diploma,Salaried,HR Manager,474100,Kochi,Kerala,Rented,7,zaid.kaur272@rediffmail.com,+91-8373428835,Verified,2023-08-10
CUST101655,Saanvi,Mehta,Female,1987-01-23,39,Single,2,Post Graduate,Salaried,Software Engineer,1067300,Pune,Maharashtra,Family Owned,21,saanvi.mehta400@yahoo.in,+91-8286339902,Pending,2022-11-10
CUST101656,Shreya,Iyer,Female,1997-08-22,28,Married,1,Post Graduate,Self-Employed,Lawyer,805500,Indore,Madhya Pradesh,Owned,6,shreya.iyer793@outlook.com,+91-8589802351,Pending,2020-12-13
CUST101657,Zaid,Banerjee,Male,1985-07-14,40,Widowed,1,Graduate,Salaried,Sales Executive,246800,Bhopal,Madhya Pradesh,Rented,12,zaid.banerjee527@yahoo.in,+91-8943423521,Pending,2013-10-07
CUST101658,Imran,Reddy,Male,2005-05-15,21,Single,2,Professional Degree,Self-Employed,Consultant,452800,Lucknow,Uttar Pradesh,Owned,3,imran.reddy766@yahoo.in,+91-8931442832,Pending,2024-05-21
CUST101659,Sandeep,Ahmed,Male,1985-01-15,41,Married,1,Post Graduate,Self-Employed,Doctor (Practice),404400,Pune,Maharashtra,Owned,5,sandeep.ahmed376@yahoo.in,+91-7229259128,Verified,2019-01-07
CUST101660,Rajesh,Kulkarni,Male,1983-04-14,43,Married,0,High School,Self-Employed,Freelance Designer,314000,Delhi,Delhi,Rented,12,rajesh.kulkarni480@yahoo.in,+91-7687443070,Verified,2021-02-19
CUST101661,Pranav,Bhat,Male,1993-05-12,33,Single,0,Graduate,Salaried,Accountant,431300,Mumbai,Maharashtra,Owned,4,pranav.bhat759@outlook.com,+91-8429587748,Verified,2019-08-05
CUST101662,Divya,Rao,Female,1970-04-22,56,Divorced,3,Graduate,Self-Employed,Freelance Designer,806000,Indore,Madhya Pradesh,Mortgaged,11,divya.rao211@yahoo.in,+91-7639341481,Pending,2016-04-18
CUST101663,Riya,Chopra,Female,2004-07-11,21,Married,0,Graduate,Business Owner,Manufacturer,709100,Coimbatore,Tamil Nadu,Family Owned,3,riya.chopra140@gmail.com,+91-9642110474,Verified,2023-12-13
CUST101664,Rajesh,Das,Male,2005-02-27,21,Single,2,Graduate,Salaried,Teacher,276500,Surat,Gujarat,Family Owned,3,rajesh.das183@outlook.com,+91-8541504768,Pending,2023-05-07
CUST101665,Isha,Bose,Female,1996-06-16,30,Married,1,Graduate,Salaried,Analyst,745400,Bengaluru,Karnataka,Owned,12,isha.bose124@gmail.com,+91-7380003101,Verified,2021-03-15
CUST101666,Ishaan,Chopra,Male,2005-06-19,21,Single,0,Graduate,Salaried,Accountant,245300,Ahmedabad,Gujarat,Owned,3,ishaan.chopra190@rediffmail.com,+91-8952549222,Verified,2021-11-10
CUST101667,Meera,Mukherjee,Female,1975-08-18,50,Single,1,Post Graduate,Salaried,Analyst,190100,Chennai,Tamil Nadu,Owned,6,meera.mukherjee484@rediffmail.com,+91-7953581156,Pending,2020-03-12
CUST101668,Priya,Bhat,Female,1972-11-18,53,Widowed,1,Diploma,Self-Employed,Consultant,298200,Gurugram,Haryana,Mortgaged,23,priya.bhat801@outlook.com,+91-9549222461,Pending,2024-05-03
CUST101669,Rahul,Menon,Male,1994-10-19,31,Married,3,Post Graduate,Salaried,Nurse,789000,Chennai,Tamil Nadu,Mortgaged,13,rahul.menon225@gmail.com,+91-8451587651,Verified,2016-12-28
CUST101670,Aditya,Nair,Male,1990-02-15,36,Single,0,Graduate,Salaried,Software Engineer,834700,Gurugram,Haryana,Owned,4,aditya.nair645@yahoo.in,+91-8692970702,Verified,2016-06-15
CUST101671,Rohan,Chopra,Male,2001-10-19,24,Single,3,High School,Salaried,Analyst,298200,Lucknow,Uttar Pradesh,Rented,6,rohan.chopra798@gmail.com,+91-9654638376,Verified,2023-08-27
CUST101672,Aditya,Shah,Male,1993-09-17,32,Divorced,0,Post Graduate,Salaried,Software Engineer,827200,Chennai,Tamil Nadu,Family Owned,7,aditya.shah441@yahoo.in,+91-9851745159,Verified,2019-02-15
CUST101673,Kabir,Ahmed,Male,1992-11-06,33,Married,1,Professional Degree,Salaried,Sales Executive,650300,Coimbatore,Tamil Nadu,Owned,4,kabir.ahmed559@outlook.com,+91-8523228533,Verified,2015-07-27
CUST101674,Neha,Deshpande,Female,1981-01-15,45,Married,1,Post Graduate,Salaried,Nurse,1108800,Noida,Uttar Pradesh,Rented,15,neha.deshpande698@outlook.com,+91-7867384580,Verified,2017-06-28
CUST101675,Manish,Patel,Male,1983-11-26,42,Divorced,1,Graduate,Salaried,HR Manager,191300,Bengaluru,Karnataka,Owned,4,manish.patel947@rediffmail.com,+91-8551741255,Pending,2018-12-13
CUST101676,Siddharth,Naidu,Male,1978-08-25,47,Single,1,Diploma,Salaried,Accountant,634100,Kochi,Kerala,Owned,4,siddharth.naidu490@rediffmail.com,+91-9891368243,Pending,2023-07-22
CUST101677,Yash,Gupta,Male,1994-06-24,32,Single,1,Graduate,Business Owner,Trader,576000,Hyderabad,Telangana,Mortgaged,5,yash.gupta393@yahoo.in,+91-7172297991,Verified,2023-04-22
CUST101678,Isha,Gupta,Female,1989-06-04,37,Single,0,Professional Degree,Self-Employed,Doctor (Practice),1278900,Coimbatore,Tamil Nadu,Family Owned,19,isha.gupta895@outlook.com,+91-8690037450,Pending,2019-09-30
CUST101679,Reyansh,Bhat,Male,1987-05-30,39,Married,1,Graduate,Salaried,Teacher,737700,Noida,Uttar Pradesh,Rented,15,reyansh.bhat510@yahoo.in,+91-7897144330,Pending,2020-02-03
CUST101680,Yash,Naidu,Male,2004-11-25,21,Single,0,Post Graduate,Salaried,Software Engineer,175800,Delhi,Delhi,Owned,3,yash.naidu440@outlook.com,+91-8280804556,Verified,2022-01-02
CUST101681,Meera,Banerjee,Female,1993-10-12,32,Single,0,Professional Degree,Salaried,Teacher,705300,Jaipur,Rajasthan,Mortgaged,14,meera.banerjee244@rediffmail.com,+91-8911182518,Pending,2017-11-11
CUST101682,Anjali,Menon,Female,1984-08-06,41,Single,1,Graduate,Self-Employed,Architect,1523900,Mysuru,Karnataka,Rented,14,anjali.menon894@rediffmail.com,+91-9182892709,Verified,2020-04-09
CUST101683,Nikhil,Sheikh,Male,1991-03-04,35,Married,2,High School,Salaried,Bank Officer,207000,Bhopal,Madhya Pradesh,Owned,7,nikhil.sheikh603@yahoo.in,+91-8627096314,Pending,2022-07-26
CUST101684,Deepak,Ahmed,Male,2004-09-25,21,Single,1,Professional Degree,Salaried,Sales Executive,876200,Kochi,Kerala,Rented,3,deepak.ahmed927@gmail.com,+91-9678454460,Verified,2021-12-06
CUST101685,Anjali,Naidu,Female,1988-06-13,38,Married,2,Post Graduate,Self-Employed,Freelance Designer,240300,Nagpur,Maharashtra,Rented,19,anjali.naidu10@outlook.com,+91-8248612684,Verified,2017-02-20
CUST101686,Pranav,Gupta,Male,1981-03-23,45,Married,1,Graduate,Salaried,Accountant,181700,Hyderabad,Telangana,Rented,6,pranav.gupta257@outlook.com,+91-8192576776,Verified,2017-09-18
CUST101687,Isha,Reddy,Female,2004-10-19,21,Married,2,Diploma,Business Owner,Contractor,248800,Chandigarh,Chandigarh,Owned,3,isha.reddy834@yahoo.in,+91-7397776684,Pending,2024-01-26
CUST101688,Riya,Shah,Female,1994-01-21,32,Married,0,Graduate,Salaried,Nurse,438800,Lucknow,Uttar Pradesh,Owned,12,riya.shah414@outlook.com,+91-8023856564,Verified,2022-06-13
CUST101689,Rajesh,Patel,Male,1984-05-18,42,Married,0,Graduate,Salaried,Bank Officer,706200,Kochi,Kerala,Rented,7,rajesh.patel896@gmail.com,+91-8261031161,Pending,2020-10-16
CUST101690,Riya,Malhotra,Female,1972-02-29,54,Single,1,Post Graduate,Salaried,Teacher,804000,Hyderabad,Telangana,Rented,17,riya.malhotra769@rediffmail.com,+91-9780877520,Pending,2015-03-19
CUST101691,Amit,Rao,Male,1980-02-22,46,Single,2,Graduate,Salaried,HR Manager,465400,Pune,Maharashtra,Rented,4,amit.rao247@gmail.com,+91-9352285015,Verified,2020-01-26
CUST101692,Nisha,Nair,Female,1984-11-23,41,Divorced,3,Post Graduate,Salaried,Analyst,330900,Gurugram,Haryana,Rented,17,nisha.nair965@outlook.com,+91-8813527053,Pending,2018-09-18
CUST101693,Ayesha,Kulkarni,Female,2003-03-01,23,Married,1,Post Graduate,Salaried,Nurse,630300,Pune,Maharashtra,Rented,5,ayesha.kulkarni49@yahoo.in,+91-7893770457,Pending,2021-03-17
CUST101694,Vihaan,Chowdhury,Male,1992-07-26,33,Single,1,Diploma,Retired,Retired Government Employee,134900,Chennai,Tamil Nadu,Owned,12,vihaan.chowdhury911@yahoo.in,+91-7442733912,Verified,2020-10-06
CUST101695,Amit,Menon,Male,1979-01-14,47,Married,0,High School,Salaried,Bank Officer,991000,Hyderabad,Telangana,Rented,1,amit.menon360@rediffmail.com,+91-9245234746,Pending,2020-03-28
CUST101696,Reyansh,Gupta,Male,1985-09-16,40,Single,0,Diploma,Salaried,Accountant,520500,Indore,Madhya Pradesh,Rented,20,reyansh.gupta255@rediffmail.com,+91-7457941978,Verified,2018-12-31
CUST101697,Rahul,Iyer,Male,1985-09-24,40,Married,0,Graduate,Retired,Pensioner,215400,Gurugram,Haryana,Mortgaged,22,rahul.iyer934@gmail.com,+91-9060296238,Pending,2014-07-17
CUST101698,Siddharth,Iyer,Male,1990-10-24,35,Widowed,1,Diploma,Salaried,HR Manager,437300,Indore,Madhya Pradesh,Owned,17,siddharth.iyer606@outlook.com,+91-7757295312,Verified,2024-02-12
CUST101699,Ayesha,Khan,Female,2002-07-19,23,Single,3,Professional Degree,Retired,Retired Government Employee,1485400,Bhopal,Madhya Pradesh,Rented,5,ayesha.khan33@outlook.com,+91-9369843710,Verified,2023-08-06
CUST101700,Swati,Chopra,Female,2001-02-14,25,Single,2,Graduate,Salaried,Sales Executive,244600,Gurugram,Haryana,Owned,7,swati.chopra111@yahoo.in,+91-9180736957,Verified,2018-03-18
CUST101701,Kavya,Iyer,Female,1971-02-04,55,Divorced,0,Post Graduate,Salaried,Analyst,868200,Mysuru,Karnataka,Owned,15,kavya.iyer879@outlook.com,+91-8980639701,Verified,2019-10-18
CUST101702,Anika,Chowdhury,Female,1974-11-30,51,Married,2,Professional Degree,Salaried,Sales Executive,816700,Coimbatore,Tamil Nadu,Owned,14,anika.chowdhury205@rediffmail.com,+91-8831671518,Verified,2013-08-06
CUST101703,Suresh,Naidu,Male,2005-05-26,21,Married,1,Diploma,Salaried,Bank Officer,391900,Chandigarh,Chandigarh,Rented,3,suresh.naidu271@rediffmail.com,+91-9535414364,Verified,2022-07-17
CUST101704,Zara,Malhotra,Female,2000-03-10,26,Single,3,Post Graduate,Salaried,Software Engineer,484400,Nagpur,Maharashtra,Rented,8,zara.malhotra171@gmail.com,+91-9110842818,Verified,2019-06-07
CUST101705,Ishaan,Joshi,Male,1981-11-18,44,Single,0,Diploma,Salaried,Teacher,321900,Bhopal,Madhya Pradesh,Mortgaged,20,ishaan.joshi322@outlook.com,+91-7487755711,Verified,2022-07-10
CUST101706,Suresh,Gupta,Male,1982-08-25,43,Married,2,Professional Degree,Salaried,HR Manager,549100,Lucknow,Uttar Pradesh,Owned,22,suresh.gupta508@gmail.com,+91-9414666071,Verified,2020-07-20
CUST101707,Krishna,Khan,Male,1983-05-11,43,Married,1,Graduate,Self-Employed,Freelance Designer,289000,Hyderabad,Telangana,Owned,23,krishna.khan183@rediffmail.com,+91-9386012114,Verified,2014-11-16
CUST101708,Rahul,Mehta,Male,2000-09-23,25,Married,0,Post Graduate,Salaried,Software Engineer,815100,Gurugram,Haryana,Rented,7,rahul.mehta89@outlook.com,+91-7425337691,Verified,2019-10-25
CUST101709,Ananya,Gupta,Female,1995-03-27,31,Single,0,Graduate,Retired,Pensioner,255300,Indore,Madhya Pradesh,Mortgaged,2,ananya.gupta750@outlook.com,+91-9877476225,Verified,2021-08-04
CUST101710,Ishaan,Malhotra,Male,1982-06-07,44,Single,0,Graduate,Salaried,Analyst,239000,Kochi,Kerala,Owned,17,ishaan.malhotra654@rediffmail.com,+91-8483705764,Verified,2014-06-14
CUST101711,Saanvi,Banerjee,Female,1989-03-01,37,Married,1,Graduate,Self-Employed,Doctor (Practice),254100,Mumbai,Maharashtra,Rented,19,saanvi.banerjee538@yahoo.in,+91-7967653569,Verified,2017-06-14
CUST101712,Aadhya,Kulkarni,Female,1991-05-02,35,Married,3,Professional Degree,Salaried,Nurse,867100,Chennai,Tamil Nadu,Owned,14,aadhya.kulkarni534@gmail.com,+91-7213142950,Pending,2019-11-05
CUST101713,Ayesha,Bose,Female,1992-05-11,34,Married,3,Professional Degree,Salaried,Nurse,664100,Gurugram,Haryana,Rented,4,ayesha.bose50@gmail.com,+91-7348629842,Verified,2015-10-01
CUST101714,Ishaan,Kaur,Male,1998-06-04,28,Single,2,Graduate,Self-Employed,Architect,372500,Surat,Gujarat,Owned,10,ishaan.kaur461@outlook.com,+91-8331927634,Verified,2024-05-08
CUST101715,Kabir,Kapoor,Male,1984-09-09,41,Married,1,Diploma,Salaried,HR Manager,264000,Kolkata,West Bengal,Family Owned,0,kabir.kapoor858@yahoo.in,+91-8626931515,Verified,2014-05-20
CUST101716,Siddharth,Ahmed,Male,2004-08-07,21,Married,2,Graduate,Salaried,HR Manager,616500,Gurugram,Haryana,Rented,3,siddharth.ahmed963@gmail.com,+91-8532445830,Verified,2023-07-22
CUST101717,Suresh,Ahmed,Male,2004-07-16,21,Married,1,Post Graduate,Unemployed,Homemaker,126900,Kolkata,West Bengal,Rented,3,suresh.ahmed423@gmail.com,+91-8182410098,Verified,2023-11-18
CUST101718,Sana,Rao,Female,1993-03-09,33,Single,1,Graduate,Salaried,Teacher,620300,Ahmedabad,Gujarat,Rented,0,sana.rao246@yahoo.in,+91-9394984376,Verified,2024-02-22
CUST101719,Vihaan,Mukherjee,Male,1984-03-05,42,Married,4,Post Graduate,Salaried,Analyst,473500,Lucknow,Uttar Pradesh,Rented,4,vihaan.mukherjee594@rediffmail.com,+91-7574459092,Verified,2023-12-22
CUST101720,Siddharth,Bhat,Male,1985-10-11,40,Married,1,Graduate,Retired,Pensioner,410100,Nagpur,Maharashtra,Owned,15,siddharth.bhat737@rediffmail.com,+91-9154046642,Verified,2018-11-02
CUST101721,Imran,Gill,Male,1995-06-21,31,Single,2,High School,Business Owner,Trader,309700,Gurugram,Haryana,Rented,4,imran.gill475@yahoo.in,+91-8649033956,Verified,2016-06-02
CUST101722,Nikhil,Menon,Male,1995-07-18,30,Married,2,Post Graduate,Self-Employed,Chartered Accountant,357900,Ahmedabad,Gujarat,Owned,12,nikhil.menon752@rediffmail.com,+91-9329177658,Verified,2022-01-13
CUST101723,Rajesh,Mehta,Male,2005-06-25,21,Married,0,Diploma,Salaried,Nurse,204200,Mysuru,Karnataka,Mortgaged,3,rajesh.mehta654@rediffmail.com,+91-8294830665,Verified,2023-11-26
CUST101724,Aditya,Iyer,Male,2003-12-03,22,Married,3,Graduate,Self-Employed,Lawyer,268100,Lucknow,Uttar Pradesh,Family Owned,4,aditya.iyer360@rediffmail.com,+91-9478204570,Verified,2022-05-31
CUST101725,Ritu,Chowdhury,Female,1991-09-01,34,Single,3,Professional Degree,Self-Employed,Consultant,840000,Mysuru,Karnataka,Rented,1,ritu.chowdhury921@yahoo.in,+91-9297358264,Verified,2019-07-13
CUST101726,Ishaan,Chowdhury,Male,1996-07-17,29,Married,3,Graduate,Self-Employed,Lawyer,492800,Surat,Gujarat,Family Owned,11,ishaan.chowdhury942@yahoo.in,+91-9634568874,Verified,2022-08-26
CUST101727,Aanya,Gill,Female,1983-09-23,42,Married,1,Diploma,Business Owner,Manufacturer,499100,Delhi,Delhi,Rented,20,aanya.gill107@yahoo.in,+91-9111869653,Verified,2023-08-20
CUST101728,Sneha,Ahmed,Female,1984-03-05,42,Married,0,Diploma,Salaried,Sales Executive,797300,Bhopal,Madhya Pradesh,Rented,5,sneha.ahmed561@outlook.com,+91-9261131389,Verified,2017-11-19
CUST101729,Dev,Bhat,Male,1982-02-05,44,Married,0,Professional Degree,Business Owner,Restaurant Owner,1091400,Chennai,Tamil Nadu,Mortgaged,15,dev.bhat802@outlook.com,+91-9825285108,Verified,2022-04-23
CUST101730,Anil,Malhotra,Male,1993-06-06,33,Single,1,Graduate,Business Owner,Trader,279200,Pune,Maharashtra,Mortgaged,15,anil.malhotra778@rediffmail.com,+91-7730134965,Verified,2022-08-14
CUST101731,Deepak,Menon,Male,1967-03-02,59,Single,1,Graduate,Salaried,Software Engineer,347000,Pune,Maharashtra,Owned,23,deepak.menon471@yahoo.in,+91-8968093642,Verified,2020-12-18
CUST101732,Siddharth,Iyer,Male,1986-06-01,40,Married,1,Graduate,Self-Employed,Chartered Accountant,475400,Kochi,Kerala,Rented,1,siddharth.iyer123@rediffmail.com,+91-9110012193,Pending,2023-05-13
CUST101733,Rohan,Malhotra,Male,1982-04-18,44,Single,2,Graduate,Self-Employed,Consultant,788100,Mysuru,Karnataka,Rented,3,rohan.malhotra667@gmail.com,+91-9376871692,Pending,2015-05-06
CUST101734,Imran,Nair,Male,1971-06-26,55,Married,2,Graduate,Business Owner,Contractor,370600,Coimbatore,Tamil Nadu,Mortgaged,2,imran.nair644@outlook.com,+91-9180452340,Verified,2014-06-06
CUST101735,Sandeep,Naidu,Male,1988-06-13,38,Single,1,Graduate,Self-Employed,Freelance Designer,693000,Chennai,Tamil Nadu,Owned,0,sandeep.naidu617@gmail.com,+91-7745360688,Verified,2015-03-23
CUST101736,Harsh,Reddy,Male,1992-11-29,33,Single,0,Professional Degree,Salaried,Bank Officer,289000,Hyderabad,Telangana,Owned,15,harsh.reddy355@outlook.com,+91-7243187793,Verified,2024-04-03
CUST101737,Aarav,Bose,Male,1995-03-20,31,Single,1,Graduate,Business Owner,Trader,904800,Kochi,Kerala,Rented,12,aarav.bose562@outlook.com,+91-8816463831,Verified,2014-06-09
CUST101738,Siddharth,Patel,Male,2004-09-22,21,Married,2,Graduate,Salaried,HR Manager,455100,Ahmedabad,Gujarat,Owned,3,siddharth.patel1@gmail.com,+91-8350834427,Pending,2022-11-19
CUST101739,Ayesha,Khan,Female,1983-06-16,43,Married,2,Post Graduate,Unemployed,Student,321200,Ahmedabad,Gujarat,Mortgaged,10,ayesha.khan95@rediffmail.com,+91-7096107808,Verified,2015-09-08
CUST101740,Deepak,Chopra,Male,1983-04-15,43,Single,2,Diploma,Salaried,Analyst,486600,Nagpur,Maharashtra,Rented,1,deepak.chopra613@rediffmail.com,+91-9567124028,Verified,2016-12-27
CUST101741,Siddharth,Iyer,Male,1974-06-10,52,Widowed,1,High School,Salaried,Teacher,306100,Mysuru,Karnataka,Owned,12,siddharth.iyer244@outlook.com,+91-7862287437,Verified,2023-08-10
CUST101742,Sandeep,Shah,Male,1981-07-18,44,Single,1,Professional Degree,Salaried,Software Engineer,537800,Mysuru,Karnataka,Rented,5,sandeep.shah611@rediffmail.com,+91-7279171340,Verified,2014-03-22
CUST101743,Tanvi,Kapoor,Female,1999-09-15,26,Married,6,Post Graduate,Retired,Pensioner,516100,Ahmedabad,Gujarat,Owned,8,tanvi.kapoor989@outlook.com,+91-9035612087,Verified,2020-02-23
CUST101744,Swati,Shah,Female,1999-03-29,27,Single,0,Graduate,Self-Employed,Doctor (Practice),652700,Indore,Madhya Pradesh,Family Owned,9,swati.shah326@rediffmail.com,+91-7297412122,Verified,2019-12-07
CUST101745,Siddharth,Mehta,Male,1983-05-28,43,Single,0,Post Graduate,Business Owner,Manufacturer,1052800,Surat,Gujarat,Rented,17,siddharth.mehta173@gmail.com,+91-8773337703,Verified,2014-07-18
CUST101746,Suresh,Sharma,Male,1994-05-23,32,Divorced,3,Post Graduate,Salaried,Teacher,488900,Bhopal,Madhya Pradesh,Rented,14,suresh.sharma893@gmail.com,+91-9154539583,Pending,2019-04-22
CUST101747,Rajesh,Singh,Male,1977-05-27,49,Married,1,Diploma,Salaried,Nurse,2299800,Hyderabad,Telangana,Owned,0,rajesh.singh291@yahoo.in,+91-9446863534,Verified,2022-07-29
CUST101748,Sana,Malhotra,Female,1995-02-17,31,Single,1,Post Graduate,Business Owner,Restaurant Owner,3800100,Delhi,Delhi,Rented,7,sana.malhotra818@yahoo.in,+91-7644659824,Verified,2015-10-23
CUST101749,Zara,Gill,Female,1991-05-06,35,Married,1,Graduate,Salaried,Nurse,309000,Coimbatore,Tamil Nadu,Owned,9,zara.gill65@gmail.com,+91-8092798571,Pending,2021-02-26
CUST101750,Divya,Joshi,Female,1977-07-02,49,Married,0,Graduate,Self-Employed,Chartered Accountant,259700,Coimbatore,Tamil Nadu,Rented,15,divya.joshi241@gmail.com,+91-7265183123,Verified,2024-04-17
CUST101751,Divya,Rao,Female,1987-12-25,38,Single,2,Graduate,Unemployed,Not Employed,237400,Mumbai,Maharashtra,Owned,20,divya.rao443@outlook.com,+91-9339537072,Verified,2018-07-09
CUST101752,Shreya,Bhat,Female,1981-02-05,45,Married,1,Post Graduate,Self-Employed,Lawyer,749900,Lucknow,Uttar Pradesh,Owned,0,shreya.bhat496@outlook.com,+91-7154021356,Verified,2020-12-17
CUST101753,Kavya,Kapoor,Female,1996-07-16,29,Single,2,Diploma,Salaried,Bank Officer,481200,Coimbatore,Tamil Nadu,Rented,4,kavya.kapoor377@outlook.com,+91-9594103167,Verified,2014-10-30
CUST101754,Ayesha,Deshpande,Female,1996-12-18,29,Single,1,Graduate,Salaried,Teacher,444100,Pune,Maharashtra,Rented,7,ayesha.deshpande75@outlook.com,+91-7417477577,Verified,2020-10-19
CUST101755,Aanya,Iyer,Female,1990-12-13,35,Married,3,Post Graduate,Unemployed,Not Employed,120000,Coimbatore,Tamil Nadu,Rented,11,aanya.iyer346@yahoo.in,+91-8272093932,Verified,2016-10-09
CUST101756,Vivaan,Kaur,Male,1989-01-20,37,Married,1,Post Graduate,Self-Employed,Lawyer,1375200,Ahmedabad,Gujarat,Family Owned,1,vivaan.kaur994@yahoo.in,+91-9164911426,Pending,2022-12-19
CUST101757,Vikram,Verma,Male,2004-12-07,21,Single,2,Post Graduate,Self-Employed,Chartered Accountant,787900,Bengaluru,Karnataka,Rented,3,vikram.verma881@gmail.com,+91-8497017325,Verified,2022-07-16
CUST101758,Swati,Malhotra,Female,2001-12-11,24,Single,3,Diploma,Retired,Retired Private Sector,523200,Kolkata,West Bengal,Family Owned,4,swati.malhotra777@outlook.com,+91-7010638283,Pending,2024-04-11
CUST101759,Yash,Banerjee,Male,2004-10-18,21,Single,1,Graduate,Salaried,Analyst,362000,Chandigarh,Chandigarh,Rented,3,yash.banerjee108@yahoo.in,+91-8961126389,Verified,2023-12-18
CUST101760,Aadhya,Kulkarni,Female,1980-07-03,46,Divorced,1,Post Graduate,Salaried,HR Manager,1177100,Mumbai,Maharashtra,Rented,2,aadhya.kulkarni528@yahoo.in,+91-7894513360,Pending,2020-10-01
CUST101761,Sandeep,Naidu,Male,1999-09-22,26,Married,2,Graduate,Salaried,Teacher,515500,Delhi,Delhi,Rented,1,sandeep.naidu830@outlook.com,+91-9133213293,Verified,2019-03-06
CUST101762,Kavya,Kapoor,Female,1981-07-23,44,Married,1,Graduate,Salaried,Sales Executive,491900,Coimbatore,Tamil Nadu,Rented,16,kavya.kapoor89@rediffmail.com,+91-7327125727,Pending,2014-03-09
CUST101763,Pranav,Deshpande,Male,1982-03-04,44,Married,1,Graduate,Salaried,Teacher,407900,Hyderabad,Telangana,Rented,10,pranav.deshpande150@rediffmail.com,+91-7944755625,Verified,2018-09-16
CUST101764,Harsh,Banerjee,Male,1978-06-01,48,Single,4,Post Graduate,Unemployed,Not Employed,379900,Hyderabad,Telangana,Mortgaged,5,harsh.banerjee714@gmail.com,+91-7711462908,Verified,2024-02-08
CUST101765,Divya,Bhat,Female,1988-09-05,37,Single,3,Diploma,Salaried,Nurse,400600,Bengaluru,Karnataka,Family Owned,17,divya.bhat855@outlook.com,+91-8490854844,Verified,2017-11-22
CUST101766,Harsh,Joshi,Male,1964-07-18,61,Married,0,Professional Degree,Salaried,Analyst,634700,Hyderabad,Telangana,Owned,17,harsh.joshi107@rediffmail.com,+91-9641812889,Verified,2017-07-02
CUST101767,Dev,Menon,Male,1989-07-16,36,Married,0,High School,Unemployed,Student,120000,Gurugram,Haryana,Rented,18,dev.menon543@outlook.com,+91-8269929446,Pending,2016-02-29
CUST101768,Ishaan,Joshi,Male,1983-07-10,42,Married,1,Graduate,Salaried,Accountant,594600,Hyderabad,Telangana,Owned,11,ishaan.joshi346@rediffmail.com,+91-8073589415,Pending,2014-10-02
CUST101769,Ritu,Gill,Female,1999-09-11,26,Divorced,1,Post Graduate,Salaried,HR Manager,535600,Chandigarh,Chandigarh,Family Owned,8,ritu.gill507@yahoo.in,+91-8185271495,Verified,2020-08-08
CUST101770,Amit,Gupta,Male,2001-02-14,25,Single,2,Graduate,Salaried,HR Manager,361900,Lucknow,Uttar Pradesh,Family Owned,7,amit.gupta70@gmail.com,+91-8643419455,Verified,2017-09-12
CUST101771,Dev,Sharma,Male,2004-09-04,21,Single,2,Graduate,Retired,Retired Private Sector,495400,Nagpur,Maharashtra,Rented,3,dev.sharma567@gmail.com,+91-8526483280,Verified,2024-06-24
CUST101772,Vikram,Kaur,Male,2001-10-11,24,Married,3,Diploma,Retired,Pensioner,192000,Mumbai,Maharashtra,Mortgaged,0,vikram.kaur532@gmail.com,+91-7523610174,Verified,2024-02-13
CUST101773,Kabir,Mukherjee,Male,1972-08-04,53,Single,0,High School,Business Owner,Trader,196800,Hyderabad,Telangana,Rented,9,kabir.mukherjee569@yahoo.in,+91-8945370313,Verified,2019-08-29
CUST101774,Aditya,Shah,Male,1984-02-09,42,Single,0,Post Graduate,Self-Employed,Lawyer,453900,Kochi,Kerala,Mortgaged,9,aditya.shah295@outlook.com,+91-9063390029,Verified,2023-02-13
CUST101775,Vihaan,Banerjee,Male,1983-08-06,42,Married,0,Post Graduate,Salaried,Bank Officer,2016700,Jaipur,Rajasthan,Owned,5,vihaan.banerjee889@gmail.com,+91-7975909031,Verified,2021-01-08
CUST101776,Krishna,Shah,Male,1984-01-12,42,Single,1,Graduate,Business Owner,Contractor,458900,Bhopal,Madhya Pradesh,Rented,3,krishna.shah843@outlook.com,+91-8398390205,Verified,2015-05-21
CUST101777,Aditya,Bhat,Male,1989-07-01,37,Married,1,Graduate,Salaried,Software Engineer,514200,Lucknow,Uttar Pradesh,Mortgaged,5,aditya.bhat561@gmail.com,+91-7057955419,Verified,2016-11-16
CUST101778,Deepika,Mukherjee,Female,1962-07-15,63,Married,1,Professional Degree,Salaried,Teacher,2483600,Surat,Gujarat,Owned,1,deepika.mukherjee415@gmail.com,+91-8854265705,Verified,2018-11-10
CUST101779,Sandeep,Reddy,Male,1989-07-03,37,Single,1,Diploma,Salaried,Sales Executive,476900,Indore,Madhya Pradesh,Family Owned,12,sandeep.reddy941@outlook.com,+91-9762123135,Pending,2022-07-27
CUST101780,Krishna,Mukherjee,Male,1986-12-04,39,Single,0,Post Graduate,Self-Employed,Consultant,526200,Chennai,Tamil Nadu,Family Owned,10,krishna.mukherjee364@rediffmail.com,+91-9198779362,Verified,2018-08-30
CUST101781,Meera,Gill,Female,2003-06-28,23,Married,2,Graduate,Self-Employed,Architect,608100,Coimbatore,Tamil Nadu,Rented,5,meera.gill742@outlook.com,+91-7595359915,Verified,2020-02-15
CUST101782,Farhan,Bhat,Male,1973-10-28,52,Single,1,Diploma,Salaried,HR Manager,556600,Surat,Gujarat,Rented,4,farhan.bhat861@gmail.com,+91-9853706528,Verified,2014-08-14
CUST101783,Arjun,Chowdhury,Male,1996-02-12,30,Married,2,Graduate,Self-Employed,Doctor (Practice),451100,Gurugram,Haryana,Rented,12,arjun.chowdhury384@outlook.com,+91-7769171819,Verified,2017-12-22
CUST101784,Diya,Singh,Female,1987-09-27,38,Single,2,High School,Business Owner,Contractor,289200,Chandigarh,Chandigarh,Rented,20,diya.singh49@rediffmail.com,+91-8275156104,Verified,2024-05-20
CUST101785,Siddharth,Gill,Male,1998-09-16,27,Married,0,Graduate,Self-Employed,Consultant,279000,Bhopal,Madhya Pradesh,Rented,1,siddharth.gill246@rediffmail.com,+91-7473276042,Verified,2017-11-16
CUST101786,Karthik,Kaur,Male,1994-09-15,31,Divorced,1,Graduate,Salaried,Nurse,908500,Jaipur,Rajasthan,Owned,1,karthik.kaur561@yahoo.in,+91-9228903404,Verified,2014-10-04
CUST101787,Aadhya,Bose,Female,1979-04-30,47,Single,1,Diploma,Business Owner,Trader,656700,Surat,Gujarat,Owned,6,aadhya.bose18@yahoo.in,+91-9099777589,Pending,2014-06-30
CUST101788,Reyansh,Chopra,Male,1991-01-16,35,Single,0,Post Graduate,Salaried,Nurse,1238900,Chennai,Tamil Nadu,Rented,2,reyansh.chopra32@outlook.com,+91-7844772296,Verified,2017-01-18
CUST101789,Neha,Malhotra,Female,1992-08-15,33,Divorced,0,Diploma,Business Owner,Contractor,203500,Mumbai,Maharashtra,Owned,15,neha.malhotra457@rediffmail.com,+91-8241027980,Pending,2018-01-02
CUST101790,Kabir,Patel,Male,1976-06-23,50,Single,1,High School,Salaried,Accountant,355100,Chennai,Tamil Nadu,Rented,23,kabir.patel899@yahoo.in,+91-9678353419,Pending,2016-06-18
CUST101791,Sandeep,Patel,Male,1980-07-06,45,Single,1,Graduate,Salaried,Sales Executive,404900,Bengaluru,Karnataka,Owned,4,sandeep.patel678@yahoo.in,+91-7520504059,Verified,2023-09-26
CUST101792,Aarohi,Chopra,Female,1993-08-11,32,Married,1,Post Graduate,Salaried,Teacher,453600,Mumbai,Maharashtra,Mortgaged,5,aarohi.chopra113@yahoo.in,+91-9146203825,Verified,2020-06-12
CUST101793,Zara,Naidu,Female,1969-12-08,56,Married,1,Diploma,Business Owner,Trader,724200,Pune,Maharashtra,Owned,15,zara.naidu143@outlook.com,+91-7511294588,Verified,2017-10-28
CUST101794,Rahul,Chowdhury,Male,1996-12-01,29,Married,1,Graduate,Salaried,Bank Officer,156600,Mysuru,Karnataka,Owned,11,rahul.chowdhury741@yahoo.in,+91-8951713178,Pending,2017-11-04
CUST101795,Kritika,Iyer,Female,1976-06-03,50,Married,0,Post Graduate,Salaried,HR Manager,1003400,Mumbai,Maharashtra,Rented,2,kritika.iyer281@yahoo.in,+91-7054470705,Verified,2021-09-18
CUST101796,Manish,Gupta,Male,2004-07-13,21,Single,1,Post Graduate,Retired,Pensioner,320200,Pune,Maharashtra,Rented,0,manish.gupta865@gmail.com,+91-7192364190,Verified,2022-07-19
CUST101797,Deepak,Bhat,Male,1994-01-19,32,Married,2,High School,Salaried,Nurse,241800,Pune,Maharashtra,Owned,14,deepak.bhat958@gmail.com,+91-9534430758,Verified,2019-01-23
CUST101798,Aanya,Nair,Female,2002-04-22,24,Single,0,Graduate,Salaried,Bank Officer,405400,Bengaluru,Karnataka,Rented,6,aanya.nair935@yahoo.in,+91-9211548688,Verified,2020-03-01
CUST101799,Deepak,Mehta,Male,1985-01-16,41,Single,1,Graduate,Salaried,Teacher,186400,Bhopal,Madhya Pradesh,Rented,23,deepak.mehta729@gmail.com,+91-9552437234,Verified,2015-01-22
CUST101800,Zaid,Reddy,Male,1996-05-10,30,Married,3,Graduate,Unemployed,Not Employed,163300,Kolkata,West Bengal,Owned,12,zaid.reddy186@outlook.com,+91-8341196097,Verified,2024-01-20
CUST101801,Swati,Banerjee,Female,1980-12-04,45,Divorced,1,High School,Business Owner,Manufacturer,635800,Surat,Gujarat,Family Owned,17,swati.banerjee853@rediffmail.com,+91-8536093319,Verified,2018-12-12
CUST101802,Rohan,Ahmed,Male,2005-07-03,21,Married,0,Diploma,Business Owner,Trader,544900,Hyderabad,Telangana,Rented,0,rohan.ahmed128@yahoo.in,+91-8166180323,Verified,2024-05-26
CUST101803,Reyansh,Kaur,Male,1998-05-17,28,Single,1,Professional Degree,Salaried,Sales Executive,408600,Lucknow,Uttar Pradesh,Owned,10,reyansh.kaur919@rediffmail.com,+91-9537991564,Pending,2022-03-30
CUST101804,Zaid,Nair,Male,1984-04-12,42,Divorced,0,Graduate,Self-Employed,Freelance Designer,587200,Kolkata,West Bengal,Family Owned,19,zaid.nair373@outlook.com,+91-9865462704,Verified,2021-05-21
CUST101805,Yash,Reddy,Male,1992-09-18,33,Married,0,Graduate,Self-Employed,Chartered Accountant,120000,Coimbatore,Tamil Nadu,Rented,13,yash.reddy202@yahoo.in,+91-9454741210,Verified,2022-04-06
CUST101806,Sneha,Singh,Female,1978-09-01,47,Married,1,Diploma,Salaried,Accountant,244600,Hyderabad,Telangana,Rented,21,sneha.singh273@rediffmail.com,+91-9670646412,Verified,2018-06-23
CUST101807,Anjali,Gill,Female,1996-01-05,30,Single,2,Post Graduate,Business Owner,Trader,803500,Delhi,Delhi,Mortgaged,2,anjali.gill891@gmail.com,+91-7612278723,Pending,2023-12-12
CUST101808,Zaid,Ahmed,Male,1981-11-30,44,Married,3,Graduate,Salaried,Accountant,984400,Mysuru,Karnataka,Owned,13,zaid.ahmed34@rediffmail.com,+91-7717541650,Verified,2016-08-28
CUST101809,Imran,Khan,Male,1989-04-07,37,Divorced,0,High School,Business Owner,Contractor,338600,Kolkata,West Bengal,Mortgaged,16,imran.khan692@gmail.com,+91-8018745039,Verified,2014-06-03
CUST101810,Vihaan,Menon,Male,1975-04-28,51,Married,2,High School,Salaried,HR Manager,244500,Surat,Gujarat,Rented,17,vihaan.menon201@rediffmail.com,+91-8042678306,Verified,2013-09-22
CUST101811,Diya,Chowdhury,Female,1984-01-26,42,Married,3,Graduate,Self-Employed,Consultant,431100,Lucknow,Uttar Pradesh,Rented,12,diya.chowdhury661@rediffmail.com,+91-7874542800,Pending,2019-09-01
CUST101812,Kabir,Patel,Male,1984-08-08,41,Married,1,Post Graduate,Salaried,Accountant,1694700,Bengaluru,Karnataka,Family Owned,0,kabir.patel792@outlook.com,+91-7617215442,Verified,2021-07-22
CUST101813,Aarohi,Gupta,Female,1995-02-17,31,Single,3,Post Graduate,Salaried,Analyst,3145500,Hyderabad,Telangana,Family Owned,6,aarohi.gupta830@yahoo.in,+91-9769087970,Verified,2015-07-18
CUST101814,Krishna,Nair,Male,1981-12-12,44,Married,2,Post Graduate,Self-Employed,Doctor (Practice),1409000,Mysuru,Karnataka,Rented,18,krishna.nair659@rediffmail.com,+91-9235995867,Verified,2014-09-12
CUST101815,Yash,Rao,Male,1971-01-12,55,Single,1,Post Graduate,Salaried,Nurse,613800,Noida,Uttar Pradesh,Family Owned,0,yash.rao56@rediffmail.com,+91-7051227819,Verified,2024-05-09
CUST101816,Nikhil,Gupta,Male,1972-02-23,54,Married,0,Professional Degree,Salaried,HR Manager,783600,Delhi,Delhi,Rented,19,nikhil.gupta445@rediffmail.com,+91-9385565539,Verified,2020-01-19
CUST101817,Swati,Patel,Female,1967-07-22,58,Married,0,Graduate,Salaried,HR Manager,258800,Jaipur,Rajasthan,Rented,18,swati.patel397@gmail.com,+91-9834736308,Verified,2023-03-03
CUST101818,Pranav,Bose,Male,1989-03-01,37,Single,5,High School,Salaried,Sales Executive,627400,Kochi,Kerala,Owned,3,pranav.bose501@gmail.com,+91-9190308300,Verified,2023-11-28
CUST101819,Anjali,Kapoor,Female,2004-10-09,21,Single,2,Graduate,Self-Employed,Consultant,956100,Chandigarh,Chandigarh,Owned,3,anjali.kapoor394@rediffmail.com,+91-7712259621,Verified,2023-12-10
CUST101820,Reyansh,Chowdhury,Male,1968-10-12,57,Married,1,Post Graduate,Unemployed,Student,120000,Coimbatore,Tamil Nadu,Owned,18,reyansh.chowdhury266@gmail.com,+91-9268029639,Verified,2020-10-21
CUST101821,Manish,Kulkarni,Male,1981-04-05,45,Single,2,Post Graduate,Business Owner,Trader,1736700,Coimbatore,Tamil Nadu,Rented,13,manish.kulkarni994@outlook.com,+91-9815545917,Pending,2021-04-03
CUST101822,Ritu,Sharma,Female,1989-03-02,37,Single,0,Diploma,Business Owner,Manufacturer,490200,Ahmedabad,Gujarat,Owned,6,ritu.sharma816@rediffmail.com,+91-7782991547,Verified,2021-10-13
CUST101823,Dev,Bhat,Male,1999-06-21,27,Single,2,Graduate,Salaried,Analyst,555100,Delhi,Delhi,Owned,0,dev.bhat773@outlook.com,+91-9466123284,Verified,2018-02-22
CUST101824,Deepika,Singh,Female,2002-09-09,23,Married,1,Professional Degree,Salaried,Software Engineer,245500,Pune,Maharashtra,Owned,5,deepika.singh529@gmail.com,+91-7871684615,Pending,2023-03-11
CUST101825,Divya,Reddy,Female,1996-09-20,29,Married,3,Graduate,Salaried,Teacher,444800,Kolkata,West Bengal,Rented,11,divya.reddy896@yahoo.in,+91-7497482021,Verified,2023-01-13
CUST101826,Swati,Bose,Female,1974-12-31,51,Married,3,Graduate,Salaried,Teacher,732500,Hyderabad,Telangana,Rented,9,swati.bose68@yahoo.in,+91-7372810722,Verified,2022-11-26
CUST101827,Saanvi,Ahmed,Female,1986-11-07,39,Widowed,0,Graduate,Business Owner,Manufacturer,330300,Pune,Maharashtra,Owned,8,saanvi.ahmed392@rediffmail.com,+91-8263690369,Verified,2021-01-20
CUST101828,Krishna,Malhotra,Male,1988-02-05,38,Married,0,Graduate,Self-Employed,Freelance Designer,528700,Lucknow,Uttar Pradesh,Mortgaged,8,krishna.malhotra380@rediffmail.com,+91-7015060863,Verified,2019-12-02
CUST101829,Rahul,Ahmed,Male,1991-09-24,34,Married,1,Graduate,Salaried,Teacher,524300,Chennai,Tamil Nadu,Rented,13,rahul.ahmed698@outlook.com,+91-8834559623,Verified,2013-09-15
CUST101830,Manish,Bose,Male,1990-03-03,36,Single,1,Post Graduate,Unemployed,Not Employed,285500,Noida,Uttar Pradesh,Rented,18,manish.bose415@yahoo.in,+91-9394830649,Verified,2018-01-02
CUST101831,Karthik,Ahmed,Male,1993-06-04,33,Married,0,Diploma,Salaried,Sales Executive,1112400,Chandigarh,Chandigarh,Family Owned,15,karthik.ahmed57@outlook.com,+91-8927880339,Pending,2015-12-26
CUST101832,Priya,Verma,Female,1993-02-01,33,Single,0,Post Graduate,Salaried,Software Engineer,371600,Kochi,Kerala,Owned,10,priya.verma575@rediffmail.com,+91-8523291515,Verified,2019-03-29
CUST101833,Meera,Rao,Female,1985-05-25,41,Married,3,Graduate,Salaried,HR Manager,328700,Jaipur,Rajasthan,Rented,18,meera.rao759@yahoo.in,+91-9718833624,Pending,2023-02-12
CUST101834,Vikram,Das,Male,1973-08-20,52,Married,0,Graduate,Salaried,Accountant,617700,Bengaluru,Karnataka,Rented,2,vikram.das275@outlook.com,+91-8733646978,Verified,2022-08-10
CUST101835,Anika,Chowdhury,Female,1989-09-16,36,Single,1,Professional Degree,Salaried,Nurse,692200,Chennai,Tamil Nadu,Owned,8,anika.chowdhury936@gmail.com,+91-9387104295,Verified,2016-01-19
CUST101836,Aadhya,Chowdhury,Female,1975-01-02,51,Married,1,Graduate,Self-Employed,Consultant,762400,Nagpur,Maharashtra,Rented,14,aadhya.chowdhury855@gmail.com,+91-9118816803,Verified,2021-11-10
CUST101837,Deepak,Ahmed,Male,2002-04-09,24,Married,2,Post Graduate,Self-Employed,Chartered Accountant,199700,Mysuru,Karnataka,Rented,6,deepak.ahmed266@rediffmail.com,+91-7858946546,Verified,2019-05-18
CUST101838,Lakshmi,Kapoor,Female,1981-05-04,45,Divorced,2,Graduate,Salaried,Bank Officer,733800,Ahmedabad,Gujarat,Mortgaged,19,lakshmi.kapoor343@yahoo.in,+91-9825993370,Verified,2024-04-14
CUST101839,Anika,Mukherjee,Female,1963-11-11,62,Single,1,Graduate,Retired,Pensioner,589800,Ahmedabad,Gujarat,Mortgaged,17,anika.mukherjee680@outlook.com,+91-8213671563,Verified,2016-09-10
CUST101840,Nikhil,Mehta,Male,2003-02-07,23,Married,1,Professional Degree,Self-Employed,Freelance Designer,533000,Chandigarh,Chandigarh,Rented,5,nikhil.mehta13@rediffmail.com,+91-9491550604,Verified,2022-12-17
CUST101841,Rahul,Ahmed,Male,1969-08-15,56,Married,4,Graduate,Salaried,Sales Executive,994200,Coimbatore,Tamil Nadu,Owned,3,rahul.ahmed429@gmail.com,+91-8175170975,Verified,2024-06-28
CUST101842,Sandeep,Ahmed,Male,1992-07-27,33,Married,1,High School,Salaried,HR Manager,470400,Gurugram,Haryana,Family Owned,15,sandeep.ahmed391@outlook.com,+91-7049825086,Verified,2018-03-18
CUST101843,Vivaan,Mukherjee,Male,1999-02-19,27,Married,0,Post Graduate,Salaried,Accountant,485800,Ahmedabad,Gujarat,Mortgaged,3,vivaan.mukherjee838@rediffmail.com,+91-7497427785,Verified,2018-06-10
CUST101844,Ayaan,Ahmed,Male,1983-01-08,43,Single,0,Professional Degree,Salaried,Nurse,473800,Surat,Gujarat,Mortgaged,12,ayaan.ahmed501@gmail.com,+91-7355409136,Pending,2015-07-05
CUST101845,Zaid,Singh,Male,1996-10-08,29,Married,4,Professional Degree,Unemployed,Student,156700,Indore,Madhya Pradesh,Owned,3,zaid.singh710@rediffmail.com,+91-9656725649,Verified,2019-04-21
CUST101846,Fatima,Iyer,Female,2002-11-02,23,Single,0,Post Graduate,Unemployed,Homemaker,214900,Surat,Gujarat,Rented,5,fatima.iyer275@outlook.com,+91-7226234356,Verified,2022-12-24
CUST101847,Imran,Mukherjee,Male,1974-08-17,51,Single,1,Post Graduate,Self-Employed,Lawyer,259700,Jaipur,Rajasthan,Rented,6,imran.mukherjee823@rediffmail.com,+91-8565745123,Verified,2014-01-28
CUST101848,Dev,Das,Male,1966-09-13,59,Married,1,Graduate,Salaried,HR Manager,685300,Delhi,Delhi,Mortgaged,7,dev.das192@rediffmail.com,+91-8823462972,Verified,2022-08-16
CUST101849,Ishaan,Banerjee,Male,1994-07-31,31,Married,0,Graduate,Self-Employed,Chartered Accountant,423800,Bengaluru,Karnataka,Rented,13,ishaan.banerjee717@yahoo.in,+91-7619936107,Verified,2023-04-02
CUST101850,Kavya,Joshi,Female,1981-09-14,44,Divorced,3,Graduate,Salaried,Sales Executive,647200,Surat,Gujarat,Rented,15,kavya.joshi580@rediffmail.com,+91-7213392594,Verified,2016-09-08
CUST101851,Kritika,Bose,Female,1995-09-08,30,Married,2,Graduate,Salaried,Accountant,236200,Gurugram,Haryana,Rented,7,kritika.bose526@rediffmail.com,+91-9080564860,Verified,2021-01-22
CUST101852,Vihaan,Iyer,Male,1986-04-16,40,Married,1,Professional Degree,Retired,Pensioner,646500,Noida,Uttar Pradesh,Mortgaged,21,vihaan.iyer695@outlook.com,+91-8863436537,Pending,2017-06-14
CUST101853,Kavya,Patel,Female,1969-12-24,56,Married,1,Post Graduate,Salaried,Analyst,470900,Ahmedabad,Gujarat,Family Owned,13,kavya.patel777@yahoo.in,+91-7148170922,Verified,2023-12-12
CUST101854,Aarav,Kulkarni,Male,1987-08-26,38,Married,1,Graduate,Salaried,Analyst,351800,Mumbai,Maharashtra,Rented,18,aarav.kulkarni841@gmail.com,+91-7857832422,Verified,2013-11-28
CUST101855,Reyansh,Naidu,Male,1977-06-19,49,Married,4,Graduate,Self-Employed,Architect,591500,Nagpur,Maharashtra,Family Owned,2,reyansh.naidu398@rediffmail.com,+91-7391125056,Pending,2022-03-02
CUST101856,Dev,Ahmed,Male,1993-08-09,32,Married,1,Diploma,Salaried,HR Manager,414400,Delhi,Delhi,Family Owned,14,dev.ahmed326@gmail.com,+91-8270611835,Verified,2014-08-15
CUST101857,Vihaan,Shah,Male,1993-02-17,33,Widowed,1,Professional Degree,Salaried,Bank Officer,638200,Mumbai,Maharashtra,Family Owned,1,vihaan.shah419@outlook.com,+91-7351378137,Verified,2019-10-11
CUST101858,Amit,Mehta,Male,1973-06-15,53,Single,0,Post Graduate,Salaried,Accountant,655500,Kochi,Kerala,Rented,16,amit.mehta826@yahoo.in,+91-9339636167,Pending,2023-11-13
CUST101859,Harsh,Chopra,Male,1989-09-05,36,Divorced,1,Diploma,Self-Employed,Doctor (Practice),411500,Mumbai,Maharashtra,Owned,18,harsh.chopra878@outlook.com,+91-8697970230,Pending,2017-01-20
CUST101860,Krishna,Ahmed,Male,1979-09-04,46,Single,0,Graduate,Salaried,Software Engineer,460500,Mumbai,Maharashtra,Rented,14,krishna.ahmed492@rediffmail.com,+91-8079485539,Verified,2018-03-06
CUST101861,Aarav,Sharma,Male,1997-05-07,29,Married,2,Graduate,Business Owner,Manufacturer,729900,Chandigarh,Chandigarh,Rented,9,aarav.sharma751@outlook.com,+91-9461982226,Verified,2022-03-31
CUST101862,Saanvi,Khan,Female,1982-01-10,44,Married,2,Diploma,Salaried,HR Manager,952400,Delhi,Delhi,Family Owned,3,saanvi.khan503@yahoo.in,+91-7329168456,Pending,2024-02-04
CUST101863,Sana,Verma,Female,1994-06-05,32,Single,1,Graduate,Self-Employed,Chartered Accountant,120000,Gurugram,Haryana,Family Owned,5,sana.verma786@yahoo.in,+91-9490742370,Verified,2020-11-15
CUST101864,Ayesha,Menon,Female,1987-07-20,38,Married,2,Graduate,Retired,Retired Government Employee,177100,Mysuru,Karnataka,Owned,5,ayesha.menon609@outlook.com,+91-8962974627,Verified,2022-12-02
CUST101865,Riya,Mehta,Female,2000-06-07,26,Divorced,2,Graduate,Self-Employed,Lawyer,665800,Nagpur,Maharashtra,Rented,8,riya.mehta812@gmail.com,+91-9218604340,Verified,2019-11-23
CUST101866,Amit,Chowdhury,Male,1982-04-06,44,Married,0,Graduate,Unemployed,Homemaker,120000,Mumbai,Maharashtra,Mortgaged,13,amit.chowdhury452@yahoo.in,+91-7891003383,Verified,2017-09-09
CUST101867,Krishna,Sharma,Male,1997-10-01,28,Single,2,Graduate,Business Owner,Retail Store Owner,582700,Nagpur,Maharashtra,Owned,10,krishna.sharma244@rediffmail.com,+91-9163135112,Pending,2018-03-17
CUST101868,Zara,Naidu,Female,1977-02-06,49,Divorced,1,Diploma,Salaried,Sales Executive,373300,Delhi,Delhi,Rented,15,zara.naidu652@rediffmail.com,+91-8387371476,Verified,2013-07-27
CUST101869,Deepak,Das,Male,1997-01-27,29,Married,1,Diploma,Self-Employed,Doctor (Practice),357100,Gurugram,Haryana,Mortgaged,5,deepak.das820@yahoo.in,+91-7327339322,Pending,2019-12-22
CUST101870,Ritu,Malhotra,Female,1968-04-24,58,Married,1,Graduate,Salaried,HR Manager,1801200,Chennai,Tamil Nadu,Rented,7,ritu.malhotra446@outlook.com,+91-9593297886,Pending,2023-02-02
CUST101871,Reyansh,Sharma,Male,2003-10-27,22,Widowed,1,Graduate,Salaried,Bank Officer,705400,Lucknow,Uttar Pradesh,Family Owned,2,reyansh.sharma890@rediffmail.com,+91-8450454076,Verified,2023-10-25
CUST101872,Krishna,Bose,Male,1989-09-27,36,Single,1,Diploma,Salaried,HR Manager,371300,Bengaluru,Karnataka,Mortgaged,4,krishna.bose580@yahoo.in,+91-7387986390,Verified,2015-10-31
CUST101873,Rohan,Rao,Male,1978-03-22,48,Married,0,Graduate,Self-Employed,Chartered Accountant,719200,Pune,Maharashtra,Family Owned,14,rohan.rao62@rediffmail.com,+91-7420849651,Verified,2016-08-06
CUST101874,Pranav,Kulkarni,Male,2000-05-28,26,Married,1,Graduate,Salaried,Bank Officer,364200,Delhi,Delhi,Owned,8,pranav.kulkarni7@outlook.com,+91-8250569466,Verified,2018-09-04
CUST101875,Ayesha,Reddy,Female,1977-07-27,48,Married,1,Post Graduate,Salaried,Analyst,472200,Kolkata,West Bengal,Owned,6,ayesha.reddy403@outlook.com,+91-8620382444,Verified,2016-08-14
CUST101876,Krishna,Ahmed,Male,1989-09-30,36,Married,1,High School,Self-Employed,Doctor (Practice),658900,Lucknow,Uttar Pradesh,Rented,18,krishna.ahmed306@yahoo.in,+91-9244255737,Verified,2023-03-17
CUST101877,Kavya,Sharma,Female,1997-06-05,29,Married,0,Graduate,Salaried,HR Manager,763300,Nagpur,Maharashtra,Owned,11,kavya.sharma910@rediffmail.com,+91-7654092688,Pending,2023-05-05
CUST101878,Pooja,Kapoor,Female,2002-08-01,23,Single,2,Graduate,Salaried,HR Manager,437700,Noida,Uttar Pradesh,Owned,5,pooja.kapoor29@yahoo.in,+91-9718250285,Verified,2022-03-31
CUST101879,Harsh,Chopra,Male,1987-09-26,38,Single,1,Diploma,Salaried,Analyst,1008600,Delhi,Delhi,Rented,13,harsh.chopra540@outlook.com,+91-9719979581,Verified,2013-09-13
CUST101880,Nikhil,Bhat,Male,1970-09-03,55,Single,2,Graduate,Salaried,Bank Officer,904800,Mysuru,Karnataka,Rented,8,nikhil.bhat316@rediffmail.com,+91-8873519107,Verified,2017-06-17
CUST101881,Pranav,Bhat,Male,1981-05-04,45,Married,1,Graduate,Self-Employed,Freelance Designer,441400,Ahmedabad,Gujarat,Rented,9,pranav.bhat900@gmail.com,+91-9346720659,Verified,2017-01-30
CUST101882,Fatima,Banerjee,Female,1970-09-01,55,Married,0,Professional Degree,Salaried,Teacher,432400,Kolkata,West Bengal,Owned,1,fatima.banerjee327@gmail.com,+91-9075239534,Verified,2018-02-01
CUST101883,Rohan,Chowdhury,Male,1983-01-13,43,Single,0,Post Graduate,Salaried,HR Manager,575900,Ahmedabad,Gujarat,Owned,20,rohan.chowdhury662@outlook.com,+91-7474214337,Pending,2021-10-10
CUST101884,Yash,Singh,Male,1991-05-16,35,Married,0,Graduate,Self-Employed,Architect,597300,Surat,Gujarat,Rented,17,yash.singh581@yahoo.in,+91-9540281581,Verified,2013-08-16
CUST101885,Ananya,Gupta,Female,1996-05-23,30,Married,0,Diploma,Self-Employed,Freelance Designer,953000,Lucknow,Uttar Pradesh,Rented,11,ananya.gupta171@yahoo.in,+91-9540603267,Verified,2018-04-11
CUST101886,Tanvi,Kaur,Female,1986-11-07,39,Married,0,Graduate,Self-Employed,Architect,423100,Hyderabad,Telangana,Mortgaged,18,tanvi.kaur432@gmail.com,+91-9470612879,Pending,2023-06-06
CUST101887,Kavya,Mukherjee,Female,1974-02-20,52,Married,1,Graduate,Salaried,Nurse,662700,Nagpur,Maharashtra,Mortgaged,11,kavya.mukherjee839@rediffmail.com,+91-7248093422,Verified,2018-01-17
CUST101888,Sneha,Iyer,Female,1991-12-30,34,Single,2,Diploma,Retired,Pensioner,120000,Kochi,Kerala,Rented,12,sneha.iyer437@outlook.com,+91-7012200685,Verified,2019-02-21
CUST101889,Rohan,Shah,Male,1982-10-03,43,Married,0,Graduate,Self-Employed,Chartered Accountant,635000,Ahmedabad,Gujarat,Family Owned,18,rohan.shah930@yahoo.in,+91-8152915654,Verified,2014-04-10
CUST101890,Anjali,Ahmed,Female,1991-07-15,34,Married,0,Diploma,Salaried,Software Engineer,210300,Lucknow,Uttar Pradesh,Owned,15,anjali.ahmed188@gmail.com,+91-9667636983,Pending,2019-01-24
CUST101891,Swati,Mehta,Female,1986-06-03,40,Widowed,1,High School,Unemployed,Not Employed,120000,Indore,Madhya Pradesh,Rented,21,swati.mehta464@yahoo.in,+91-7289189667,Verified,2022-03-10
CUST101892,Saanvi,Kulkarni,Female,1989-12-31,36,Single,0,Graduate,Salaried,Nurse,506200,Gurugram,Haryana,Rented,12,saanvi.kulkarni650@rediffmail.com,+91-8637653280,Pending,2024-03-21
CUST101893,Yash,Nair,Male,1987-09-28,38,Married,3,High School,Salaried,Bank Officer,220000,Ahmedabad,Gujarat,Rented,9,yash.nair379@rediffmail.com,+91-8317879527,Pending,2022-08-02
CUST101894,Harsh,Kaur,Male,1981-11-30,44,Married,0,Graduate,Self-Employed,Lawyer,1478400,Delhi,Delhi,Owned,18,harsh.kaur212@rediffmail.com,+91-8150249714,Verified,2016-04-02
CUST101895,Vivaan,Bhat,Male,1992-04-16,34,Married,2,Post Graduate,Self-Employed,Lawyer,1542600,Nagpur,Maharashtra,Rented,16,vivaan.bhat982@outlook.com,+91-9444999005,Verified,2022-08-30
CUST101896,Anika,Sheikh,Female,1976-01-02,50,Married,2,Graduate,Salaried,Teacher,425100,Kolkata,West Bengal,Owned,24,anika.sheikh676@outlook.com,+91-7899503541,Verified,2015-04-21
CUST101897,Sneha,Chowdhury,Female,1983-01-28,43,Single,3,Post Graduate,Retired,Pensioner,1021700,Chennai,Tamil Nadu,Family Owned,12,sneha.chowdhury6@rediffmail.com,+91-8070573939,Verified,2019-08-14
CUST101898,Amit,Reddy,Male,1995-10-20,30,Married,0,Post Graduate,Business Owner,Retail Store Owner,1063700,Kolkata,West Bengal,Family Owned,12,amit.reddy984@outlook.com,+91-7470737622,Verified,2015-12-28
CUST101899,Suresh,Sheikh,Male,1983-11-25,42,Single,2,Graduate,Business Owner,Restaurant Owner,757900,Bengaluru,Karnataka,Family Owned,2,suresh.sheikh125@yahoo.in,+91-9010624465,Verified,2022-10-29
CUST101900,Nikhil,Mukherjee,Male,1987-10-17,38,Divorced,2,Graduate,Salaried,Teacher,349800,Noida,Uttar Pradesh,Mortgaged,17,nikhil.mukherjee882@outlook.com,+91-7881501086,Verified,2018-09-22
CUST101901,Ananya,Joshi,Female,1981-09-07,44,Divorced,2,Graduate,Salaried,Bank Officer,324500,Mumbai,Maharashtra,Owned,21,ananya.joshi660@yahoo.in,+91-7839248817,Pending,2016-11-06
CUST101902,Neha,Sheikh,Female,1991-05-07,35,Married,1,Graduate,Unemployed,Not Employed,178400,Nagpur,Maharashtra,Rented,4,neha.sheikh512@gmail.com,+91-9851360074,Verified,2015-12-01
CUST101903,Arjun,Rao,Male,2005-06-17,21,Married,2,Professional Degree,Salaried,Analyst,547900,Coimbatore,Tamil Nadu,Rented,3,arjun.rao813@rediffmail.com,+91-8779499237,Pending,2022-12-13
CUST101904,Yash,Patel,Male,1982-03-23,44,Married,1,Professional Degree,Retired,Pensioner,425100,Delhi,Delhi,Rented,23,yash.patel134@outlook.com,+91-7293666368,Verified,2017-03-19
CUST101905,Arjun,Patel,Male,1994-01-19,32,Single,0,Diploma,Self-Employed,Architect,535600,Ahmedabad,Gujarat,Mortgaged,1,arjun.patel198@gmail.com,+91-7357169597,Verified,2017-02-05
CUST101906,Fatima,Verma,Female,1992-07-20,33,Single,0,Post Graduate,Salaried,Sales Executive,849900,Nagpur,Maharashtra,Family Owned,15,fatima.verma866@outlook.com,+91-9019400228,Verified,2016-01-22
CUST101907,Harsh,Deshpande,Male,2001-05-29,25,Widowed,1,Post Graduate,Business Owner,Restaurant Owner,952800,Indore,Madhya Pradesh,Owned,1,harsh.deshpande75@gmail.com,+91-8628247906,Verified,2019-12-22
CUST101908,Aanya,Mehta,Female,1984-02-11,42,Single,0,Graduate,Self-Employed,Freelance Designer,2806700,Surat,Gujarat,Mortgaged,2,aanya.mehta733@outlook.com,+91-9380771342,Verified,2022-05-09
CUST101909,Nikhil,Chowdhury,Male,1975-04-06,51,Divorced,2,High School,Salaried,Teacher,1089100,Pune,Maharashtra,Family Owned,2,nikhil.chowdhury807@outlook.com,+91-8178605731,Verified,2018-05-27
CUST101910,Reyansh,Joshi,Male,1989-12-28,36,Divorced,0,Post Graduate,Salaried,Analyst,849400,Coimbatore,Tamil Nadu,Rented,18,reyansh.joshi861@outlook.com,+91-8778001804,Verified,2020-04-06
CUST101911,Vikram,Gill,Male,1969-07-27,56,Married,0,Graduate,Salaried,Nurse,244300,Chennai,Tamil Nadu,Owned,5,vikram.gill194@gmail.com,+91-9396573594,Verified,2023-01-11
CUST101912,Aarav,Khan,Male,1975-06-29,51,Married,3,Graduate,Self-Employed,Freelance Designer,494600,Pune,Maharashtra,Owned,18,aarav.khan338@gmail.com,+91-7623457708,Verified,2017-04-18
CUST101913,Pranav,Ahmed,Male,2004-10-30,21,Married,3,Professional Degree,Retired,Pensioner,524300,Lucknow,Uttar Pradesh,Mortgaged,3,pranav.ahmed928@gmail.com,+91-8764883258,Pending,2022-04-01
CUST101914,Amit,Kapoor,Male,1962-08-21,63,Divorced,3,Diploma,Salaried,Bank Officer,759000,Chandigarh,Chandigarh,Rented,23,amit.kapoor503@outlook.com,+91-9255627217,Verified,2018-12-20
CUST101915,Manish,Ahmed,Male,2005-03-23,21,Married,4,Graduate,Salaried,Sales Executive,281000,Mumbai,Maharashtra,Rented,3,manish.ahmed444@rediffmail.com,+91-9584558990,Verified,2022-10-03
CUST101916,Dev,Malhotra,Male,1991-11-08,34,Married,2,Diploma,Salaried,Accountant,2060500,Kochi,Kerala,Owned,12,dev.malhotra670@yahoo.in,+91-7692489378,Pending,2020-08-24
CUST101917,Lakshmi,Kapoor,Female,1981-04-07,45,Single,1,Graduate,Unemployed,Student,165500,Gurugram,Haryana,Rented,24,lakshmi.kapoor412@yahoo.in,+91-7443064785,Verified,2023-12-20
CUST101918,Rohan,Khan,Male,1986-07-09,39,Divorced,0,Graduate,Retired,Retired Private Sector,312400,Kochi,Kerala,Owned,6,rohan.khan96@outlook.com,+91-8523853973,Verified,2017-06-28
CUST101919,Zaid,Reddy,Male,1985-08-26,40,Married,2,Diploma,Self-Employed,Lawyer,547800,Bhopal,Madhya Pradesh,Owned,3,zaid.reddy203@outlook.com,+91-9121390069,Verified,2014-11-09
CUST101920,Neha,Kaur,Female,1977-08-25,48,Married,1,Graduate,Salaried,HR Manager,1219000,Noida,Uttar Pradesh,Rented,0,neha.kaur311@rediffmail.com,+91-7459666769,Verified,2023-05-12
CUST101921,Anjali,Mehta,Female,1967-06-05,59,Single,1,Graduate,Unemployed,Not Employed,135300,Ahmedabad,Gujarat,Rented,8,anjali.mehta890@rediffmail.com,+91-7060791101,Pending,2014-11-23
CUST101922,Aditya,Gill,Male,1990-05-07,36,Single,1,High School,Salaried,Bank Officer,400000,Ahmedabad,Gujarat,Rented,9,aditya.gill888@outlook.com,+91-8736292599,Verified,2016-04-14
CUST101923,Kritika,Rao,Female,1990-06-10,36,Married,1,Graduate,Self-Employed,Architect,318400,Bengaluru,Karnataka,Mortgaged,16,kritika.rao606@yahoo.in,+91-8733446449,Verified,2017-05-02
CUST101924,Farhan,Kaur,Male,1980-02-16,46,Married,1,Graduate,Salaried,HR Manager,406400,Jaipur,Rajasthan,Rented,12,farhan.kaur215@rediffmail.com,+91-7037652596,Verified,2015-10-08
CUST101925,Suresh,Reddy,Male,1983-07-28,42,Widowed,0,Graduate,Salaried,Nurse,393300,Mumbai,Maharashtra,Family Owned,14,suresh.reddy943@yahoo.in,+91-9599356150,Pending,2018-10-31
CUST101926,Diya,Malhotra,Female,1984-10-20,41,Married,0,Post Graduate,Salaried,HR Manager,1643000,Chandigarh,Chandigarh,Family Owned,22,diya.malhotra606@rediffmail.com,+91-7083238426,Verified,2022-09-08
CUST101927,Dev,Menon,Male,1996-04-01,30,Single,2,Graduate,Salaried,HR Manager,459800,Bhopal,Madhya Pradesh,Rented,5,dev.menon594@gmail.com,+91-8941527278,Pending,2017-02-05
CUST101928,Aadhya,Mehta,Female,1992-02-19,34,Single,0,Post Graduate,Self-Employed,Freelance Designer,490700,Mumbai,Maharashtra,Owned,12,aadhya.mehta899@yahoo.in,+91-9446378292,Pending,2017-08-24
CUST101929,Meera,Iyer,Female,1984-04-29,42,Married,1,Diploma,Self-Employed,Freelance Designer,738400,Jaipur,Rajasthan,Rented,21,meera.iyer76@outlook.com,+91-9213446999,Verified,2017-02-17
CUST101930,Vikram,Mehta,Male,1979-12-04,46,Widowed,2,Diploma,Salaried,Software Engineer,266600,Mysuru,Karnataka,Owned,3,vikram.mehta987@gmail.com,+91-7259497445,Verified,2015-09-17
CUST101931,Neha,Malhotra,Female,1985-02-16,41,Married,2,Professional Degree,Self-Employed,Architect,1400500,Lucknow,Uttar Pradesh,Owned,23,neha.malhotra9@outlook.com,+91-8219269052,Pending,2018-02-21
CUST101932,Sandeep,Chopra,Male,2005-04-29,21,Married,1,Diploma,Salaried,Accountant,213500,Delhi,Delhi,Rented,3,sandeep.chopra300@yahoo.in,+91-7458918356,Pending,2022-09-07
CUST101933,Ritu,Kulkarni,Female,1981-02-04,45,Married,2,Graduate,Self-Employed,Freelance Designer,674300,Mysuru,Karnataka,Rented,20,ritu.kulkarni109@gmail.com,+91-9392170207,Verified,2022-01-03
CUST101934,Isha,Verma,Female,2004-11-09,21,Married,0,Graduate,Self-Employed,Chartered Accountant,426000,Bhopal,Madhya Pradesh,Family Owned,3,isha.verma609@yahoo.in,+91-9648320791,Verified,2023-03-12
CUST101935,Zaid,Chopra,Male,1982-11-29,43,Married,2,Post Graduate,Self-Employed,Consultant,589000,Nagpur,Maharashtra,Rented,9,zaid.chopra658@outlook.com,+91-9623385343,Verified,2017-12-18
CUST101936,Suresh,Deshpande,Male,1982-01-17,44,Married,2,Post Graduate,Salaried,Teacher,1050900,Mumbai,Maharashtra,Rented,3,suresh.deshpande548@gmail.com,+91-7834894672,Pending,2017-07-13
CUST101937,Aadhya,Malhotra,Female,1990-07-26,35,Single,1,Graduate,Self-Employed,Freelance Designer,430600,Indore,Madhya Pradesh,Rented,5,aadhya.malhotra421@gmail.com,+91-9169221051,Verified,2014-07-01
CUST101938,Deepika,Patel,Female,1985-10-02,40,Married,4,Post Graduate,Self-Employed,Doctor (Practice),438800,Lucknow,Uttar Pradesh,Rented,9,deepika.patel377@gmail.com,+91-8196029740,Pending,2020-11-10
CUST101939,Rajesh,Kulkarni,Male,1997-10-26,28,Married,5,Post Graduate,Self-Employed,Doctor (Practice),659800,Gurugram,Haryana,Rented,10,rajesh.kulkarni464@rediffmail.com,+91-9411318330,Verified,2016-08-13
CUST101940,Sana,Mukherjee,Female,1987-08-23,38,Single,2,Graduate,Salaried,Bank Officer,483800,Nagpur,Maharashtra,Owned,20,sana.mukherjee599@yahoo.in,+91-8031374592,Pending,2014-08-02
CUST101941,Fatima,Shah,Female,1982-01-14,44,Married,2,Professional Degree,Business Owner,Manufacturer,366100,Kolkata,West Bengal,Owned,15,fatima.shah22@rediffmail.com,+91-8272633809,Verified,2021-02-12
CUST101942,Reyansh,Menon,Male,1988-05-18,38,Married,3,Diploma,Business Owner,Retail Store Owner,2242600,Gurugram,Haryana,Owned,20,reyansh.menon701@outlook.com,+91-7413628281,Verified,2019-06-30
CUST101943,Karthik,Patel,Male,2005-01-25,21,Single,0,Graduate,Salaried,Analyst,311600,Kochi,Kerala,Owned,3,karthik.patel321@gmail.com,+91-9499723487,Verified,2023-12-26
CUST101944,Sandeep,Singh,Male,2001-08-02,24,Married,3,Graduate,Retired,Retired Government Employee,334500,Chennai,Tamil Nadu,Owned,6,sandeep.singh598@outlook.com,+91-9250561751,Pending,2019-05-09
CUST101945,Nikhil,Das,Male,1990-07-14,35,Married,3,Graduate,Salaried,Nurse,691200,Ahmedabad,Gujarat,Mortgaged,13,nikhil.das869@outlook.com,+91-9127678595,Pending,2014-10-02
CUST101946,Vivaan,Rao,Male,2004-10-06,21,Married,1,Graduate,Salaried,HR Manager,255900,Mumbai,Maharashtra,Family Owned,3,vivaan.rao706@outlook.com,+91-7265625209,Verified,2022-08-27
CUST101947,Karthik,Kulkarni,Male,1989-04-01,37,Married,3,Diploma,Self-Employed,Doctor (Practice),1639000,Pune,Maharashtra,Mortgaged,0,karthik.kulkarni389@outlook.com,+91-7335010343,Verified,2016-09-06
CUST101948,Rohan,Bose,Male,1977-12-30,48,Married,1,Graduate,Salaried,Teacher,1010800,Delhi,Delhi,Rented,23,rohan.bose998@outlook.com,+91-8388281410,Pending,2021-08-15
CUST101949,Swati,Kapoor,Female,1992-11-08,33,Married,2,Diploma,Salaried,Nurse,256700,Hyderabad,Telangana,Rented,0,swati.kapoor741@outlook.com,+91-8059051787,Pending,2014-03-11
CUST101950,Anil,Bhat,Male,1989-03-15,37,Married,0,Graduate,Self-Employed,Consultant,342800,Mysuru,Karnataka,Rented,19,anil.bhat548@gmail.com,+91-9096831401,Verified,2016-05-25
CUST101951,Kabir,Chowdhury,Male,1980-10-12,45,Married,1,Post Graduate,Unemployed,Homemaker,120000,Lucknow,Uttar Pradesh,Rented,4,kabir.chowdhury20@outlook.com,+91-9695002089,Verified,2015-12-19
CUST101952,Saanvi,Shah,Female,1987-08-25,38,Married,2,High School,Salaried,Nurse,172200,Indore,Madhya Pradesh,Rented,8,saanvi.shah875@yahoo.in,+91-9498363532,Verified,2015-09-28
CUST101953,Tanvi,Rao,Female,1995-09-07,30,Married,0,Graduate,Salaried,Bank Officer,433200,Lucknow,Uttar Pradesh,Mortgaged,5,tanvi.rao525@outlook.com,+91-9257728479,Pending,2022-11-03
CUST101954,Vikram,Das,Male,1997-06-25,29,Married,2,Post Graduate,Salaried,Nurse,570700,Nagpur,Maharashtra,Mortgaged,11,vikram.das176@gmail.com,+91-7737665583,Verified,2022-05-03
CUST101955,Dev,Malhotra,Male,1983-07-06,42,Married,1,Professional Degree,Business Owner,Manufacturer,1505600,Kolkata,West Bengal,Family Owned,9,dev.malhotra998@gmail.com,+91-8366876521,Pending,2019-09-20
CUST101956,Aadhya,Reddy,Female,1993-08-13,32,Married,0,High School,Salaried,Software Engineer,254600,Mysuru,Karnataka,Owned,14,aadhya.reddy280@gmail.com,+91-7376006661,Pending,2021-10-29
CUST101957,Pooja,Gill,Female,2004-05-27,22,Single,2,Graduate,Retired,Retired Private Sector,485400,Noida,Uttar Pradesh,Owned,4,pooja.gill874@outlook.com,+91-7744697304,Verified,2022-08-03
CUST101958,Arjun,Joshi,Male,2003-01-21,23,Married,0,Graduate,Retired,Retired Government Employee,382400,Bengaluru,Karnataka,Mortgaged,2,arjun.joshi862@yahoo.in,+91-8443977041,Verified,2022-08-20
CUST101959,Karthik,Malhotra,Male,2002-02-13,24,Single,2,Diploma,Salaried,Teacher,190400,Indore,Madhya Pradesh,Family Owned,6,karthik.malhotra9@yahoo.in,+91-9380509987,Verified,2020-06-15
CUST101960,Ritu,Gupta,Female,2003-06-09,23,Married,2,Graduate,Salaried,Software Engineer,313900,Mumbai,Maharashtra,Mortgaged,0,ritu.gupta742@outlook.com,+91-7863986320,Verified,2019-10-26
CUST101961,Swati,Das,Female,1992-04-20,34,Married,2,Graduate,Salaried,Bank Officer,277600,Mumbai,Maharashtra,Mortgaged,16,swati.das719@yahoo.in,+91-8417794750,Pending,2020-05-07
CUST101962,Amit,Iyer,Male,1985-01-21,41,Married,2,Diploma,Salaried,Teacher,463200,Surat,Gujarat,Owned,6,amit.iyer944@gmail.com,+91-9090590039,Pending,2017-02-07
CUST101963,Neha,Sheikh,Female,1995-12-05,30,Married,0,Graduate,Retired,Retired Private Sector,120000,Indore,Madhya Pradesh,Owned,12,neha.sheikh713@yahoo.in,+91-7119219328,Pending,2021-03-07
CUST101964,Riya,Mukherjee,Female,1985-09-18,40,Widowed,1,Post Graduate,Salaried,Software Engineer,589400,Delhi,Delhi,Owned,22,riya.mukherjee81@rediffmail.com,+91-7656056972,Pending,2018-07-09
CUST101965,Aarohi,Rao,Female,1973-07-29,52,Married,3,High School,Salaried,Analyst,286300,Delhi,Delhi,Owned,8,aarohi.rao465@outlook.com,+91-8481189044,Verified,2013-09-27
CUST101966,Suresh,Reddy,Male,1976-10-26,49,Single,3,Diploma,Salaried,Teacher,522300,Coimbatore,Tamil Nadu,Rented,5,suresh.reddy841@gmail.com,+91-7914044537,Verified,2020-03-23
CUST101967,Vikram,Chowdhury,Male,1980-03-23,46,Married,1,Diploma,Salaried,Sales Executive,412900,Jaipur,Rajasthan,Rented,8,vikram.chowdhury954@outlook.com,+91-9580920332,Verified,2017-03-13
CUST101968,Lakshmi,Joshi,Female,1977-09-18,48,Single,2,Diploma,Salaried,Nurse,1387900,Bhopal,Madhya Pradesh,Owned,2,lakshmi.joshi601@gmail.com,+91-7797841688,Verified,2018-06-15
CUST101969,Sandeep,Deshpande,Male,1985-11-22,40,Married,2,Professional Degree,Salaried,HR Manager,2012200,Chennai,Tamil Nadu,Rented,1,sandeep.deshpande351@gmail.com,+91-8267849274,Verified,2015-05-06
CUST101970,Neha,Banerjee,Female,1983-05-05,43,Married,4,Graduate,Salaried,Teacher,546100,Chennai,Tamil Nadu,Owned,7,neha.banerjee462@gmail.com,+91-8998278309,Pending,2015-04-25
CUST101971,Rajesh,Ahmed,Male,1983-07-01,43,Single,1,Graduate,Salaried,HR Manager,436100,Chandigarh,Chandigarh,Rented,2,rajesh.ahmed792@gmail.com,+91-7677683708,Pending,2016-06-18
CUST101972,Anjali,Banerjee,Female,1977-07-09,48,Married,1,Graduate,Self-Employed,Doctor (Practice),711800,Kochi,Kerala,Mortgaged,20,anjali.banerjee699@yahoo.in,+91-9762488752,Verified,2015-01-09
CUST101973,Rahul,Gupta,Male,1984-06-04,42,Widowed,2,Post Graduate,Salaried,Bank Officer,657900,Delhi,Delhi,Family Owned,23,rahul.gupta758@yahoo.in,+91-9435186088,Verified,2014-07-12
CUST101974,Suresh,Ahmed,Male,2001-09-21,24,Single,1,Graduate,Salaried,Software Engineer,298200,Coimbatore,Tamil Nadu,Owned,6,suresh.ahmed394@outlook.com,+91-8061510764,Pending,2023-07-09
CUST101975,Pranav,Kapoor,Male,1999-07-15,26,Single,0,Graduate,Salaried,Nurse,593900,Gurugram,Haryana,Mortgaged,8,pranav.kapoor208@rediffmail.com,+91-7193001740,Verified,2022-10-16
CUST101976,Saanvi,Sheikh,Female,1984-05-16,42,Single,0,Graduate,Unemployed,Not Employed,120000,Surat,Gujarat,Owned,15,saanvi.sheikh951@gmail.com,+91-7712244602,Verified,2019-11-29
CUST101977,Swati,Kulkarni,Female,1994-09-17,31,Married,1,Graduate,Salaried,Nurse,341200,Bengaluru,Karnataka,Rented,13,swati.kulkarni956@rediffmail.com,+91-9069733012,Verified,2023-05-05
CUST101978,Fatima,Deshpande,Female,1983-10-08,42,Married,2,Diploma,Salaried,Bank Officer,673200,Noida,Uttar Pradesh,Owned,18,fatima.deshpande593@gmail.com,+91-9565256551,Verified,2014-01-08
CUST101979,Zaid,Rao,Male,1993-01-21,33,Married,2,Diploma,Self-Employed,Chartered Accountant,426300,Mysuru,Karnataka,Rented,13,zaid.rao704@outlook.com,+91-9494346975,Pending,2023-05-29
CUST101980,Karthik,Menon,Male,1986-01-02,40,Widowed,1,Graduate,Salaried,Accountant,332500,Delhi,Delhi,Owned,3,karthik.menon314@rediffmail.com,+91-9181608366,Verified,2019-04-07
CUST101981,Fatima,Kaur,Female,1971-11-19,54,Married,0,Post Graduate,Business Owner,Manufacturer,596200,Nagpur,Maharashtra,Rented,19,fatima.kaur515@outlook.com,+91-7221393270,Pending,2018-11-05
CUST101982,Aadhya,Rao,Female,1987-08-27,38,Married,2,Graduate,Self-Employed,Consultant,139800,Surat,Gujarat,Mortgaged,18,aadhya.rao194@rediffmail.com,+91-9272682989,Verified,2022-03-15
CUST101983,Rahul,Kaur,Male,1993-08-01,32,Married,0,Graduate,Retired,Pensioner,329500,Noida,Uttar Pradesh,Rented,14,rahul.kaur982@outlook.com,+91-9531169707,Verified,2014-08-09
CUST101984,Karthik,Mehta,Male,1993-01-15,33,Married,0,Graduate,Salaried,Nurse,209500,Lucknow,Uttar Pradesh,Rented,13,karthik.mehta781@rediffmail.com,+91-8761384795,Verified,2021-08-01
CUST101985,Pranav,Mukherjee,Male,1991-12-29,34,Single,1,Graduate,Salaried,Software Engineer,1956700,Chennai,Tamil Nadu,Mortgaged,16,pranav.mukherjee77@outlook.com,+91-7953418354,Pending,2023-07-03
CUST101986,Riya,Singh,Female,1972-04-18,54,Married,2,Professional Degree,Unemployed,Homemaker,167900,Indore,Madhya Pradesh,Mortgaged,23,riya.singh246@rediffmail.com,+91-9810613950,Verified,2021-02-08
CUST101987,Ayaan,Das,Male,1988-04-29,38,Married,2,Diploma,Salaried,Analyst,318300,Noida,Uttar Pradesh,Owned,9,ayaan.das575@outlook.com,+91-7176208416,Pending,2023-12-13
CUST101988,Reyansh,Verma,Male,1978-04-28,48,Married,1,Diploma,Self-Employed,Consultant,2265800,Mumbai,Maharashtra,Owned,15,reyansh.verma887@outlook.com,+91-9415394190,Verified,2013-11-20
CUST101989,Anjali,Bhat,Female,2001-05-16,25,Married,0,Graduate,Self-Employed,Consultant,455900,Surat,Gujarat,Mortgaged,7,anjali.bhat884@rediffmail.com,+91-7158694861,Verified,2019-12-08
CUST101990,Neha,Menon,Female,1985-03-21,41,Single,0,Diploma,Business Owner,Restaurant Owner,558600,Coimbatore,Tamil Nadu,Mortgaged,4,neha.menon838@outlook.com,+91-9476473326,Verified,2023-03-29
CUST101991,Ayaan,Sharma,Male,1978-11-30,47,Married,0,Post Graduate,Salaried,Software Engineer,1455800,Coimbatore,Tamil Nadu,Owned,24,ayaan.sharma27@gmail.com,+91-7364251650,Verified,2019-01-23
CUST101992,Dev,Sharma,Male,1995-04-10,31,Married,2,High School,Salaried,HR Manager,261600,Ahmedabad,Gujarat,Mortgaged,13,dev.sharma71@yahoo.in,+91-9031123699,Verified,2018-06-07
CUST101993,Nisha,Gupta,Female,1974-12-29,51,Married,1,Post Graduate,Salaried,Bank Officer,334200,Hyderabad,Telangana,Rented,22,nisha.gupta637@yahoo.in,+91-9217734293,Pending,2022-05-18
CUST101994,Aarohi,Mehta,Female,1998-05-05,28,Single,1,Post Graduate,Business Owner,Trader,1054000,Bhopal,Madhya Pradesh,Owned,10,aarohi.mehta158@yahoo.in,+91-8592126112,Pending,2024-05-31
CUST101995,Shreya,Kapoor,Female,1991-03-06,35,Single,3,Graduate,Business Owner,Manufacturer,786600,Nagpur,Maharashtra,Rented,2,shreya.kapoor161@outlook.com,+91-8150697275,Verified,2019-08-02
CUST101996,Nisha,Chopra,Female,1991-10-21,34,Divorced,0,Post Graduate,Salaried,Software Engineer,377200,Gurugram,Haryana,Family Owned,8,nisha.chopra119@rediffmail.com,+91-7885379518,Verified,2023-04-06
CUST101997,Aarav,Bose,Male,1973-01-21,53,Single,1,Graduate,Salaried,Accountant,852300,Mumbai,Maharashtra,Rented,21,aarav.bose577@gmail.com,+91-8194300456,Pending,2016-10-21
CUST101998,Aarohi,Gupta,Female,1980-05-08,46,Married,1,Post Graduate,Retired,Retired Private Sector,348300,Surat,Gujarat,Mortgaged,17,aarohi.gupta329@outlook.com,+91-7431824758,Verified,2023-01-17
CUST101999,Farhan,Patel,Male,1987-05-20,39,Single,0,Graduate,Salaried,Bank Officer,815400,Kochi,Kerala,Owned,4,farhan.patel283@gmail.com,+91-8390601526,Verified,2020-02-28
CUST102000,Isha,Gupta,Female,1993-04-06,33,Single,2,Graduate,Salaried,Teacher,300600,Hyderabad,Telangana,Mortgaged,0,isha.gupta769@outlook.com,+91-8041089495,Verified,2020-06-27
CUST102001,Ayesha,Mehta,Female,1975-08-07,50,Divorced,3,Post Graduate,Salaried,Sales Executive,514500,Noida,Uttar Pradesh,Mortgaged,2,ayesha.mehta272@outlook.com,+91-9094118740,Verified,2014-12-06
CUST102002,Saanvi,Shah,Female,1994-10-29,31,Married,0,Graduate,Salaried,Nurse,436700,Indore,Madhya Pradesh,Family Owned,13,saanvi.shah484@gmail.com,+91-8274945013,Verified,2015-04-21
CUST102003,Arjun,Menon,Male,1979-01-15,47,Single,1,Post Graduate,Retired,Retired Government Employee,155700,Jaipur,Rajasthan,Owned,19,arjun.menon641@outlook.com,+91-8095006362,Verified,2014-03-18
CUST102004,Isha,Bose,Female,1977-08-11,48,Married,1,Professional Degree,Salaried,HR Manager,379600,Mumbai,Maharashtra,Family Owned,5,isha.bose704@rediffmail.com,+91-9496832318,Verified,2018-02-01
CUST102005,Amit,Das,Male,1979-12-29,46,Married,0,Post Graduate,Salaried,Accountant,622700,Mumbai,Maharashtra,Owned,0,amit.das9@gmail.com,+91-9052376280,Verified,2023-08-17
CUST102006,Divya,Iyer,Female,1990-03-22,36,Single,2,Graduate,Salaried,Software Engineer,476400,Chandigarh,Chandigarh,Mortgaged,18,divya.iyer892@outlook.com,+91-9660937797,Verified,2023-02-07
CUST102007,Ritu,Bose,Female,2003-02-23,23,Widowed,0,Graduate,Salaried,Teacher,463400,Coimbatore,Tamil Nadu,Mortgaged,5,ritu.bose601@yahoo.in,+91-8541248650,Verified,2020-02-22
CUST102008,Pooja,Das,Female,1998-05-04,28,Single,1,Graduate,Self-Employed,Freelance Designer,236100,Gurugram,Haryana,Owned,10,pooja.das276@gmail.com,+91-9836374071,Pending,2023-05-13
CUST102009,Vikram,Kapoor,Male,1988-12-08,37,Single,0,Graduate,Self-Employed,Doctor (Practice),739400,Kolkata,West Bengal,Rented,19,vikram.kapoor756@gmail.com,+91-7523634788,Verified,2015-08-11
CUST102010,Aadhya,Sheikh,Female,1967-04-26,59,Married,2,Post Graduate,Salaried,HR Manager,647800,Mysuru,Karnataka,Owned,21,aadhya.sheikh65@gmail.com,+91-9310832095,Verified,2023-04-21
CUST102011,Vivaan,Gill,Male,1993-08-23,32,Single,1,Professional Degree,Business Owner,Restaurant Owner,460400,Pune,Maharashtra,Rented,14,vivaan.gill685@outlook.com,+91-7248915456,Verified,2015-05-10
CUST102012,Tanvi,Sheikh,Female,1992-08-13,33,Married,2,Post Graduate,Retired,Retired Government Employee,383600,Noida,Uttar Pradesh,Mortgaged,15,tanvi.sheikh48@yahoo.in,+91-9553086036,Verified,2024-06-30
CUST102013,Nisha,Patel,Female,1998-08-29,27,Married,2,Diploma,Business Owner,Retail Store Owner,277100,Kochi,Kerala,Rented,1,nisha.patel661@outlook.com,+91-7335674992,Pending,2018-12-12
CUST102014,Nikhil,Bose,Male,2005-02-22,21,Married,0,Graduate,Business Owner,Retail Store Owner,375800,Indore,Madhya Pradesh,Mortgaged,0,nikhil.bose274@yahoo.in,+91-9039200885,Verified,2023-03-10
CUST102015,Ayaan,Chowdhury,Male,1994-08-28,31,Married,1,Post Graduate,Retired,Retired Private Sector,242100,Kochi,Kerala,Family Owned,0,ayaan.chowdhury165@gmail.com,+91-8873237848,Verified,2018-10-04
CUST102016,Nikhil,Kaur,Male,2004-12-24,21,Widowed,2,Graduate,Salaried,Software Engineer,680700,Surat,Gujarat,Rented,3,nikhil.kaur717@outlook.com,+91-7468103653,Verified,2022-12-31
CUST102017,Farhan,Sharma,Male,1983-09-04,42,Divorced,2,Diploma,Self-Employed,Doctor (Practice),846600,Bengaluru,Karnataka,Rented,2,farhan.sharma961@outlook.com,+91-7927611462,Verified,2018-01-30
CUST102018,Aarav,Das,Male,1981-08-08,44,Single,1,Graduate,Self-Employed,Freelance Designer,301200,Gurugram,Haryana,Mortgaged,7,aarav.das82@gmail.com,+91-7883325886,Verified,2017-09-17
CUST102019,Kavya,Kapoor,Female,1999-11-21,26,Married,3,Post Graduate,Salaried,Nurse,184700,Gurugram,Haryana,Rented,8,kavya.kapoor100@gmail.com,+91-7297448770,Verified,2020-03-19
CUST102020,Imran,Chowdhury,Male,1993-05-27,33,Married,1,Graduate,Salaried,Software Engineer,540700,Noida,Uttar Pradesh,Owned,8,imran.chowdhury702@outlook.com,+91-8219950194,Pending,2019-06-28
CUST102021,Aadhya,Das,Female,2003-10-27,22,Married,1,Post Graduate,Unemployed,Not Employed,354200,Hyderabad,Telangana,Mortgaged,4,aadhya.das319@yahoo.in,+91-8180155771,Pending,2023-03-17
CUST102022,Harsh,Iyer,Male,1974-10-10,51,Married,3,High School,Unemployed,Student,120000,Lucknow,Uttar Pradesh,Rented,1,harsh.iyer593@outlook.com,+91-9281888529,Verified,2023-08-27
CUST102023,Anjali,Iyer,Female,1993-08-26,32,Single,2,Post Graduate,Salaried,Software Engineer,522300,Kolkata,West Bengal,Rented,7,anjali.iyer558@rediffmail.com,+91-8670053368,Pending,2014-04-09
CUST102024,Ishaan,Kaur,Male,1998-06-13,28,Widowed,1,Graduate,Self-Employed,Freelance Designer,710500,Bhopal,Madhya Pradesh,Mortgaged,4,ishaan.kaur358@rediffmail.com,+91-7085848727,Pending,2019-11-29
CUST102025,Anjali,Malhotra,Female,1985-07-17,40,Married,0,Graduate,Salaried,Analyst,260800,Kochi,Kerala,Family Owned,5,anjali.malhotra173@yahoo.in,+91-7137869865,Verified,2015-07-08
CUST102026,Rahul,Menon,Male,1996-08-15,29,Divorced,2,Graduate,Retired,Retired Private Sector,273300,Chennai,Tamil Nadu,Mortgaged,11,rahul.menon981@rediffmail.com,+91-7766677140,Verified,2013-12-14
CUST102027,Rajesh,Deshpande,Male,1983-03-30,43,Married,0,Graduate,Self-Employed,Architect,474800,Kochi,Kerala,Rented,10,rajesh.deshpande875@yahoo.in,+91-7588589171,Verified,2017-08-28
CUST102028,Fatima,Reddy,Female,1993-10-09,32,Married,0,Diploma,Business Owner,Trader,260000,Mumbai,Maharashtra,Rented,14,fatima.reddy862@outlook.com,+91-9059104353,Verified,2022-09-20
CUST102029,Fatima,Das,Female,1997-03-16,29,Widowed,0,Graduate,Business Owner,Restaurant Owner,313900,Mumbai,Maharashtra,Owned,11,fatima.das762@yahoo.in,+91-9257592816,Verified,2021-10-08
CUST102030,Isha,Menon,Female,1972-02-02,54,Single,2,Graduate,Self-Employed,Consultant,1303400,Surat,Gujarat,Rented,22,isha.menon889@gmail.com,+91-7447616901,Pending,2020-05-11
CUST102031,Farhan,Mukherjee,Male,1995-09-10,30,Married,4,Graduate,Business Owner,Retail Store Owner,147500,Jaipur,Rajasthan,Owned,11,farhan.mukherjee181@gmail.com,+91-9413241070,Verified,2020-05-01
CUST102032,Pranav,Shah,Male,1977-12-24,48,Single,5,Graduate,Self-Employed,Doctor (Practice),585600,Delhi,Delhi,Owned,12,pranav.shah98@outlook.com,+91-8120668901,Verified,2021-03-03
CUST102033,Vivaan,Banerjee,Male,1978-01-07,48,Single,2,High School,Self-Employed,Consultant,257500,Nagpur,Maharashtra,Owned,7,vivaan.banerjee730@yahoo.in,+91-9766323054,Verified,2018-09-02
CUST102034,Swati,Naidu,Female,1979-08-21,46,Married,4,Post Graduate,Self-Employed,Lawyer,1173800,Chennai,Tamil Nadu,Rented,1,swati.naidu921@yahoo.in,+91-8111415117,Verified,2015-11-09
CUST102035,Isha,Nair,Female,1988-06-07,38,Divorced,0,Post Graduate,Self-Employed,Lawyer,1430800,Chennai,Tamil Nadu,Mortgaged,14,isha.nair817@rediffmail.com,+91-9731563113,Verified,2017-06-20
CUST102036,Aditya,Rao,Male,1985-11-14,40,Married,4,High School,Salaried,Analyst,443500,Bhopal,Madhya Pradesh,Rented,1,aditya.rao785@outlook.com,+91-8625971300,Verified,2016-02-26
CUST102037,Priya,Bhat,Female,1976-04-30,50,Married,0,Diploma,Salaried,Accountant,796300,Mumbai,Maharashtra,Mortgaged,7,priya.bhat690@outlook.com,+91-7255869457,Verified,2021-02-11
CUST102038,Suresh,Das,Male,1991-01-09,35,Married,3,High School,Retired,Retired Government Employee,312100,Jaipur,Rajasthan,Rented,17,suresh.das279@outlook.com,+91-9318516240,Pending,2017-04-23
CUST102039,Deepika,Nair,Female,1976-08-30,49,Married,0,Graduate,Salaried,Teacher,974600,Chandigarh,Chandigarh,Rented,23,deepika.nair538@yahoo.in,+91-9530681970,Pending,2016-12-28
CUST102040,Zaid,Chopra,Male,1988-03-22,38,Married,2,Graduate,Unemployed,Student,178800,Chennai,Tamil Nadu,Family Owned,8,zaid.chopra870@gmail.com,+91-7736367573,Verified,2023-05-31
CUST102041,Aarohi,Bhat,Female,1987-06-22,39,Single,1,Post Graduate,Salaried,Accountant,221000,Indore,Madhya Pradesh,Owned,17,aarohi.bhat768@yahoo.in,+91-9229113462,Verified,2015-04-02
CUST102042,Arjun,Kapoor,Male,1980-10-19,45,Married,1,Post Graduate,Salaried,Software Engineer,329600,Chandigarh,Chandigarh,Family Owned,13,arjun.kapoor63@gmail.com,+91-7190290960,Verified,2017-12-22
CUST102043,Diya,Gupta,Female,1993-02-23,33,Single,1,Diploma,Business Owner,Trader,440200,Pune,Maharashtra,Rented,15,diya.gupta129@outlook.com,+91-9095443911,Verified,2013-09-30
CUST102044,Sandeep,Reddy,Male,2004-11-22,21,Married,1,Post Graduate,Salaried,Teacher,470400,Bhopal,Madhya Pradesh,Owned,3,sandeep.reddy625@outlook.com,+91-9376095917,Verified,2022-07-15
CUST102045,Zara,Patel,Female,1986-11-28,39,Divorced,0,Diploma,Salaried,Nurse,480300,Lucknow,Uttar Pradesh,Rented,0,zara.patel910@gmail.com,+91-8114201151,Pending,2023-10-16
CUST102046,Amit,Kaur,Male,1973-01-25,53,Married,1,Graduate,Salaried,HR Manager,245600,Ahmedabad,Gujarat,Owned,22,amit.kaur618@gmail.com,+91-9116581321,Pending,2016-11-22
CUST102047,Diya,Nair,Female,1970-09-14,55,Married,0,High School,Salaried,Nurse,443800,Gurugram,Haryana,Owned,8,diya.nair817@gmail.com,+91-7343404229,Pending,2023-02-03
CUST102048,Harsh,Ahmed,Male,1987-01-18,39,Widowed,1,Graduate,Salaried,Teacher,233700,Coimbatore,Tamil Nadu,Family Owned,5,harsh.ahmed343@outlook.com,+91-8522388803,Pending,2023-05-21
CUST102049,Farhan,Kulkarni,Male,2004-11-25,21,Single,3,Post Graduate,Salaried,Bank Officer,557500,Chandigarh,Chandigarh,Family Owned,2,farhan.kulkarni231@gmail.com,+91-7698610889,Verified,2022-09-22
CUST102050,Harsh,Kaur,Male,1997-01-18,29,Married,0,Graduate,Salaried,Sales Executive,1593700,Kolkata,West Bengal,Owned,8,harsh.kaur385@gmail.com,+91-9635519920,Verified,2018-08-12
CUST102051,Meera,Iyer,Female,2001-11-11,24,Married,2,Graduate,Salaried,HR Manager,496000,Ahmedabad,Gujarat,Rented,4,meera.iyer739@yahoo.in,+91-9538457171,Verified,2021-08-20
CUST102052,Kabir,Rao,Male,1984-09-01,41,Married,3,High School,Salaried,HR Manager,189500,Indore,Madhya Pradesh,Owned,17,kabir.rao370@outlook.com,+91-9226580720,Verified,2021-05-15
CUST102053,Farhan,Mehta,Male,1997-10-28,28,Single,0,High School,Retired,Retired Government Employee,120000,Indore,Madhya Pradesh,Rented,10,farhan.mehta960@gmail.com,+91-8114709573,Verified,2016-08-12
CUST102054,Karthik,Nair,Male,1974-07-14,51,Single,1,Graduate,Self-Employed,Freelance Designer,469300,Chennai,Tamil Nadu,Owned,7,karthik.nair120@gmail.com,+91-7432878438,Verified,2021-02-08
CUST102055,Sandeep,Bhat,Male,1989-07-09,36,Single,0,High School,Business Owner,Retail Store Owner,189800,Delhi,Delhi,Owned,2,sandeep.bhat124@gmail.com,+91-8757651078,Verified,2020-02-25
CUST102056,Anil,Bhat,Male,1973-07-20,52,Single,2,Graduate,Self-Employed,Doctor (Practice),687900,Chennai,Tamil Nadu,Mortgaged,0,anil.bhat264@outlook.com,+91-8378925843,Verified,2014-02-03
CUST102057,Kabir,Ahmed,Male,1983-08-22,42,Single,1,Graduate,Salaried,Teacher,166700,Indore,Madhya Pradesh,Family Owned,14,kabir.ahmed103@outlook.com,+91-8510182226,Verified,2022-09-03
CUST102058,Suresh,Mukherjee,Male,1986-06-09,40,Single,3,Professional Degree,Self-Employed,Architect,345400,Noida,Uttar Pradesh,Owned,0,suresh.mukherjee791@rediffmail.com,+91-7988168179,Verified,2013-08-14
CUST102059,Yash,Reddy,Male,1990-05-12,36,Single,3,Graduate,Salaried,Accountant,632500,Hyderabad,Telangana,Owned,18,yash.reddy838@gmail.com,+91-9789002696,Pending,2021-04-05
CUST102060,Ritu,Mukherjee,Female,1983-09-09,42,Married,2,High School,Business Owner,Trader,817000,Lucknow,Uttar Pradesh,Mortgaged,15,ritu.mukherjee657@outlook.com,+91-7478420952,Verified,2014-07-22
CUST102061,Rajesh,Patel,Male,1971-06-29,55,Married,2,Graduate,Salaried,Accountant,324900,Jaipur,Rajasthan,Owned,18,rajesh.patel575@gmail.com,+91-8952299059,Verified,2017-07-13
CUST102062,Sandeep,Iyer,Male,1979-01-22,47,Married,3,Post Graduate,Salaried,Bank Officer,358100,Indore,Madhya Pradesh,Owned,2,sandeep.iyer180@outlook.com,+91-7747205935,Verified,2015-08-18
CUST102063,Aarav,Mukherjee,Male,1975-09-14,50,Divorced,0,Diploma,Salaried,Sales Executive,249800,Chandigarh,Chandigarh,Rented,3,aarav.mukherjee235@yahoo.in,+91-7594757172,Verified,2020-08-10
CUST102064,Rohan,Iyer,Male,1982-08-12,43,Single,0,Diploma,Business Owner,Contractor,527400,Mumbai,Maharashtra,Owned,4,rohan.iyer718@outlook.com,+91-7664944026,Pending,2016-06-12
CUST102065,Ritu,Iyer,Female,1976-05-07,50,Divorced,1,Graduate,Salaried,Accountant,931800,Bengaluru,Karnataka,Family Owned,18,ritu.iyer461@gmail.com,+91-9794770545,Verified,2015-06-01
CUST102066,Sowmya,Iyer,Female,1986-09-22,39,Single,1,Graduate,Salaried,Nurse,466600,Delhi,Delhi,Rented,3,sowmya.iyer513@yahoo.in,+91-9274931168,Verified,2022-11-11
CUST102067,Aditya,Patel,Male,1992-04-03,34,Married,3,Diploma,Salaried,Bank Officer,616500,Delhi,Delhi,Owned,2,aditya.patel24@rediffmail.com,+91-9539853031,Verified,2016-06-22
CUST102068,Shreya,Khan,Female,2004-09-04,21,Married,0,Graduate,Salaried,Bank Officer,260200,Ahmedabad,Gujarat,Mortgaged,3,shreya.khan302@outlook.com,+91-7055069939,Verified,2022-11-13
CUST102069,Shreya,Rao,Female,1992-09-07,33,Married,0,Graduate,Salaried,Accountant,369700,Kolkata,West Bengal,Rented,4,shreya.rao714@gmail.com,+91-8245609968,Pending,2013-12-21
CUST102070,Anil,Mehta,Male,1983-08-24,42,Married,0,Post Graduate,Unemployed,Student,222600,Hyderabad,Telangana,Rented,8,anil.mehta262@gmail.com,+91-7516145035,Verified,2019-03-25
CUST102071,Swati,Deshpande,Female,1992-01-27,34,Single,1,Professional Degree,Salaried,Analyst,712600,Chennai,Tamil Nadu,Mortgaged,16,swati.deshpande978@outlook.com,+91-8687881861,Verified,2015-03-28
CUST102072,Sowmya,Gill,Female,1982-09-14,43,Married,0,Graduate,Salaried,Software Engineer,154700,Kochi,Kerala,Rented,18,sowmya.gill268@rediffmail.com,+91-8650339715,Verified,2019-04-03
CUST102073,Arjun,Sharma,Male,1981-06-26,45,Single,1,Professional Degree,Salaried,Nurse,677200,Chennai,Tamil Nadu,Rented,4,arjun.sharma731@gmail.com,+91-9818339160,Pending,2015-11-02
CUST102074,Deepika,Patel,Female,2004-10-26,21,Married,0,Post Graduate,Self-Employed,Lawyer,704600,Ahmedabad,Gujarat,Rented,0,deepika.patel315@gmail.com,+91-8736402967,Verified,2023-03-04
CUST102075,Rajesh,Joshi,Male,1985-01-13,41,Married,1,Post Graduate,Business Owner,Contractor,826200,Mumbai,Maharashtra,Mortgaged,22,rajesh.joshi321@gmail.com,+91-7646318169,Verified,2023-04-09
CUST102076,Manish,Mukherjee,Male,1964-12-04,61,Married,2,Graduate,Self-Employed,Architect,757600,Indore,Madhya Pradesh,Rented,0,manish.mukherjee653@yahoo.in,+91-9745119431,Verified,2016-09-11
CUST102077,Deepak,Gill,Male,1981-11-18,44,Single,2,Post Graduate,Retired,Retired Government Employee,1567400,Chennai,Tamil Nadu,Mortgaged,13,deepak.gill546@outlook.com,+91-8212108738,Verified,2019-08-31
CUST102078,Priya,Chopra,Female,1984-05-25,42,Widowed,0,Professional Degree,Self-Employed,Architect,387500,Chennai,Tamil Nadu,Owned,21,priya.chopra465@gmail.com,+91-7654127856,Pending,2020-02-10
CUST102079,Imran,Verma,Male,1971-11-30,54,Single,5,Graduate,Salaried,Nurse,217600,Kolkata,West Bengal,Rented,24,imran.verma419@yahoo.in,+91-7154867166,Verified,2024-06-23
CUST102080,Rajesh,Gill,Male,1991-01-06,35,Single,0,Diploma,Salaried,Teacher,1055700,Noida,Uttar Pradesh,Owned,3,rajesh.gill298@rediffmail.com,+91-8477089737,Verified,2017-06-25
CUST102081,Sandeep,Chowdhury,Male,1993-02-03,33,Married,0,Graduate,Self-Employed,Chartered Accountant,525400,Pune,Maharashtra,Family Owned,6,sandeep.chowdhury911@yahoo.in,+91-8421272072,Pending,2015-07-18
CUST102082,Kabir,Joshi,Male,1973-11-04,52,Married,1,Graduate,Business Owner,Trader,786900,Mumbai,Maharashtra,Owned,23,kabir.joshi482@rediffmail.com,+91-9086838153,Verified,2014-02-21
CUST102083,Priya,Gill,Female,1984-05-15,42,Widowed,2,Post Graduate,Salaried,HR Manager,767000,Bhopal,Madhya Pradesh,Owned,8,priya.gill909@rediffmail.com,+91-8987434841,Verified,2014-03-03
CUST102084,Nikhil,Sheikh,Male,1968-11-07,57,Single,4,Graduate,Salaried,Sales Executive,325400,Chennai,Tamil Nadu,Owned,7,nikhil.sheikh719@rediffmail.com,+91-9660215183,Verified,2023-05-15
CUST102085,Nikhil,Gill,Male,2005-04-23,21,Divorced,1,Graduate,Salaried,Teacher,222600,Mumbai,Maharashtra,Mortgaged,3,nikhil.gill456@yahoo.in,+91-8663951725,Pending,2023-11-03
CUST102086,Harsh,Malhotra,Male,1975-09-11,50,Widowed,0,Post Graduate,Business Owner,Restaurant Owner,920900,Bhopal,Madhya Pradesh,Owned,15,harsh.malhotra388@rediffmail.com,+91-7984588528,Verified,2014-09-04
CUST102087,Aarav,Ahmed,Male,1992-11-26,33,Widowed,1,High School,Salaried,Sales Executive,483300,Chandigarh,Chandigarh,Mortgaged,15,aarav.ahmed658@outlook.com,+91-8615536733,Verified,2016-09-10
CUST102088,Sneha,Kulkarni,Female,1984-11-15,41,Married,1,High School,Unemployed,Student,120000,Coimbatore,Tamil Nadu,Family Owned,3,sneha.kulkarni139@rediffmail.com,+91-8594806452,Verified,2018-06-17
CUST102089,Deepika,Sheikh,Female,2004-08-14,21,Single,1,Graduate,Self-Employed,Lawyer,171000,Mumbai,Maharashtra,Owned,3,deepika.sheikh697@rediffmail.com,+91-9175874694,Verified,2022-04-20
CUST102090,Sneha,Mukherjee,Female,1977-06-17,49,Married,1,Diploma,Retired,Retired Government Employee,186000,Coimbatore,Tamil Nadu,Rented,12,sneha.mukherjee372@yahoo.in,+91-7597467250,Verified,2024-05-29
CUST102091,Neha,Das,Female,1991-08-12,34,Single,0,Diploma,Salaried,HR Manager,726500,Lucknow,Uttar Pradesh,Rented,15,neha.das818@outlook.com,+91-9485425357,Verified,2022-08-13
CUST102092,Sandeep,Gupta,Male,1997-08-05,28,Married,0,Professional Degree,Unemployed,Not Employed,211100,Lucknow,Uttar Pradesh,Family Owned,3,sandeep.gupta918@gmail.com,+91-7037348664,Verified,2016-09-10
CUST102093,Sana,Das,Female,1975-02-12,51,Married,1,High School,Salaried,Sales Executive,552200,Jaipur,Rajasthan,Family Owned,15,sana.das665@outlook.com,+91-9779762488,Verified,2019-06-23
CUST102094,Diya,Verma,Female,1976-03-30,50,Divorced,1,Post Graduate,Business Owner,Contractor,642100,Gurugram,Haryana,Owned,8,diya.verma845@outlook.com,+91-9424519856,Verified,2021-10-14
CUST102095,Reyansh,Mehta,Male,1984-02-21,42,Single,3,High School,Salaried,Teacher,212900,Nagpur,Maharashtra,Mortgaged,5,reyansh.mehta313@yahoo.in,+91-7858438800,Verified,2023-03-31
CUST102096,Ritu,Bhat,Female,1978-03-30,48,Married,1,Professional Degree,Salaried,Nurse,437900,Indore,Madhya Pradesh,Mortgaged,19,ritu.bhat321@outlook.com,+91-8168624750,Verified,2013-09-22
CUST102097,Amit,Chopra,Male,1997-02-19,29,Married,0,Post Graduate,Self-Employed,Chartered Accountant,465600,Bengaluru,Karnataka,Owned,11,amit.chopra328@rediffmail.com,+91-7540762157,Verified,2020-02-21
CUST102098,Rajesh,Chowdhury,Male,1981-05-20,45,Single,1,Diploma,Self-Employed,Chartered Accountant,916700,Mumbai,Maharashtra,Rented,14,rajesh.chowdhury273@rediffmail.com,+91-9580444206,Verified,2023-06-07
CUST102099,Zara,Gupta,Female,1995-09-14,30,Single,1,Graduate,Business Owner,Manufacturer,532500,Ahmedabad,Gujarat,Rented,12,zara.gupta72@yahoo.in,+91-8712361415,Pending,2013-09-18
CUST102100,Anil,Ahmed,Male,1984-06-06,42,Married,0,Graduate,Salaried,Teacher,418400,Nagpur,Maharashtra,Family Owned,11,anil.ahmed890@outlook.com,+91-8538212487,Verified,2017-11-07
CUST102101,Zaid,Rao,Male,2005-04-18,21,Married,1,Post Graduate,Self-Employed,Consultant,1070000,Surat,Gujarat,Rented,3,zaid.rao764@gmail.com,+91-7299280143,Verified,2022-03-18
CUST102102,Ayesha,Gupta,Female,1979-06-02,47,Married,3,Post Graduate,Salaried,Analyst,1253400,Coimbatore,Tamil Nadu,Rented,11,ayesha.gupta543@yahoo.in,+91-8235771830,Verified,2019-09-05
CUST102103,Aarav,Ahmed,Male,2005-04-16,21,Single,3,Graduate,Salaried,Analyst,408800,Coimbatore,Tamil Nadu,Rented,3,aarav.ahmed4@gmail.com,+91-7323343966,Pending,2022-12-03
CUST102104,Aadhya,Sharma,Female,1990-10-25,35,Married,4,Graduate,Unemployed,Not Employed,120000,Pune,Maharashtra,Rented,17,aadhya.sharma413@outlook.com,+91-8933931430,Verified,2018-02-07
CUST102105,Dev,Kaur,Male,1981-04-29,45,Single,2,High School,Self-Employed,Doctor (Practice),516300,Lucknow,Uttar Pradesh,Owned,3,dev.kaur777@rediffmail.com,+91-9691964439,Verified,2017-10-13
CUST102106,Meera,Malhotra,Female,1983-08-27,42,Married,3,Professional Degree,Business Owner,Contractor,1238600,Bengaluru,Karnataka,Owned,17,meera.malhotra852@rediffmail.com,+91-7763945712,Verified,2018-12-07
CUST102107,Ananya,Malhotra,Female,1979-12-01,46,Married,1,Graduate,Salaried,Sales Executive,309700,Chandigarh,Chandigarh,Rented,4,ananya.malhotra136@yahoo.in,+91-7876810302,Verified,2020-05-27
CUST102108,Krishna,Menon,Male,1959-12-29,66,Married,1,Diploma,Self-Employed,Freelance Designer,686200,Bhopal,Madhya Pradesh,Rented,1,krishna.menon730@yahoo.in,+91-7736984719,Verified,2018-11-27
CUST102109,Divya,Das,Female,1996-02-11,30,Married,1,High School,Business Owner,Retail Store Owner,601000,Indore,Madhya Pradesh,Family Owned,5,divya.das559@yahoo.in,+91-9863512605,Verified,2022-12-01
CUST102110,Riya,Kapoor,Female,2000-08-18,25,Married,1,Diploma,Salaried,Teacher,505500,Mysuru,Karnataka,Rented,0,riya.kapoor107@rediffmail.com,+91-8754194644,Verified,2017-10-16
CUST102111,Siddharth,Shah,Male,1957-07-06,68,Single,2,Diploma,Self-Employed,Doctor (Practice),798900,Hyderabad,Telangana,Family Owned,7,siddharth.shah132@gmail.com,+91-7599908989,Verified,2016-09-29
CUST102112,Riya,Bhat,Female,1978-10-23,47,Single,2,Post Graduate,Salaried,Software Engineer,650600,Nagpur,Maharashtra,Rented,16,riya.bhat670@yahoo.in,+91-7789260580,Verified,2020-10-06
CUST102113,Zaid,Khan,Male,1990-11-01,35,Single,3,Diploma,Business Owner,Contractor,509200,Coimbatore,Tamil Nadu,Owned,4,zaid.khan777@gmail.com,+91-9635740881,Pending,2014-10-22
CUST102114,Tanvi,Khan,Female,2002-01-18,24,Married,2,Diploma,Salaried,Software Engineer,425100,Chennai,Tamil Nadu,Rented,0,tanvi.khan402@yahoo.in,+91-7225551374,Verified,2022-03-25
CUST102115,Tanvi,Reddy,Female,1992-11-29,33,Single,2,Graduate,Salaried,Nurse,397800,Bengaluru,Karnataka,Owned,9,tanvi.reddy892@outlook.com,+91-8948977745,Verified,2018-03-20
CUST102116,Suresh,Gupta,Male,2004-12-23,21,Single,1,High School,Salaried,Sales Executive,662100,Nagpur,Maharashtra,Rented,3,suresh.gupta226@gmail.com,+91-9289885281,Verified,2023-01-06
CUST102117,Harsh,Menon,Male,1991-04-15,35,Married,2,Post Graduate,Salaried,Teacher,696800,Bhopal,Madhya Pradesh,Mortgaged,7,harsh.menon980@gmail.com,+91-9776211458,Verified,2018-11-27
CUST102118,Fatima,Verma,Female,1985-03-18,41,Married,2,Post Graduate,Salaried,Sales Executive,505200,Kochi,Kerala,Mortgaged,5,fatima.verma543@gmail.com,+91-9194543059,Verified,2014-06-14
CUST102119,Yash,Ahmed,Male,1987-12-11,38,Married,2,Graduate,Salaried,Nurse,993700,Lucknow,Uttar Pradesh,Rented,0,yash.ahmed555@yahoo.in,+91-9714760105,Pending,2023-03-21
CUST102120,Dev,Deshpande,Male,1989-01-31,37,Married,2,Graduate,Self-Employed,Lawyer,550400,Pune,Maharashtra,Owned,15,dev.deshpande563@yahoo.in,+91-9471007011,Verified,2013-09-19
CUST102121,Ananya,Rao,Female,2000-03-17,26,Married,3,Post Graduate,Retired,Retired Private Sector,360900,Jaipur,Rajasthan,Mortgaged,8,ananya.rao50@rediffmail.com,+91-8893753122,Verified,2017-04-21
CUST102122,Suresh,Patel,Male,1992-01-30,34,Married,4,Post Graduate,Salaried,Bank Officer,949400,Mysuru,Karnataka,Family Owned,4,suresh.patel860@rediffmail.com,+91-8861217942,Verified,2022-05-01
CUST102123,Diya,Bose,Female,1974-08-31,51,Single,3,Diploma,Salaried,Accountant,229700,Hyderabad,Telangana,Family Owned,7,diya.bose648@yahoo.in,+91-8921906446,Verified,2018-07-14
CUST102124,Dev,Chowdhury,Male,1982-09-10,43,Single,0,Graduate,Salaried,Bank Officer,806200,Gurugram,Haryana,Family Owned,13,dev.chowdhury909@gmail.com,+91-8551821515,Verified,2020-02-11
CUST102125,Vikram,Sharma,Male,1989-02-01,37,Single,1,Graduate,Self-Employed,Consultant,354100,Hyderabad,Telangana,Rented,1,vikram.sharma749@outlook.com,+91-9599839344,Verified,2014-01-04
CUST102126,Riya,Nair,Female,1997-09-23,28,Single,4,Diploma,Salaried,Teacher,360600,Nagpur,Maharashtra,Owned,2,riya.nair121@yahoo.in,+91-7847743615,Verified,2015-08-06
CUST102127,Farhan,Patel,Male,1991-11-17,34,Single,2,Post Graduate,Business Owner,Contractor,501100,Delhi,Delhi,Owned,8,farhan.patel471@gmail.com,+91-9575564920,Verified,2023-12-02
CUST102128,Anil,Mukherjee,Male,1975-09-10,50,Single,4,Graduate,Retired,Pensioner,600100,Nagpur,Maharashtra,Rented,19,anil.mukherjee515@rediffmail.com,+91-9720518029,Verified,2022-02-14
CUST102129,Sandeep,Malhotra,Male,1983-05-17,43,Single,4,Post Graduate,Self-Employed,Doctor (Practice),562700,Coimbatore,Tamil Nadu,Owned,9,sandeep.malhotra848@gmail.com,+91-8337489410,Pending,2020-07-08
CUST102130,Yash,Patel,Male,1977-06-19,49,Married,1,Professional Degree,Business Owner,Contractor,673300,Coimbatore,Tamil Nadu,Rented,9,yash.patel873@rediffmail.com,+91-8330342846,Pending,2020-08-13
CUST102131,Amit,Joshi,Male,1990-07-02,36,Married,3,Diploma,Salaried,Bank Officer,338800,Bengaluru,Karnataka,Rented,5,amit.joshi316@gmail.com,+91-9446340750,Verified,2016-11-25
CUST102132,Anjali,Joshi,Female,1993-12-11,32,Single,5,Post Graduate,Business Owner,Retail Store Owner,955400,Mumbai,Maharashtra,Owned,12,anjali.joshi341@rediffmail.com,+91-8171395735,Verified,2019-07-09
CUST102133,Tanvi,Mukherjee,Female,2004-08-15,21,Married,1,Graduate,Business Owner,Manufacturer,306800,Surat,Gujarat,Owned,3,tanvi.mukherjee646@yahoo.in,+91-9045228915,Pending,2022-09-18
CUST102134,Ayaan,Kaur,Male,1981-12-02,44,Single,0,Graduate,Self-Employed,Architect,707100,Bengaluru,Karnataka,Rented,4,ayaan.kaur634@rediffmail.com,+91-8082100497,Verified,2015-03-01
CUST102135,Arjun,Ahmed,Male,1994-01-24,32,Married,2,Graduate,Self-Employed,Freelance Designer,523000,Mumbai,Maharashtra,Rented,11,arjun.ahmed758@yahoo.in,+91-7027455846,Verified,2024-02-22
CUST102136,Karthik,Bose,Male,1966-01-08,60,Married,1,Post Graduate,Salaried,Accountant,1761300,Hyderabad,Telangana,Owned,0,karthik.bose427@rediffmail.com,+91-7720269356,Verified,2016-01-24
CUST102137,Sandeep,Reddy,Male,1982-07-27,43,Single,2,Professional Degree,Salaried,Sales Executive,559900,Surat,Gujarat,Family Owned,2,sandeep.reddy518@rediffmail.com,+91-8883582869,Verified,2019-04-16
CUST102138,Imran,Deshpande,Male,1999-01-04,27,Widowed,3,Graduate,Salaried,Accountant,624000,Gurugram,Haryana,Rented,9,imran.deshpande897@rediffmail.com,+91-7278360401,Verified,2021-01-26
CUST102139,Ayesha,Banerjee,Female,1983-05-27,43,Single,1,Graduate,Self-Employed,Doctor (Practice),500200,Kolkata,West Bengal,Owned,0,ayesha.banerjee509@gmail.com,+91-9426045644,Pending,2016-08-09
CUST102140,Zaid,Shah,Male,1982-12-31,43,Married,4,Graduate,Business Owner,Manufacturer,1128800,Bengaluru,Karnataka,Rented,20,zaid.shah710@outlook.com,+91-9770658288,Verified,2016-11-03
CUST102141,Yash,Joshi,Male,1987-03-29,39,Married,2,Graduate,Self-Employed,Freelance Designer,305600,Pune,Maharashtra,Owned,2,yash.joshi754@outlook.com,+91-8199394139,Verified,2023-08-21
CUST102142,Kritika,Chopra,Female,1998-02-23,28,Married,0,High School,Salaried,Sales Executive,152400,Surat,Gujarat,Owned,10,kritika.chopra583@yahoo.in,+91-9451787673,Verified,2018-01-25
CUST102143,Vihaan,Rao,Male,1995-07-13,30,Single,4,Professional Degree,Salaried,Analyst,646900,Ahmedabad,Gujarat,Rented,7,vihaan.rao892@outlook.com,+91-7838032935,Verified,2015-02-05
CUST102144,Karthik,Kapoor,Male,1975-07-20,50,Married,2,High School,Salaried,Bank Officer,446900,Kochi,Kerala,Owned,16,karthik.kapoor819@yahoo.in,+91-7135671374,Verified,2020-09-17
CUST102145,Pooja,Deshpande,Female,1991-12-18,34,Married,3,Diploma,Unemployed,Student,128500,Noida,Uttar Pradesh,Owned,15,pooja.deshpande965@gmail.com,+91-8640271690,Verified,2023-02-20
CUST102146,Suresh,Banerjee,Male,1979-03-30,47,Single,1,High School,Salaried,Analyst,765900,Surat,Gujarat,Mortgaged,17,suresh.banerjee676@outlook.com,+91-8373688121,Verified,2014-01-16
CUST102147,Yash,Deshpande,Male,2003-11-15,22,Married,1,Graduate,Salaried,Bank Officer,331900,Coimbatore,Tamil Nadu,Rented,4,yash.deshpande987@outlook.com,+91-7684658774,Verified,2021-04-04
CUST102148,Dev,Kaur,Male,1980-03-16,46,Single,0,Graduate,Unemployed,Not Employed,120000,Indore,Madhya Pradesh,Owned,24,dev.kaur390@gmail.com,+91-8475511949,Pending,2023-07-26
CUST102149,Suresh,Sheikh,Male,1995-05-31,31,Married,1,Graduate,Salaried,Nurse,2243000,Surat,Gujarat,Rented,13,suresh.sheikh681@outlook.com,+91-9722437163,Verified,2024-06-27
CUST102150,Rahul,Kapoor,Male,1975-08-17,50,Married,2,Graduate,Salaried,HR Manager,926300,Lucknow,Uttar Pradesh,Owned,10,rahul.kapoor125@outlook.com,+91-7190987334,Verified,2018-01-24
CUST102151,Shreya,Khan,Female,1990-11-26,35,Married,1,Graduate,Salaried,Nurse,467700,Mumbai,Maharashtra,Owned,17,shreya.khan765@rediffmail.com,+91-7883286687,Verified,2016-05-02
CUST102152,Aarav,Mukherjee,Male,2004-11-06,21,Married,1,Graduate,Self-Employed,Freelance Designer,543100,Chandigarh,Chandigarh,Mortgaged,3,aarav.mukherjee245@outlook.com,+91-8954157847,Verified,2024-04-02
CUST102153,Anjali,Chowdhury,Female,2002-06-20,24,Widowed,1,Diploma,Self-Employed,Consultant,120000,Kolkata,West Bengal,Rented,5,anjali.chowdhury874@outlook.com,+91-7054903639,Verified,2019-03-29
CUST102154,Lakshmi,Nair,Female,1970-05-13,56,Married,1,Graduate,Salaried,HR Manager,1166900,Kolkata,West Bengal,Owned,1,lakshmi.nair553@yahoo.in,+91-7150194412,Verified,2020-02-19
CUST102155,Krishna,Sheikh,Male,1997-05-03,29,Single,3,Diploma,Salaried,Accountant,608700,Kochi,Kerala,Owned,1,krishna.sheikh188@rediffmail.com,+91-9044023923,Pending,2018-05-09
CUST102156,Aarav,Gill,Male,1960-06-26,66,Married,1,Post Graduate,Salaried,Analyst,502300,Jaipur,Rajasthan,Owned,19,aarav.gill14@rediffmail.com,+91-8556374723,Verified,2019-03-10
CUST102157,Siddharth,Gill,Male,1996-03-01,30,Married,1,Post Graduate,Salaried,Nurse,548200,Surat,Gujarat,Mortgaged,12,siddharth.gill463@yahoo.in,+91-7520497365,Verified,2016-06-14
CUST102158,Tanvi,Singh,Female,1983-08-11,42,Single,1,Professional Degree,Salaried,Teacher,1209400,Delhi,Delhi,Owned,20,tanvi.singh856@outlook.com,+91-8178015436,Verified,2014-08-29
CUST102159,Sandeep,Bhat,Male,1993-11-18,32,Married,0,Post Graduate,Salaried,Accountant,391400,Mysuru,Karnataka,Family Owned,14,sandeep.bhat801@rediffmail.com,+91-9131008386,Verified,2019-05-23
CUST102160,Rajesh,Kapoor,Male,1991-01-02,35,Married,2,Diploma,Self-Employed,Chartered Accountant,428900,Jaipur,Rajasthan,Owned,12,rajesh.kapoor335@outlook.com,+91-7991893183,Verified,2021-02-23
CUST102161,Kabir,Shah,Male,2004-07-24,21,Married,2,Graduate,Salaried,Analyst,416100,Bengaluru,Karnataka,Owned,3,kabir.shah62@gmail.com,+91-9075052181,Verified,2021-08-11
CUST102162,Suresh,Joshi,Male,2001-12-15,24,Single,0,Graduate,Salaried,Analyst,462300,Coimbatore,Tamil Nadu,Rented,6,suresh.joshi343@gmail.com,+91-7257994615,Pending,2020-05-13
CUST102163,Anjali,Shah,Female,1979-07-14,46,Single,1,Professional Degree,Self-Employed,Freelance Designer,748800,Mysuru,Karnataka,Owned,8,anjali.shah583@outlook.com,+91-8822605951,Verified,2014-07-18
CUST102164,Fatima,Chowdhury,Female,1992-09-19,33,Married,0,Post Graduate,Salaried,Accountant,1848100,Lucknow,Uttar Pradesh,Family Owned,0,fatima.chowdhury707@outlook.com,+91-7671743130,Verified,2017-02-25
CUST102165,Swati,Naidu,Female,1979-07-03,47,Single,1,High School,Salaried,Teacher,298200,Chennai,Tamil Nadu,Rented,6,swati.naidu261@yahoo.in,+91-7217099990,Pending,2023-06-02
CUST102166,Tanvi,Reddy,Female,1990-05-26,36,Single,1,Professional Degree,Unemployed,Not Employed,120000,Chennai,Tamil Nadu,Mortgaged,15,tanvi.reddy535@outlook.com,+91-9481403762,Pending,2020-12-25
CUST102167,Ritu,Gill,Female,1979-06-22,47,Married,1,Graduate,Self-Employed,Lawyer,605200,Pune,Maharashtra,Rented,11,ritu.gill354@outlook.com,+91-9728531557,Verified,2019-08-03
CUST102168,Pooja,Banerjee,Female,1987-06-08,39,Married,2,Graduate,Retired,Retired Private Sector,210400,Coimbatore,Tamil Nadu,Mortgaged,9,pooja.banerjee652@yahoo.in,+91-8145357666,Verified,2015-12-17
CUST102169,Zaid,Gill,Male,1973-04-21,53,Married,0,Post Graduate,Salaried,Software Engineer,381500,Chandigarh,Chandigarh,Rented,0,zaid.gill349@yahoo.in,+91-9223094627,Verified,2015-11-11
CUST102170,Rahul,Gill,Male,1982-08-23,43,Married,2,Post Graduate,Salaried,Sales Executive,872600,Surat,Gujarat,Rented,15,rahul.gill552@gmail.com,+91-7452993587,Verified,2019-04-01
CUST102171,Swati,Joshi,Female,1984-12-06,41,Single,2,Graduate,Unemployed,Not Employed,134000,Lucknow,Uttar Pradesh,Owned,18,swati.joshi778@rediffmail.com,+91-9074315310,Verified,2014-05-09
CUST102172,Dev,Deshpande,Male,1971-07-23,54,Married,1,Graduate,Salaried,HR Manager,378800,Indore,Madhya Pradesh,Mortgaged,1,dev.deshpande986@rediffmail.com,+91-8557285092,Pending,2014-07-19
CUST102173,Anil,Banerjee,Male,1967-08-11,58,Single,0,Graduate,Unemployed,Not Employed,181500,Delhi,Delhi,Family Owned,13,anil.banerjee112@rediffmail.com,+91-7140901687,Verified,2021-02-22
CUST102174,Pranav,Joshi,Male,1994-05-02,32,Married,2,Diploma,Salaried,Nurse,246200,Bhopal,Madhya Pradesh,Rented,4,pranav.joshi531@yahoo.in,+91-8232453281,Verified,2014-11-28
CUST102175,Kavya,Das,Female,1993-03-17,33,Divorced,2,Graduate,Unemployed,Student,120000,Chennai,Tamil Nadu,Owned,7,kavya.das505@yahoo.in,+91-8429677687,Verified,2023-12-04
CUST102176,Ritu,Kapoor,Female,1983-11-22,42,Single,0,Graduate,Unemployed,Homemaker,120000,Surat,Gujarat,Owned,2,ritu.kapoor404@outlook.com,+91-7743654283,Verified,2023-09-18
CUST102177,Siddharth,Gupta,Male,1988-04-27,38,Married,1,Post Graduate,Salaried,Teacher,1274200,Kochi,Kerala,Owned,13,siddharth.gupta612@gmail.com,+91-9120906483,Verified,2021-02-11
CUST102178,Vihaan,Patel,Male,1980-09-13,45,Married,1,High School,Self-Employed,Consultant,344400,Chennai,Tamil Nadu,Rented,21,vihaan.patel30@rediffmail.com,+91-9125128319,Verified,2015-02-28
CUST102179,Karthik,Ahmed,Male,2005-06-13,21,Married,1,Post Graduate,Retired,Retired Private Sector,120000,Kochi,Kerala,Family Owned,1,karthik.ahmed642@gmail.com,+91-9023576460,Verified,2022-02-19
CUST102180,Rohan,Banerjee,Male,1989-12-08,36,Married,0,Post Graduate,Unemployed,Student,124700,Coimbatore,Tamil Nadu,Owned,18,rohan.banerjee320@rediffmail.com,+91-7498982560,Verified,2017-08-14
CUST102181,Farhan,Bose,Male,2002-01-01,24,Married,1,Diploma,Salaried,Sales Executive,141100,Chandigarh,Chandigarh,Rented,6,farhan.bose936@rediffmail.com,+91-9893299839,Verified,2021-02-17
CUST102182,Harsh,Rao,Male,1985-05-30,41,Single,0,Post Graduate,Salaried,Analyst,257600,Surat,Gujarat,Owned,18,harsh.rao621@rediffmail.com,+91-8958786860,Verified,2018-11-19
CUST102183,Amit,Bose,Male,1976-12-10,49,Single,0,Diploma,Salaried,Bank Officer,562300,Hyderabad,Telangana,Rented,2,amit.bose958@rediffmail.com,+91-8122357018,Verified,2017-12-05
CUST102184,Krishna,Naidu,Male,1988-12-05,37,Married,1,Graduate,Salaried,HR Manager,384300,Ahmedabad,Gujarat,Owned,19,krishna.naidu597@yahoo.in,+91-8613797975,Pending,2014-05-17
CUST102185,Tanvi,Kulkarni,Female,1981-06-22,45,Divorced,1,Post Graduate,Retired,Retired Government Employee,179700,Delhi,Delhi,Rented,13,tanvi.kulkarni81@rediffmail.com,+91-7260168213,Pending,2017-03-18
CUST102186,Shreya,Rao,Female,1977-08-26,48,Married,2,Graduate,Salaried,Analyst,424800,Surat,Gujarat,Mortgaged,1,shreya.rao213@yahoo.in,+91-9862802222,Verified,2014-12-12
CUST102187,Ayaan,Gill,Male,2000-03-06,26,Married,4,Post Graduate,Salaried,Accountant,517800,Indore,Madhya Pradesh,Owned,8,ayaan.gill363@rediffmail.com,+91-8913741582,Pending,2021-01-22
CUST102188,Aarohi,Verma,Female,1991-08-29,34,Married,1,Graduate,Salaried,Accountant,414100,Nagpur,Maharashtra,Rented,16,aarohi.verma857@outlook.com,+91-8685058187,Pending,2014-09-13
CUST102189,Saanvi,Das,Female,1988-12-13,37,Single,2,Post Graduate,Salaried,Sales Executive,469400,Lucknow,Uttar Pradesh,Owned,16,saanvi.das204@gmail.com,+91-8511688082,Pending,2020-06-08
CUST102190,Rajesh,Naidu,Male,1989-07-21,36,Single,0,Diploma,Self-Employed,Lawyer,260700,Kochi,Kerala,Owned,12,rajesh.naidu109@yahoo.in,+91-9154987263,Verified,2016-11-15
CUST102191,Zaid,Sheikh,Male,1997-10-24,28,Divorced,1,Post Graduate,Business Owner,Trader,824200,Kolkata,West Bengal,Family Owned,10,zaid.sheikh374@outlook.com,+91-9210564395,Verified,2022-01-03
CUST102192,Swati,Patel,Female,2000-02-09,26,Married,2,Graduate,Self-Employed,Chartered Accountant,2110900,Coimbatore,Tamil Nadu,Mortgaged,8,swati.patel329@yahoo.in,+91-8585512967,Verified,2020-08-26
CUST102193,Kabir,Deshpande,Male,1982-02-03,44,Single,2,Post Graduate,Self-Employed,Lawyer,690200,Surat,Gujarat,Mortgaged,20,kabir.deshpande75@yahoo.in,+91-8610017644,Verified,2015-09-03
CUST102194,Dev,Kaur,Male,1991-03-29,35,Single,0,Graduate,Salaried,Nurse,261400,Indore,Madhya Pradesh,Rented,14,dev.kaur210@rediffmail.com,+91-7195013103,Pending,2020-04-06
CUST102195,Ishaan,Sharma,Male,1990-09-08,35,Single,3,High School,Business Owner,Restaurant Owner,338600,Mysuru,Karnataka,Rented,9,ishaan.sharma72@rediffmail.com,+91-9125755156,Verified,2021-02-11
CUST102196,Meera,Ahmed,Female,1980-11-24,45,Divorced,3,Professional Degree,Salaried,Teacher,1114000,Ahmedabad,Gujarat,Mortgaged,17,meera.ahmed347@outlook.com,+91-9277454191,Pending,2021-12-16
CUST102197,Reyansh,Malhotra,Male,1986-05-30,40,Single,2,Professional Degree,Salaried,Sales Executive,518200,Hyderabad,Telangana,Owned,1,reyansh.malhotra126@yahoo.in,+91-9817026072,Verified,2021-04-26
CUST102198,Pooja,Bhat,Female,1988-04-03,38,Married,0,Graduate,Business Owner,Contractor,995600,Coimbatore,Tamil Nadu,Owned,8,pooja.bhat490@outlook.com,+91-8086146883,Verified,2023-11-11
CUST102199,Tanvi,Das,Female,1993-01-13,33,Married,0,Post Graduate,Salaried,Sales Executive,215000,Mumbai,Maharashtra,Family Owned,7,tanvi.das587@rediffmail.com,+91-8945929755,Verified,2022-01-22
CUST102200,Ishaan,Kapoor,Male,1982-07-14,43,Single,1,Diploma,Salaried,Teacher,496900,Lucknow,Uttar Pradesh,Owned,9,ishaan.kapoor29@outlook.com,+91-8277409419,Pending,2018-05-20
CUST102201,Ritu,Patel,Female,1984-05-08,42,Married,1,Graduate,Unemployed,Student,120000,Surat,Gujarat,Rented,17,ritu.patel277@outlook.com,+91-9838091435,Verified,2022-08-01
CUST102202,Reyansh,Kapoor,Male,2001-07-26,24,Single,0,Graduate,Salaried,Software Engineer,381800,Delhi,Delhi,Rented,6,reyansh.kapoor81@yahoo.in,+91-8593776851,Pending,2022-11-25
CUST102203,Vihaan,Chopra,Male,1999-07-11,26,Divorced,2,Graduate,Unemployed,Homemaker,120000,Kochi,Kerala,Rented,6,vihaan.chopra775@yahoo.in,+91-8880725607,Verified,2018-11-22
CUST102204,Fatima,Bose,Female,1987-10-24,38,Single,0,Diploma,Business Owner,Contractor,913800,Jaipur,Rajasthan,Rented,17,fatima.bose431@yahoo.in,+91-7349822261,Pending,2013-09-11
CUST102205,Vihaan,Verma,Male,2004-11-23,21,Married,1,Diploma,Salaried,Sales Executive,215400,Ahmedabad,Gujarat,Mortgaged,3,vihaan.verma802@rediffmail.com,+91-8458917378,Verified,2021-07-30
CUST102206,Isha,Kapoor,Female,1979-02-23,47,Married,1,Graduate,Salaried,Bank Officer,381200,Noida,Uttar Pradesh,Rented,5,isha.kapoor368@outlook.com,+91-7191957618,Verified,2020-08-04
CUST102207,Zara,Chowdhury,Female,1981-05-07,45,Single,0,Diploma,Salaried,HR Manager,432700,Surat,Gujarat,Family Owned,7,zara.chowdhury675@rediffmail.com,+91-9698915267,Verified,2021-01-21
CUST102208,Suresh,Banerjee,Male,1986-01-07,40,Widowed,1,Diploma,Salaried,Software Engineer,382400,Bengaluru,Karnataka,Rented,16,suresh.banerjee662@gmail.com,+91-9413126388,Verified,2016-11-21
CUST102209,Tanvi,Sheikh,Female,1992-06-17,34,Married,0,Graduate,Salaried,Software Engineer,502300,Mumbai,Maharashtra,Family Owned,11,tanvi.sheikh585@outlook.com,+91-7311918798,Verified,2014-01-09
CUST102210,Shreya,Kapoor,Female,2004-08-27,21,Married,1,Post Graduate,Self-Employed,Freelance Designer,578900,Bhopal,Madhya Pradesh,Rented,3,shreya.kapoor897@gmail.com,+91-8326083236,Verified,2022-03-27
CUST102211,Fatima,Mukherjee,Female,1999-04-13,27,Single,2,Diploma,Unemployed,Homemaker,133800,Kolkata,West Bengal,Rented,9,fatima.mukherjee280@rediffmail.com,+91-9362161840,Verified,2021-04-16
CUST102212,Kavya,Reddy,Female,1984-10-10,41,Single,0,Graduate,Retired,Retired Government Employee,239200,Jaipur,Rajasthan,Owned,0,kavya.reddy545@yahoo.in,+91-7246364483,Verified,2014-07-04
CUST102213,Reyansh,Gill,Male,1986-01-07,40,Married,0,Diploma,Business Owner,Restaurant Owner,882900,Jaipur,Rajasthan,Rented,22,reyansh.gill299@gmail.com,+91-8072404147,Verified,2017-09-13
CUST102214,Nikhil,Khan,Male,1988-11-05,37,Single,5,Graduate,Self-Employed,Doctor (Practice),733500,Coimbatore,Tamil Nadu,Mortgaged,0,nikhil.khan16@gmail.com,+91-8855179354,Verified,2014-06-03
CUST102215,Pranav,Menon,Male,1993-12-08,32,Single,4,Post Graduate,Business Owner,Manufacturer,921400,Chandigarh,Chandigarh,Owned,0,pranav.menon895@rediffmail.com,+91-8187138884,Verified,2024-05-15
CUST102216,Arjun,Das,Male,1966-09-09,59,Single,3,Graduate,Salaried,Teacher,333200,Nagpur,Maharashtra,Rented,21,arjun.das278@gmail.com,+91-9725798403,Verified,2018-10-29
CUST102217,Lakshmi,Bose,Female,2001-05-02,25,Married,1,Diploma,Salaried,Teacher,485800,Surat,Gujarat,Family Owned,0,lakshmi.bose714@gmail.com,+91-8560729159,Verified,2021-04-05
CUST102218,Amit,Sheikh,Male,1985-07-28,40,Single,2,Professional Degree,Self-Employed,Architect,1570400,Coimbatore,Tamil Nadu,Family Owned,0,amit.sheikh987@rediffmail.com,+91-8693560869,Verified,2023-09-17
CUST102219,Rajesh,Chowdhury,Male,2004-09-28,21,Single,1,Professional Degree,Retired,Retired Government Employee,378500,Delhi,Delhi,Family Owned,3,rajesh.chowdhury620@gmail.com,+91-8794832556,Pending,2022-09-05
CUST102220,Aditya,Chowdhury,Male,2005-04-28,21,Married,0,Graduate,Self-Employed,Lawyer,503400,Kochi,Kerala,Owned,3,aditya.chowdhury379@gmail.com,+91-9869614432,Verified,2023-07-21
CUST102221,Ayaan,Mehta,Male,1977-03-28,49,Married,0,Graduate,Salaried,Sales Executive,325500,Surat,Gujarat,Rented,15,ayaan.mehta318@gmail.com,+91-7884870032,Verified,2023-07-16
CUST102222,Swati,Gupta,Female,2002-09-26,23,Single,0,Diploma,Unemployed,Student,120000,Indore,Madhya Pradesh,Rented,5,swati.gupta641@gmail.com,+91-8133162886,Verified,2021-04-11
CUST102223,Swati,Singh,Female,1999-03-01,27,Married,1,Diploma,Salaried,Nurse,335500,Ahmedabad,Gujarat,Rented,1,swati.singh229@yahoo.in,+91-7397016536,Pending,2020-10-02
CUST102224,Sana,Gupta,Female,1994-12-27,31,Single,0,Post Graduate,Salaried,Teacher,551400,Noida,Uttar Pradesh,Owned,11,sana.gupta630@yahoo.in,+91-7290914517,Verified,2017-10-30
CUST102225,Deepak,Sharma,Male,1991-12-28,34,Married,1,Diploma,Salaried,Nurse,294100,Gurugram,Haryana,Owned,7,deepak.sharma517@yahoo.in,+91-9395475595,Pending,2017-06-16
CUST102226,Vihaan,Banerjee,Male,1991-12-10,34,Married,3,Graduate,Salaried,Analyst,248000,Mumbai,Maharashtra,Rented,0,vihaan.banerjee192@gmail.com,+91-8844107787,Verified,2023-12-30
CUST102227,Meera,Das,Female,1993-02-14,33,Single,1,Post Graduate,Salaried,Software Engineer,1133300,Delhi,Delhi,Mortgaged,12,meera.das351@outlook.com,+91-7618891799,Verified,2022-06-13
CUST102228,Vivaan,Banerjee,Male,1973-09-20,52,Single,3,Diploma,Salaried,Bank Officer,171100,Bhopal,Madhya Pradesh,Rented,19,vivaan.banerjee180@gmail.com,+91-9838317374,Verified,2014-11-27
CUST102229,Suresh,Mehta,Male,1993-11-03,32,Single,3,Diploma,Business Owner,Trader,534600,Surat,Gujarat,Rented,4,suresh.mehta414@yahoo.in,+91-7688342584,Verified,2016-08-25
CUST102230,Priya,Menon,Female,1973-02-27,53,Single,0,Post Graduate,Unemployed,Student,282700,Indore,Madhya Pradesh,Rented,17,priya.menon969@yahoo.in,+91-9691736339,Pending,2013-07-01
CUST102231,Ishaan,Shah,Male,1988-01-27,38,Married,5,Professional Degree,Salaried,HR Manager,952900,Chennai,Tamil Nadu,Rented,18,ishaan.shah816@yahoo.in,+91-9780637848,Pending,2015-06-11
CUST102232,Kavya,Chowdhury,Female,1996-09-25,29,Single,0,Graduate,Self-Employed,Architect,1825300,Lucknow,Uttar Pradesh,Rented,11,kavya.chowdhury534@rediffmail.com,+91-7872096841,Verified,2013-10-16
CUST102233,Deepika,Shah,Female,1991-03-31,35,Single,2,High School,Self-Employed,Consultant,130000,Lucknow,Uttar Pradesh,Family Owned,7,deepika.shah652@outlook.com,+91-8788487270,Verified,2014-12-14
CUST102234,Meera,Naidu,Female,1996-06-16,30,Single,0,Graduate,Salaried,Sales Executive,265200,Lucknow,Uttar Pradesh,Owned,12,meera.naidu506@yahoo.in,+91-8679815868,Pending,2020-11-12
CUST102235,Aditya,Bose,Male,1976-08-13,49,Single,2,Professional Degree,Salaried,Bank Officer,736000,Kolkata,West Bengal,Rented,2,aditya.bose398@gmail.com,+91-9894652353,Verified,2023-10-06
CUST102236,Sana,Khan,Female,1984-10-10,41,Single,2,Professional Degree,Self-Employed,Consultant,476600,Noida,Uttar Pradesh,Family Owned,7,sana.khan296@rediffmail.com,+91-8337510677,Verified,2018-06-18
CUST102237,Imran,Bose,Male,1993-02-10,33,Married,2,Professional Degree,Salaried,HR Manager,1908500,Gurugram,Haryana,Rented,15,imran.bose390@outlook.com,+91-7076085952,Verified,2015-01-18
CUST102238,Rahul,Malhotra,Male,1980-10-20,45,Married,0,Post Graduate,Business Owner,Manufacturer,497100,Kolkata,West Bengal,Owned,24,rahul.malhotra316@gmail.com,+91-8763287079,Pending,2017-07-19
CUST102239,Suresh,Shah,Male,1985-01-13,41,Widowed,0,Professional Degree,Salaried,HR Manager,1153000,Pune,Maharashtra,Mortgaged,14,suresh.shah165@outlook.com,+91-9127507841,Verified,2023-09-17
CUST102240,Neha,Malhotra,Female,1981-04-25,45,Married,3,Diploma,Salaried,Analyst,270700,Jaipur,Rajasthan,Family Owned,10,neha.malhotra70@yahoo.in,+91-8967033412,Verified,2021-05-04
CUST102241,Diya,Shah,Female,1978-07-23,47,Single,0,Post Graduate,Self-Employed,Freelance Designer,603900,Chandigarh,Chandigarh,Owned,3,diya.shah943@gmail.com,+91-8299362898,Pending,2014-09-09
CUST102242,Isha,Ahmed,Female,1980-11-24,45,Single,2,Graduate,Self-Employed,Architect,236400,Kochi,Kerala,Owned,5,isha.ahmed8@rediffmail.com,+91-9792889074,Verified,2017-07-20
CUST102243,Divya,Malhotra,Female,1982-04-07,44,Single,1,Graduate,Self-Employed,Lawyer,637600,Mysuru,Karnataka,Family Owned,11,divya.malhotra427@gmail.com,+91-8571371228,Verified,2018-03-29
CUST102244,Reyansh,Banerjee,Male,1994-09-10,31,Married,1,Graduate,Salaried,Nurse,203300,Kochi,Kerala,Rented,13,reyansh.banerjee343@rediffmail.com,+91-9694573874,Pending,2021-04-09
CUST102245,Shreya,Mehta,Female,1996-05-15,30,Married,1,Graduate,Self-Employed,Lawyer,948400,Bengaluru,Karnataka,Mortgaged,12,shreya.mehta833@outlook.com,+91-7426700406,Verified,2018-07-17
CUST102246,Zara,Kulkarni,Female,1984-10-05,41,Married,2,Post Graduate,Retired,Retired Private Sector,406000,Lucknow,Uttar Pradesh,Rented,5,zara.kulkarni477@rediffmail.com,+91-8082201954,Verified,2018-12-08
CUST102247,Diya,Kaur,Female,1991-01-12,35,Married,0,Graduate,Salaried,Sales Executive,937100,Nagpur,Maharashtra,Family Owned,12,diya.kaur167@outlook.com,+91-8441172116,Verified,2018-05-31
CUST102248,Nikhil,Shah,Male,1967-05-20,59,Single,1,Post Graduate,Unemployed,Homemaker,120000,Chennai,Tamil Nadu,Rented,16,nikhil.shah624@outlook.com,+91-8130331359,Verified,2016-04-07
CUST102249,Kavya,Patel,Female,1995-12-23,30,Single,1,Graduate,Self-Employed,Architect,174800,Nagpur,Maharashtra,Owned,9,kavya.patel584@outlook.com,+91-8629849533,Verified,2019-02-22
CUST102250,Nikhil,Sheikh,Male,2000-06-19,26,Married,0,Diploma,Self-Employed,Architect,285800,Mumbai,Maharashtra,Mortgaged,8,nikhil.sheikh836@outlook.com,+91-7134959283,Verified,2018-08-10
CUST102251,Ayaan,Gill,Male,1971-06-21,55,Married,2,Graduate,Salaried,Nurse,309900,Coimbatore,Tamil Nadu,Owned,2,ayaan.gill781@yahoo.in,+91-9469357066,Verified,2020-03-03
CUST102252,Kabir,Mehta,Male,2005-02-24,21,Widowed,0,Graduate,Self-Employed,Architect,274700,Lucknow,Uttar Pradesh,Mortgaged,3,kabir.mehta910@yahoo.in,+91-7499042761,Verified,2022-07-07
CUST102253,Deepika,Kulkarni,Female,1985-08-10,40,Single,0,High School,Retired,Pensioner,416700,Pune,Maharashtra,Rented,4,deepika.kulkarni357@yahoo.in,+91-7466530125,Verified,2021-09-06
CUST102254,Vikram,Kapoor,Male,1975-02-16,51,Married,0,Graduate,Unemployed,Homemaker,376200,Kochi,Kerala,Family Owned,11,vikram.kapoor589@yahoo.in,+91-9060691233,Verified,2019-01-21
CUST102255,Sana,Mukherjee,Female,1998-03-05,28,Married,1,Graduate,Salaried,Bank Officer,272500,Noida,Uttar Pradesh,Rented,8,sana.mukherjee524@rediffmail.com,+91-7435306513,Verified,2017-04-10
CUST102256,Neha,Bhat,Female,1990-07-13,35,Married,1,Graduate,Salaried,Teacher,810200,Kochi,Kerala,Rented,17,neha.bhat98@yahoo.in,+91-7258957892,Pending,2022-11-10
CUST102257,Manish,Deshpande,Male,1995-07-09,30,Married,3,Graduate,Salaried,Nurse,499200,Pune,Maharashtra,Owned,12,manish.deshpande904@yahoo.in,+91-9540337329,Verified,2019-09-29
CUST102258,Diya,Banerjee,Female,2005-05-22,21,Single,1,High School,Salaried,Software Engineer,289100,Delhi,Delhi,Mortgaged,3,diya.banerjee700@outlook.com,+91-7066172710,Verified,2024-04-24
CUST102259,Siddharth,Patel,Male,2000-08-05,25,Married,2,Graduate,Self-Employed,Chartered Accountant,568700,Kochi,Kerala,Owned,7,siddharth.patel351@outlook.com,+91-8995439664,Verified,2018-07-31
CUST102260,Anjali,Verma,Female,1978-06-29,48,Single,2,Post Graduate,Self-Employed,Lawyer,384400,Mumbai,Maharashtra,Family Owned,13,anjali.verma388@yahoo.in,+91-8861397465,Verified,2019-09-24
CUST102261,Dev,Sheikh,Male,1980-01-17,46,Divorced,2,Graduate,Business Owner,Restaurant Owner,959200,Indore,Madhya Pradesh,Rented,10,dev.sheikh918@outlook.com,+91-8431321713,Verified,2015-03-06
CUST102262,Farhan,Rao,Male,2004-08-02,21,Married,2,Diploma,Retired,Retired Private Sector,194200,Chandigarh,Chandigarh,Rented,3,farhan.rao128@rediffmail.com,+91-8972206850,Verified,2024-03-22
CUST102263,Aarav,Rao,Male,1985-04-14,41,Single,2,Post Graduate,Self-Employed,Chartered Accountant,347700,Mumbai,Maharashtra,Family Owned,23,aarav.rao538@outlook.com,+91-9135012035,Verified,2019-11-17
CUST102264,Kavya,Chowdhury,Female,1986-03-07,40,Single,3,Professional Degree,Business Owner,Manufacturer,818900,Delhi,Delhi,Rented,20,kavya.chowdhury519@rediffmail.com,+91-8375898978,Pending,2019-05-22
CUST102265,Imran,Bose,Male,1978-11-03,47,Widowed,2,Diploma,Salaried,Teacher,853900,Pune,Maharashtra,Mortgaged,13,imran.bose976@outlook.com,+91-8199591161,Verified,2013-12-05
CUST102266,Zaid,Patel,Male,1987-01-16,39,Married,2,Graduate,Salaried,Accountant,402400,Jaipur,Rajasthan,Mortgaged,6,zaid.patel987@gmail.com,+91-9610419251,Verified,2016-08-12
CUST102267,Siddharth,Kulkarni,Male,1997-04-16,29,Single,2,Post Graduate,Salaried,Sales Executive,1514000,Chandigarh,Chandigarh,Family Owned,3,siddharth.kulkarni805@rediffmail.com,+91-9646553441,Pending,2017-05-28
CUST102268,Nisha,Bhat,Female,1977-10-16,48,Married,1,Graduate,Business Owner,Trader,692900,Bhopal,Madhya Pradesh,Rented,18,nisha.bhat191@rediffmail.com,+91-9855589215,Verified,2024-03-28
CUST102269,Vikram,Kulkarni,Male,1980-01-16,46,Single,3,High School,Business Owner,Retail Store Owner,474800,Bhopal,Madhya Pradesh,Owned,20,vikram.kulkarni876@rediffmail.com,+91-7236879146,Verified,2023-07-15
CUST102270,Rohan,Joshi,Male,1988-12-10,37,Widowed,1,Graduate,Self-Employed,Architect,407400,Bhopal,Madhya Pradesh,Family Owned,2,rohan.joshi196@rediffmail.com,+91-9085721778,Verified,2020-06-03
CUST102271,Harsh,Menon,Male,1998-01-06,28,Divorced,2,High School,Salaried,Software Engineer,254200,Chandigarh,Chandigarh,Rented,10,harsh.menon735@outlook.com,+91-8035292034,Verified,2018-06-06
CUST102272,Sana,Kapoor,Female,1984-02-02,42,Married,1,Diploma,Salaried,Nurse,485800,Delhi,Delhi,Owned,22,sana.kapoor310@gmail.com,+91-9067155740,Pending,2019-05-02
CUST102273,Diya,Mukherjee,Female,1991-05-09,35,Married,0,Professional Degree,Retired,Pensioner,189500,Noida,Uttar Pradesh,Owned,6,diya.mukherjee625@rediffmail.com,+91-7495284083,Verified,2021-06-10
CUST102274,Vivaan,Bose,Male,1980-10-11,45,Single,2,High School,Business Owner,Restaurant Owner,272300,Noida,Uttar Pradesh,Rented,2,vivaan.bose810@outlook.com,+91-7792743102,Pending,2017-05-01
CUST102275,Meera,Gupta,Female,1972-11-01,53,Single,2,Graduate,Salaried,Bank Officer,281700,Coimbatore,Tamil Nadu,Rented,7,meera.gupta81@rediffmail.com,+91-9411524792,Verified,2022-10-29
CUST102276,Tanvi,Malhotra,Female,1976-06-29,50,Single,1,Diploma,Self-Employed,Lawyer,193400,Coimbatore,Tamil Nadu,Mortgaged,2,tanvi.malhotra605@yahoo.in,+91-7370465003,Verified,2020-12-15
CUST102277,Reyansh,Bhat,Male,2000-08-13,25,Divorced,0,High School,Salaried,HR Manager,147700,Chandigarh,Chandigarh,Mortgaged,0,reyansh.bhat242@yahoo.in,+91-9516922656,Pending,2020-11-05
CUST102278,Zara,Rao,Female,1988-03-02,38,Married,2,Diploma,Business Owner,Manufacturer,582500,Ahmedabad,Gujarat,Owned,20,zara.rao128@outlook.com,+91-7294890913,Pending,2015-05-25
CUST102279,Diya,Verma,Female,1983-02-24,43,Single,0,Diploma,Salaried,HR Manager,379500,Bhopal,Madhya Pradesh,Mortgaged,2,diya.verma559@outlook.com,+91-9582815411,Pending,2017-04-11
CUST102280,Sana,Ahmed,Female,1995-11-03,30,Single,0,Post Graduate,Salaried,Software Engineer,486500,Delhi,Delhi,Rented,9,sana.ahmed871@yahoo.in,+91-7868059181,Verified,2020-01-11
CUST102281,Divya,Menon,Female,1987-02-08,39,Married,1,Post Graduate,Salaried,Nurse,338800,Bengaluru,Karnataka,Owned,17,divya.menon8@yahoo.in,+91-8159187902,Verified,2017-08-07
CUST102282,Aanya,Chowdhury,Female,1993-04-12,33,Divorced,1,Graduate,Business Owner,Manufacturer,619500,Lucknow,Uttar Pradesh,Owned,12,aanya.chowdhury657@yahoo.in,+91-8011709505,Verified,2018-03-20
CUST102283,Aarohi,Malhotra,Female,1985-10-20,40,Married,0,Post Graduate,Salaried,Bank Officer,914300,Kolkata,West Bengal,Owned,22,aarohi.malhotra555@yahoo.in,+91-7676487001,Verified,2015-10-07
CUST102284,Meera,Nair,Female,1998-07-03,28,Married,1,High School,Salaried,Nurse,356300,Hyderabad,Telangana,Rented,10,meera.nair885@gmail.com,+91-9551308063,Pending,2019-11-22
CUST102285,Siddharth,Verma,Male,1973-06-15,53,Married,0,Diploma,Self-Employed,Chartered Accountant,543500,Jaipur,Rajasthan,Owned,5,siddharth.verma209@gmail.com,+91-7182889668,Verified,2023-09-15
CUST102286,Anil,Kaur,Male,2003-04-16,23,Single,0,Graduate,Salaried,Sales Executive,342200,Noida,Uttar Pradesh,Family Owned,1,anil.kaur433@yahoo.in,+91-8313921347,Verified,2019-12-26
CUST102287,Arjun,Joshi,Male,1993-04-16,33,Single,4,Post Graduate,Salaried,Software Engineer,462700,Ahmedabad,Gujarat,Mortgaged,6,arjun.joshi48@rediffmail.com,+91-8957413877,Verified,2022-06-16
CUST102288,Rahul,Patel,Male,2001-02-07,25,Single,2,Graduate,Salaried,Nurse,291800,Ahmedabad,Gujarat,Rented,7,rahul.patel223@rediffmail.com,+91-7373845616,Verified,2017-07-29
CUST102289,Kabir,Chopra,Male,1977-08-20,48,Single,2,Diploma,Salaried,Nurse,147900,Lucknow,Uttar Pradesh,Family Owned,1,kabir.chopra659@gmail.com,+91-9197228700,Verified,2015-01-25
CUST102290,Saanvi,Khan,Female,2002-01-12,24,Married,1,Graduate,Retired,Retired Private Sector,120000,Indore,Madhya Pradesh,Rented,6,saanvi.khan936@rediffmail.com,+91-8725791538,Verified,2020-07-12
CUST102291,Zaid,Gill,Male,1995-06-25,31,Single,0,High School,Salaried,HR Manager,415200,Ahmedabad,Gujarat,Owned,13,zaid.gill902@gmail.com,+91-7513298505,Verified,2015-01-09
CUST102292,Isha,Mehta,Female,1975-05-19,51,Single,0,Professional Degree,Retired,Retired Government Employee,620100,Jaipur,Rajasthan,Owned,18,isha.mehta924@outlook.com,+91-9192717391,Pending,2017-09-30
CUST102293,Anika,Ahmed,Female,1998-12-19,27,Married,1,Post Graduate,Salaried,Analyst,513200,Indore,Madhya Pradesh,Owned,9,anika.ahmed153@yahoo.in,+91-7326334739,Verified,2021-08-01
CUST102294,Siddharth,Nair,Male,1987-07-06,38,Single,1,Graduate,Salaried,Analyst,179300,Mumbai,Maharashtra,Rented,12,siddharth.nair775@yahoo.in,+91-9570844581,Verified,2021-07-04
CUST102295,Yash,Iyer,Male,1977-09-25,48,Married,0,Graduate,Salaried,Sales Executive,1103800,Delhi,Delhi,Rented,3,yash.iyer60@gmail.com,+91-9853374137,Verified,2019-10-27
CUST102296,Diya,Patel,Female,1967-07-06,58,Married,0,Graduate,Unemployed,Not Employed,120000,Bhopal,Madhya Pradesh,Rented,6,diya.patel84@yahoo.in,+91-8572076128,Verified,2013-09-05
CUST102297,Suresh,Kulkarni,Male,1972-03-24,54,Married,2,Graduate,Salaried,Bank Officer,474500,Nagpur,Maharashtra,Owned,1,suresh.kulkarni739@yahoo.in,+91-9893661811,Verified,2018-05-12
CUST102298,Anjali,Nair,Female,2001-07-19,24,Married,2,Graduate,Self-Employed,Consultant,309800,Pune,Maharashtra,Family Owned,6,anjali.nair985@rediffmail.com,+91-9283956014,Verified,2019-11-29
CUST102299,Anjali,Banerjee,Female,1977-06-24,49,Widowed,2,Post Graduate,Salaried,Software Engineer,1687800,Mysuru,Karnataka,Mortgaged,1,anjali.banerjee531@yahoo.in,+91-9048000796,Verified,2017-10-24
CUST102300,Ayesha,Iyer,Female,1979-10-01,46,Single,0,High School,Salaried,Teacher,408000,Gurugram,Haryana,Owned,10,ayesha.iyer613@outlook.com,+91-8099507037,Pending,2024-02-05
CUST102301,Krishna,Malhotra,Male,2000-03-03,26,Married,0,Graduate,Self-Employed,Freelance Designer,951000,Hyderabad,Telangana,Mortgaged,8,krishna.malhotra863@outlook.com,+91-7340929746,Pending,2023-04-22
CUST102302,Imran,Joshi,Male,1993-04-07,33,Widowed,1,Post Graduate,Self-Employed,Freelance Designer,643400,Hyderabad,Telangana,Family Owned,15,imran.joshi232@rediffmail.com,+91-9328334209,Pending,2022-09-16
CUST102303,Yash,Bhat,Male,1993-07-03,33,Married,1,Post Graduate,Salaried,Analyst,424500,Ahmedabad,Gujarat,Owned,15,yash.bhat339@gmail.com,+91-7731726469,Verified,2014-10-08
CUST102304,Rajesh,Sharma,Male,1972-09-29,53,Single,2,Post Graduate,Salaried,Analyst,504700,Bhopal,Madhya Pradesh,Owned,22,rajesh.sharma748@gmail.com,+91-8199542773,Verified,2019-02-22
CUST102305,Sandeep,Khan,Male,2005-02-25,21,Divorced,1,Graduate,Salaried,Analyst,701200,Ahmedabad,Gujarat,Rented,3,sandeep.khan957@gmail.com,+91-8251015589,Verified,2024-03-12
CUST102306,Anil,Mehta,Male,1974-11-08,51,Married,0,Post Graduate,Business Owner,Contractor,877000,Jaipur,Rajasthan,Owned,22,anil.mehta950@outlook.com,+91-8755405567,Verified,2022-09-26
CUST102307,Vikram,Shah,Male,1988-08-03,37,Married,1,Graduate,Salaried,Software Engineer,493000,Chandigarh,Chandigarh,Rented,17,vikram.shah918@gmail.com,+91-8194873085,Verified,2019-01-19
CUST102308,Anika,Nair,Female,2001-02-11,25,Single,0,Graduate,Salaried,HR Manager,247300,Gurugram,Haryana,Rented,7,anika.nair870@yahoo.in,+91-9261293154,Verified,2020-06-24
CUST102309,Aarohi,Iyer,Female,1979-06-27,47,Married,1,Graduate,Salaried,HR Manager,443900,Chandigarh,Chandigarh,Owned,22,aarohi.iyer323@gmail.com,+91-9721201668,Pending,2014-12-07
CUST102310,Rajesh,Banerjee,Male,1984-07-30,41,Married,1,Graduate,Unemployed,Homemaker,120000,Kochi,Kerala,Owned,20,rajesh.banerjee839@gmail.com,+91-8538580431,Pending,2024-06-30
CUST102311,Lakshmi,Das,Female,1977-10-20,48,Married,1,Professional Degree,Business Owner,Contractor,1137600,Pune,Maharashtra,Rented,14,lakshmi.das478@gmail.com,+91-9287961817,Pending,2014-05-31
CUST102312,Farhan,Verma,Male,1985-09-13,40,Single,1,Graduate,Salaried,Analyst,500300,Noida,Uttar Pradesh,Rented,10,farhan.verma578@outlook.com,+91-9250869834,Verified,2024-01-03
CUST102313,Nisha,Sharma,Female,1982-05-01,44,Single,1,Graduate,Salaried,Bank Officer,501000,Delhi,Delhi,Rented,22,nisha.sharma777@gmail.com,+91-9814509746,Verified,2017-03-23
CUST102314,Karthik,Verma,Male,1983-06-26,43,Married,0,Diploma,Business Owner,Restaurant Owner,1535500,Kolkata,West Bengal,Owned,7,karthik.verma128@rediffmail.com,+91-8049289330,Verified,2024-03-13
CUST102315,Swati,Iyer,Female,1981-11-28,44,Married,1,Graduate,Business Owner,Restaurant Owner,541200,Bengaluru,Karnataka,Family Owned,7,swati.iyer962@gmail.com,+91-7535387170,Verified,2015-06-30
CUST102316,Kavya,Nair,Female,1965-07-28,60,Married,2,Graduate,Salaried,Teacher,968600,Mumbai,Maharashtra,Mortgaged,11,kavya.nair19@yahoo.in,+91-9114277047,Verified,2014-02-28
CUST102317,Kritika,Chowdhury,Female,2005-04-27,21,Single,0,High School,Salaried,Analyst,395200,Indore,Madhya Pradesh,Owned,3,kritika.chowdhury816@outlook.com,+91-8089932915,Verified,2023-06-16
CUST102318,Zaid,Chopra,Male,1976-03-26,50,Single,1,Graduate,Retired,Retired Government Employee,656000,Mysuru,Karnataka,Mortgaged,5,zaid.chopra769@gmail.com,+91-9466086805,Verified,2013-11-17
CUST102319,Deepika,Reddy,Female,2004-12-15,21,Single,1,Professional Degree,Salaried,Accountant,608900,Surat,Gujarat,Rented,3,deepika.reddy481@yahoo.in,+91-8184357556,Verified,2023-12-02
CUST102320,Ayesha,Iyer,Female,2004-12-20,21,Single,0,Post Graduate,Salaried,Software Engineer,261700,Mysuru,Karnataka,Owned,3,ayesha.iyer937@rediffmail.com,+91-8147210791,Pending,2021-11-22
CUST102321,Aditya,Malhotra,Male,1971-09-18,54,Married,2,Diploma,Self-Employed,Freelance Designer,470200,Kochi,Kerala,Rented,17,aditya.malhotra99@yahoo.in,+91-9557390638,Verified,2022-09-29
CUST102322,Diya,Khan,Female,1992-01-04,34,Single,1,Graduate,Business Owner,Restaurant Owner,339800,Pune,Maharashtra,Family Owned,2,diya.khan286@outlook.com,+91-9442530152,Verified,2016-08-24
CUST102323,Amit,Shah,Male,1977-11-07,48,Single,2,Post Graduate,Salaried,Analyst,1696800,Nagpur,Maharashtra,Owned,7,amit.shah788@outlook.com,+91-9557619180,Verified,2023-10-12
CUST102324,Manish,Singh,Male,1980-11-04,45,Married,1,Graduate,Salaried,Teacher,472600,Bengaluru,Karnataka,Mortgaged,11,manish.singh751@yahoo.in,+91-8185544031,Verified,2022-09-19
CUST102325,Diya,Das,Female,1985-06-28,41,Single,2,High School,Business Owner,Trader,136900,Chandigarh,Chandigarh,Owned,7,diya.das605@gmail.com,+91-9445641899,Verified,2016-01-30
CUST102326,Rohan,Bose,Male,1975-06-13,51,Married,0,Graduate,Self-Employed,Architect,245600,Mysuru,Karnataka,Rented,19,rohan.bose561@gmail.com,+91-9664436802,Verified,2024-01-20
CUST102327,Ananya,Chowdhury,Female,1989-07-19,36,Single,0,High School,Salaried,Analyst,230300,Jaipur,Rajasthan,Rented,18,ananya.chowdhury351@rediffmail.com,+91-7494892914,Verified,2016-11-11
CUST102328,Anika,Khan,Female,1999-10-15,26,Married,4,Post Graduate,Business Owner,Restaurant Owner,383400,Chennai,Tamil Nadu,Owned,8,anika.khan692@gmail.com,+91-7958477883,Pending,2021-07-10
CUST102329,Nikhil,Shah,Male,2002-11-11,23,Single,3,Graduate,Self-Employed,Architect,417700,Mumbai,Maharashtra,Mortgaged,5,nikhil.shah299@yahoo.in,+91-8032159323,Pending,2019-09-16
CUST102330,Zara,Deshpande,Female,2004-10-25,21,Married,0,High School,Salaried,Bank Officer,237900,Bengaluru,Karnataka,Mortgaged,3,zara.deshpande576@gmail.com,+91-9063028300,Verified,2022-01-08
CUST102331,Sowmya,Nair,Female,1969-06-16,57,Divorced,2,Graduate,Salaried,Bank Officer,410900,Chandigarh,Chandigarh,Rented,2,sowmya.nair594@outlook.com,+91-7467351602,Verified,2015-01-17
CUST102332,Tanvi,Nair,Female,1983-03-22,43,Married,0,Graduate,Salaried,Accountant,713400,Chennai,Tamil Nadu,Mortgaged,9,tanvi.nair122@outlook.com,+91-9625742664,Verified,2023-06-11
CUST102333,Ayesha,Kapoor,Female,1985-12-28,40,Married,3,Graduate,Business Owner,Retail Store Owner,634900,Mysuru,Karnataka,Rented,8,ayesha.kapoor292@rediffmail.com,+91-7957630448,Verified,2020-05-02
CUST102334,Harsh,Kapoor,Male,2001-01-07,25,Single,1,Post Graduate,Salaried,Nurse,865400,Chennai,Tamil Nadu,Family Owned,7,harsh.kapoor336@rediffmail.com,+91-8133157118,Verified,2023-02-14
CUST102335,Zara,Bose,Female,1993-11-09,32,Single,1,Graduate,Salaried,Accountant,624800,Nagpur,Maharashtra,Family Owned,5,zara.bose872@gmail.com,+91-7198529552,Verified,2019-02-09
CUST102336,Vikram,Malhotra,Male,1964-05-11,62,Married,0,Diploma,Self-Employed,Chartered Accountant,582900,Noida,Uttar Pradesh,Rented,17,vikram.malhotra238@rediffmail.com,+91-8875830092,Pending,2014-03-14
CUST102337,Rahul,Iyer,Male,1974-02-18,52,Married,1,Diploma,Self-Employed,Lawyer,1214200,Nagpur,Maharashtra,Family Owned,0,rahul.iyer220@outlook.com,+91-8097734438,Verified,2014-07-31
CUST102338,Rajesh,Chopra,Male,1999-11-21,26,Married,3,Post Graduate,Retired,Retired Government Employee,332900,Kolkata,West Bengal,Owned,8,rajesh.chopra859@gmail.com,+91-8457004216,Verified,2023-09-13
CUST102339,Arjun,Sharma,Male,1980-10-06,45,Single,1,Post Graduate,Salaried,Nurse,819100,Nagpur,Maharashtra,Mortgaged,9,arjun.sharma663@gmail.com,+91-9767685321,Pending,2018-04-27
CUST102340,Vivaan,Ahmed,Male,1981-12-10,44,Single,3,Post Graduate,Salaried,Teacher,784800,Noida,Uttar Pradesh,Owned,13,vivaan.ahmed214@outlook.com,+91-8345365060,Pending,2020-08-10
CUST102341,Pooja,Bhat,Female,1994-10-21,31,Married,2,Graduate,Salaried,Accountant,657900,Bengaluru,Karnataka,Owned,13,pooja.bhat659@gmail.com,+91-8231433086,Verified,2015-06-08
CUST102342,Aarohi,Patel,Female,1984-03-25,42,Married,1,Diploma,Unemployed,Not Employed,120000,Hyderabad,Telangana,Rented,1,aarohi.patel484@outlook.com,+91-7128044541,Verified,2015-11-24
CUST102343,Manish,Kulkarni,Male,1977-07-14,48,Married,3,Graduate,Salaried,Nurse,305500,Nagpur,Maharashtra,Rented,10,manish.kulkarni436@yahoo.in,+91-7898175737,Verified,2019-12-20
CUST102344,Aarav,Singh,Male,1995-04-14,31,Married,1,Graduate,Salaried,Teacher,956500,Chennai,Tamil Nadu,Rented,3,aarav.singh735@yahoo.in,+91-7138779111,Verified,2014-02-15
CUST102345,Nisha,Verma,Female,1992-02-29,34,Single,0,Post Graduate,Salaried,Nurse,969800,Kochi,Kerala,Owned,16,nisha.verma900@gmail.com,+91-8323479709,Pending,2017-01-29
CUST102346,Tanvi,Patel,Female,1990-06-01,36,Single,0,High School,Salaried,Bank Officer,131200,Hyderabad,Telangana,Rented,8,tanvi.patel783@yahoo.in,+91-9263347353,Verified,2024-05-18
CUST102347,Ayesha,Joshi,Female,1967-07-27,58,Married,0,Post Graduate,Salaried,Bank Officer,533400,Bhopal,Madhya Pradesh,Mortgaged,0,ayesha.joshi178@yahoo.in,+91-8764865488,Verified,2019-08-12
CUST102348,Aditya,Menon,Male,1985-08-17,40,Married,2,Graduate,Salaried,Nurse,435600,Pune,Maharashtra,Rented,19,aditya.menon174@rediffmail.com,+91-9043404326,Verified,2023-09-11
CUST102349,Kabir,Kulkarni,Male,1987-12-30,38,Married,0,Graduate,Salaried,HR Manager,865600,Lucknow,Uttar Pradesh,Mortgaged,9,kabir.kulkarni686@gmail.com,+91-7345102941,Verified,2021-05-12
CUST102350,Suresh,Khan,Male,1964-08-20,61,Single,0,Graduate,Business Owner,Trader,698000,Gurugram,Haryana,Owned,10,suresh.khan312@yahoo.in,+91-7954686755,Verified,2023-01-25
CUST102351,Rohan,Mehta,Male,1987-06-12,39,Married,0,Diploma,Self-Employed,Freelance Designer,270400,Chennai,Tamil Nadu,Rented,7,rohan.mehta425@rediffmail.com,+91-8124138856,Verified,2018-11-27
CUST102352,Tanvi,Chowdhury,Female,1985-02-05,41,Single,1,Graduate,Self-Employed,Architect,356000,Bhopal,Madhya Pradesh,Family Owned,11,tanvi.chowdhury848@gmail.com,+91-9720500244,Verified,2016-11-08
CUST102353,Vikram,Shah,Male,2005-05-28,21,Married,0,Graduate,Salaried,Bank Officer,511200,Mysuru,Karnataka,Rented,3,vikram.shah532@gmail.com,+91-7854706973,Pending,2021-11-11
CUST102354,Vihaan,Menon,Male,1972-06-02,54,Married,0,Graduate,Salaried,Teacher,398400,Jaipur,Rajasthan,Owned,1,vihaan.menon826@rediffmail.com,+91-9051347605,Verified,2020-11-04
CUST102355,Manish,Deshpande,Male,1973-04-14,53,Single,3,Graduate,Business Owner,Restaurant Owner,1414900,Gurugram,Haryana,Mortgaged,19,manish.deshpande745@gmail.com,+91-7721084760,Verified,2013-07-24
CUST102356,Pooja,Mehta,Female,1987-03-22,39,Widowed,1,Graduate,Salaried,HR Manager,650200,Mysuru,Karnataka,Family Owned,21,pooja.mehta904@rediffmail.com,+91-8536515063,Pending,2024-03-09
CUST102357,Yash,Shah,Male,1973-09-09,52,Single,1,Diploma,Self-Employed,Chartered Accountant,291500,Surat,Gujarat,Owned,5,yash.shah508@rediffmail.com,+91-9882504429,Pending,2017-12-23
CUST102358,Isha,Sharma,Female,2004-08-01,21,Married,1,Graduate,Self-Employed,Freelance Designer,1098100,Chandigarh,Chandigarh,Family Owned,1,isha.sharma952@gmail.com,+91-8848448972,Verified,2024-06-20
CUST102359,Isha,Patel,Female,1984-07-16,41,Single,1,Graduate,Salaried,Sales Executive,606200,Gurugram,Haryana,Rented,0,isha.patel30@rediffmail.com,+91-7778069747,Pending,2023-04-07
CUST102360,Sowmya,Shah,Female,1980-09-09,45,Divorced,3,Post Graduate,Salaried,Teacher,1555500,Hyderabad,Telangana,Rented,24,sowmya.shah57@rediffmail.com,+91-9191180406,Pending,2022-07-09
CUST102361,Sowmya,Nair,Female,1985-10-10,40,Single,1,Graduate,Retired,Pensioner,120000,Mumbai,Maharashtra,Owned,3,sowmya.nair507@gmail.com,+91-7718757956,Verified,2022-03-23
CUST102362,Reyansh,Ahmed,Male,1995-03-18,31,Married,2,Graduate,Self-Employed,Freelance Designer,771100,Ahmedabad,Gujarat,Rented,0,reyansh.ahmed262@rediffmail.com,+91-8885354150,Verified,2015-01-11
CUST102363,Ayesha,Gupta,Female,1981-01-14,45,Single,1,Graduate,Self-Employed,Doctor (Practice),1763300,Kochi,Kerala,Owned,20,ayesha.gupta330@yahoo.in,+91-9272268341,Pending,2016-12-23
CUST102364,Vivaan,Khan,Male,1994-05-04,32,Married,0,Graduate,Salaried,Teacher,258600,Nagpur,Maharashtra,Rented,10,vivaan.khan496@outlook.com,+91-7159222996,Pending,2020-01-01
CUST102365,Sandeep,Kaur,Male,1974-01-27,52,Married,3,Graduate,Salaried,Teacher,947300,Nagpur,Maharashtra,Owned,9,sandeep.kaur762@rediffmail.com,+91-8143508893,Verified,2015-02-07
CUST102366,Zara,Iyer,Female,1970-01-17,56,Married,3,Diploma,Self-Employed,Lawyer,500900,Chennai,Tamil Nadu,Rented,15,zara.iyer95@rediffmail.com,+91-7775469255,Verified,2023-03-23
CUST102367,Anika,Khan,Female,1976-11-04,49,Single,0,Diploma,Salaried,Software Engineer,278500,Nagpur,Maharashtra,Family Owned,14,anika.khan84@rediffmail.com,+91-8799934963,Verified,2020-11-13
CUST102368,Riya,Reddy,Female,1991-09-29,34,Single,1,Graduate,Salaried,Bank Officer,132300,Ahmedabad,Gujarat,Mortgaged,16,riya.reddy417@gmail.com,+91-7361329427,Verified,2022-07-12
CUST102369,Ritu,Rao,Female,1982-10-26,43,Single,1,Graduate,Salaried,Sales Executive,692900,Noida,Uttar Pradesh,Rented,7,ritu.rao893@rediffmail.com,+91-7414948147,Verified,2024-06-16
CUST102370,Imran,Rao,Male,1975-02-18,51,Single,1,Diploma,Salaried,Bank Officer,604200,Noida,Uttar Pradesh,Owned,4,imran.rao996@outlook.com,+91-7761525984,Verified,2015-08-21
CUST102371,Fatima,Verma,Female,1979-10-20,46,Single,1,Post Graduate,Salaried,Analyst,898400,Noida,Uttar Pradesh,Mortgaged,9,fatima.verma758@rediffmail.com,+91-9314477057,Verified,2016-03-20
CUST102372,Krishna,Mukherjee,Male,1996-12-06,29,Single,2,Graduate,Self-Employed,Freelance Designer,509800,Kochi,Kerala,Family Owned,11,krishna.mukherjee629@rediffmail.com,+91-7437146654,Pending,2020-04-28
CUST102373,Yash,Kulkarni,Male,2004-08-02,21,Married,5,Graduate,Retired,Pensioner,221100,Coimbatore,Tamil Nadu,Owned,3,yash.kulkarni932@rediffmail.com,+91-7012439708,Verified,2021-10-26
CUST102374,Yash,Rao,Male,1974-04-13,52,Single,1,Graduate,Self-Employed,Freelance Designer,1091500,Bengaluru,Karnataka,Family Owned,19,yash.rao149@gmail.com,+91-9655771080,Verified,2022-09-27
CUST102375,Imran,Kaur,Male,1990-09-05,35,Single,1,Diploma,Business Owner,Trader,823100,Surat,Gujarat,Family Owned,7,imran.kaur954@outlook.com,+91-7199667917,Verified,2016-11-25
CUST102376,Sandeep,Reddy,Male,1989-02-21,37,Married,1,Diploma,Salaried,Bank Officer,269100,Indore,Madhya Pradesh,Rented,14,sandeep.reddy572@yahoo.in,+91-7339102062,Pending,2022-01-16
CUST102377,Nisha,Singh,Female,1987-12-17,38,Married,1,Graduate,Salaried,Nurse,177300,Mysuru,Karnataka,Owned,7,nisha.singh290@yahoo.in,+91-8145328995,Verified,2022-11-14
CUST102378,Krishna,Khan,Male,1962-09-17,63,Married,0,Graduate,Salaried,Nurse,607400,Surat,Gujarat,Mortgaged,10,krishna.khan831@yahoo.in,+91-7587329231,Verified,2017-07-23
CUST102379,Ayesha,Banerjee,Female,1982-01-09,44,Single,2,Post Graduate,Retired,Pensioner,454500,Mumbai,Maharashtra,Rented,20,ayesha.banerjee409@gmail.com,+91-7723836587,Verified,2017-11-05
CUST102380,Riya,Nair,Female,1985-01-08,41,Married,2,Graduate,Salaried,Sales Executive,198500,Mumbai,Maharashtra,Rented,1,riya.nair200@gmail.com,+91-7384483325,Verified,2016-10-20
CUST102381,Kavya,Chowdhury,Female,1967-10-19,58,Married,0,Diploma,Salaried,Bank Officer,381700,Coimbatore,Tamil Nadu,Rented,10,kavya.chowdhury301@rediffmail.com,+91-8049376348,Pending,2015-11-22
CUST102382,Kabir,Menon,Male,1993-12-26,32,Married,2,Graduate,Salaried,Software Engineer,469900,Gurugram,Haryana,Owned,1,kabir.menon819@gmail.com,+91-7051675372,Pending,2020-12-16
CUST102383,Harsh,Menon,Male,1988-03-15,38,Single,3,Graduate,Salaried,Sales Executive,158000,Mumbai,Maharashtra,Owned,8,harsh.menon330@gmail.com,+91-8291529507,Verified,2016-12-11
CUST102384,Aanya,Kulkarni,Female,2005-05-07,21,Single,3,Graduate,Salaried,Bank Officer,597300,Bhopal,Madhya Pradesh,Owned,3,aanya.kulkarni817@outlook.com,+91-9720628749,Verified,2023-06-05
CUST102385,Vihaan,Deshpande,Male,2004-07-24,21,Single,0,Graduate,Salaried,HR Manager,429100,Kolkata,West Bengal,Rented,3,vihaan.deshpande678@rediffmail.com,+91-7751981209,Pending,2024-06-18
CUST102386,Farhan,Khan,Male,1969-04-30,57,Married,2,Graduate,Retired,Retired Government Employee,778000,Jaipur,Rajasthan,Owned,14,farhan.khan423@gmail.com,+91-7923689505,Verified,2019-07-26
CUST102387,Diya,Iyer,Female,1979-04-25,47,Married,1,Post Graduate,Salaried,Nurse,1033500,Kolkata,West Bengal,Rented,15,diya.iyer518@gmail.com,+91-7643300175,Pending,2016-05-04
CUST102388,Aditya,Gupta,Male,1991-07-08,34,Married,1,Graduate,Salaried,Bank Officer,376800,Hyderabad,Telangana,Owned,13,aditya.gupta97@yahoo.in,+91-8959698828,Verified,2023-03-25
CUST102389,Meera,Rao,Female,1998-12-17,27,Married,2,Graduate,Business Owner,Retail Store Owner,344500,Nagpur,Maharashtra,Family Owned,9,meera.rao779@outlook.com,+91-9662271520,Verified,2019-12-07
CUST102390,Farhan,Kaur,Male,2000-04-21,26,Single,1,Graduate,Self-Employed,Consultant,216700,Pune,Maharashtra,Rented,8,farhan.kaur570@outlook.com,+91-8969073590,Verified,2019-11-15
CUST102391,Deepika,Iyer,Female,1990-12-23,35,Married,1,Graduate,Unemployed,Student,141500,Kochi,Kerala,Rented,16,deepika.iyer224@yahoo.in,+91-7611852402,Verified,2023-05-08
CUST102392,Ishaan,Mehta,Male,1969-03-07,57,Married,1,Post Graduate,Salaried,Accountant,419300,Mysuru,Karnataka,Rented,22,ishaan.mehta297@gmail.com,+91-8057014137,Pending,2023-09-26
CUST102393,Pranav,Patel,Male,1984-06-22,42,Married,1,Professional Degree,Self-Employed,Freelance Designer,1237200,Ahmedabad,Gujarat,Owned,5,pranav.patel464@yahoo.in,+91-8532902066,Verified,2023-10-28
CUST102394,Anjali,Menon,Female,1986-04-28,40,Married,1,Post Graduate,Salaried,Teacher,611800,Kochi,Kerala,Owned,1,anjali.menon267@yahoo.in,+91-8474725467,Verified,2022-01-11
CUST102395,Sandeep,Patel,Male,1983-08-18,42,Married,1,High School,Salaried,Sales Executive,120000,Mysuru,Karnataka,Mortgaged,22,sandeep.patel251@outlook.com,+91-9145830772,Pending,2015-03-18
CUST102396,Isha,Malhotra,Female,1984-04-05,42,Married,1,Graduate,Self-Employed,Doctor (Practice),637500,Lucknow,Uttar Pradesh,Owned,14,isha.malhotra57@gmail.com,+91-8441453617,Verified,2014-09-10
CUST102397,Pranav,Kulkarni,Male,1981-12-01,44,Married,1,Graduate,Unemployed,Student,185500,Mumbai,Maharashtra,Family Owned,8,pranav.kulkarni170@yahoo.in,+91-9128752728,Verified,2016-06-03
CUST102398,Siddharth,Singh,Male,1991-10-21,34,Single,1,Graduate,Salaried,Teacher,537200,Coimbatore,Tamil Nadu,Rented,10,siddharth.singh14@gmail.com,+91-7260515271,Verified,2017-03-18
CUST102399,Aditya,Menon,Male,2004-04-26,22,Married,1,Graduate,Salaried,Teacher,245100,Bhopal,Madhya Pradesh,Rented,4,aditya.menon786@outlook.com,+91-9010171589,Verified,2023-08-23
CUST102400,Kavya,Banerjee,Female,1976-12-03,49,Single,1,Post Graduate,Retired,Pensioner,1560200,Bengaluru,Karnataka,Owned,1,kavya.banerjee272@rediffmail.com,+91-9093727193,Verified,2018-09-29
CUST102401,Fatima,Gill,Female,1989-02-21,37,Single,3,Post Graduate,Unemployed,Homemaker,177400,Mumbai,Maharashtra,Rented,15,fatima.gill424@outlook.com,+91-7111613536,Verified,2020-03-14
CUST102402,Neha,Menon,Female,1993-09-10,32,Single,3,Graduate,Salaried,Sales Executive,299000,Coimbatore,Tamil Nadu,Owned,0,neha.menon57@outlook.com,+91-7498916524,Pending,2014-01-14
CUST102403,Anika,Banerjee,Female,1983-04-15,43,Married,1,Graduate,Salaried,Bank Officer,152600,Lucknow,Uttar Pradesh,Mortgaged,7,anika.banerjee749@rediffmail.com,+91-9128047927,Verified,2020-04-12
CUST102404,Aanya,Menon,Female,1983-01-28,43,Married,2,Graduate,Self-Employed,Consultant,1763200,Chandigarh,Chandigarh,Owned,20,aanya.menon78@gmail.com,+91-7373285830,Verified,2016-12-12
CUST102405,Nisha,Mehta,Female,2004-08-09,21,Widowed,0,Post Graduate,Unemployed,Student,130200,Indore,Madhya Pradesh,Rented,3,nisha.mehta858@outlook.com,+91-8394311414,Verified,2023-12-07
CUST102406,Yash,Kapoor,Male,2000-03-05,26,Widowed,2,Graduate,Self-Employed,Consultant,307900,Mysuru,Karnataka,Owned,8,yash.kapoor951@outlook.com,+91-8763092522,Verified,2019-04-07
CUST102407,Rohan,Singh,Male,1986-05-11,40,Divorced,2,Post Graduate,Unemployed,Homemaker,120000,Bhopal,Madhya Pradesh,Family Owned,18,rohan.singh461@yahoo.in,+91-8991319896,Verified,2019-10-25
CUST102408,Saanvi,Chowdhury,Female,1994-01-06,32,Single,2,High School,Self-Employed,Doctor (Practice),212600,Nagpur,Maharashtra,Rented,14,saanvi.chowdhury670@yahoo.in,+91-9462185299,Verified,2022-05-07
CUST102409,Pranav,Verma,Male,1986-01-15,40,Single,0,High School,Unemployed,Homemaker,120000,Lucknow,Uttar Pradesh,Rented,21,pranav.verma621@outlook.com,+91-9520884191,Verified,2014-10-07
CUST102410,Sowmya,Malhotra,Female,1985-07-05,40,Single,1,Post Graduate,Salaried,Analyst,311000,Bhopal,Madhya Pradesh,Mortgaged,2,sowmya.malhotra737@outlook.com,+91-9355399176,Verified,2013-12-24
CUST102411,Reyansh,Bhat,Male,2004-11-14,21,Single,3,Graduate,Business Owner,Contractor,533000,Hyderabad,Telangana,Family Owned,3,reyansh.bhat460@outlook.com,+91-8091636092,Verified,2022-05-06
CUST102412,Sowmya,Chopra,Female,2002-09-08,23,Married,1,Graduate,Business Owner,Contractor,778200,Gurugram,Haryana,Rented,3,sowmya.chopra951@yahoo.in,+91-8755602632,Verified,2022-03-06
CUST102413,Lakshmi,Bose,Female,1989-11-20,36,Married,1,Post Graduate,Salaried,Bank Officer,120000,Chandigarh,Chandigarh,Owned,12,lakshmi.bose615@rediffmail.com,+91-9557250006,Verified,2014-07-24
CUST102414,Priya,Das,Female,1983-10-12,42,Married,0,Professional Degree,Salaried,Sales Executive,2185900,Kolkata,West Bengal,Mortgaged,5,priya.das788@gmail.com,+91-7065333140,Verified,2021-09-19
CUST102415,Ayaan,Reddy,Male,2003-06-12,23,Married,0,Post Graduate,Salaried,Bank Officer,372300,Kolkata,West Bengal,Owned,5,ayaan.reddy467@outlook.com,+91-8324594382,Verified,2023-03-22
CUST102416,Zara,Bose,Female,1987-12-02,38,Single,0,Graduate,Self-Employed,Lawyer,722600,Coimbatore,Tamil Nadu,Owned,15,zara.bose268@outlook.com,+91-8973836327,Verified,2024-05-20
CUST102417,Arjun,Bhat,Male,1989-08-07,36,Married,1,Diploma,Salaried,Teacher,231100,Jaipur,Rajasthan,Rented,1,arjun.bhat698@rediffmail.com,+91-9638530390,Pending,2024-02-15
CUST102418,Vihaan,Shah,Male,1977-05-08,49,Single,4,Diploma,Self-Employed,Consultant,350400,Bengaluru,Karnataka,Owned,19,vihaan.shah453@outlook.com,+91-8752010623,Pending,2022-02-13
CUST102419,Reyansh,Gill,Male,1988-06-15,38,Married,0,Graduate,Self-Employed,Consultant,538100,Kochi,Kerala,Owned,9,reyansh.gill828@gmail.com,+91-8381281060,Pending,2017-12-04
CUST102420,Ayesha,Gupta,Female,1979-09-22,46,Married,0,Post Graduate,Salaried,Analyst,608900,Jaipur,Rajasthan,Rented,16,ayesha.gupta506@outlook.com,+91-7373786998,Verified,2013-08-24
CUST102421,Farhan,Ahmed,Male,1993-06-14,33,Widowed,1,Graduate,Salaried,Accountant,688100,Noida,Uttar Pradesh,Family Owned,8,farhan.ahmed365@gmail.com,+91-8714827494,Verified,2018-10-03
CUST102422,Kabir,Joshi,Male,1977-05-11,49,Married,2,Post Graduate,Business Owner,Trader,780300,Noida,Uttar Pradesh,Rented,16,kabir.joshi431@gmail.com,+91-7163246987,Pending,2015-01-21
CUST102423,Ananya,Bose,Female,2001-10-11,24,Married,3,Post Graduate,Retired,Retired Government Employee,237700,Kochi,Kerala,Mortgaged,0,ananya.bose998@outlook.com,+91-8249914200,Verified,2020-04-26
CUST102424,Aarav,Kulkarni,Male,2005-02-03,21,Married,1,Graduate,Business Owner,Manufacturer,1292000,Kolkata,West Bengal,Owned,3,aarav.kulkarni88@rediffmail.com,+91-9628990983,Verified,2022-11-01
CUST102425,Aarohi,Chopra,Female,1976-11-29,49,Single,0,Graduate,Unemployed,Homemaker,125700,Mysuru,Karnataka,Owned,6,aarohi.chopra85@outlook.com,+91-8619653393,Verified,2013-11-18
CUST102426,Ishaan,Kapoor,Male,2004-11-24,21,Single,1,Graduate,Business Owner,Contractor,588700,Nagpur,Maharashtra,Owned,3,ishaan.kapoor696@yahoo.in,+91-7816979683,Verified,2023-03-26
CUST102427,Rahul,Singh,Male,1998-01-23,28,Divorced,1,Professional Degree,Salaried,Accountant,634500,Delhi,Delhi,Mortgaged,10,rahul.singh820@rediffmail.com,+91-8272409951,Verified,2015-03-06
CUST102428,Vivaan,Mehta,Male,2004-11-12,21,Single,1,Professional Degree,Business Owner,Manufacturer,709100,Gurugram,Haryana,Rented,3,vivaan.mehta960@yahoo.in,+91-8265352570,Verified,2024-05-07
CUST102429,Rohan,Kapoor,Male,1994-01-04,32,Single,0,Post Graduate,Salaried,Sales Executive,1386600,Hyderabad,Telangana,Owned,12,rohan.kapoor675@rediffmail.com,+91-9159405499,Verified,2014-09-11
CUST102430,Sowmya,Reddy,Female,1986-04-18,40,Single,1,Diploma,Salaried,Accountant,371100,Nagpur,Maharashtra,Owned,12,sowmya.reddy249@gmail.com,+91-7325530418,Verified,2016-08-11
CUST102431,Nikhil,Sheikh,Male,1960-05-25,66,Widowed,2,Graduate,Retired,Retired Private Sector,438500,Indore,Madhya Pradesh,Rented,13,nikhil.sheikh766@yahoo.in,+91-9231549305,Verified,2022-12-07
CUST102432,Zara,Reddy,Female,1984-06-03,42,Single,2,Graduate,Business Owner,Contractor,194000,Mysuru,Karnataka,Mortgaged,3,zara.reddy434@outlook.com,+91-7052990999,Verified,2019-03-28
CUST102433,Deepika,Kapoor,Female,1992-09-22,33,Single,1,Diploma,Salaried,Accountant,618200,Ahmedabad,Gujarat,Rented,6,deepika.kapoor923@yahoo.in,+91-9399536425,Verified,2016-01-03
CUST102434,Rajesh,Banerjee,Male,1997-03-26,29,Married,2,Graduate,Retired,Pensioner,283800,Noida,Uttar Pradesh,Rented,11,rajesh.banerjee891@outlook.com,+91-9266480691,Verified,2020-08-13
CUST102435,Yash,Verma,Male,1986-01-15,40,Single,4,Post Graduate,Self-Employed,Consultant,482300,Noida,Uttar Pradesh,Rented,22,yash.verma48@gmail.com,+91-9482176105,Pending,2019-12-14
CUST102436,Imran,Bose,Male,1982-08-13,43,Divorced,0,Graduate,Salaried,Accountant,710400,Coimbatore,Tamil Nadu,Owned,18,imran.bose255@outlook.com,+91-7347944704,Verified,2014-10-20
CUST102437,Vikram,Das,Male,1986-01-18,40,Widowed,2,Post Graduate,Self-Employed,Doctor (Practice),273400,Pune,Maharashtra,Family Owned,0,vikram.das478@rediffmail.com,+91-8646646813,Verified,2020-10-08
CUST102438,Aditya,Gupta,Male,1976-10-25,49,Married,1,Post Graduate,Salaried,Teacher,837300,Gurugram,Haryana,Owned,9,aditya.gupta978@rediffmail.com,+91-7523405279,Verified,2020-09-24
CUST102439,Reyansh,Kaur,Male,1990-08-18,35,Married,2,Post Graduate,Salaried,Sales Executive,431100,Noida,Uttar Pradesh,Family Owned,4,reyansh.kaur900@yahoo.in,+91-9378176438,Verified,2024-03-16
CUST102440,Kavya,Malhotra,Female,1996-05-13,30,Single,5,Graduate,Business Owner,Contractor,617000,Bhopal,Madhya Pradesh,Rented,12,kavya.malhotra389@yahoo.in,+91-9756724895,Pending,2024-06-14
CUST102441,Vikram,Bhat,Male,1976-09-26,49,Married,3,Graduate,Self-Employed,Doctor (Practice),1213600,Coimbatore,Tamil Nadu,Family Owned,20,vikram.bhat908@rediffmail.com,+91-9547684629,Pending,2017-02-25
CUST102442,Vivaan,Sheikh,Male,2005-03-04,21,Single,1,Graduate,Salaried,Bank Officer,188300,Lucknow,Uttar Pradesh,Mortgaged,3,vivaan.sheikh808@gmail.com,+91-7146509551,Verified,2023-11-03
CUST102443,Aditya,Mukherjee,Male,1999-09-27,26,Divorced,1,Graduate,Self-Employed,Architect,244000,Indore,Madhya Pradesh,Owned,8,aditya.mukherjee598@yahoo.in,+91-7380111714,Pending,2022-11-22
CUST102444,Amit,Gupta,Male,1967-08-30,58,Married,2,Post Graduate,Self-Employed,Freelance Designer,497100,Indore,Madhya Pradesh,Owned,20,amit.gupta816@gmail.com,+91-9670373208,Verified,2020-03-03
CUST102445,Anika,Reddy,Female,1996-04-15,30,Single,1,Diploma,Self-Employed,Doctor (Practice),476700,Kochi,Kerala,Owned,12,anika.reddy477@gmail.com,+91-8082853685,Pending,2015-12-12
CUST102446,Karthik,Nair,Male,1990-05-31,36,Married,3,High School,Salaried,HR Manager,305100,Surat,Gujarat,Owned,4,karthik.nair286@rediffmail.com,+91-8083055421,Verified,2023-09-20
CUST102447,Suresh,Naidu,Male,2002-04-25,24,Divorced,2,High School,Self-Employed,Doctor (Practice),370500,Hyderabad,Telangana,Mortgaged,0,suresh.naidu528@gmail.com,+91-7873891685,Pending,2019-02-25
CUST102448,Aanya,Rao,Female,1969-08-02,56,Single,0,Diploma,Salaried,Software Engineer,612100,Indore,Madhya Pradesh,Rented,8,aanya.rao960@gmail.com,+91-8452354053,Pending,2019-05-14
CUST102449,Pooja,Kulkarni,Female,1990-01-24,36,Single,0,Graduate,Salaried,Sales Executive,675500,Chandigarh,Chandigarh,Owned,1,pooja.kulkarni677@gmail.com,+91-7445132471,Verified,2020-02-06
CUST102450,Swati,Nair,Female,2003-07-16,22,Single,1,Post Graduate,Salaried,Sales Executive,749800,Mumbai,Maharashtra,Owned,2,swati.nair307@yahoo.in,+91-7568403730,Pending,2021-09-12
CUST102451,Sandeep,Bhat,Male,1989-09-08,36,Single,0,Post Graduate,Salaried,Teacher,1051600,Lucknow,Uttar Pradesh,Rented,18,sandeep.bhat947@outlook.com,+91-9573692492,Verified,2021-02-10
CUST102452,Riya,Mukherjee,Female,1979-02-24,47,Single,4,Post Graduate,Salaried,Teacher,249300,Indore,Madhya Pradesh,Rented,5,riya.mukherjee327@rediffmail.com,+91-9750240496,Verified,2023-10-06
CUST102453,Swati,Sharma,Female,1978-01-23,48,Single,2,Post Graduate,Self-Employed,Architect,423600,Surat,Gujarat,Mortgaged,15,swati.sharma428@rediffmail.com,+91-7587181533,Verified,2024-06-16
CUST102454,Priya,Malhotra,Female,1981-03-23,45,Single,0,High School,Salaried,Bank Officer,246000,Jaipur,Rajasthan,Owned,10,priya.malhotra690@yahoo.in,+91-9830677479,Pending,2015-03-31
CUST102455,Krishna,Malhotra,Male,1982-02-19,44,Married,2,Graduate,Salaried,Sales Executive,551900,Hyderabad,Telangana,Mortgaged,4,krishna.malhotra585@rediffmail.com,+91-7783755141,Verified,2014-03-21
CUST102456,Manish,Menon,Male,1984-05-24,42,Single,0,High School,Salaried,HR Manager,420800,Indore,Madhya Pradesh,Rented,8,manish.menon472@yahoo.in,+91-8862854995,Verified,2021-08-18
CUST102457,Imran,Reddy,Male,1982-11-20,43,Married,0,High School,Salaried,HR Manager,268400,Lucknow,Uttar Pradesh,Rented,3,imran.reddy872@yahoo.in,+91-8371709848,Verified,2023-02-03
CUST102458,Ritu,Nair,Female,1990-04-03,36,Married,1,Post Graduate,Business Owner,Contractor,673300,Hyderabad,Telangana,Owned,13,ritu.nair813@outlook.com,+91-9287273134,Verified,2017-12-22
CUST102459,Farhan,Joshi,Male,2004-12-30,21,Married,1,Diploma,Salaried,Accountant,652900,Mumbai,Maharashtra,Family Owned,3,farhan.joshi276@outlook.com,+91-9357576052,Verified,2024-03-21
CUST102460,Rohan,Patel,Male,1985-06-12,41,Widowed,0,High School,Business Owner,Restaurant Owner,395400,Jaipur,Rajasthan,Owned,23,rohan.patel53@outlook.com,+91-7076660380,Verified,2018-05-27
CUST102461,Farhan,Kulkarni,Male,1994-08-05,31,Married,3,Graduate,Salaried,HR Manager,306400,Coimbatore,Tamil Nadu,Owned,10,farhan.kulkarni855@gmail.com,+91-8244728581,Pending,2018-08-24
CUST102462,Kabir,Mukherjee,Male,1987-08-17,38,Single,0,Post Graduate,Unemployed,Student,272700,Bengaluru,Karnataka,Owned,8,kabir.mukherjee327@yahoo.in,+91-9058847402,Verified,2022-09-27
CUST102463,Pooja,Mehta,Female,1989-01-23,37,Married,0,Post Graduate,Unemployed,Homemaker,214400,Kolkata,West Bengal,Mortgaged,6,pooja.mehta641@outlook.com,+91-7359644334,Verified,2024-05-01
CUST102464,Amit,Gill,Male,1998-10-02,27,Married,1,Graduate,Self-Employed,Consultant,521000,Noida,Uttar Pradesh,Owned,6,amit.gill793@rediffmail.com,+91-8434856539,Verified,2015-08-24
CUST102465,Arjun,Bose,Male,1999-08-01,26,Married,1,Graduate,Salaried,Teacher,523200,Gurugram,Haryana,Rented,0,arjun.bose83@gmail.com,+91-8852101127,Verified,2024-03-12
CUST102466,Sandeep,Sharma,Male,1992-04-28,34,Married,3,High School,Salaried,Software Engineer,429400,Mumbai,Maharashtra,Mortgaged,11,sandeep.sharma228@outlook.com,+91-8399462262,Verified,2013-08-13
CUST102467,Dev,Kapoor,Male,1979-07-05,47,Single,0,Graduate,Business Owner,Restaurant Owner,567200,Bhopal,Madhya Pradesh,Family Owned,4,dev.kapoor909@rediffmail.com,+91-7989951293,Verified,2015-06-07
CUST102468,Sandeep,Kaur,Male,1976-08-17,49,Married,1,Post Graduate,Salaried,Teacher,378900,Indore,Madhya Pradesh,Family Owned,3,sandeep.kaur260@rediffmail.com,+91-9873051806,Verified,2022-03-20
CUST102469,Ritu,Patel,Female,1998-08-18,27,Married,1,Graduate,Salaried,HR Manager,1181900,Chandigarh,Chandigarh,Owned,9,ritu.patel397@yahoo.in,+91-7189754408,Pending,2019-08-12
CUST102470,Sana,Reddy,Female,1975-04-05,51,Married,2,Graduate,Self-Employed,Chartered Accountant,879300,Bhopal,Madhya Pradesh,Mortgaged,0,sana.reddy260@outlook.com,+91-8481587027,Pending,2021-03-17
CUST102471,Sneha,Mehta,Female,1989-10-29,36,Married,1,Graduate,Business Owner,Trader,329300,Gurugram,Haryana,Mortgaged,11,sneha.mehta77@outlook.com,+91-8832220882,Verified,2014-08-25
CUST102472,Aarav,Naidu,Male,1979-07-28,46,Single,1,Diploma,Salaried,Teacher,293600,Pune,Maharashtra,Owned,4,aarav.naidu701@gmail.com,+91-8191770112,Verified,2017-12-11
CUST102473,Dev,Kapoor,Male,1976-02-23,50,Married,1,Post Graduate,Self-Employed,Consultant,777900,Mumbai,Maharashtra,Owned,15,dev.kapoor541@rediffmail.com,+91-8181406620,Pending,2018-11-24
CUST102474,Farhan,Patel,Male,1975-11-24,50,Married,0,High School,Self-Employed,Doctor (Practice),356300,Mumbai,Maharashtra,Owned,14,farhan.patel404@yahoo.in,+91-8433133149,Pending,2024-02-14
CUST102475,Vivaan,Rao,Male,1973-05-08,53,Single,0,Professional Degree,Unemployed,Not Employed,151800,Lucknow,Uttar Pradesh,Rented,12,vivaan.rao644@outlook.com,+91-8720472264,Verified,2023-10-01
CUST102476,Saanvi,Kaur,Female,1965-06-24,61,Married,4,Professional Degree,Salaried,Software Engineer,727800,Delhi,Delhi,Owned,17,saanvi.kaur206@yahoo.in,+91-7888444680,Verified,2017-07-04
CUST102477,Aarav,Singh,Male,1973-09-07,52,Married,0,Post Graduate,Self-Employed,Architect,317900,Hyderabad,Telangana,Owned,10,aarav.singh94@rediffmail.com,+91-7240871420,Verified,2014-10-31
CUST102478,Sana,Bhat,Female,1964-12-21,61,Single,2,Graduate,Self-Employed,Chartered Accountant,546300,Surat,Gujarat,Rented,2,sana.bhat69@gmail.com,+91-9267337467,Verified,2024-06-08
CUST102479,Vivaan,Das,Male,1982-05-29,44,Married,1,High School,Salaried,Accountant,347700,Pune,Maharashtra,Mortgaged,0,vivaan.das871@yahoo.in,+91-9823040498,Verified,2020-11-10
CUST102480,Zara,Verma,Female,1988-02-29,38,Single,0,Graduate,Salaried,Sales Executive,349000,Nagpur,Maharashtra,Family Owned,13,zara.verma954@outlook.com,+91-8229594461,Pending,2014-08-17
CUST102481,Anil,Mukherjee,Male,1984-06-21,42,Single,2,Diploma,Salaried,Accountant,414800,Kochi,Kerala,Owned,5,anil.mukherjee784@yahoo.in,+91-7795513419,Verified,2024-03-14
CUST102482,Deepak,Kapoor,Male,1991-04-24,35,Single,1,Professional Degree,Salaried,Analyst,208400,Hyderabad,Telangana,Family Owned,8,deepak.kapoor963@outlook.com,+91-7540635217,Verified,2023-02-24
CUST102483,Aarav,Singh,Male,1992-04-10,34,Single,2,High School,Self-Employed,Chartered Accountant,120000,Bhopal,Madhya Pradesh,Owned,9,aarav.singh213@rediffmail.com,+91-7374872559,Verified,2020-04-16
CUST102484,Anika,Kaur,Female,1989-11-10,36,Divorced,2,Post Graduate,Self-Employed,Lawyer,192800,Bhopal,Madhya Pradesh,Rented,15,anika.kaur168@gmail.com,+91-8880122335,Pending,2016-01-26
CUST102485,Vivaan,Patel,Male,1994-05-24,32,Divorced,3,Graduate,Salaried,Nurse,235500,Kolkata,West Bengal,Rented,14,vivaan.patel813@outlook.com,+91-9155404215,Verified,2016-03-10
CUST102486,Vihaan,Iyer,Male,1986-10-23,39,Divorced,0,Professional Degree,Retired,Pensioner,537200,Pune,Maharashtra,Rented,18,vihaan.iyer119@yahoo.in,+91-8689404337,Verified,2014-11-04
CUST102487,Yash,Sheikh,Male,1976-03-12,50,Married,3,High School,Salaried,Sales Executive,157900,Bengaluru,Karnataka,Family Owned,4,yash.sheikh821@yahoo.in,+91-8981344969,Verified,2018-09-13
CUST102488,Ayaan,Mehta,Male,1983-04-26,43,Widowed,4,Post Graduate,Business Owner,Retail Store Owner,1493500,Hyderabad,Telangana,Rented,23,ayaan.mehta70@outlook.com,+91-9119143541,Verified,2013-10-10
CUST102489,Siddharth,Khan,Male,1982-03-01,44,Single,2,Diploma,Business Owner,Trader,463900,Delhi,Delhi,Rented,4,siddharth.khan190@rediffmail.com,+91-7228708921,Verified,2016-03-21
CUST102490,Shreya,Kapoor,Female,1978-08-06,47,Single,1,Graduate,Salaried,Nurse,292000,Pune,Maharashtra,Owned,24,shreya.kapoor184@gmail.com,+91-9255292109,Verified,2018-08-29
CUST102491,Yash,Kulkarni,Male,1984-06-21,42,Married,2,Post Graduate,Salaried,Teacher,1089500,Nagpur,Maharashtra,Mortgaged,17,yash.kulkarni843@yahoo.in,+91-8749899318,Verified,2015-11-17
CUST102492,Aarohi,Sheikh,Female,1982-11-27,43,Married,1,Diploma,Salaried,HR Manager,457200,Mumbai,Maharashtra,Rented,17,aarohi.sheikh743@outlook.com,+91-8022554419,Pending,2015-01-14
CUST102493,Rahul,Bose,Male,1985-05-09,41,Married,1,Post Graduate,Salaried,Software Engineer,352100,Hyderabad,Telangana,Owned,13,rahul.bose685@rediffmail.com,+91-8489403422,Verified,2016-05-05
CUST102494,Karthik,Naidu,Male,1991-02-23,35,Single,0,Post Graduate,Retired,Retired Private Sector,346800,Gurugram,Haryana,Rented,17,karthik.naidu666@outlook.com,+91-7330718173,Verified,2015-12-07
CUST102495,Pranav,Kaur,Male,1980-12-12,45,Married,3,Graduate,Salaried,HR Manager,461900,Ahmedabad,Gujarat,Mortgaged,17,pranav.kaur399@rediffmail.com,+91-7471508652,Pending,2017-02-18
CUST102496,Shreya,Malhotra,Female,1982-02-06,44,Single,1,Graduate,Salaried,Teacher,1029700,Gurugram,Haryana,Rented,18,shreya.malhotra77@rediffmail.com,+91-8269974754,Verified,2024-01-08
CUST102497,Zaid,Nair,Male,1981-01-11,45,Single,1,Graduate,Self-Employed,Consultant,632600,Lucknow,Uttar Pradesh,Mortgaged,24,zaid.nair951@rediffmail.com,+91-7398017930,Verified,2016-12-27
CUST102498,Kavya,Gill,Female,1998-07-24,27,Married,2,Post Graduate,Business Owner,Retail Store Owner,454100,Nagpur,Maharashtra,Rented,2,kavya.gill298@gmail.com,+91-7074923672,Verified,2016-01-22
CUST102499,Swati,Khan,Female,1985-10-22,40,Married,2,Professional Degree,Salaried,Analyst,525500,Indore,Madhya Pradesh,Owned,18,swati.khan399@rediffmail.com,+91-8831472792,Pending,2017-12-04
CUST102500,Amit,Mukherjee,Male,1979-04-06,47,Single,2,High School,Self-Employed,Doctor (Practice),324200,Pune,Maharashtra,Mortgaged,12,amit.mukherjee222@outlook.com,+91-8999553363,Pending,2019-10-27
CUST102501,Ayaan,Reddy,Male,2002-09-23,23,Single,1,Graduate,Salaried,Analyst,695700,Pune,Maharashtra,Mortgaged,5,ayaan.reddy126@outlook.com,+91-7390617124,Verified,2022-11-23
CUST102502,Lakshmi,Kulkarni,Female,1996-08-07,29,Widowed,2,Diploma,Self-Employed,Doctor (Practice),212100,Coimbatore,Tamil Nadu,Family Owned,11,lakshmi.kulkarni911@gmail.com,+91-7750475899,Verified,2022-04-08
CUST102503,Aarav,Iyer,Male,1983-11-26,42,Divorced,2,Diploma,Salaried,Teacher,482200,Mumbai,Maharashtra,Owned,2,aarav.iyer866@yahoo.in,+91-9835910318,Pending,2021-05-03
CUST102504,Ananya,Das,Female,1985-02-07,41,Married,3,Graduate,Business Owner,Manufacturer,370600,Hyderabad,Telangana,Mortgaged,7,ananya.das420@outlook.com,+91-8729377144,Verified,2014-03-07
CUST102505,Rohan,Mehta,Male,1988-02-13,38,Single,1,Graduate,Salaried,Bank Officer,422000,Delhi,Delhi,Mortgaged,6,rohan.mehta422@gmail.com,+91-9175476521,Verified,2020-08-03
CUST102506,Swati,Mehta,Female,1989-07-13,36,Married,0,Post Graduate,Retired,Retired Private Sector,724500,Coimbatore,Tamil Nadu,Family Owned,18,swati.mehta71@yahoo.in,+91-8395465123,Verified,2023-02-05
CUST102507,Ayesha,Singh,Female,1965-08-31,60,Single,3,Diploma,Salaried,HR Manager,685200,Ahmedabad,Gujarat,Mortgaged,7,ayesha.singh559@rediffmail.com,+91-8286936692,Verified,2022-08-10
CUST102508,Suresh,Banerjee,Male,1993-01-13,33,Married,1,Professional Degree,Retired,Retired Private Sector,579300,Noida,Uttar Pradesh,Mortgaged,2,suresh.banerjee369@outlook.com,+91-8482600248,Verified,2018-05-07
CUST102509,Reyansh,Gill,Male,1998-03-06,28,Single,4,Professional Degree,Business Owner,Restaurant Owner,258300,Gurugram,Haryana,Rented,0,reyansh.gill756@yahoo.in,+91-8672277753,Verified,2021-07-27
CUST102510,Pranav,Gupta,Male,1983-12-22,42,Married,1,Post Graduate,Self-Employed,Doctor (Practice),932200,Gurugram,Haryana,Family Owned,19,pranav.gupta41@yahoo.in,+91-9155895495,Verified,2022-07-31
CUST102511,Saanvi,Mukherjee,Female,1998-04-25,28,Single,1,Post Graduate,Business Owner,Restaurant Owner,1127100,Nagpur,Maharashtra,Family Owned,2,saanvi.mukherjee593@yahoo.in,+91-9639023339,Verified,2018-11-25
CUST102512,Ananya,Mehta,Female,1997-12-05,28,Widowed,1,Graduate,Salaried,Sales Executive,983300,Surat,Gujarat,Mortgaged,10,ananya.mehta159@gmail.com,+91-9614792910,Verified,2019-06-10
CUST102513,Ritu,Malhotra,Female,1989-06-07,37,Married,0,Diploma,Salaried,Bank Officer,854400,Chandigarh,Chandigarh,Rented,8,ritu.malhotra365@outlook.com,+91-9677658387,Verified,2016-12-22
CUST102514,Aditya,Ahmed,Male,1991-08-25,34,Married,1,Graduate,Business Owner,Trader,410300,Jaipur,Rajasthan,Owned,9,aditya.ahmed379@yahoo.in,+91-9412573820,Verified,2013-12-05
CUST102515,Anjali,Malhotra,Female,1981-08-25,44,Married,2,Diploma,Salaried,Analyst,549100,Nagpur,Maharashtra,Owned,4,anjali.malhotra535@rediffmail.com,+91-8750592009,Verified,2015-04-21
CUST102516,Fatima,Deshpande,Female,1984-04-07,42,Married,4,Professional Degree,Self-Employed,Chartered Accountant,1384800,Nagpur,Maharashtra,Owned,18,fatima.deshpande66@rediffmail.com,+91-8370238913,Pending,2023-12-31
CUST102517,Manish,Joshi,Male,1975-08-01,50,Married,4,Professional Degree,Salaried,Software Engineer,744200,Noida,Uttar Pradesh,Owned,6,manish.joshi148@outlook.com,+91-8865486288,Verified,2020-02-23
CUST102518,Deepika,Mehta,Female,1992-05-05,34,Single,1,Post Graduate,Retired,Retired Government Employee,205400,Gurugram,Haryana,Mortgaged,11,deepika.mehta516@yahoo.in,+91-8199930350,Verified,2022-11-30
CUST102519,Farhan,Menon,Male,1988-11-14,37,Married,1,Post Graduate,Business Owner,Manufacturer,438500,Gurugram,Haryana,Mortgaged,6,farhan.menon930@gmail.com,+91-8751905251,Verified,2022-06-03
CUST102520,Yash,Naidu,Male,1995-05-12,31,Married,1,Professional Degree,Self-Employed,Chartered Accountant,300900,Bhopal,Madhya Pradesh,Owned,5,yash.naidu548@yahoo.in,+91-9668860049,Verified,2023-06-13
CUST102521,Aarav,Mehta,Male,2004-08-05,21,Married,1,Professional Degree,Salaried,Software Engineer,1481700,Mysuru,Karnataka,Rented,1,aarav.mehta178@rediffmail.com,+91-8345137297,Pending,2021-09-05
CUST102522,Sowmya,Kaur,Female,1972-05-08,54,Married,0,Graduate,Salaried,Software Engineer,577300,Indore,Madhya Pradesh,Mortgaged,8,sowmya.kaur136@yahoo.in,+91-7385646098,Verified,2015-04-27
CUST102523,Amit,Mehta,Male,1986-01-24,40,Single,1,Post Graduate,Salaried,Teacher,618000,Kochi,Kerala,Family Owned,8,amit.mehta262@outlook.com,+91-7453576329,Pending,2023-07-29
CUST102524,Aanya,Banerjee,Female,1966-12-04,59,Married,2,Post Graduate,Salaried,Bank Officer,973300,Surat,Gujarat,Owned,9,aanya.banerjee498@outlook.com,+91-8559146161,Verified,2013-12-16
CUST102525,Ayaan,Gill,Male,1980-03-15,46,Married,2,Graduate,Retired,Retired Private Sector,183800,Chennai,Tamil Nadu,Rented,19,ayaan.gill340@gmail.com,+91-9773901923,Pending,2019-10-24
CUST102526,Isha,Kaur,Female,1969-11-20,56,Married,0,Graduate,Business Owner,Manufacturer,892000,Noida,Uttar Pradesh,Family Owned,21,isha.kaur328@rediffmail.com,+91-7939168821,Verified,2017-07-04
CUST102527,Harsh,Mukherjee,Male,1996-02-13,30,Married,0,Diploma,Salaried,HR Manager,606200,Bengaluru,Karnataka,Owned,12,harsh.mukherjee654@yahoo.in,+91-8866505456,Verified,2013-08-26
CUST102528,Sana,Shah,Female,1991-05-16,35,Single,2,Professional Degree,Salaried,HR Manager,842800,Mumbai,Maharashtra,Family Owned,7,sana.shah177@yahoo.in,+91-7869889864,Verified,2022-05-06
CUST102529,Nisha,Chowdhury,Female,1988-02-08,38,Married,0,Diploma,Unemployed,Homemaker,275300,Chandigarh,Chandigarh,Owned,7,nisha.chowdhury113@outlook.com,+91-9265307536,Verified,2023-05-23
CUST102530,Anika,Mukherjee,Female,1996-02-17,30,Single,0,High School,Salaried,Accountant,553300,Bhopal,Madhya Pradesh,Owned,12,anika.mukherjee26@rediffmail.com,+91-8732427454,Verified,2015-12-21
CUST102531,Amit,Khan,Male,1978-10-02,47,Single,4,Diploma,Unemployed,Not Employed,277700,Delhi,Delhi,Mortgaged,12,amit.khan923@rediffmail.com,+91-7870391170,Verified,2014-06-20
CUST102532,Tanvi,Chopra,Female,1987-02-19,39,Married,1,Graduate,Salaried,Sales Executive,130600,Delhi,Delhi,Rented,12,tanvi.chopra747@gmail.com,+91-7140477599,Verified,2020-12-16
CUST102533,Rahul,Mukherjee,Male,1972-12-06,53,Divorced,0,Professional Degree,Unemployed,Homemaker,216800,Mysuru,Karnataka,Rented,8,rahul.mukherjee702@gmail.com,+91-7848268989,Pending,2023-01-14
CUST102534,Anil,Banerjee,Male,1988-12-21,37,Married,1,Graduate,Business Owner,Trader,425000,Delhi,Delhi,Owned,11,anil.banerjee124@gmail.com,+91-9538322636,Pending,2015-09-22
CUST102535,Arjun,Shah,Male,1977-07-28,48,Married,1,Diploma,Retired,Retired Private Sector,120000,Lucknow,Uttar Pradesh,Rented,11,arjun.shah360@yahoo.in,+91-9748875732,Verified,2024-05-19
CUST102536,Zaid,Shah,Male,1977-03-24,49,Married,0,Post Graduate,Salaried,Bank Officer,508400,Pune,Maharashtra,Owned,22,zaid.shah394@yahoo.in,+91-9339502482,Pending,2015-02-28
CUST102537,Sana,Mukherjee,Female,1978-11-27,47,Single,1,Graduate,Self-Employed,Chartered Accountant,912900,Coimbatore,Tamil Nadu,Rented,23,sana.mukherjee695@gmail.com,+91-7179891905,Verified,2022-09-19
CUST102538,Sana,Shah,Female,1977-02-14,49,Married,0,Post Graduate,Business Owner,Manufacturer,1323900,Jaipur,Rajasthan,Mortgaged,6,sana.shah469@rediffmail.com,+91-9638275723,Verified,2021-05-30
CUST102539,Swati,Banerjee,Female,2003-04-16,23,Married,1,High School,Salaried,Analyst,148000,Indore,Madhya Pradesh,Rented,2,swati.banerjee369@yahoo.in,+91-8824855688,Verified,2023-01-21
CUST102540,Aadhya,Bose,Female,1979-08-14,46,Married,1,High School,Salaried,Teacher,399100,Delhi,Delhi,Family Owned,21,aadhya.bose286@gmail.com,+91-8048543858,Verified,2020-06-07
CUST102541,Sandeep,Ahmed,Male,1984-05-06,42,Married,1,Graduate,Self-Employed,Chartered Accountant,1271200,Nagpur,Maharashtra,Mortgaged,15,sandeep.ahmed810@yahoo.in,+91-7137701129,Verified,2018-01-27
CUST102542,Diya,Kaur,Female,1993-06-25,33,Married,1,Graduate,Retired,Pensioner,487600,Indore,Madhya Pradesh,Owned,15,diya.kaur278@gmail.com,+91-9777490081,Verified,2017-07-03
CUST102543,Lakshmi,Malhotra,Female,2005-02-16,21,Single,0,High School,Self-Employed,Chartered Accountant,316700,Delhi,Delhi,Rented,3,lakshmi.malhotra990@outlook.com,+91-7441402156,Verified,2024-06-02
CUST102544,Kavya,Menon,Female,1970-12-16,55,Single,5,Post Graduate,Salaried,Bank Officer,347800,Noida,Uttar Pradesh,Rented,10,kavya.menon444@outlook.com,+91-9793662907,Verified,2021-11-09
CUST102545,Harsh,Iyer,Male,1983-10-30,42,Single,3,Post Graduate,Business Owner,Retail Store Owner,1084100,Gurugram,Haryana,Mortgaged,8,harsh.iyer616@yahoo.in,+91-7620164781,Verified,2014-05-01
CUST102546,Ayesha,Verma,Female,1977-02-06,49,Single,1,Graduate,Self-Employed,Consultant,749900,Ahmedabad,Gujarat,Mortgaged,9,ayesha.verma497@outlook.com,+91-9896161730,Verified,2016-06-19
CUST102547,Anil,Bhat,Male,1980-06-13,46,Married,1,Graduate,Self-Employed,Chartered Accountant,831200,Surat,Gujarat,Family Owned,20,anil.bhat740@gmail.com,+91-8570047995,Verified,2021-10-02
CUST102548,Rohan,Mukherjee,Male,1978-08-17,47,Married,1,Graduate,Salaried,Accountant,1032300,Kolkata,West Bengal,Family Owned,7,rohan.mukherjee6@outlook.com,+91-9544552530,Verified,2024-05-01
CUST102549,Karthik,Chopra,Male,1978-06-15,48,Married,3,Professional Degree,Salaried,HR Manager,266900,Chandigarh,Chandigarh,Rented,24,karthik.chopra958@outlook.com,+91-9773632648,Verified,2022-09-17
CUST102550,Ayaan,Kulkarni,Male,1998-02-08,28,Married,1,Graduate,Business Owner,Retail Store Owner,608100,Jaipur,Rajasthan,Rented,10,ayaan.kulkarni340@yahoo.in,+91-9479206197,Pending,2020-12-02
CUST102551,Rohan,Kulkarni,Male,1984-02-29,42,Married,1,Graduate,Salaried,Sales Executive,848500,Kochi,Kerala,Owned,16,rohan.kulkarni248@outlook.com,+91-7698849834,Verified,2019-04-16
CUST102552,Deepika,Kapoor,Female,1999-11-02,26,Single,1,Post Graduate,Salaried,Software Engineer,509800,Bengaluru,Karnataka,Family Owned,8,deepika.kapoor424@gmail.com,+91-7621556399,Pending,2021-06-04
CUST102553,Amit,Kulkarni,Male,1997-12-16,28,Married,0,Graduate,Salaried,Bank Officer,633300,Ahmedabad,Gujarat,Owned,10,amit.kulkarni628@rediffmail.com,+91-8118674743,Verified,2023-07-03
CUST102554,Ayesha,Singh,Female,2004-09-25,21,Married,1,Graduate,Retired,Pensioner,120000,Delhi,Delhi,Mortgaged,3,ayesha.singh460@rediffmail.com,+91-9213828730,Verified,2021-12-05
CUST102555,Ayaan,Naidu,Male,1975-11-23,50,Single,1,Graduate,Salaried,Software Engineer,566400,Coimbatore,Tamil Nadu,Family Owned,13,ayaan.naidu838@gmail.com,+91-9242253857,Verified,2018-08-08
CUST102556,Siddharth,Patel,Male,1976-04-22,50,Single,1,Graduate,Self-Employed,Consultant,302000,Delhi,Delhi,Rented,5,siddharth.patel336@yahoo.in,+91-8677650194,Verified,2021-08-01
CUST102557,Suresh,Iyer,Male,1989-09-02,36,Single,0,Graduate,Self-Employed,Freelance Designer,571200,Chandigarh,Chandigarh,Mortgaged,11,suresh.iyer473@rediffmail.com,+91-7293615955,Pending,2017-03-20
CUST102558,Zara,Bose,Female,1995-08-11,30,Single,1,Graduate,Salaried,HR Manager,464900,Pune,Maharashtra,Owned,12,zara.bose814@rediffmail.com,+91-9625273796,Verified,2014-04-09
CUST102559,Priya,Nair,Female,1991-11-11,34,Married,1,Post Graduate,Self-Employed,Consultant,824700,Chennai,Tamil Nadu,Mortgaged,16,priya.nair834@gmail.com,+91-9151659272,Verified,2018-12-31
CUST102560,Reyansh,Ahmed,Male,1981-02-18,45,Married,1,Diploma,Business Owner,Restaurant Owner,839200,Chennai,Tamil Nadu,Rented,22,reyansh.ahmed918@outlook.com,+91-8664757500,Verified,2024-01-16
CUST102561,Siddharth,Verma,Male,1986-06-07,40,Married,1,Post Graduate,Salaried,HR Manager,1239100,Surat,Gujarat,Owned,1,siddharth.verma950@rediffmail.com,+91-8746958857,Pending,2017-11-08
CUST102562,Harsh,Das,Male,1976-03-17,50,Single,1,Professional Degree,Self-Employed,Lawyer,1524700,Kochi,Kerala,Rented,0,harsh.das793@outlook.com,+91-9550354811,Pending,2020-10-15
CUST102563,Diya,Chopra,Female,1998-03-18,28,Married,1,Graduate,Business Owner,Retail Store Owner,695700,Jaipur,Rajasthan,Rented,2,diya.chopra401@outlook.com,+91-9595739426,Verified,2017-07-07
CUST102564,Tanvi,Kulkarni,Female,1979-04-23,47,Single,1,Graduate,Salaried,Analyst,554700,Hyderabad,Telangana,Rented,0,tanvi.kulkarni826@yahoo.in,+91-8727211264,Verified,2019-09-14
CUST102565,Rajesh,Rao,Male,1988-12-03,37,Married,1,Graduate,Salaried,Bank Officer,875200,Surat,Gujarat,Family Owned,5,rajesh.rao181@yahoo.in,+91-9172664969,Verified,2013-11-07
CUST102566,Deepak,Kulkarni,Male,2003-12-16,22,Married,2,Post Graduate,Self-Employed,Freelance Designer,516100,Pune,Maharashtra,Owned,4,deepak.kulkarni505@yahoo.in,+91-8824101591,Verified,2022-01-20
CUST102567,Nisha,Joshi,Female,2005-01-18,21,Widowed,4,Diploma,Salaried,Teacher,120000,Jaipur,Rajasthan,Owned,3,nisha.joshi786@gmail.com,+91-8157164108,Pending,2024-06-09
CUST102568,Meera,Bose,Female,1996-07-28,29,Married,1,Graduate,Self-Employed,Freelance Designer,387700,Ahmedabad,Gujarat,Rented,11,meera.bose374@gmail.com,+91-9381221746,Verified,2015-02-16
CUST102569,Nisha,Kulkarni,Female,2005-05-22,21,Married,1,Graduate,Salaried,Analyst,271200,Lucknow,Uttar Pradesh,Mortgaged,1,nisha.kulkarni356@gmail.com,+91-8344716219,Verified,2022-12-22
CUST102570,Shreya,Menon,Female,1985-04-18,41,Single,1,Professional Degree,Salaried,Teacher,286500,Delhi,Delhi,Rented,16,shreya.menon538@yahoo.in,+91-7145918879,Pending,2018-08-14
CUST102571,Nisha,Mehta,Female,1974-08-27,51,Single,2,Graduate,Retired,Retired Government Employee,221100,Indore,Madhya Pradesh,Rented,7,nisha.mehta116@rediffmail.com,+91-7598129545,Verified,2015-04-13
CUST102572,Riya,Kulkarni,Female,1996-01-04,30,Married,0,Post Graduate,Salaried,Teacher,414600,Mumbai,Maharashtra,Owned,10,riya.kulkarni53@outlook.com,+91-8690391817,Verified,2021-01-04
CUST102573,Deepak,Sharma,Male,1991-06-09,35,Married,1,Post Graduate,Salaried,Sales Executive,283800,Delhi,Delhi,Rented,6,deepak.sharma457@rediffmail.com,+91-8155559974,Verified,2023-05-17
CUST102574,Yash,Naidu,Male,1991-06-13,35,Married,1,Graduate,Salaried,Software Engineer,500100,Chandigarh,Chandigarh,Family Owned,0,yash.naidu613@gmail.com,+91-7060203250,Verified,2018-01-04
CUST102575,Isha,Rao,Female,1973-01-03,53,Married,2,Graduate,Salaried,Nurse,351200,Indore,Madhya Pradesh,Rented,11,isha.rao484@outlook.com,+91-7830682085,Verified,2017-07-13
CUST102576,Sowmya,Malhotra,Female,1995-03-24,31,Married,0,Graduate,Salaried,Accountant,408100,Bhopal,Madhya Pradesh,Mortgaged,13,sowmya.malhotra743@gmail.com,+91-9690971849,Pending,2023-01-31
CUST102577,Nikhil,Menon,Male,1983-09-25,42,Married,3,Graduate,Salaried,Nurse,120000,Delhi,Delhi,Rented,24,nikhil.menon642@outlook.com,+91-9270483913,Verified,2020-01-14
CUST102578,Riya,Chowdhury,Female,1966-10-30,59,Single,1,High School,Salaried,Bank Officer,958000,Chandigarh,Chandigarh,Mortgaged,7,riya.chowdhury213@rediffmail.com,+91-9764980227,Verified,2016-04-08
CUST102579,Vihaan,Banerjee,Male,1989-07-29,36,Married,2,Post Graduate,Salaried,Teacher,575000,Noida,Uttar Pradesh,Family Owned,18,vihaan.banerjee200@yahoo.in,+91-9854784054,Verified,2023-05-07
CUST102580,Ayaan,Naidu,Male,2005-01-19,21,Married,0,High School,Business Owner,Manufacturer,292000,Noida,Uttar Pradesh,Rented,3,ayaan.naidu453@yahoo.in,+91-8794713453,Pending,2023-10-30
CUST102581,Kabir,Shah,Male,1953-12-15,72,Single,2,Graduate,Salaried,Software Engineer,309700,Pune,Maharashtra,Owned,23,kabir.shah396@rediffmail.com,+91-8636503235,Pending,2018-11-22
CUST102582,Kabir,Reddy,Male,1997-02-03,29,Married,0,Post Graduate,Self-Employed,Consultant,652200,Mumbai,Maharashtra,Mortgaged,11,kabir.reddy908@outlook.com,+91-7889654979,Verified,2022-08-12
CUST102583,Saanvi,Menon,Female,1973-05-10,53,Married,1,Graduate,Self-Employed,Architect,602600,Bengaluru,Karnataka,Family Owned,21,saanvi.menon214@rediffmail.com,+91-9276458895,Verified,2017-11-25
CUST102584,Sandeep,Joshi,Male,1997-04-04,29,Married,0,High School,Self-Employed,Freelance Designer,171800,Surat,Gujarat,Rented,3,sandeep.joshi308@gmail.com,+91-9592132020,Pending,2018-05-29
CUST102585,Sneha,Mukherjee,Female,1981-03-26,45,Married,1,Diploma,Salaried,Bank Officer,346200,Chandigarh,Chandigarh,Rented,0,sneha.mukherjee466@yahoo.in,+91-9784271948,Verified,2016-11-29
CUST102586,Vivaan,Menon,Male,1991-12-12,34,Divorced,2,Graduate,Business Owner,Restaurant Owner,209200,Chennai,Tamil Nadu,Owned,16,vivaan.menon202@yahoo.in,+91-8453324058,Pending,2017-01-09
CUST102587,Aadhya,Sharma,Female,1981-11-23,44,Single,3,Post Graduate,Retired,Retired Government Employee,322700,Gurugram,Haryana,Family Owned,17,aadhya.sharma554@rediffmail.com,+91-7319320216,Verified,2017-04-24
CUST102588,Yash,Nair,Male,1988-07-12,37,Single,2,Graduate,Retired,Retired Private Sector,164900,Nagpur,Maharashtra,Mortgaged,0,yash.nair315@outlook.com,+91-7986321357,Verified,2021-10-12
CUST102589,Anjali,Gupta,Female,1970-08-26,55,Divorced,2,Post Graduate,Self-Employed,Chartered Accountant,1694300,Mysuru,Karnataka,Rented,6,anjali.gupta321@rediffmail.com,+91-7212458938,Pending,2015-07-29
CUST102590,Riya,Khan,Female,1996-06-22,30,Married,5,Post Graduate,Unemployed,Student,126700,Gurugram,Haryana,Mortgaged,6,riya.khan624@rediffmail.com,+91-9193982062,Verified,2020-07-26
CUST102591,Vivaan,Sheikh,Male,1975-11-07,50,Married,1,Post Graduate,Self-Employed,Chartered Accountant,351800,Pune,Maharashtra,Rented,22,vivaan.sheikh691@gmail.com,+91-8688129768,Pending,2013-11-11
CUST102592,Shreya,Sharma,Female,1988-12-11,37,Married,3,Post Graduate,Salaried,Teacher,1384500,Lucknow,Uttar Pradesh,Rented,5,shreya.sharma422@yahoo.in,+91-8127663678,Verified,2019-06-23
CUST102593,Swati,Mehta,Female,2000-07-25,25,Married,1,Post Graduate,Self-Employed,Consultant,468500,Pune,Maharashtra,Family Owned,7,swati.mehta737@gmail.com,+91-9188919148,Verified,2021-07-12
CUST102594,Kritika,Verma,Female,1990-02-11,36,Married,0,Graduate,Retired,Retired Government Employee,120000,Hyderabad,Telangana,Mortgaged,9,kritika.verma132@outlook.com,+91-8910486122,Verified,2024-04-21
CUST102595,Rajesh,Kaur,Male,1996-01-16,30,Married,2,Graduate,Business Owner,Trader,425600,Lucknow,Uttar Pradesh,Owned,5,rajesh.kaur25@gmail.com,+91-7091604148,Pending,2019-10-30
CUST102596,Tanvi,Kulkarni,Female,1985-03-06,41,Single,1,Graduate,Business Owner,Trader,205900,Mumbai,Maharashtra,Mortgaged,6,tanvi.kulkarni937@gmail.com,+91-9316653292,Pending,2013-11-02
CUST102597,Ananya,Chowdhury,Female,1979-09-02,46,Married,2,Graduate,Salaried,Software Engineer,280200,Kolkata,West Bengal,Mortgaged,9,ananya.chowdhury378@gmail.com,+91-9443508141,Verified,2013-11-06
CUST102598,Imran,Chowdhury,Male,1997-03-22,29,Single,3,Post Graduate,Salaried,Sales Executive,365300,Mysuru,Karnataka,Family Owned,1,imran.chowdhury530@rediffmail.com,+91-9538616701,Pending,2021-11-30
CUST102599,Aditya,Bhat,Male,1959-12-06,66,Married,1,Post Graduate,Retired,Retired Private Sector,294900,Gurugram,Haryana,Owned,0,aditya.bhat891@outlook.com,+91-9164670152,Verified,2017-03-20
CUST102600,Ishaan,Verma,Male,1987-08-28,38,Single,0,Post Graduate,Salaried,Accountant,245000,Noida,Uttar Pradesh,Family Owned,20,ishaan.verma191@yahoo.in,+91-7184756685,Pending,2015-09-11
CUST102601,Amit,Rao,Male,1989-08-15,36,Married,1,High School,Self-Employed,Architect,459500,Bhopal,Madhya Pradesh,Family Owned,4,amit.rao301@gmail.com,+91-9764974994,Verified,2017-12-09
CUST102602,Manish,Verma,Male,1995-02-26,31,Single,0,Diploma,Unemployed,Homemaker,120000,Nagpur,Maharashtra,Owned,13,manish.verma958@gmail.com,+91-7892721853,Pending,2021-07-30
CUST102603,Rajesh,Reddy,Male,1956-03-24,70,Married,2,Diploma,Self-Employed,Lawyer,316100,Mumbai,Maharashtra,Owned,16,rajesh.reddy916@yahoo.in,+91-8030769613,Verified,2017-12-10
CUST102604,Farhan,Kapoor,Male,1979-11-15,46,Married,3,Graduate,Salaried,HR Manager,467700,Delhi,Delhi,Family Owned,21,farhan.kapoor23@rediffmail.com,+91-7484049946,Verified,2022-09-09
CUST102605,Arjun,Bhat,Male,1998-10-30,27,Divorced,1,Diploma,Self-Employed,Doctor (Practice),480800,Kochi,Kerala,Owned,9,arjun.bhat160@outlook.com,+91-7642086192,Verified,2022-06-27
CUST102606,Aadhya,Kaur,Female,1978-03-14,48,Widowed,4,High School,Business Owner,Trader,349400,Kolkata,West Bengal,Owned,2,aadhya.kaur626@gmail.com,+91-9228269079,Pending,2022-12-09
CUST102607,Isha,Joshi,Female,1977-08-06,48,Married,1,Graduate,Business Owner,Trader,802300,Gurugram,Haryana,Family Owned,6,isha.joshi560@outlook.com,+91-7073576343,Pending,2017-03-11
CUST102608,Farhan,Iyer,Male,1992-08-10,33,Single,0,Graduate,Self-Employed,Chartered Accountant,1173100,Nagpur,Maharashtra,Owned,15,farhan.iyer20@gmail.com,+91-8795879923,Verified,2015-05-23
CUST102609,Neha,Joshi,Female,1977-09-17,48,Married,1,Post Graduate,Self-Employed,Doctor (Practice),582800,Surat,Gujarat,Family Owned,22,neha.joshi526@yahoo.in,+91-7619797653,Verified,2016-09-08
CUST102610,Aadhya,Gupta,Female,1982-10-21,43,Single,2,High School,Self-Employed,Doctor (Practice),140800,Indore,Madhya Pradesh,Family Owned,0,aadhya.gupta408@outlook.com,+91-8683698714,Verified,2022-12-02
CUST102611,Riya,Gupta,Female,1993-01-25,33,Married,3,High School,Business Owner,Trader,577800,Lucknow,Uttar Pradesh,Owned,9,riya.gupta300@rediffmail.com,+91-7736504729,Pending,2014-08-21
CUST102612,Rohan,Gupta,Male,1994-04-27,32,Divorced,1,Graduate,Unemployed,Student,140900,Chandigarh,Chandigarh,Mortgaged,10,rohan.gupta693@yahoo.in,+91-8125438322,Pending,2016-08-23
CUST102613,Reyansh,Singh,Male,1993-11-14,32,Single,0,Graduate,Self-Employed,Doctor (Practice),593300,Chennai,Tamil Nadu,Family Owned,2,reyansh.singh347@yahoo.in,+91-9848091939,Pending,2015-11-16
CUST102614,Kritika,Ahmed,Female,1990-10-21,35,Married,1,Graduate,Salaried,Nurse,425300,Delhi,Delhi,Rented,17,kritika.ahmed447@outlook.com,+91-7543427176,Verified,2021-10-23
CUST102615,Imran,Mukherjee,Male,2003-02-14,23,Widowed,1,Graduate,Unemployed,Student,120000,Pune,Maharashtra,Family Owned,1,imran.mukherjee810@outlook.com,+91-7686402820,Verified,2023-11-06
CUST102616,Anika,Kaur,Female,1991-10-02,34,Single,1,Diploma,Salaried,Sales Executive,262700,Chandigarh,Chandigarh,Rented,12,anika.kaur349@gmail.com,+91-9771996769,Verified,2019-08-14
CUST102617,Reyansh,Sharma,Male,1982-01-26,44,Single,2,Post Graduate,Business Owner,Manufacturer,768600,Kochi,Kerala,Owned,12,reyansh.sharma536@outlook.com,+91-8426163109,Pending,2017-07-06
CUST102618,Zara,Menon,Female,1970-11-01,55,Divorced,1,Graduate,Business Owner,Restaurant Owner,691300,Jaipur,Rajasthan,Rented,20,zara.menon629@yahoo.in,+91-9627748851,Verified,2014-01-08
CUST102619,Rahul,Banerjee,Male,1973-10-24,52,Married,0,Graduate,Business Owner,Restaurant Owner,494300,Ahmedabad,Gujarat,Family Owned,0,rahul.banerjee340@outlook.com,+91-7230110477,Verified,2023-10-11
CUST102620,Vivaan,Mehta,Male,1983-06-30,43,Married,2,High School,Salaried,Sales Executive,210000,Bengaluru,Karnataka,Rented,24,vivaan.mehta150@outlook.com,+91-9329085515,Pending,2015-10-07
CUST102621,Pooja,Gupta,Female,1976-01-03,50,Married,1,Graduate,Self-Employed,Consultant,540200,Bengaluru,Karnataka,Rented,0,pooja.gupta513@outlook.com,+91-7843005455,Verified,2016-04-26
CUST102622,Riya,Shah,Female,1987-11-01,38,Married,3,Graduate,Salaried,Sales Executive,461300,Lucknow,Uttar Pradesh,Mortgaged,8,riya.shah599@yahoo.in,+91-9141583130,Verified,2014-08-10
CUST102623,Vivaan,Mukherjee,Male,1986-10-21,39,Single,1,Diploma,Self-Employed,Chartered Accountant,438600,Mysuru,Karnataka,Owned,10,vivaan.mukherjee66@outlook.com,+91-7014409315,Verified,2022-07-23
CUST102624,Deepak,Patel,Male,1985-04-21,41,Single,1,Diploma,Salaried,Software Engineer,332900,Indore,Madhya Pradesh,Mortgaged,21,deepak.patel566@rediffmail.com,+91-8229698164,Pending,2017-03-12
CUST102625,Yash,Kaur,Male,2001-07-12,24,Single,0,High School,Salaried,Nurse,464600,Mysuru,Karnataka,Family Owned,6,yash.kaur287@rediffmail.com,+91-7860059144,Pending,2023-07-21
CUST102626,Sana,Iyer,Female,1998-02-05,28,Married,1,Post Graduate,Salaried,HR Manager,658400,Pune,Maharashtra,Rented,4,sana.iyer897@gmail.com,+91-9517197595,Pending,2015-10-16
CUST102627,Amit,Deshpande,Male,2000-06-10,26,Single,0,High School,Self-Employed,Architect,120000,Indore,Madhya Pradesh,Mortgaged,8,amit.deshpande929@yahoo.in,+91-9880206256,Pending,2024-01-03
CUST102628,Vivaan,Bose,Male,1988-11-23,37,Married,1,Diploma,Salaried,Nurse,279200,Bhopal,Madhya Pradesh,Owned,19,vivaan.bose538@yahoo.in,+91-7473278642,Verified,2014-12-05
CUST102629,Nisha,Shah,Female,1970-12-15,55,Married,2,Graduate,Salaried,Software Engineer,702100,Delhi,Delhi,Rented,13,nisha.shah161@yahoo.in,+91-9374620339,Verified,2017-01-04
CUST102630,Dev,Bhat,Male,1988-06-05,38,Married,1,High School,Salaried,Software Engineer,716600,Delhi,Delhi,Rented,16,dev.bhat52@rediffmail.com,+91-8251209384,Verified,2023-09-29
CUST102631,Karthik,Joshi,Male,2004-12-09,21,Married,2,Post Graduate,Self-Employed,Chartered Accountant,635000,Coimbatore,Tamil Nadu,Owned,3,karthik.joshi709@gmail.com,+91-9322086045,Verified,2023-11-29
CUST102632,Manish,Bhat,Male,1997-12-16,28,Married,0,Diploma,Salaried,Accountant,157900,Surat,Gujarat,Rented,6,manish.bhat837@outlook.com,+91-9812051739,Verified,2014-08-31
CUST102633,Vikram,Deshpande,Male,1986-07-20,39,Single,3,Professional Degree,Self-Employed,Chartered Accountant,1761200,Delhi,Delhi,Rented,21,vikram.deshpande418@yahoo.in,+91-7819892831,Verified,2016-05-30
CUST102634,Lakshmi,Singh,Female,1971-08-26,54,Married,1,Diploma,Self-Employed,Architect,512100,Delhi,Delhi,Rented,22,lakshmi.singh488@yahoo.in,+91-9346715267,Pending,2022-09-18
CUST102635,Aarav,Mukherjee,Male,1986-07-16,39,Single,1,High School,Self-Employed,Doctor (Practice),248900,Gurugram,Haryana,Owned,15,aarav.mukherjee946@yahoo.in,+91-8046609094,Verified,2019-07-25
CUST102636,Ayesha,Nair,Female,1999-04-17,27,Married,0,Graduate,Salaried,Accountant,574600,Bhopal,Madhya Pradesh,Rented,9,ayesha.nair592@rediffmail.com,+91-7065413982,Pending,2016-07-24
CUST102637,Divya,Gupta,Female,1964-12-30,61,Married,3,Graduate,Unemployed,Student,192100,Surat,Gujarat,Owned,9,divya.gupta433@outlook.com,+91-7385132363,Verified,2016-10-14
CUST102638,Swati,Singh,Female,2005-06-10,21,Married,2,Post Graduate,Self-Employed,Freelance Designer,474300,Nagpur,Maharashtra,Rented,3,swati.singh826@yahoo.in,+91-8447964837,Verified,2023-03-31
CUST102639,Ananya,Banerjee,Female,1953-02-02,73,Single,0,Diploma,Salaried,Bank Officer,473300,Bhopal,Madhya Pradesh,Rented,11,ananya.banerjee849@rediffmail.com,+91-9165320295,Verified,2023-05-14
CUST102640,Nisha,Bhat,Female,2005-03-19,21,Single,2,Diploma,Self-Employed,Freelance Designer,136300,Chennai,Tamil Nadu,Owned,3,nisha.bhat938@gmail.com,+91-9665960644,Pending,2023-12-26
CUST102641,Kritika,Kaur,Female,1985-08-09,40,Married,0,Graduate,Salaried,Accountant,267800,Kolkata,West Bengal,Family Owned,4,kritika.kaur73@gmail.com,+91-8416131189,Verified,2020-01-21
CUST102642,Rajesh,Singh,Male,2004-08-22,21,Married,1,Diploma,Self-Employed,Freelance Designer,390500,Chandigarh,Chandigarh,Family Owned,2,rajesh.singh414@gmail.com,+91-9496558512,Pending,2022-01-03
CUST102643,Karthik,Mukherjee,Male,1981-07-14,44,Widowed,0,Diploma,Salaried,Software Engineer,272100,Bhopal,Madhya Pradesh,Owned,18,karthik.mukherjee489@yahoo.in,+91-9752364016,Verified,2023-02-15
CUST102644,Vihaan,Chowdhury,Male,1983-08-07,42,Married,1,Professional Degree,Self-Employed,Doctor (Practice),861100,Lucknow,Uttar Pradesh,Mortgaged,6,vihaan.chowdhury146@rediffmail.com,+91-8076850182,Verified,2019-01-26
CUST102645,Nisha,Shah,Female,1987-07-23,38,Married,1,Post Graduate,Salaried,Accountant,541100,Chandigarh,Chandigarh,Family Owned,3,nisha.shah850@outlook.com,+91-7453120794,Pending,2018-05-31
CUST102646,Ananya,Ahmed,Female,1998-12-02,27,Married,1,Graduate,Retired,Pensioner,211300,Pune,Maharashtra,Mortgaged,2,ananya.ahmed50@gmail.com,+91-9797668065,Pending,2024-06-03
CUST102647,Sana,Kapoor,Female,1977-01-15,49,Married,0,Post Graduate,Salaried,Accountant,765700,Surat,Gujarat,Mortgaged,10,sana.kapoor350@yahoo.in,+91-9857417523,Verified,2023-06-25
CUST102648,Sana,Reddy,Female,2005-06-22,21,Married,0,Post Graduate,Self-Employed,Architect,592500,Gurugram,Haryana,Rented,3,sana.reddy97@gmail.com,+91-7095058882,Verified,2024-02-16
CUST102649,Ayaan,Kulkarni,Male,1992-04-08,34,Married,2,Diploma,Salaried,HR Manager,456300,Kochi,Kerala,Owned,7,ayaan.kulkarni862@outlook.com,+91-8424302360,Verified,2021-03-14
CUST102650,Siddharth,Sharma,Male,1973-08-21,52,Married,0,Graduate,Retired,Pensioner,120000,Kolkata,West Bengal,Family Owned,4,siddharth.sharma638@outlook.com,+91-9555934124,Verified,2020-07-22
CUST102651,Vikram,Shah,Male,1988-08-25,37,Married,1,Graduate,Salaried,Analyst,180900,Ahmedabad,Gujarat,Mortgaged,13,vikram.shah447@yahoo.in,+91-7863551721,Verified,2013-08-03
CUST102652,Ishaan,Ahmed,Male,1995-06-04,31,Single,4,Graduate,Salaried,Sales Executive,768100,Delhi,Delhi,Rented,12,ishaan.ahmed157@rediffmail.com,+91-7119455001,Verified,2015-02-08
CUST102653,Rahul,Rao,Male,1982-11-09,43,Married,2,Diploma,Salaried,HR Manager,545800,Chandigarh,Chandigarh,Rented,18,rahul.rao658@gmail.com,+91-7448244286,Pending,2016-12-08
CUST102654,Sowmya,Singh,Female,1995-05-23,31,Single,1,Graduate,Salaried,Software Engineer,524800,Bhopal,Madhya Pradesh,Mortgaged,13,sowmya.singh577@rediffmail.com,+91-7987598728,Pending,2021-11-27
CUST102655,Neha,Singh,Female,2005-06-19,21,Married,1,Graduate,Salaried,Analyst,136600,Kochi,Kerala,Rented,3,neha.singh946@outlook.com,+91-8883474018,Pending,2022-08-27
CUST102656,Rohan,Kulkarni,Male,2002-04-28,24,Married,1,Graduate,Salaried,Sales Executive,223700,Hyderabad,Telangana,Rented,6,rohan.kulkarni883@rediffmail.com,+91-9226933991,Verified,2023-08-26
CUST102657,Farhan,Deshpande,Male,1990-02-21,36,Married,0,Graduate,Unemployed,Homemaker,120000,Chandigarh,Chandigarh,Owned,18,farhan.deshpande569@yahoo.in,+91-9396722056,Verified,2022-11-11
CUST102658,Sneha,Reddy,Female,1987-12-12,38,Single,1,Graduate,Business Owner,Contractor,1395900,Coimbatore,Tamil Nadu,Rented,20,sneha.reddy911@yahoo.in,+91-8994186640,Verified,2021-03-06
CUST102659,Vikram,Mukherjee,Male,1995-10-19,30,Married,0,Graduate,Salaried,Accountant,289700,Mumbai,Maharashtra,Owned,12,vikram.mukherjee260@gmail.com,+91-9368382330,Pending,2023-11-15
CUST102660,Pooja,Sharma,Female,1990-12-23,35,Single,2,Professional Degree,Self-Employed,Lawyer,857100,Hyderabad,Telangana,Rented,17,pooja.sharma314@rediffmail.com,+91-7643876477,Verified,2023-03-05
CUST102661,Harsh,Chopra,Male,2000-03-20,26,Single,2,Graduate,Self-Employed,Consultant,585000,Bengaluru,Karnataka,Rented,8,harsh.chopra874@outlook.com,+91-9020226235,Verified,2016-10-04
CUST102662,Lakshmi,Nair,Female,1960-09-04,65,Married,1,Graduate,Salaried,Accountant,1829500,Indore,Madhya Pradesh,Rented,1,lakshmi.nair420@outlook.com,+91-9822394428,Verified,2021-02-24
CUST102663,Swati,Ahmed,Female,2002-05-15,24,Married,0,Graduate,Self-Employed,Doctor (Practice),159100,Nagpur,Maharashtra,Owned,6,swati.ahmed558@gmail.com,+91-9769842836,Pending,2022-08-31
CUST102664,Aadhya,Joshi,Female,1980-01-12,46,Single,1,Graduate,Salaried,Nurse,542000,Lucknow,Uttar Pradesh,Rented,19,aadhya.joshi568@rediffmail.com,+91-7772801762,Verified,2015-12-09
CUST102665,Kritika,Deshpande,Female,1996-03-10,30,Married,1,Post Graduate,Business Owner,Contractor,805100,Chennai,Tamil Nadu,Family Owned,12,kritika.deshpande863@rediffmail.com,+91-9336565657,Verified,2019-06-05
CUST102666,Rohan,Banerjee,Male,1980-11-29,45,Single,4,Graduate,Salaried,Software Engineer,404400,Bengaluru,Karnataka,Owned,9,rohan.banerjee467@yahoo.in,+91-9089748042,Verified,2018-11-07
CUST102667,Divya,Joshi,Female,1983-11-09,42,Married,2,Graduate,Self-Employed,Doctor (Practice),400800,Kolkata,West Bengal,Rented,2,divya.joshi782@gmail.com,+91-9397920561,Verified,2022-01-28
CUST102668,Dev,Kapoor,Male,1995-09-26,30,Married,1,Graduate,Retired,Retired Government Employee,290900,Delhi,Delhi,Owned,0,dev.kapoor878@outlook.com,+91-8115562257,Verified,2017-06-25
CUST102669,Deepak,Bhat,Male,1997-02-14,29,Single,1,Post Graduate,Business Owner,Contractor,547300,Pune,Maharashtra,Owned,8,deepak.bhat126@rediffmail.com,+91-8693856821,Verified,2021-11-03
CUST102670,Deepika,Ahmed,Female,1999-04-16,27,Married,1,Graduate,Self-Employed,Consultant,551000,Chandigarh,Chandigarh,Rented,9,deepika.ahmed381@outlook.com,+91-8530781772,Verified,2018-05-25
CUST102671,Krishna,Iyer,Male,2001-05-05,25,Married,1,High School,Salaried,Software Engineer,580200,Lucknow,Uttar Pradesh,Mortgaged,7,krishna.iyer849@outlook.com,+91-8877937215,Verified,2024-03-26
CUST102672,Rahul,Gill,Male,1974-07-03,52,Single,3,Graduate,Salaried,Sales Executive,363600,Noida,Uttar Pradesh,Rented,2,rahul.gill353@yahoo.in,+91-7716465622,Verified,2015-11-23
CUST102673,Deepika,Iyer,Female,1985-09-15,40,Married,4,Diploma,Salaried,Analyst,216600,Mumbai,Maharashtra,Owned,9,deepika.iyer139@gmail.com,+91-9566162798,Verified,2014-11-21
CUST102674,Kavya,Khan,Female,1980-02-14,46,Married,1,Post Graduate,Business Owner,Trader,2731000,Lucknow,Uttar Pradesh,Mortgaged,13,kavya.khan102@rediffmail.com,+91-7538939273,Pending,2018-08-27
CUST102675,Vivaan,Joshi,Male,1991-10-05,34,Single,1,Graduate,Unemployed,Student,182300,Indore,Madhya Pradesh,Mortgaged,11,vivaan.joshi624@outlook.com,+91-9717973280,Verified,2018-02-20
CUST102676,Aditya,Khan,Male,1972-10-26,53,Divorced,0,Graduate,Salaried,Bank Officer,262700,Mumbai,Maharashtra,Family Owned,24,aditya.khan214@outlook.com,+91-7874734604,Pending,2016-08-21
CUST102677,Rajesh,Rao,Male,1990-03-27,36,Married,1,Graduate,Salaried,Nurse,329200,Gurugram,Haryana,Owned,12,rajesh.rao107@outlook.com,+91-9799225371,Pending,2022-09-27
CUST102678,Rajesh,Chowdhury,Male,1977-10-21,48,Married,1,High School,Salaried,Sales Executive,154400,Coimbatore,Tamil Nadu,Owned,3,rajesh.chowdhury461@gmail.com,+91-8857005291,Verified,2019-06-29
CUST102679,Pooja,Chowdhury,Female,1969-04-05,57,Married,1,High School,Business Owner,Retail Store Owner,556600,Bhopal,Madhya Pradesh,Owned,9,pooja.chowdhury513@rediffmail.com,+91-8223077971,Verified,2013-09-26
CUST102680,Manish,Menon,Male,1974-02-01,52,Married,1,Graduate,Salaried,Software Engineer,951900,Ahmedabad,Gujarat,Owned,18,manish.menon10@yahoo.in,+91-9075752186,Verified,2022-04-28
CUST102681,Ishaan,Malhotra,Male,1974-02-21,52,Married,2,Graduate,Salaried,Software Engineer,294100,Mysuru,Karnataka,Rented,5,ishaan.malhotra267@gmail.com,+91-7623580999,Pending,2018-07-12
CUST102682,Kabir,Chopra,Male,1974-11-12,51,Single,3,High School,Self-Employed,Doctor (Practice),409800,Noida,Uttar Pradesh,Rented,10,kabir.chopra527@outlook.com,+91-7910339681,Pending,2024-03-19
CUST102683,Aditya,Ahmed,Male,1981-03-27,45,Single,0,Graduate,Salaried,Software Engineer,414500,Bhopal,Madhya Pradesh,Owned,8,aditya.ahmed120@yahoo.in,+91-7156555889,Pending,2022-06-24
CUST102684,Deepika,Bose,Female,1989-02-18,37,Divorced,1,Post Graduate,Salaried,Software Engineer,992000,Ahmedabad,Gujarat,Owned,11,deepika.bose720@outlook.com,+91-8665486551,Pending,2013-09-06
CUST102685,Nisha,Shah,Female,2004-11-05,21,Married,0,Post Graduate,Self-Employed,Freelance Designer,611800,Mumbai,Maharashtra,Mortgaged,3,nisha.shah614@rediffmail.com,+91-8628231358,Verified,2022-06-05
CUST102686,Ayaan,Bhat,Male,1981-01-15,45,Single,1,Diploma,Salaried,Teacher,306400,Gurugram,Haryana,Owned,11,ayaan.bhat313@gmail.com,+91-8349002276,Pending,2023-07-05
CUST102687,Vikram,Chopra,Male,1977-10-24,48,Single,3,Graduate,Salaried,Nurse,590800,Lucknow,Uttar Pradesh,Rented,15,vikram.chopra523@rediffmail.com,+91-9144692267,Verified,2013-08-22
CUST102688,Aarav,Khan,Male,1997-02-02,29,Married,0,High School,Salaried,Teacher,555100,Chandigarh,Chandigarh,Rented,11,aarav.khan699@rediffmail.com,+91-9814719914,Verified,2014-08-25
CUST102689,Ritu,Chowdhury,Female,1983-03-31,43,Widowed,0,Graduate,Self-Employed,Chartered Accountant,1400000,Indore,Madhya Pradesh,Family Owned,21,ritu.chowdhury851@yahoo.in,+91-8973025558,Verified,2017-12-29
CUST102690,Aarohi,Sheikh,Female,1972-07-06,53,Married,1,Post Graduate,Salaried,Analyst,713200,Kochi,Kerala,Family Owned,17,aarohi.sheikh978@rediffmail.com,+91-9518422842,Verified,2013-11-11
CUST102691,Ritu,Reddy,Female,1988-04-24,38,Married,2,Graduate,Self-Employed,Freelance Designer,229700,Kolkata,West Bengal,Owned,20,ritu.reddy603@rediffmail.com,+91-7570189718,Pending,2019-10-07
CUST102692,Ishaan,Bhat,Male,2002-02-27,24,Married,1,Post Graduate,Salaried,Analyst,543100,Noida,Uttar Pradesh,Owned,6,ishaan.bhat774@rediffmail.com,+91-8482378205,Verified,2023-11-15
CUST102693,Deepika,Khan,Female,1968-01-17,58,Single,2,Graduate,Business Owner,Manufacturer,388600,Mysuru,Karnataka,Mortgaged,9,deepika.khan281@gmail.com,+91-8660728614,Verified,2018-12-16
CUST102694,Ishaan,Mukherjee,Male,1973-01-11,53,Single,1,Graduate,Self-Employed,Freelance Designer,764400,Mysuru,Karnataka,Owned,15,ishaan.mukherjee629@yahoo.in,+91-9825100467,Verified,2016-07-21
CUST102695,Pooja,Das,Female,1981-03-04,45,Single,3,Professional Degree,Retired,Retired Private Sector,444200,Kolkata,West Bengal,Rented,22,pooja.das607@outlook.com,+91-7314520479,Verified,2020-01-08
CUST102696,Rohan,Iyer,Male,1990-09-19,35,Single,1,Graduate,Salaried,Teacher,462400,Nagpur,Maharashtra,Family Owned,17,rohan.iyer430@rediffmail.com,+91-7247456726,Pending,2015-05-01
CUST102697,Rahul,Sheikh,Male,1987-03-09,39,Married,1,Post Graduate,Salaried,Software Engineer,830400,Chennai,Tamil Nadu,Rented,13,rahul.sheikh565@rediffmail.com,+91-9797363040,Verified,2017-02-11
CUST102698,Suresh,Kapoor,Male,1998-09-12,27,Single,3,Diploma,Business Owner,Trader,263900,Surat,Gujarat,Rented,9,suresh.kapoor9@outlook.com,+91-7257759543,Verified,2020-09-18
CUST102699,Manish,Mukherjee,Male,2003-06-23,23,Single,0,Graduate,Unemployed,Student,136600,Pune,Maharashtra,Rented,5,manish.mukherjee157@yahoo.in,+91-7766974033,Pending,2023-08-16
CUST102700,Ayaan,Iyer,Male,1977-10-21,48,Single,2,High School,Self-Employed,Freelance Designer,641800,Kochi,Kerala,Owned,17,ayaan.iyer242@rediffmail.com,+91-8193425591,Verified,2016-07-24
CUST102701,Pranav,Verma,Male,1972-05-13,54,Married,1,Post Graduate,Business Owner,Manufacturer,1059500,Coimbatore,Tamil Nadu,Owned,7,pranav.verma723@outlook.com,+91-9360106930,Pending,2017-02-04
CUST102702,Riya,Chowdhury,Female,1954-08-04,71,Married,0,Graduate,Salaried,Nurse,1031400,Kochi,Kerala,Family Owned,21,riya.chowdhury645@yahoo.in,+91-8037029574,Verified,2024-04-17
CUST102703,Reyansh,Joshi,Male,1993-10-29,32,Single,0,Graduate,Salaried,HR Manager,384300,Nagpur,Maharashtra,Mortgaged,10,reyansh.joshi839@outlook.com,+91-9690271301,Pending,2020-09-07
CUST102704,Shreya,Verma,Female,1984-08-17,41,Married,1,Post Graduate,Self-Employed,Doctor (Practice),233100,Ahmedabad,Gujarat,Rented,1,shreya.verma317@rediffmail.com,+91-9435964535,Verified,2016-11-03
CUST102705,Karthik,Kulkarni,Male,1983-08-22,42,Single,2,Post Graduate,Retired,Retired Private Sector,228400,Gurugram,Haryana,Rented,23,karthik.kulkarni638@gmail.com,+91-8871376335,Verified,2022-06-07
CUST102706,Isha,Kaur,Female,1993-06-07,33,Married,1,Graduate,Salaried,HR Manager,351400,Jaipur,Rajasthan,Rented,1,isha.kaur812@rediffmail.com,+91-7752301208,Pending,2017-09-14
CUST102707,Rahul,Reddy,Male,1984-07-18,41,Married,0,Professional Degree,Unemployed,Not Employed,639300,Lucknow,Uttar Pradesh,Mortgaged,4,rahul.reddy120@yahoo.in,+91-9768748347,Verified,2021-09-20
CUST102708,Deepika,Mehta,Female,1982-11-04,43,Single,1,Professional Degree,Salaried,Sales Executive,1182200,Bhopal,Madhya Pradesh,Family Owned,4,deepika.mehta196@yahoo.in,+91-9870447724,Verified,2016-12-08
CUST102709,Aanya,Bhat,Female,1993-08-26,32,Married,2,Professional Degree,Salaried,Sales Executive,770400,Kolkata,West Bengal,Owned,4,aanya.bhat484@outlook.com,+91-9897992492,Pending,2015-03-28
CUST102710,Aadhya,Verma,Female,1993-07-26,32,Single,0,Graduate,Self-Employed,Chartered Accountant,468100,Nagpur,Maharashtra,Owned,11,aadhya.verma115@yahoo.in,+91-9143123608,Verified,2022-06-01
CUST102711,Yash,Sheikh,Male,1971-10-07,54,Married,3,Graduate,Unemployed,Homemaker,189900,Nagpur,Maharashtra,Owned,20,yash.sheikh811@gmail.com,+91-7881361764,Verified,2019-12-10
CUST102712,Anil,Mehta,Male,1981-11-03,44,Married,1,Diploma,Salaried,Software Engineer,783300,Bengaluru,Karnataka,Family Owned,17,anil.mehta988@gmail.com,+91-9665965002,Pending,2022-08-13
CUST102713,Amit,Singh,Male,1965-08-06,60,Married,1,Diploma,Business Owner,Retail Store Owner,862000,Kochi,Kerala,Family Owned,20,amit.singh549@rediffmail.com,+91-9273942739,Pending,2014-04-28
CUST102714,Suresh,Malhotra,Male,1990-04-14,36,Divorced,2,Post Graduate,Salaried,Sales Executive,583800,Coimbatore,Tamil Nadu,Owned,9,suresh.malhotra91@yahoo.in,+91-9376454183,Verified,2022-03-25
CUST102715,Vivaan,Naidu,Male,1994-12-14,31,Married,0,Professional Degree,Self-Employed,Chartered Accountant,617000,Chandigarh,Chandigarh,Owned,8,vivaan.naidu346@yahoo.in,+91-7211288558,Verified,2014-01-29
CUST102716,Sneha,Bhat,Female,1980-06-02,46,Single,4,Graduate,Salaried,Sales Executive,234200,Indore,Madhya Pradesh,Rented,20,sneha.bhat84@rediffmail.com,+91-8351884905,Pending,2016-05-11
CUST102717,Kavya,Malhotra,Female,1988-05-21,38,Married,1,Graduate,Salaried,HR Manager,259700,Surat,Gujarat,Rented,7,kavya.malhotra905@gmail.com,+91-9566457310,Verified,2016-04-08
CUST102718,Krishna,Chowdhury,Male,1975-05-09,51,Married,1,Diploma,Salaried,Analyst,409800,Jaipur,Rajasthan,Family Owned,5,krishna.chowdhury435@rediffmail.com,+91-9165799792,Verified,2015-12-08
CUST102719,Vikram,Reddy,Male,1994-09-22,31,Married,1,Graduate,Self-Employed,Doctor (Practice),688100,Kochi,Kerala,Mortgaged,13,vikram.reddy495@gmail.com,+91-7295049038,Verified,2017-10-02
CUST102720,Ayesha,Kaur,Female,1989-03-24,37,Married,2,Graduate,Salaried,Sales Executive,351600,Jaipur,Rajasthan,Owned,19,ayesha.kaur966@gmail.com,+91-7534869044,Pending,2016-09-19
CUST102721,Krishna,Ahmed,Male,2004-10-10,21,Single,0,Graduate,Business Owner,Contractor,290300,Indore,Madhya Pradesh,Family Owned,3,krishna.ahmed469@gmail.com,+91-9835601497,Verified,2024-04-13
CUST102722,Saanvi,Gupta,Female,1986-04-21,40,Divorced,1,Diploma,Business Owner,Restaurant Owner,1598500,Mysuru,Karnataka,Rented,7,saanvi.gupta823@yahoo.in,+91-8174521303,Pending,2024-02-26
CUST102723,Ishaan,Kaur,Male,1972-07-27,53,Married,3,Graduate,Self-Employed,Lawyer,652700,Surat,Gujarat,Owned,11,ishaan.kaur387@outlook.com,+91-9136503189,Pending,2018-07-03
CUST102724,Vikram,Rao,Male,2005-01-02,21,Divorced,1,Graduate,Self-Employed,Doctor (Practice),461700,Mumbai,Maharashtra,Rented,3,vikram.rao133@gmail.com,+91-7869708426,Verified,2022-04-21
CUST102725,Ishaan,Kaur,Male,1980-11-10,45,Single,4,Graduate,Salaried,HR Manager,436500,Noida,Uttar Pradesh,Rented,3,ishaan.kaur685@gmail.com,+91-9152285878,Verified,2023-11-24
CUST102726,Riya,Shah,Female,1991-02-27,35,Married,0,Graduate,Salaried,Analyst,553300,Pune,Maharashtra,Rented,7,riya.shah212@outlook.com,+91-8393775284,Pending,2019-09-21
CUST102727,Vihaan,Menon,Male,1986-03-15,40,Married,0,Post Graduate,Salaried,HR Manager,520200,Gurugram,Haryana,Rented,12,vihaan.menon460@yahoo.in,+91-7114243501,Verified,2019-09-17
CUST102728,Karthik,Iyer,Male,1990-06-17,36,Divorced,0,Graduate,Salaried,Software Engineer,419800,Mumbai,Maharashtra,Rented,18,karthik.iyer892@rediffmail.com,+91-8439069250,Pending,2022-04-12
CUST102729,Farhan,Chowdhury,Male,1968-07-25,57,Married,3,Graduate,Unemployed,Homemaker,120000,Nagpur,Maharashtra,Family Owned,8,farhan.chowdhury881@outlook.com,+91-8796195522,Pending,2016-02-10
CUST102730,Karthik,Das,Male,1981-04-14,45,Single,1,Post Graduate,Self-Employed,Freelance Designer,1671400,Chennai,Tamil Nadu,Rented,11,karthik.das248@yahoo.in,+91-8276106963,Verified,2021-05-17
CUST102731,Fatima,Kulkarni,Female,1981-11-15,44,Single,1,Graduate,Salaried,Accountant,247900,Jaipur,Rajasthan,Owned,5,fatima.kulkarni690@rediffmail.com,+91-9330078117,Verified,2017-08-13
CUST102732,Manish,Naidu,Male,1990-06-18,36,Single,3,Diploma,Salaried,Nurse,235900,Jaipur,Rajasthan,Mortgaged,18,manish.naidu268@outlook.com,+91-8458561759,Verified,2014-10-19
CUST102733,Sneha,Nair,Female,1985-11-03,40,Married,3,Post Graduate,Salaried,HR Manager,499900,Noida,Uttar Pradesh,Rented,11,sneha.nair872@gmail.com,+91-9118039495,Verified,2022-12-04
CUST102734,Saanvi,Nair,Female,1978-10-20,47,Married,1,Post Graduate,Retired,Pensioner,506000,Indore,Madhya Pradesh,Owned,18,saanvi.nair84@rediffmail.com,+91-9660478031,Pending,2018-07-01
CUST102735,Deepak,Gupta,Male,2005-05-20,21,Married,1,Professional Degree,Self-Employed,Freelance Designer,770800,Nagpur,Maharashtra,Rented,3,deepak.gupta840@outlook.com,+91-9191874042,Verified,2022-05-22
CUST102736,Isha,Mukherjee,Female,1968-08-23,57,Single,1,Graduate,Self-Employed,Freelance Designer,649500,Kochi,Kerala,Rented,13,isha.mukherjee318@yahoo.in,+91-9510833940,Pending,2022-12-06
CUST102737,Farhan,Ahmed,Male,1992-09-12,33,Married,1,Graduate,Salaried,Bank Officer,918800,Mumbai,Maharashtra,Owned,2,farhan.ahmed226@rediffmail.com,+91-8224260075,Verified,2014-08-06
CUST102738,Arjun,Nair,Male,1984-01-17,42,Married,1,Diploma,Salaried,Analyst,300100,Pune,Maharashtra,Owned,13,arjun.nair985@outlook.com,+91-7647352565,Verified,2017-06-30
CUST102739,Anjali,Kaur,Female,1997-03-28,29,Divorced,3,Post Graduate,Business Owner,Trader,403400,Bengaluru,Karnataka,Mortgaged,11,anjali.kaur729@rediffmail.com,+91-9687171564,Verified,2019-05-05
CUST102740,Sandeep,Banerjee,Male,1977-11-07,48,Married,2,Graduate,Salaried,Analyst,522800,Indore,Madhya Pradesh,Owned,17,sandeep.banerjee993@gmail.com,+91-7555250948,Verified,2014-04-11
CUST102741,Vikram,Singh,Male,2004-07-11,21,Divorced,1,Graduate,Retired,Retired Private Sector,455100,Gurugram,Haryana,Owned,3,vikram.singh65@yahoo.in,+91-9026211153,Verified,2024-02-10
CUST102742,Diya,Bose,Female,2004-10-14,21,Married,1,Graduate,Salaried,Nurse,220700,Noida,Uttar Pradesh,Rented,3,diya.bose343@yahoo.in,+91-9293138214,Verified,2022-10-03
CUST102743,Rajesh,Ahmed,Male,1993-10-22,32,Married,2,Graduate,Self-Employed,Architect,213900,Bhopal,Madhya Pradesh,Rented,8,rajesh.ahmed739@rediffmail.com,+91-7582712536,Verified,2013-12-08
CUST102744,Shreya,Nair,Female,1985-08-13,40,Married,1,Diploma,Self-Employed,Architect,590100,Noida,Uttar Pradesh,Rented,22,shreya.nair36@gmail.com,+91-9754529782,Verified,2017-09-10
CUST102745,Pranav,Kapoor,Male,2004-10-06,21,Married,1,Graduate,Unemployed,Student,188500,Indore,Madhya Pradesh,Family Owned,1,pranav.kapoor959@gmail.com,+91-8194317185,Verified,2024-02-23
CUST102746,Kavya,Malhotra,Female,1984-12-30,41,Single,3,Graduate,Salaried,Software Engineer,330200,Mysuru,Karnataka,Owned,18,kavya.malhotra645@rediffmail.com,+91-9734649692,Verified,2021-04-14
CUST102747,Priya,Rao,Female,1993-08-08,32,Single,2,Diploma,Self-Employed,Chartered Accountant,245600,Kolkata,West Bengal,Owned,14,priya.rao152@outlook.com,+91-7797172495,Verified,2023-02-01
CUST102748,Tanvi,Singh,Female,1992-04-19,34,Married,2,Post Graduate,Salaried,Accountant,876500,Pune,Maharashtra,Rented,0,tanvi.singh155@yahoo.in,+91-8952048739,Pending,2023-08-31
CUST102749,Aarohi,Malhotra,Female,1989-08-17,36,Married,0,Graduate,Salaried,Accountant,428600,Mumbai,Maharashtra,Rented,11,aarohi.malhotra341@rediffmail.com,+91-8462054205,Verified,2018-06-07
CUST102750,Imran,Shah,Male,1995-11-18,30,Married,2,Graduate,Salaried,Teacher,331800,Bhopal,Madhya Pradesh,Rented,12,imran.shah903@outlook.com,+91-8460569308,Pending,2019-04-23
CUST102751,Reyansh,Kapoor,Male,1991-09-08,34,Married,1,Post Graduate,Retired,Pensioner,249700,Delhi,Delhi,Rented,16,reyansh.kapoor315@outlook.com,+91-8642942342,Verified,2015-12-20
CUST102752,Sneha,Mukherjee,Female,1979-06-18,47,Single,2,Post Graduate,Self-Employed,Chartered Accountant,573500,Surat,Gujarat,Mortgaged,1,sneha.mukherjee194@yahoo.in,+91-9735468261,Pending,2018-01-20
CUST102753,Vikram,Joshi,Male,1956-05-18,70,Divorced,2,Post Graduate,Salaried,Accountant,289300,Jaipur,Rajasthan,Owned,21,vikram.joshi945@outlook.com,+91-8554440061,Pending,2021-11-17
CUST102754,Ritu,Kaur,Female,1994-04-28,32,Married,0,Professional Degree,Business Owner,Restaurant Owner,1247200,Delhi,Delhi,Owned,14,ritu.kaur417@yahoo.in,+91-9478660866,Verified,2016-07-21
CUST102755,Aditya,Menon,Male,1982-05-14,44,Married,2,Graduate,Business Owner,Contractor,1032500,Noida,Uttar Pradesh,Rented,4,aditya.menon18@outlook.com,+91-9235342887,Verified,2018-11-22
CUST102756,Nikhil,Joshi,Male,1985-07-17,40,Married,1,Graduate,Salaried,Software Engineer,1111600,Jaipur,Rajasthan,Rented,14,nikhil.joshi535@outlook.com,+91-7638524274,Verified,2021-09-12
CUST102757,Nikhil,Naidu,Male,1965-12-14,60,Married,2,Graduate,Salaried,Analyst,315400,Nagpur,Maharashtra,Owned,20,nikhil.naidu906@yahoo.in,+91-7855225013,Verified,2021-04-03
CUST102758,Imran,Bhat,Male,1973-12-20,52,Married,1,Graduate,Salaried,Bank Officer,550200,Pune,Maharashtra,Family Owned,9,imran.bhat143@outlook.com,+91-8352030930,Pending,2015-01-20
CUST102759,Aadhya,Deshpande,Female,1992-09-05,33,Married,1,Graduate,Self-Employed,Doctor (Practice),842400,Bhopal,Madhya Pradesh,Mortgaged,4,aadhya.deshpande892@yahoo.in,+91-7949814391,Pending,2021-06-28
CUST102760,Neha,Bhat,Female,1983-11-09,42,Married,1,Graduate,Salaried,Software Engineer,324300,Bhopal,Madhya Pradesh,Owned,14,neha.bhat91@rediffmail.com,+91-8853249948,Verified,2019-02-07
CUST102761,Rajesh,Ahmed,Male,1994-07-01,32,Married,2,Graduate,Salaried,Analyst,277700,Delhi,Delhi,Family Owned,14,rajesh.ahmed139@gmail.com,+91-7898333581,Verified,2019-01-31
CUST102762,Vihaan,Reddy,Male,1989-10-29,36,Single,1,Diploma,Salaried,Teacher,566900,Kochi,Kerala,Rented,11,vihaan.reddy204@yahoo.in,+91-7843896559,Pending,2016-09-02
CUST102763,Aditya,Mehta,Male,1977-02-14,49,Married,2,High School,Salaried,Analyst,198000,Chennai,Tamil Nadu,Family Owned,0,aditya.mehta108@outlook.com,+91-9116866922,Verified,2021-11-15
CUST102764,Priya,Kapoor,Female,1973-02-20,53,Married,2,Diploma,Self-Employed,Consultant,618300,Chandigarh,Chandigarh,Owned,4,priya.kapoor164@rediffmail.com,+91-7586718847,Verified,2018-03-07
CUST102765,Sandeep,Patel,Male,1978-08-29,47,Widowed,0,Graduate,Self-Employed,Chartered Accountant,847200,Kolkata,West Bengal,Owned,1,sandeep.patel309@yahoo.in,+91-9053836192,Pending,2018-05-15
CUST102766,Suresh,Sheikh,Male,1987-09-30,38,Married,0,Graduate,Salaried,Nurse,452500,Mumbai,Maharashtra,Owned,8,suresh.sheikh747@outlook.com,+91-7147587166,Verified,2023-11-02
CUST102767,Anil,Bose,Male,1987-07-09,38,Married,4,Graduate,Unemployed,Not Employed,153300,Ahmedabad,Gujarat,Owned,19,anil.bose669@rediffmail.com,+91-9396286713,Verified,2020-06-20
CUST102768,Riya,Das,Female,2000-09-06,25,Married,3,Graduate,Business Owner,Retail Store Owner,238300,Ahmedabad,Gujarat,Owned,5,riya.das987@gmail.com,+91-9631429088,Pending,2023-03-15
CUST102769,Ananya,Verma,Female,1998-09-25,27,Married,1,Graduate,Salaried,HR Manager,698800,Lucknow,Uttar Pradesh,Rented,9,ananya.verma372@outlook.com,+91-8110292975,Pending,2023-02-16
CUST102770,Rajesh,Khan,Male,1980-05-22,46,Married,1,Graduate,Unemployed,Not Employed,134200,Kolkata,West Bengal,Owned,23,rajesh.khan342@rediffmail.com,+91-9440366643,Verified,2017-05-23
CUST102771,Vivaan,Banerjee,Male,2004-11-09,21,Single,1,Graduate,Salaried,Nurse,450700,Ahmedabad,Gujarat,Mortgaged,2,vivaan.banerjee347@outlook.com,+91-9030961894,Verified,2022-02-22
CUST102772,Deepika,Chowdhury,Female,1971-02-20,55,Married,0,Graduate,Salaried,Teacher,1480700,Surat,Gujarat,Owned,14,deepika.chowdhury535@gmail.com,+91-7979680488,Pending,2022-08-11
CUST102773,Yash,Singh,Male,1976-05-20,50,Married,4,Post Graduate,Salaried,Sales Executive,1377400,Kochi,Kerala,Mortgaged,8,yash.singh255@outlook.com,+91-9422337600,Verified,2023-04-06
CUST102774,Deepika,Shah,Female,2000-11-26,25,Single,0,Diploma,Self-Employed,Architect,373600,Mumbai,Maharashtra,Owned,0,deepika.shah536@rediffmail.com,+91-8778397580,Pending,2024-02-10
CUST102775,Deepak,Ahmed,Male,1975-10-09,50,Married,1,Diploma,Salaried,HR Manager,296400,Nagpur,Maharashtra,Owned,9,deepak.ahmed251@yahoo.in,+91-9878452719,Verified,2024-01-27
CUST102776,Anjali,Kapoor,Female,1980-03-11,46,Married,0,Graduate,Salaried,Bank Officer,417200,Mysuru,Karnataka,Mortgaged,12,anjali.kapoor735@yahoo.in,+91-9160106530,Verified,2020-03-04
CUST102777,Fatima,Kulkarni,Female,2004-07-13,21,Married,1,Post Graduate,Business Owner,Manufacturer,437900,Bengaluru,Karnataka,Rented,3,fatima.kulkarni584@rediffmail.com,+91-8450171060,Pending,2024-03-20
CUST102778,Karthik,Bhat,Male,1972-05-26,54,Married,1,Diploma,Salaried,Bank Officer,324200,Jaipur,Rajasthan,Owned,17,karthik.bhat623@gmail.com,+91-8943175374,Verified,2020-04-12
CUST102779,Harsh,Joshi,Male,1983-10-08,42,Divorced,3,Graduate,Self-Employed,Architect,615300,Pune,Maharashtra,Mortgaged,0,harsh.joshi509@rediffmail.com,+91-9611932804,Verified,2023-02-03
CUST102780,Kabir,Mehta,Male,1976-09-16,49,Married,1,Diploma,Self-Employed,Consultant,417300,Delhi,Delhi,Owned,24,kabir.mehta476@outlook.com,+91-9756470078,Pending,2016-10-16
CUST102781,Pranav,Gupta,Male,1974-04-30,52,Single,2,Post Graduate,Salaried,Nurse,663000,Bhopal,Madhya Pradesh,Owned,5,pranav.gupta811@rediffmail.com,+91-9849234525,Verified,2013-11-21
CUST102782,Divya,Khan,Female,1992-05-10,34,Single,0,High School,Salaried,Nurse,369700,Jaipur,Rajasthan,Rented,9,divya.khan966@yahoo.in,+91-8281446870,Pending,2023-08-09
CUST102783,Dev,Naidu,Male,1990-08-11,35,Single,3,Professional Degree,Self-Employed,Consultant,1358700,Chennai,Tamil Nadu,Rented,6,dev.naidu870@rediffmail.com,+91-8367289860,Pending,2022-04-13
CUST102784,Suresh,Reddy,Male,1998-08-26,27,Married,1,Diploma,Self-Employed,Freelance Designer,352900,Hyderabad,Telangana,Rented,9,suresh.reddy584@yahoo.in,+91-7520504292,Verified,2015-08-10
CUST102785,Ayaan,Verma,Male,1989-03-06,37,Single,1,Post Graduate,Retired,Pensioner,361600,Delhi,Delhi,Owned,18,ayaan.verma924@yahoo.in,+91-8125322260,Verified,2019-07-15
CUST102786,Dev,Chowdhury,Male,1974-08-20,51,Married,0,Professional Degree,Salaried,HR Manager,504000,Jaipur,Rajasthan,Family Owned,19,dev.chowdhury314@gmail.com,+91-9789272140,Verified,2016-02-23
CUST102787,Nikhil,Ahmed,Male,1969-02-04,57,Married,0,Graduate,Self-Employed,Chartered Accountant,539900,Chandigarh,Chandigarh,Rented,12,nikhil.ahmed298@gmail.com,+91-9743843360,Pending,2016-08-25
CUST102788,Dev,Gill,Male,1964-06-28,62,Married,2,Professional Degree,Salaried,Analyst,1193400,Kochi,Kerala,Rented,5,dev.gill267@rediffmail.com,+91-9395585835,Verified,2021-10-16
CUST102789,Isha,Nair,Female,1967-07-24,58,Married,2,Post Graduate,Salaried,HR Manager,1462200,Ahmedabad,Gujarat,Owned,16,isha.nair168@rediffmail.com,+91-9479551607,Pending,2023-06-01
CUST102790,Lakshmi,Mehta,Female,1984-04-20,42,Married,0,Graduate,Salaried,Software Engineer,764000,Hyderabad,Telangana,Owned,0,lakshmi.mehta666@yahoo.in,+91-8557211934,Verified,2019-11-06
CUST102791,Suresh,Patel,Male,1992-04-22,34,Single,1,Professional Degree,Salaried,Nurse,1964600,Coimbatore,Tamil Nadu,Owned,2,suresh.patel597@outlook.com,+91-7897105624,Pending,2020-07-13
CUST102792,Neha,Naidu,Female,2000-04-28,26,Married,4,Graduate,Business Owner,Restaurant Owner,523200,Nagpur,Maharashtra,Rented,8,neha.naidu592@outlook.com,+91-7826173462,Verified,2017-11-06
CUST102793,Rahul,Kapoor,Male,1991-06-05,35,Married,0,Graduate,Self-Employed,Doctor (Practice),244500,Bengaluru,Karnataka,Family Owned,17,rahul.kapoor719@yahoo.in,+91-7292269609,Verified,2017-04-11
CUST102794,Ayesha,Das,Female,1995-01-05,31,Married,4,Post Graduate,Self-Employed,Chartered Accountant,500600,Bengaluru,Karnataka,Owned,1,ayesha.das558@yahoo.in,+91-9338578455,Verified,2015-01-05
CUST102795,Meera,Sharma,Female,1984-06-19,42,Single,1,Diploma,Salaried,Nurse,453100,Mumbai,Maharashtra,Mortgaged,23,meera.sharma733@gmail.com,+91-9423360214,Verified,2018-04-05
CUST102796,Sowmya,Singh,Female,1983-11-18,42,Married,1,High School,Retired,Retired Private Sector,146700,Coimbatore,Tamil Nadu,Owned,23,sowmya.singh338@rediffmail.com,+91-9074847348,Pending,2017-08-17
CUST102797,Dev,Menon,Male,1975-04-28,51,Single,4,High School,Business Owner,Manufacturer,120000,Chennai,Tamil Nadu,Rented,4,dev.menon570@outlook.com,+91-8914985605,Pending,2015-04-12
CUST102798,Dev,Malhotra,Male,1977-03-10,49,Single,4,Professional Degree,Business Owner,Trader,737700,Ahmedabad,Gujarat,Rented,4,dev.malhotra338@gmail.com,+91-8380338360,Verified,2015-05-21
CUST102799,Sandeep,Khan,Male,1987-08-31,38,Single,1,Graduate,Salaried,Accountant,372800,Ahmedabad,Gujarat,Mortgaged,17,sandeep.khan672@gmail.com,+91-7845485644,Pending,2023-03-10
CUST102800,Imran,Naidu,Male,1999-09-21,26,Single,1,Graduate,Self-Employed,Doctor (Practice),493500,Gurugram,Haryana,Rented,4,imran.naidu859@yahoo.in,+91-8679313257,Verified,2019-10-05
CUST102801,Anjali,Nair,Female,1996-10-07,29,Married,1,Graduate,Salaried,Software Engineer,151300,Coimbatore,Tamil Nadu,Mortgaged,11,anjali.nair715@rediffmail.com,+91-9866247393,Verified,2015-02-02
CUST102802,Shreya,Kulkarni,Female,1982-08-22,43,Divorced,2,Diploma,Retired,Pensioner,335300,Hyderabad,Telangana,Rented,3,shreya.kulkarni777@outlook.com,+91-7234424736,Verified,2020-12-31
CUST102803,Zara,Kulkarni,Female,2005-06-08,21,Married,3,Post Graduate,Salaried,Teacher,341900,Noida,Uttar Pradesh,Mortgaged,3,zara.kulkarni795@gmail.com,+91-8985673920,Verified,2021-08-17
CUST102804,Nisha,Chopra,Female,2004-06-05,22,Single,3,Post Graduate,Retired,Pensioner,621400,Ahmedabad,Gujarat,Family Owned,4,nisha.chopra953@outlook.com,+91-7372995846,Verified,2023-02-14
CUST102805,Zara,Iyer,Female,2003-07-04,23,Single,0,Post Graduate,Self-Employed,Lawyer,365100,Ahmedabad,Gujarat,Owned,5,zara.iyer174@yahoo.in,+91-9613554436,Pending,2023-12-18
CUST102806,Anika,Kaur,Female,1977-03-05,49,Married,0,Graduate,Salaried,Nurse,580400,Bhopal,Madhya Pradesh,Mortgaged,21,anika.kaur729@outlook.com,+91-9890683688,Verified,2015-03-13
CUST102807,Anika,Chopra,Female,1994-04-11,32,Single,3,Diploma,Unemployed,Homemaker,120000,Kolkata,West Bengal,Rented,9,anika.chopra969@outlook.com,+91-7318595867,Verified,2016-12-23
CUST102808,Ayaan,Sharma,Male,1973-06-24,53,Married,2,Graduate,Salaried,Software Engineer,278900,Lucknow,Uttar Pradesh,Rented,24,ayaan.sharma727@yahoo.in,+91-9065880499,Verified,2014-11-18
CUST102809,Ishaan,Reddy,Male,2002-02-20,24,Single,0,High School,Self-Employed,Freelance Designer,249500,Kolkata,West Bengal,Owned,6,ishaan.reddy456@yahoo.in,+91-7738685844,Pending,2022-09-09
CUST102810,Pranav,Naidu,Male,1994-08-10,31,Married,2,Graduate,Salaried,Accountant,447600,Jaipur,Rajasthan,Owned,13,pranav.naidu705@gmail.com,+91-9763704128,Verified,2015-12-05
CUST102811,Rahul,Joshi,Male,1987-10-13,38,Married,1,Post Graduate,Retired,Pensioner,352100,Delhi,Delhi,Mortgaged,9,rahul.joshi603@yahoo.in,+91-9341375486,Pending,2014-11-04
CUST102812,Aarav,Verma,Male,1993-07-25,32,Single,2,Professional Degree,Salaried,Software Engineer,351000,Indore,Madhya Pradesh,Owned,13,aarav.verma28@outlook.com,+91-9087628855,Verified,2017-11-13
CUST102813,Aadhya,Reddy,Female,1984-04-25,42,Single,1,Graduate,Business Owner,Contractor,690900,Delhi,Delhi,Family Owned,19,aadhya.reddy370@rediffmail.com,+91-8179181013,Verified,2018-12-07
CUST102814,Kabir,Chowdhury,Male,1981-02-13,45,Widowed,0,Graduate,Salaried,Teacher,392800,Indore,Madhya Pradesh,Owned,5,kabir.chowdhury91@rediffmail.com,+91-9732036811,Verified,2016-06-22
CUST102815,Priya,Iyer,Female,2004-12-03,21,Divorced,4,Post Graduate,Business Owner,Contractor,1623200,Kolkata,West Bengal,Rented,3,priya.iyer809@yahoo.in,+91-7164586089,Pending,2021-10-09
CUST102816,Ritu,Sharma,Female,1965-12-23,60,Married,1,Graduate,Self-Employed,Freelance Designer,283900,Surat,Gujarat,Rented,4,ritu.sharma15@gmail.com,+91-9811164719,Pending,2021-06-01
CUST102817,Farhan,Banerjee,Male,2002-05-16,24,Single,2,Graduate,Salaried,Analyst,164800,Bhopal,Madhya Pradesh,Family Owned,6,farhan.banerjee653@gmail.com,+91-9295829380,Pending,2023-12-08
CUST102818,Zaid,Bhat,Male,1983-07-18,42,Married,1,Graduate,Salaried,Bank Officer,1327200,Chennai,Tamil Nadu,Family Owned,13,zaid.bhat859@rediffmail.com,+91-8151438367,Verified,2019-06-04
CUST102819,Sana,Bose,Female,1983-03-26,43,Married,1,Graduate,Salaried,HR Manager,120000,Gurugram,Haryana,Family Owned,16,sana.bose358@yahoo.in,+91-7787328979,Verified,2015-06-13
CUST102820,Ananya,Bose,Female,1991-09-06,34,Widowed,0,Graduate,Salaried,Analyst,338800,Kochi,Kerala,Mortgaged,16,ananya.bose266@yahoo.in,+91-7679761291,Verified,2017-04-03
CUST102821,Meera,Gill,Female,1989-04-09,37,Married,2,Graduate,Salaried,Software Engineer,733500,Chennai,Tamil Nadu,Rented,7,meera.gill760@gmail.com,+91-8675458315,Verified,2019-12-27
CUST102822,Nikhil,Gupta,Male,2002-12-16,23,Married,4,Graduate,Salaried,Accountant,162100,Lucknow,Uttar Pradesh,Rented,5,nikhil.gupta584@outlook.com,+91-9247499580,Pending,2024-03-12
CUST102823,Riya,Menon,Female,1995-06-12,31,Married,0,Post Graduate,Salaried,Sales Executive,1398200,Mysuru,Karnataka,Owned,12,riya.menon483@yahoo.in,+91-7447264142,Verified,2024-04-18
CUST102824,Divya,Joshi,Female,1996-07-06,29,Married,2,Post Graduate,Self-Employed,Architect,685900,Nagpur,Maharashtra,Family Owned,4,divya.joshi652@outlook.com,+91-9526316814,Pending,2015-04-30
CUST102825,Lakshmi,Nair,Female,1985-04-24,41,Divorced,2,Diploma,Salaried,Nurse,785100,Mumbai,Maharashtra,Mortgaged,10,lakshmi.nair758@yahoo.in,+91-8778975287,Pending,2016-12-11
CUST102826,Dev,Naidu,Male,1991-06-12,35,Married,0,Professional Degree,Business Owner,Retail Store Owner,1088800,Hyderabad,Telangana,Mortgaged,5,dev.naidu405@gmail.com,+91-8737097829,Verified,2023-02-18
CUST102827,Diya,Ahmed,Female,1997-12-22,28,Single,2,Graduate,Salaried,Teacher,858500,Mumbai,Maharashtra,Rented,10,diya.ahmed748@gmail.com,+91-8943367033,Verified,2015-10-18
CUST102828,Kabir,Malhotra,Male,1998-02-14,28,Divorced,0,Post Graduate,Self-Employed,Freelance Designer,457300,Ahmedabad,Gujarat,Family Owned,10,kabir.malhotra491@rediffmail.com,+91-8040287373,Verified,2023-09-02
CUST102829,Nisha,Gill,Female,1980-11-11,45,Single,2,Graduate,Unemployed,Homemaker,246500,Bengaluru,Karnataka,Owned,13,nisha.gill315@yahoo.in,+91-7335758188,Verified,2022-08-11
CUST102830,Reyansh,Naidu,Male,1980-09-15,45,Married,2,Diploma,Self-Employed,Freelance Designer,398300,Coimbatore,Tamil Nadu,Owned,11,reyansh.naidu121@yahoo.in,+91-8380271264,Verified,2019-04-02
CUST102831,Sandeep,Shah,Male,1955-04-19,71,Married,1,High School,Business Owner,Restaurant Owner,258400,Indore,Madhya Pradesh,Owned,9,sandeep.shah165@gmail.com,+91-8391308031,Pending,2018-02-20
CUST102832,Swati,Sharma,Female,1989-02-05,37,Single,1,Post Graduate,Salaried,Analyst,267100,Nagpur,Maharashtra,Owned,5,swati.sharma518@gmail.com,+91-8992067010,Verified,2020-03-19
CUST102833,Aditya,Reddy,Male,2000-06-05,26,Single,3,Graduate,Self-Employed,Consultant,479500,Chandigarh,Chandigarh,Owned,8,aditya.reddy470@yahoo.in,+91-9073130821,Pending,2018-12-14
CUST102834,Manish,Kapoor,Male,1989-06-20,37,Married,0,Diploma,Salaried,Teacher,253000,Delhi,Delhi,Family Owned,2,manish.kapoor210@outlook.com,+91-9257765856,Verified,2020-09-03
CUST102835,Harsh,Das,Male,1980-03-26,46,Single,1,Graduate,Self-Employed,Freelance Designer,721500,Lucknow,Uttar Pradesh,Rented,5,harsh.das688@gmail.com,+91-8259864448,Verified,2023-10-07
CUST102836,Farhan,Chopra,Male,1996-07-08,29,Single,4,Post Graduate,Salaried,Analyst,463700,Pune,Maharashtra,Mortgaged,11,farhan.chopra513@gmail.com,+91-9241635393,Pending,2019-06-11
CUST102837,Anil,Deshpande,Male,1997-02-03,29,Divorced,4,Professional Degree,Unemployed,Student,206100,Noida,Uttar Pradesh,Mortgaged,11,anil.deshpande652@outlook.com,+91-7463643219,Pending,2013-09-26
CUST102838,Aditya,Malhotra,Male,1985-06-02,41,Single,1,Post Graduate,Self-Employed,Architect,525100,Indore,Madhya Pradesh,Owned,16,aditya.malhotra934@yahoo.in,+91-9055886827,Verified,2024-06-22
CUST102839,Dev,Khan,Male,1978-04-05,48,Married,3,Graduate,Unemployed,Not Employed,120000,Bengaluru,Karnataka,Owned,9,dev.khan319@gmail.com,+91-7399256963,Verified,2013-07-05
CUST102840,Zaid,Deshpande,Male,2005-02-17,21,Single,1,Diploma,Salaried,Teacher,433500,Gurugram,Haryana,Family Owned,3,zaid.deshpande299@gmail.com,+91-9442023202,Verified,2023-05-18
CUST102841,Rajesh,Sheikh,Male,1998-06-17,28,Married,1,High School,Business Owner,Retail Store Owner,259100,Pune,Maharashtra,Owned,9,rajesh.sheikh454@yahoo.in,+91-8018913583,Verified,2015-03-03
CUST102842,Amit,Das,Male,1974-05-29,52,Married,2,Post Graduate,Salaried,HR Manager,1036400,Bhopal,Madhya Pradesh,Mortgaged,19,amit.das135@gmail.com,+91-8545477948,Pending,2015-02-20
CUST102843,Ishaan,Malhotra,Male,1976-05-20,50,Divorced,2,Diploma,Salaried,Sales Executive,415300,Chandigarh,Chandigarh,Mortgaged,1,ishaan.malhotra947@gmail.com,+91-8023055765,Verified,2021-12-22
CUST102844,Anjali,Sharma,Female,2003-04-03,23,Married,1,Graduate,Salaried,HR Manager,481700,Jaipur,Rajasthan,Rented,5,anjali.sharma514@outlook.com,+91-8368903380,Verified,2021-09-20
CUST102845,Divya,Nair,Female,1987-06-09,39,Single,2,Diploma,Self-Employed,Chartered Accountant,346100,Chennai,Tamil Nadu,Rented,20,divya.nair76@yahoo.in,+91-7755966456,Verified,2018-02-23
CUST102846,Arjun,Joshi,Male,1975-12-14,50,Widowed,1,Graduate,Salaried,HR Manager,602900,Mysuru,Karnataka,Owned,7,arjun.joshi26@outlook.com,+91-9084770237,Pending,2018-01-11
CUST102847,Arjun,Kulkarni,Male,1979-11-05,46,Widowed,2,Post Graduate,Retired,Retired Government Employee,393000,Gurugram,Haryana,Family Owned,5,arjun.kulkarni51@outlook.com,+91-7082500922,Verified,2013-11-30
CUST102848,Vivaan,Kaur,Male,1996-04-04,30,Single,1,Graduate,Business Owner,Retail Store Owner,365200,Bhopal,Madhya Pradesh,Owned,5,vivaan.kaur347@yahoo.in,+91-8493959422,Verified,2024-03-27
CUST102849,Tanvi,Naidu,Female,1980-11-26,45,Married,1,Professional Degree,Salaried,Sales Executive,1017400,Coimbatore,Tamil Nadu,Mortgaged,24,tanvi.naidu734@outlook.com,+91-8222460542,Pending,2021-01-06
CUST102850,Krishna,Mehta,Male,1984-07-22,41,Married,0,Graduate,Unemployed,Student,139700,Mumbai,Maharashtra,Rented,23,krishna.mehta449@yahoo.in,+91-9111242373,Verified,2020-03-10
CUST102851,Kabir,Sharma,Male,1984-01-25,42,Married,0,Post Graduate,Business Owner,Contractor,2293600,Chandigarh,Chandigarh,Family Owned,15,kabir.sharma418@gmail.com,+91-9571814816,Pending,2022-10-12
CUST102852,Ananya,Kaur,Female,1987-11-01,38,Married,2,Graduate,Self-Employed,Architect,416000,Indore,Madhya Pradesh,Rented,1,ananya.kaur894@yahoo.in,+91-7417724472,Pending,2014-05-10
CUST102853,Vikram,Patel,Male,1982-10-26,43,Married,2,High School,Salaried,Analyst,170400,Bhopal,Madhya Pradesh,Family Owned,14,vikram.patel928@yahoo.in,+91-7329510549,Verified,2017-09-21
CUST102854,Vikram,Mehta,Male,1981-11-19,44,Single,3,Professional Degree,Self-Employed,Architect,950400,Chennai,Tamil Nadu,Owned,7,vikram.mehta212@rediffmail.com,+91-9120317002,Verified,2016-03-31
CUST102855,Ananya,Chopra,Female,2000-02-15,26,Married,0,Professional Degree,Business Owner,Retail Store Owner,483200,Chandigarh,Chandigarh,Owned,2,ananya.chopra865@gmail.com,+91-7723713388,Verified,2017-11-21
CUST102856,Yash,Sheikh,Male,1971-04-22,55,Single,1,Post Graduate,Salaried,Nurse,719800,Pune,Maharashtra,Owned,10,yash.sheikh89@gmail.com,+91-7958339565,Verified,2022-09-23
CUST102857,Fatima,Kulkarni,Female,1985-04-30,41,Married,1,Graduate,Salaried,Nurse,329300,Lucknow,Uttar Pradesh,Rented,23,fatima.kulkarni116@yahoo.in,+91-9292197827,Pending,2015-11-20
CUST102858,Kabir,Nair,Male,1981-12-22,44,Single,2,Diploma,Salaried,Teacher,243600,Bengaluru,Karnataka,Mortgaged,19,kabir.nair813@gmail.com,+91-9383028205,Pending,2019-03-10
CUST102859,Karthik,Das,Male,1994-03-13,32,Single,0,High School,Salaried,HR Manager,284800,Delhi,Delhi,Mortgaged,2,karthik.das528@yahoo.in,+91-9515336618,Verified,2019-07-16
CUST102860,Krishna,Mehta,Male,1984-11-06,41,Married,1,Diploma,Self-Employed,Lawyer,382300,Pune,Maharashtra,Rented,23,krishna.mehta684@gmail.com,+91-8162904122,Pending,2020-06-27
CUST102861,Lakshmi,Nair,Female,1967-03-17,59,Married,2,High School,Business Owner,Contractor,1759800,Nagpur,Maharashtra,Owned,23,lakshmi.nair176@rediffmail.com,+91-7567652460,Verified,2013-11-12
CUST102862,Diya,Chowdhury,Female,1995-04-02,31,Single,1,Graduate,Retired,Retired Government Employee,123300,Gurugram,Haryana,Owned,0,diya.chowdhury387@outlook.com,+91-9579921983,Pending,2013-07-03
CUST102863,Pooja,Gill,Female,1982-12-08,43,Divorced,1,Post Graduate,Salaried,Sales Executive,683600,Surat,Gujarat,Family Owned,21,pooja.gill409@outlook.com,+91-7191552609,Verified,2020-11-12
CUST102864,Aarav,Chopra,Male,1989-06-14,37,Married,2,Graduate,Salaried,Teacher,333200,Nagpur,Maharashtra,Owned,18,aarav.chopra152@yahoo.in,+91-7276099153,Verified,2022-07-31
CUST102865,Meera,Kapoor,Female,1979-10-12,46,Single,0,Diploma,Retired,Retired Private Sector,131800,Bhopal,Madhya Pradesh,Family Owned,4,meera.kapoor408@gmail.com,+91-9831085831,Pending,2016-04-10
CUST102866,Dev,Ahmed,Male,1995-11-01,30,Divorced,2,Diploma,Unemployed,Homemaker,120000,Ahmedabad,Gujarat,Mortgaged,3,dev.ahmed447@rediffmail.com,+91-8210805639,Pending,2018-01-17
CUST102867,Anil,Banerjee,Male,1995-10-31,30,Single,2,Post Graduate,Salaried,Software Engineer,396000,Jaipur,Rajasthan,Family Owned,0,anil.banerjee591@gmail.com,+91-8713161041,Verified,2016-11-14
CUST102868,Sana,Deshpande,Female,1980-08-21,45,Single,1,Graduate,Self-Employed,Architect,786200,Bhopal,Madhya Pradesh,Mortgaged,10,sana.deshpande965@outlook.com,+91-8841296950,Verified,2021-12-28
CUST102869,Farhan,Shah,Male,2005-01-19,21,Married,3,Diploma,Salaried,Accountant,381400,Pune,Maharashtra,Owned,3,farhan.shah670@gmail.com,+91-9646065176,Pending,2024-04-01
CUST102870,Vivaan,Nair,Male,1978-11-07,47,Married,1,Graduate,Salaried,Analyst,573200,Chennai,Tamil Nadu,Owned,18,vivaan.nair294@outlook.com,+91-7440554961,Verified,2017-01-18
CUST102871,Krishna,Gupta,Male,1975-07-26,50,Married,1,Graduate,Salaried,HR Manager,904400,Gurugram,Haryana,Rented,13,krishna.gupta213@rediffmail.com,+91-8686978339,Verified,2014-05-27
CUST102872,Anika,Rao,Female,1977-05-01,49,Married,1,Graduate,Salaried,HR Manager,266200,Hyderabad,Telangana,Rented,22,anika.rao340@rediffmail.com,+91-9774468867,Verified,2018-10-12
CUST102873,Rahul,Das,Male,1980-03-11,46,Married,0,Post Graduate,Salaried,Bank Officer,786500,Pune,Maharashtra,Family Owned,13,rahul.das78@rediffmail.com,+91-9548651777,Pending,2017-09-19
CUST102874,Pranav,Das,Male,1984-05-11,42,Widowed,1,Post Graduate,Business Owner,Trader,904000,Kolkata,West Bengal,Mortgaged,11,pranav.das748@outlook.com,+91-8530099922,Verified,2020-11-11
CUST102875,Vikram,Malhotra,Male,1984-09-06,41,Married,0,High School,Business Owner,Trader,347700,Bengaluru,Karnataka,Owned,15,vikram.malhotra521@yahoo.in,+91-9762838289,Verified,2022-12-20
CUST102876,Rohan,Chowdhury,Male,1989-06-17,37,Married,1,Post Graduate,Salaried,Software Engineer,1465100,Hyderabad,Telangana,Mortgaged,12,rohan.chowdhury85@rediffmail.com,+91-8675667357,Pending,2016-04-20
CUST102877,Rajesh,Chowdhury,Male,1976-08-22,49,Single,2,Graduate,Salaried,Sales Executive,708700,Pune,Maharashtra,Owned,19,rajesh.chowdhury492@gmail.com,+91-8855827887,Pending,2022-12-15
CUST102878,Yash,Shah,Male,1977-07-27,48,Single,4,Post Graduate,Salaried,Sales Executive,373800,Noida,Uttar Pradesh,Rented,4,yash.shah106@outlook.com,+91-8789449047,Verified,2019-03-22
CUST102879,Neha,Naidu,Female,1994-06-11,32,Single,3,Graduate,Retired,Retired Private Sector,1812400,Mysuru,Karnataka,Rented,6,neha.naidu879@rediffmail.com,+91-9297951044,Pending,2018-04-15
CUST102880,Isha,Banerjee,Female,1985-06-15,41,Married,0,Professional Degree,Salaried,Analyst,3326400,Noida,Uttar Pradesh,Family Owned,9,isha.banerjee848@gmail.com,+91-8499249053,Verified,2014-01-31
CUST102881,Vihaan,Joshi,Male,1990-05-12,36,Single,1,Graduate,Salaried,Teacher,247800,Bengaluru,Karnataka,Mortgaged,7,vihaan.joshi396@gmail.com,+91-8213680470,Verified,2019-12-14
CUST102882,Dev,Mehta,Male,1976-11-10,49,Single,2,Post Graduate,Business Owner,Trader,2446400,Coimbatore,Tamil Nadu,Family Owned,7,dev.mehta222@yahoo.in,+91-8369158877,Verified,2016-06-03
CUST102883,Diya,Kaur,Female,1985-06-23,41,Single,2,Post Graduate,Business Owner,Manufacturer,1372200,Surat,Gujarat,Owned,9,diya.kaur550@outlook.com,+91-9673468210,Verified,2015-09-11
CUST102884,Kritika,Banerjee,Female,2004-08-26,21,Married,2,Graduate,Salaried,HR Manager,774500,Noida,Uttar Pradesh,Family Owned,3,kritika.banerjee241@rediffmail.com,+91-8641917053,Verified,2021-10-28
CUST102885,Shreya,Iyer,Female,1989-06-09,37,Married,1,Graduate,Salaried,Bank Officer,233700,Pune,Maharashtra,Rented,17,shreya.iyer878@outlook.com,+91-7061215715,Verified,2020-03-02
CUST102886,Imran,Kapoor,Male,1958-09-23,67,Married,1,Graduate,Self-Employed,Chartered Accountant,347800,Ahmedabad,Gujarat,Family Owned,18,imran.kapoor537@gmail.com,+91-8783548775,Verified,2021-03-20
CUST102887,Divya,Malhotra,Female,1994-10-16,31,Married,0,Professional Degree,Self-Employed,Lawyer,186300,Nagpur,Maharashtra,Rented,2,divya.malhotra238@outlook.com,+91-7642965184,Verified,2022-01-01
CUST102888,Harsh,Khan,Male,2001-11-10,24,Married,0,Graduate,Salaried,Analyst,242100,Pune,Maharashtra,Rented,6,harsh.khan750@gmail.com,+91-9352479699,Verified,2019-07-03
CUST102889,Suresh,Rao,Male,1983-07-28,42,Married,2,Post Graduate,Self-Employed,Architect,1075300,Chennai,Tamil Nadu,Family Owned,22,suresh.rao400@outlook.com,+91-8544096889,Verified,2020-02-27
CUST102890,Suresh,Chopra,Male,1985-05-19,41,Single,1,Graduate,Salaried,Teacher,264500,Mysuru,Karnataka,Rented,14,suresh.chopra259@rediffmail.com,+91-8116311198,Pending,2015-03-06
CUST102891,Ritu,Kapoor,Female,2003-09-03,22,Married,4,Graduate,Business Owner,Restaurant Owner,496100,Bengaluru,Karnataka,Mortgaged,4,ritu.kapoor339@outlook.com,+91-8489153405,Verified,2021-08-29
CUST102892,Vivaan,Naidu,Male,1984-06-12,42,Divorced,0,Graduate,Business Owner,Manufacturer,338600,Kochi,Kerala,Owned,12,vivaan.naidu173@outlook.com,+91-7530291419,Verified,2018-01-14
CUST102893,Siddharth,Gupta,Male,2004-11-01,21,Married,2,Graduate,Self-Employed,Consultant,586100,Indore,Madhya Pradesh,Owned,3,siddharth.gupta986@gmail.com,+91-8129509080,Pending,2022-01-20
CUST102894,Rahul,Joshi,Male,1985-09-16,40,Single,2,Post Graduate,Salaried,Analyst,408900,Chandigarh,Chandigarh,Owned,13,rahul.joshi733@outlook.com,+91-7074640111,Verified,2021-04-21
CUST102895,Dev,Gupta,Male,1987-01-25,39,Single,0,Professional Degree,Salaried,Analyst,541700,Chandigarh,Chandigarh,Owned,7,dev.gupta983@outlook.com,+91-8125577155,Verified,2014-06-02
CUST102896,Imran,Iyer,Male,1996-04-10,30,Divorced,0,Graduate,Business Owner,Manufacturer,722800,Kochi,Kerala,Rented,12,imran.iyer523@gmail.com,+91-7140362645,Verified,2023-12-11
CUST102897,Sandeep,Chowdhury,Male,1973-10-12,52,Married,1,Graduate,Business Owner,Contractor,285000,Indore,Madhya Pradesh,Mortgaged,15,sandeep.chowdhury291@rediffmail.com,+91-9725873447,Verified,2019-09-04
CUST102898,Priya,Chowdhury,Female,1989-06-27,37,Single,3,Diploma,Self-Employed,Consultant,518100,Kolkata,West Bengal,Owned,10,priya.chowdhury527@yahoo.in,+91-8385332720,Verified,2020-03-20
CUST102899,Siddharth,Deshpande,Male,2000-12-26,25,Married,0,Post Graduate,Salaried,HR Manager,271500,Ahmedabad,Gujarat,Mortgaged,7,siddharth.deshpande338@rediffmail.com,+91-7497662432,Pending,2021-04-25
CUST102900,Sowmya,Khan,Female,2004-07-17,21,Single,1,Graduate,Self-Employed,Chartered Accountant,355400,Chennai,Tamil Nadu,Rented,3,sowmya.khan976@yahoo.in,+91-7470562273,Verified,2023-02-28
CUST102901,Anil,Mehta,Male,1974-02-04,52,Widowed,0,Post Graduate,Salaried,Accountant,978900,Pune,Maharashtra,Rented,15,anil.mehta777@gmail.com,+91-7844882017,Pending,2018-09-03
CUST102902,Fatima,Gill,Female,1979-08-15,46,Widowed,3,Professional Degree,Salaried,HR Manager,596800,Chandigarh,Chandigarh,Rented,6,fatima.gill872@outlook.com,+91-9010107167,Verified,2013-10-15
CUST102903,Anjali,Rao,Female,1972-02-10,54,Widowed,1,Post Graduate,Salaried,Analyst,590200,Mumbai,Maharashtra,Rented,9,anjali.rao610@rediffmail.com,+91-9792373143,Verified,2015-11-10
CUST102904,Pooja,Gupta,Female,1968-05-16,58,Single,2,Diploma,Business Owner,Contractor,839400,Chennai,Tamil Nadu,Rented,23,pooja.gupta966@rediffmail.com,+91-8867241180,Verified,2022-09-03
CUST102905,Saanvi,Joshi,Female,1998-06-19,28,Single,0,Graduate,Business Owner,Retail Store Owner,467300,Jaipur,Rajasthan,Owned,2,saanvi.joshi644@rediffmail.com,+91-8155919654,Pending,2016-02-11
CUST102906,Kritika,Sheikh,Female,1995-06-27,31,Married,5,Graduate,Salaried,HR Manager,203500,Gurugram,Haryana,Owned,13,kritika.sheikh304@yahoo.in,+91-7273422047,Pending,2018-07-18
CUST102907,Karthik,Mehta,Male,1994-12-13,31,Married,1,Graduate,Salaried,Nurse,560200,Jaipur,Rajasthan,Rented,5,karthik.mehta799@gmail.com,+91-7885378702,Verified,2017-09-29
CUST102908,Zaid,Kapoor,Male,1991-02-09,35,Married,3,Diploma,Business Owner,Manufacturer,1059800,Nagpur,Maharashtra,Owned,6,zaid.kapoor579@yahoo.in,+91-7747675058,Pending,2014-10-29
CUST102909,Vikram,Kaur,Male,1992-06-12,34,Married,1,High School,Business Owner,Trader,287200,Mumbai,Maharashtra,Family Owned,2,vikram.kaur835@yahoo.in,+91-9841057742,Pending,2017-02-17
CUST102910,Anil,Rao,Male,1979-11-28,46,Married,0,Graduate,Business Owner,Contractor,448500,Kolkata,West Bengal,Rented,10,anil.rao778@gmail.com,+91-9776347453,Verified,2013-10-31
CUST102911,Arjun,Bose,Male,1998-01-21,28,Married,1,High School,Salaried,Accountant,353800,Lucknow,Uttar Pradesh,Mortgaged,1,arjun.bose871@gmail.com,+91-9626665328,Verified,2023-04-24
CUST102912,Vikram,Bhat,Male,2004-11-05,21,Single,1,Graduate,Retired,Pensioner,223500,Bhopal,Madhya Pradesh,Rented,3,vikram.bhat46@outlook.com,+91-8114234135,Verified,2023-05-03
CUST102913,Ritu,Ahmed,Female,1999-04-17,27,Single,0,Graduate,Salaried,Bank Officer,420900,Lucknow,Uttar Pradesh,Rented,3,ritu.ahmed380@gmail.com,+91-9825851481,Verified,2019-12-29
CUST102914,Zaid,Shah,Male,1995-01-16,31,Married,2,Graduate,Salaried,Accountant,336700,Bhopal,Madhya Pradesh,Rented,0,zaid.shah49@outlook.com,+91-9789471294,Pending,2020-02-02
CUST102915,Vihaan,Bose,Male,1990-07-14,35,Single,1,High School,Salaried,Software Engineer,126100,Chandigarh,Chandigarh,Mortgaged,5,vihaan.bose665@outlook.com,+91-8317619148,Pending,2021-02-26
CUST102916,Manish,Gupta,Male,1975-10-02,50,Single,1,Post Graduate,Salaried,Analyst,1060500,Mumbai,Maharashtra,Rented,18,manish.gupta328@gmail.com,+91-7636707453,Verified,2014-09-02
CUST102917,Amit,Mehta,Male,1982-03-12,44,Married,1,Professional Degree,Salaried,Sales Executive,625800,Mysuru,Karnataka,Owned,13,amit.mehta714@rediffmail.com,+91-8171695539,Pending,2015-07-02
CUST102918,Rahul,Rao,Male,1995-03-11,31,Single,0,Graduate,Self-Employed,Lawyer,255700,Jaipur,Rajasthan,Mortgaged,4,rahul.rao64@rediffmail.com,+91-9562791522,Verified,2015-04-23
CUST102919,Kritika,Gupta,Female,1980-02-08,46,Single,1,Graduate,Self-Employed,Chartered Accountant,518400,Pune,Maharashtra,Mortgaged,13,kritika.gupta408@rediffmail.com,+91-8614461471,Verified,2014-02-24
CUST102920,Ritu,Khan,Female,1985-10-31,40,Married,2,Graduate,Retired,Retired Private Sector,120000,Mysuru,Karnataka,Rented,21,ritu.khan550@rediffmail.com,+91-8532366350,Pending,2019-05-15
CUST102921,Sandeep,Kaur,Male,2004-09-29,21,Married,0,Post Graduate,Salaried,Nurse,486700,Bhopal,Madhya Pradesh,Rented,3,sandeep.kaur914@outlook.com,+91-7147404298,Verified,2024-05-20
CUST102922,Swati,Sheikh,Female,2002-03-06,24,Married,1,Post Graduate,Retired,Retired Private Sector,194000,Pune,Maharashtra,Family Owned,6,swati.sheikh476@gmail.com,+91-7239874964,Verified,2018-12-28
CUST102923,Sneha,Mukherjee,Female,1980-04-24,46,Married,1,Post Graduate,Retired,Retired Private Sector,406900,Mysuru,Karnataka,Owned,15,sneha.mukherjee726@yahoo.in,+91-9282075776,Verified,2015-11-10
CUST102924,Vivaan,Reddy,Male,1991-08-18,34,Married,1,Graduate,Salaried,Analyst,515600,Pune,Maharashtra,Rented,4,vivaan.reddy607@yahoo.in,+91-9799546240,Verified,2023-01-28
CUST102925,Suresh,Rao,Male,1988-06-01,38,Divorced,2,Graduate,Business Owner,Retail Store Owner,542200,Chandigarh,Chandigarh,Rented,10,suresh.rao802@rediffmail.com,+91-9785302288,Verified,2019-07-03
CUST102926,Saanvi,Bhat,Female,2004-10-31,21,Married,1,Diploma,Salaried,Analyst,249000,Coimbatore,Tamil Nadu,Rented,2,saanvi.bhat756@gmail.com,+91-8125295406,Verified,2022-11-11
CUST102927,Pranav,Menon,Male,1989-12-25,36,Single,1,Post Graduate,Self-Employed,Doctor (Practice),845300,Coimbatore,Tamil Nadu,Owned,7,pranav.menon855@rediffmail.com,+91-9044681288,Verified,2016-06-17
CUST102928,Sandeep,Gupta,Male,1977-02-15,49,Married,2,Post Graduate,Self-Employed,Freelance Designer,887800,Bhopal,Madhya Pradesh,Owned,0,sandeep.gupta790@gmail.com,+91-8727053037,Verified,2020-08-24
CUST102929,Isha,Banerjee,Female,1982-10-06,43,Married,4,Graduate,Business Owner,Restaurant Owner,289700,Chandigarh,Chandigarh,Rented,10,isha.banerjee547@outlook.com,+91-9195738332,Verified,2014-08-26
CUST102930,Nisha,Bose,Female,1994-10-10,31,Married,1,Graduate,Salaried,Nurse,405600,Nagpur,Maharashtra,Mortgaged,13,nisha.bose18@outlook.com,+91-9362098579,Pending,2022-11-26
CUST102931,Tanvi,Kaur,Female,1997-05-12,29,Married,2,Professional Degree,Self-Employed,Freelance Designer,509500,Gurugram,Haryana,Family Owned,11,tanvi.kaur33@gmail.com,+91-7820994600,Verified,2014-04-13
CUST102932,Aarohi,Kapoor,Female,1985-12-04,40,Married,1,Diploma,Salaried,Accountant,327800,Bengaluru,Karnataka,Mortgaged,4,aarohi.kapoor731@outlook.com,+91-7326154982,Verified,2014-10-16
CUST102933,Krishna,Gupta,Male,1987-06-16,39,Divorced,0,Graduate,Salaried,Accountant,163100,Kolkata,West Bengal,Rented,2,krishna.gupta77@yahoo.in,+91-9388587931,Verified,2023-11-11
CUST102934,Anika,Chopra,Female,1994-08-20,31,Married,1,Post Graduate,Business Owner,Retail Store Owner,680100,Mumbai,Maharashtra,Rented,13,anika.chopra336@gmail.com,+91-8036811780,Verified,2019-11-23
CUST102935,Vikram,Bhat,Male,1975-09-23,50,Single,1,Post Graduate,Salaried,Teacher,619800,Mumbai,Maharashtra,Owned,16,vikram.bhat806@gmail.com,+91-7035957526,Pending,2018-01-25
CUST102936,Deepika,Patel,Female,1981-08-07,44,Married,0,Graduate,Salaried,Sales Executive,386800,Noida,Uttar Pradesh,Rented,13,deepika.patel342@yahoo.in,+91-9689883687,Verified,2022-06-09
CUST102937,Diya,Nair,Female,1966-02-06,60,Divorced,3,Post Graduate,Salaried,HR Manager,263900,Kochi,Kerala,Mortgaged,11,diya.nair794@gmail.com,+91-7458026758,Verified,2024-05-18
CUST102938,Aarohi,Singh,Female,1991-05-11,35,Single,1,Graduate,Salaried,Accountant,120000,Gurugram,Haryana,Mortgaged,10,aarohi.singh644@yahoo.in,+91-9376360403,Verified,2021-03-14
CUST102939,Aarav,Iyer,Male,1998-10-10,27,Widowed,3,Diploma,Salaried,Accountant,384900,Lucknow,Uttar Pradesh,Mortgaged,9,aarav.iyer888@rediffmail.com,+91-8773980999,Pending,2020-08-03
CUST102940,Kritika,Kulkarni,Female,2001-03-15,25,Married,1,Graduate,Unemployed,Not Employed,120000,Kolkata,West Bengal,Rented,7,kritika.kulkarni432@yahoo.in,+91-8163661885,Verified,2023-11-29
CUST102941,Zara,Sharma,Female,1988-05-07,38,Married,1,Graduate,Salaried,Software Engineer,354200,Indore,Madhya Pradesh,Owned,13,zara.sharma140@gmail.com,+91-8653560936,Verified,2021-08-20
CUST102942,Harsh,Sharma,Male,1992-10-03,33,Married,2,Diploma,Salaried,HR Manager,613700,Coimbatore,Tamil Nadu,Rented,9,harsh.sharma948@outlook.com,+91-7053209152,Verified,2015-11-25
CUST102943,Krishna,Reddy,Male,1989-07-28,36,Widowed,2,Graduate,Salaried,HR Manager,967300,Gurugram,Haryana,Family Owned,0,krishna.reddy746@outlook.com,+91-7250202212,Verified,2023-06-27
CUST102944,Dev,Bhat,Male,1970-10-31,55,Married,1,Post Graduate,Salaried,Teacher,228600,Pune,Maharashtra,Rented,11,dev.bhat595@gmail.com,+91-7319700259,Pending,2017-09-18
CUST102945,Saanvi,Das,Female,1969-10-10,56,Single,3,Graduate,Salaried,Analyst,485800,Jaipur,Rajasthan,Rented,13,saanvi.das318@rediffmail.com,+91-8657835457,Pending,2024-05-27
CUST102946,Pranav,Chopra,Male,1983-01-15,43,Married,1,Post Graduate,Salaried,Sales Executive,695400,Surat,Gujarat,Mortgaged,17,pranav.chopra974@yahoo.in,+91-9398404466,Verified,2015-04-06
CUST102947,Diya,Ahmed,Female,1980-01-18,46,Married,0,Graduate,Salaried,Bank Officer,1118800,Hyderabad,Telangana,Family Owned,0,diya.ahmed406@yahoo.in,+91-8044850155,Pending,2016-09-12
CUST102948,Nisha,Sharma,Female,2001-01-18,25,Married,0,Diploma,Unemployed,Student,120000,Mumbai,Maharashtra,Family Owned,2,nisha.sharma505@yahoo.in,+91-8255567511,Verified,2018-11-10
CUST102949,Saanvi,Bose,Female,1994-10-13,31,Married,2,Post Graduate,Salaried,Software Engineer,619300,Kolkata,West Bengal,Mortgaged,12,saanvi.bose894@outlook.com,+91-8217039794,Pending,2016-08-18
CUST102950,Ayaan,Mehta,Male,1980-07-13,45,Divorced,0,Graduate,Retired,Retired Government Employee,484600,Jaipur,Rajasthan,Rented,8,ayaan.mehta184@rediffmail.com,+91-9312453829,Pending,2022-12-05
CUST102951,Ananya,Chowdhury,Female,1977-11-15,48,Married,1,High School,Salaried,Analyst,290200,Nagpur,Maharashtra,Owned,13,ananya.chowdhury632@rediffmail.com,+91-7218236321,Verified,2022-04-07
CUST102952,Aditya,Chowdhury,Male,1995-06-28,31,Single,0,Post Graduate,Retired,Retired Government Employee,160700,Hyderabad,Telangana,Rented,13,aditya.chowdhury562@gmail.com,+91-9459249258,Verified,2023-07-29
CUST102953,Ayesha,Reddy,Female,1997-05-21,29,Single,1,Graduate,Salaried,Software Engineer,1574400,Hyderabad,Telangana,Owned,1,ayesha.reddy599@yahoo.in,+91-9388152140,Verified,2023-07-24
CUST102954,Farhan,Kaur,Male,1991-12-02,34,Single,2,Graduate,Business Owner,Trader,514600,Noida,Uttar Pradesh,Owned,6,farhan.kaur345@outlook.com,+91-7743917476,Verified,2022-09-29
CUST102955,Swati,Shah,Female,1975-11-16,50,Married,0,Post Graduate,Salaried,Bank Officer,936200,Chandigarh,Chandigarh,Mortgaged,3,swati.shah115@yahoo.in,+91-8414077791,Verified,2024-06-22
CUST102956,Karthik,Khan,Male,1990-11-16,35,Single,0,Diploma,Salaried,HR Manager,479600,Hyderabad,Telangana,Family Owned,0,karthik.khan897@rediffmail.com,+91-7260912383,Verified,2015-08-07
CUST102957,Vihaan,Bose,Male,2002-12-16,23,Married,4,Post Graduate,Salaried,Nurse,2838700,Jaipur,Rajasthan,Rented,5,vihaan.bose899@outlook.com,+91-7382735689,Verified,2020-06-11
CUST102958,Ayesha,Sharma,Female,1985-10-27,40,Married,1,Graduate,Retired,Retired Private Sector,374100,Chandigarh,Chandigarh,Owned,21,ayesha.sharma978@yahoo.in,+91-8973489028,Pending,2015-08-24
CUST102959,Nisha,Chowdhury,Female,1984-01-12,42,Single,1,Post Graduate,Salaried,Bank Officer,552300,Bengaluru,Karnataka,Rented,2,nisha.chowdhury49@gmail.com,+91-9478495853,Verified,2023-11-25
CUST102960,Ritu,Mehta,Female,1982-03-29,44,Married,1,High School,Salaried,Analyst,191100,Kochi,Kerala,Owned,23,ritu.mehta606@rediffmail.com,+91-9240827122,Verified,2021-08-28
CUST102961,Manish,Banerjee,Male,1987-03-13,39,Single,2,Post Graduate,Salaried,Bank Officer,812900,Surat,Gujarat,Rented,6,manish.banerjee868@rediffmail.com,+91-8241083013,Pending,2023-03-21
CUST102962,Krishna,Bhat,Male,1980-02-29,46,Married,4,Post Graduate,Retired,Retired Private Sector,441300,Mysuru,Karnataka,Mortgaged,2,krishna.bhat516@yahoo.in,+91-8794590906,Verified,2018-09-11
CUST102963,Shreya,Reddy,Female,2002-07-19,23,Single,2,Diploma,Salaried,HR Manager,505900,Nagpur,Maharashtra,Owned,5,shreya.reddy905@rediffmail.com,+91-7283434747,Pending,2021-09-14
CUST102964,Krishna,Gupta,Male,2005-01-25,21,Married,1,Post Graduate,Salaried,Bank Officer,978600,Mumbai,Maharashtra,Rented,3,krishna.gupta618@yahoo.in,+91-7499795758,Pending,2022-03-30
CUST102965,Aarav,Kaur,Male,1987-01-18,39,Single,2,Diploma,Salaried,Software Engineer,219800,Bengaluru,Karnataka,Rented,21,aarav.kaur519@rediffmail.com,+91-7628722287,Verified,2023-12-11
CUST102966,Rohan,Reddy,Male,1980-05-25,46,Married,0,Graduate,Salaried,Nurse,463600,Hyderabad,Telangana,Owned,5,rohan.reddy737@rediffmail.com,+91-8367166663,Verified,2024-02-04
CUST102967,Anika,Mukherjee,Female,1994-10-09,31,Single,3,Graduate,Salaried,Bank Officer,362000,Pune,Maharashtra,Owned,13,anika.mukherjee813@gmail.com,+91-9660749146,Verified,2023-09-01
CUST102968,Meera,Menon,Female,1991-07-09,34,Married,1,Diploma,Self-Employed,Freelance Designer,383100,Bengaluru,Karnataka,Family Owned,15,meera.menon764@rediffmail.com,+91-7199033631,Verified,2020-08-19
CUST102969,Ritu,Chowdhury,Female,1985-04-29,41,Single,2,Graduate,Business Owner,Contractor,672500,Noida,Uttar Pradesh,Owned,0,ritu.chowdhury223@yahoo.in,+91-9577389914,Verified,2018-11-24
CUST102970,Krishna,Kapoor,Male,1982-07-10,43,Divorced,1,Graduate,Business Owner,Contractor,1138900,Kolkata,West Bengal,Family Owned,2,krishna.kapoor532@rediffmail.com,+91-7516065162,Verified,2019-06-08
CUST102971,Arjun,Ahmed,Male,1996-03-21,30,Single,1,Diploma,Business Owner,Manufacturer,521300,Chandigarh,Chandigarh,Owned,6,arjun.ahmed70@yahoo.in,+91-8684993382,Verified,2021-12-23
CUST102972,Amit,Khan,Male,1983-09-21,42,Married,0,Graduate,Business Owner,Manufacturer,683000,Chandigarh,Chandigarh,Mortgaged,16,amit.khan786@rediffmail.com,+91-7124685675,Pending,2020-08-18
CUST102973,Ayaan,Banerjee,Male,2005-01-31,21,Married,1,Graduate,Self-Employed,Lawyer,288700,Chennai,Tamil Nadu,Family Owned,3,ayaan.banerjee963@rediffmail.com,+91-7712382575,Verified,2023-11-05
CUST102974,Rohan,Bhat,Male,1985-02-06,41,Single,3,Diploma,Unemployed,Student,120000,Delhi,Delhi,Family Owned,8,rohan.bhat711@outlook.com,+91-7240697854,Verified,2017-04-13
CUST102975,Arjun,Kulkarni,Male,1968-05-24,58,Single,2,High School,Business Owner,Contractor,442700,Delhi,Delhi,Owned,18,arjun.kulkarni134@outlook.com,+91-9050856024,Verified,2018-02-22
CUST102976,Manish,Kaur,Male,1987-01-28,39,Single,1,Graduate,Business Owner,Restaurant Owner,2030400,Chennai,Tamil Nadu,Rented,21,manish.kaur57@rediffmail.com,+91-8581137988,Verified,2021-06-22
CUST102977,Isha,Das,Female,1996-06-24,30,Married,2,Professional Degree,Business Owner,Trader,923000,Mysuru,Karnataka,Owned,11,isha.das769@gmail.com,+91-7282659598,Pending,2022-04-07
CUST102978,Sneha,Reddy,Female,1977-04-07,49,Married,1,Graduate,Self-Employed,Chartered Accountant,669800,Coimbatore,Tamil Nadu,Rented,22,sneha.reddy756@rediffmail.com,+91-8934091600,Verified,2014-07-07
CUST102979,Ishaan,Malhotra,Male,1974-03-21,52,Married,2,Graduate,Salaried,Analyst,332300,Delhi,Delhi,Mortgaged,12,ishaan.malhotra664@yahoo.in,+91-9677767343,Verified,2014-04-16
CUST102980,Kabir,Sheikh,Male,1971-04-13,55,Married,1,High School,Salaried,Analyst,515300,Coimbatore,Tamil Nadu,Mortgaged,3,kabir.sheikh239@outlook.com,+91-7810439196,Verified,2021-04-21
CUST102981,Priya,Naidu,Female,1992-07-02,34,Married,0,Professional Degree,Salaried,Bank Officer,1327600,Bhopal,Madhya Pradesh,Rented,16,priya.naidu202@outlook.com,+91-8792798435,Verified,2024-03-18
CUST102982,Meera,Mukherjee,Female,1979-06-19,47,Married,0,Graduate,Salaried,Accountant,591900,Noida,Uttar Pradesh,Mortgaged,18,meera.mukherjee482@yahoo.in,+91-7781649894,Verified,2014-04-02
CUST102983,Aarav,Bhat,Male,1993-10-20,32,Single,2,Graduate,Self-Employed,Architect,515500,Bengaluru,Karnataka,Rented,14,aarav.bhat164@gmail.com,+91-9482106971,Verified,2024-02-25
CUST102984,Shreya,Chopra,Female,1999-05-02,27,Single,2,Graduate,Business Owner,Trader,604400,Noida,Uttar Pradesh,Owned,8,shreya.chopra452@yahoo.in,+91-7015125301,Pending,2018-09-03
CUST102985,Swati,Deshpande,Female,1963-11-28,62,Single,1,Diploma,Business Owner,Retail Store Owner,647100,Coimbatore,Tamil Nadu,Rented,23,swati.deshpande172@gmail.com,+91-9864140039,Verified,2021-04-07
CUST102986,Anil,Mehta,Male,1986-01-18,40,Married,2,High School,Salaried,Software Engineer,214100,Coimbatore,Tamil Nadu,Family Owned,1,anil.mehta629@gmail.com,+91-7187988023,Verified,2015-06-11
CUST102987,Ayaan,Deshpande,Male,1983-10-23,42,Married,1,Post Graduate,Salaried,Sales Executive,572200,Mysuru,Karnataka,Rented,9,ayaan.deshpande327@rediffmail.com,+91-7810447294,Verified,2019-10-02
CUST102988,Priya,Rao,Female,1994-12-24,31,Married,1,Graduate,Salaried,HR Manager,177100,Coimbatore,Tamil Nadu,Rented,1,priya.rao488@yahoo.in,+91-9398890912,Pending,2024-02-09
CUST102989,Reyansh,Menon,Male,1971-04-15,55,Married,0,Professional Degree,Salaried,Software Engineer,2341200,Nagpur,Maharashtra,Family Owned,3,reyansh.menon162@gmail.com,+91-9036749817,Verified,2018-03-18
CUST102990,Rajesh,Khan,Male,1987-07-30,38,Single,3,Graduate,Salaried,Bank Officer,729000,Jaipur,Rajasthan,Rented,20,rajesh.khan25@rediffmail.com,+91-9463760834,Verified,2018-09-23
CUST102991,Kritika,Naidu,Female,1979-03-28,47,Single,2,Post Graduate,Retired,Pensioner,293100,Chandigarh,Chandigarh,Rented,14,kritika.naidu151@outlook.com,+91-7023726604,Verified,2016-05-20
CUST102992,Tanvi,Naidu,Female,1979-12-19,46,Divorced,4,Professional Degree,Salaried,Nurse,2063000,Pune,Maharashtra,Mortgaged,8,tanvi.naidu835@rediffmail.com,+91-7816815200,Pending,2017-02-06
CUST102993,Rajesh,Sheikh,Male,1974-11-25,51,Single,1,Graduate,Self-Employed,Architect,1991100,Mysuru,Karnataka,Family Owned,3,rajesh.sheikh759@outlook.com,+91-7555153440,Verified,2014-10-04
CUST102994,Deepak,Shah,Male,1974-10-28,51,Married,1,Graduate,Salaried,Accountant,378100,Ahmedabad,Gujarat,Owned,10,deepak.shah168@yahoo.in,+91-7894795607,Verified,2015-05-08
CUST102995,Swati,Kapoor,Female,1992-07-08,33,Married,2,Post Graduate,Salaried,Bank Officer,157200,Lucknow,Uttar Pradesh,Owned,13,swati.kapoor652@rediffmail.com,+91-9242358697,Verified,2022-05-03
CUST102996,Rahul,Chopra,Male,1978-07-19,47,Divorced,1,Professional Degree,Salaried,Teacher,1182700,Jaipur,Rajasthan,Owned,15,rahul.chopra22@gmail.com,+91-9320868995,Verified,2014-12-02
CUST102997,Tanvi,Verma,Female,1970-08-14,55,Single,1,Graduate,Retired,Retired Private Sector,120100,Bhopal,Madhya Pradesh,Owned,2,tanvi.verma817@gmail.com,+91-9462236551,Verified,2017-05-09
CUST102998,Harsh,Khan,Male,1987-10-10,38,Married,3,Post Graduate,Salaried,Nurse,1356300,Pune,Maharashtra,Owned,0,harsh.khan95@yahoo.in,+91-7060390481,Verified,2021-01-03
CUST102999,Dev,Iyer,Male,2001-08-23,24,Married,2,Graduate,Salaried,Teacher,221500,Mumbai,Maharashtra,Owned,6,dev.iyer522@yahoo.in,+91-8534353327,Verified,2019-07-20
CUST103000,Dev,Chopra,Male,1978-04-29,48,Married,0,Diploma,Salaried,Bank Officer,327300,Coimbatore,Tamil Nadu,Rented,18,dev.chopra836@rediffmail.com,+91-9872451455,Verified,2017-06-15
CUST103001,Diya,Sheikh,Female,2005-04-28,21,Single,1,Diploma,Salaried,Teacher,235300,Chennai,Tamil Nadu,Owned,3,diya.sheikh309@gmail.com,+91-7234183771,Pending,2023-11-29
CUST103002,Meera,Kapoor,Female,1978-10-05,47,Married,0,Diploma,Salaried,Accountant,611800,Chennai,Tamil Nadu,Family Owned,22,meera.kapoor567@gmail.com,+91-7951313801,Verified,2014-05-17
CUST103003,Pranav,Mukherjee,Male,2004-11-30,21,Married,0,Graduate,Salaried,Analyst,352200,Mumbai,Maharashtra,Family Owned,1,pranav.mukherjee144@gmail.com,+91-7348427598,Verified,2024-03-02
CUST103004,Vikram,Joshi,Male,2003-04-19,23,Single,2,Graduate,Salaried,Analyst,342200,Pune,Maharashtra,Owned,5,vikram.joshi239@yahoo.in,+91-8385132860,Verified,2022-05-14
CUST103005,Pranav,Ahmed,Male,2005-06-24,21,Single,1,Diploma,Business Owner,Manufacturer,427300,Chandigarh,Chandigarh,Owned,3,pranav.ahmed260@gmail.com,+91-8329364390,Verified,2022-08-19
CUST103006,Tanvi,Rao,Female,1977-10-16,48,Single,1,Post Graduate,Salaried,Analyst,716800,Chennai,Tamil Nadu,Owned,9,tanvi.rao729@outlook.com,+91-9193204766,Pending,2024-06-20
CUST103007,Shreya,Nair,Female,1972-09-22,53,Married,2,Post Graduate,Salaried,Sales Executive,402800,Mumbai,Maharashtra,Rented,7,shreya.nair499@rediffmail.com,+91-8125463229,Verified,2015-12-29
CUST103008,Zaid,Chowdhury,Male,1993-01-01,33,Single,0,Post Graduate,Retired,Retired Government Employee,889000,Bhopal,Madhya Pradesh,Rented,11,zaid.chowdhury490@yahoo.in,+91-9844480385,Verified,2021-03-30
CUST103009,Sowmya,Nair,Female,1981-01-18,45,Married,1,Diploma,Self-Employed,Lawyer,505800,Bengaluru,Karnataka,Rented,10,sowmya.nair243@rediffmail.com,+91-9821177023,Verified,2017-10-16
CUST103010,Kabir,Gupta,Male,1995-11-22,30,Single,0,Graduate,Salaried,Software Engineer,365500,Hyderabad,Telangana,Owned,12,kabir.gupta836@yahoo.in,+91-9280302709,Verified,2018-11-03
CUST103011,Ananya,Banerjee,Female,1994-08-03,31,Married,0,Graduate,Salaried,Nurse,721300,Delhi,Delhi,Rented,5,ananya.banerjee974@gmail.com,+91-7459929447,Pending,2019-03-18
CUST103012,Manish,Nair,Male,1999-12-23,26,Single,1,Graduate,Salaried,Analyst,250200,Bengaluru,Karnataka,Mortgaged,8,manish.nair877@rediffmail.com,+91-7010895671,Verified,2017-10-02
CUST103013,Kabir,Sheikh,Male,1997-01-19,29,Married,0,Diploma,Self-Employed,Freelance Designer,451700,Coimbatore,Tamil Nadu,Mortgaged,6,kabir.sheikh867@gmail.com,+91-8688110047,Verified,2022-10-06
CUST103014,Anjali,Bose,Female,1985-03-29,41,Single,1,Graduate,Salaried,Sales Executive,1298000,Hyderabad,Telangana,Family Owned,15,anjali.bose306@outlook.com,+91-9174482915,Pending,2023-06-26
CUST103015,Vikram,Chopra,Male,1993-08-22,32,Married,3,High School,Self-Employed,Chartered Accountant,495400,Hyderabad,Telangana,Mortgaged,14,vikram.chopra441@outlook.com,+91-8060207912,Pending,2016-10-21
CUST103016,Zara,Joshi,Female,1963-12-02,62,Married,1,High School,Salaried,Accountant,1209100,Gurugram,Haryana,Rented,21,zara.joshi177@outlook.com,+91-9632931323,Verified,2014-06-08
CUST103017,Diya,Chopra,Female,1998-08-22,27,Single,3,Graduate,Salaried,Bank Officer,393500,Surat,Gujarat,Rented,8,diya.chopra555@gmail.com,+91-7982614991,Verified,2016-09-09
CUST103018,Aarav,Verma,Male,2000-11-27,25,Married,3,Post Graduate,Salaried,Software Engineer,987600,Surat,Gujarat,Mortgaged,5,aarav.verma965@outlook.com,+91-9654868748,Verified,2017-12-26
CUST103019,Meera,Iyer,Female,1966-11-16,59,Married,1,Graduate,Self-Employed,Chartered Accountant,769700,Noida,Uttar Pradesh,Mortgaged,6,meera.iyer866@outlook.com,+91-7822037706,Verified,2016-08-27
CUST103020,Ritu,Kaur,Female,2003-10-24,22,Widowed,0,High School,Salaried,Teacher,209000,Mumbai,Maharashtra,Mortgaged,4,ritu.kaur264@gmail.com,+91-8661637178,Verified,2023-12-08
CUST103021,Amit,Sharma,Male,1991-12-31,34,Married,0,Post Graduate,Salaried,HR Manager,890300,Hyderabad,Telangana,Owned,4,amit.sharma631@gmail.com,+91-9886299465,Verified,2019-01-13
CUST103022,Aarohi,Joshi,Female,1983-12-17,42,Widowed,2,Graduate,Salaried,Analyst,646200,Noida,Uttar Pradesh,Family Owned,8,aarohi.joshi856@outlook.com,+91-9214969251,Pending,2021-04-11
CUST103023,Diya,Gill,Female,1973-05-10,53,Married,3,Post Graduate,Self-Employed,Architect,601500,Gurugram,Haryana,Rented,9,diya.gill825@yahoo.in,+91-7936571522,Verified,2015-01-07
CUST103024,Siddharth,Malhotra,Male,1980-10-30,45,Single,0,Graduate,Salaried,Bank Officer,641700,Nagpur,Maharashtra,Owned,18,siddharth.malhotra240@gmail.com,+91-9496750038,Pending,2021-07-28
CUST103025,Isha,Mehta,Female,2004-03-06,22,Single,0,Graduate,Salaried,Sales Executive,672100,Kochi,Kerala,Rented,4,isha.mehta671@gmail.com,+91-8769291067,Verified,2024-02-17
CUST103026,Rohan,Menon,Male,2005-01-29,21,Single,4,Diploma,Salaried,Nurse,251600,Pune,Maharashtra,Owned,3,rohan.menon743@rediffmail.com,+91-8663096136,Verified,2024-03-01
CUST103027,Reyansh,Patel,Male,1976-01-24,50,Widowed,2,Graduate,Salaried,Bank Officer,613900,Kolkata,West Bengal,Mortgaged,4,reyansh.patel943@outlook.com,+91-8566179640,Pending,2021-06-09
CUST103028,Arjun,Gill,Male,1996-02-02,30,Widowed,2,Graduate,Retired,Pensioner,295900,Noida,Uttar Pradesh,Family Owned,1,arjun.gill121@yahoo.in,+91-7656047210,Verified,2017-12-07
CUST103029,Riya,Sheikh,Female,1986-07-18,39,Married,1,Post Graduate,Unemployed,Student,218100,Bhopal,Madhya Pradesh,Owned,8,riya.sheikh584@rediffmail.com,+91-7341539510,Verified,2023-09-03
CUST103030,Kavya,Ahmed,Female,1993-08-09,32,Married,1,Graduate,Self-Employed,Freelance Designer,1066400,Delhi,Delhi,Rented,9,kavya.ahmed346@outlook.com,+91-9586669665,Verified,2015-02-13
CUST103031,Ishaan,Das,Male,1986-10-20,39,Married,0,Post Graduate,Salaried,Accountant,487200,Chennai,Tamil Nadu,Owned,21,ishaan.das146@yahoo.in,+91-8670844149,Verified,2020-05-23
CUST103032,Priya,Banerjee,Female,1987-08-01,38,Married,0,Graduate,Retired,Pensioner,523100,Surat,Gujarat,Owned,2,priya.banerjee639@outlook.com,+91-8078390358,Verified,2016-03-26
CUST103033,Neha,Malhotra,Female,1998-08-09,27,Single,0,Diploma,Self-Employed,Doctor (Practice),365100,Ahmedabad,Gujarat,Owned,9,neha.malhotra996@outlook.com,+91-7082784860,Pending,2017-10-23
CUST103034,Amit,Naidu,Male,1997-10-22,28,Single,1,Diploma,Unemployed,Not Employed,120000,Kolkata,West Bengal,Mortgaged,10,amit.naidu326@yahoo.in,+91-7236731230,Verified,2020-05-07
CUST103035,Nikhil,Khan,Male,1998-11-18,27,Married,3,Graduate,Salaried,Analyst,236300,Bhopal,Madhya Pradesh,Mortgaged,9,nikhil.khan811@gmail.com,+91-8284518295,Verified,2023-04-14
CUST103036,Lakshmi,Bhat,Female,1979-07-25,46,Single,1,Diploma,Salaried,Nurse,368700,Kochi,Kerala,Rented,2,lakshmi.bhat673@yahoo.in,+91-7075367967,Verified,2016-09-26
CUST103037,Anika,Kulkarni,Female,1992-06-29,34,Single,2,Diploma,Self-Employed,Lawyer,437000,Jaipur,Rajasthan,Mortgaged,12,anika.kulkarni392@yahoo.in,+91-8052047094,Pending,2015-07-12
CUST103038,Swati,Deshpande,Female,1975-07-02,51,Married,2,Graduate,Retired,Retired Government Employee,145100,Hyderabad,Telangana,Mortgaged,22,swati.deshpande825@rediffmail.com,+91-7092700944,Verified,2014-10-14
CUST103039,Sana,Joshi,Female,1980-04-23,46,Married,1,Graduate,Business Owner,Manufacturer,844000,Chandigarh,Chandigarh,Family Owned,5,sana.joshi733@outlook.com,+91-9673799835,Verified,2015-05-23
CUST103040,Harsh,Patel,Male,1979-07-24,46,Single,1,Post Graduate,Salaried,Accountant,1263400,Mysuru,Karnataka,Family Owned,11,harsh.patel895@gmail.com,+91-7898845267,Pending,2019-04-18
CUST103041,Krishna,Iyer,Male,1985-01-21,41,Married,0,Diploma,Business Owner,Manufacturer,798600,Lucknow,Uttar Pradesh,Owned,19,krishna.iyer459@rediffmail.com,+91-7347556644,Verified,2022-07-30
CUST103042,Pranav,Menon,Male,1991-12-03,34,Married,1,Professional Degree,Self-Employed,Chartered Accountant,1026700,Chandigarh,Chandigarh,Rented,0,pranav.menon158@rediffmail.com,+91-8099447211,Verified,2016-08-16
CUST103043,Rohan,Das,Male,1995-06-25,31,Married,2,Post Graduate,Salaried,Software Engineer,231000,Jaipur,Rajasthan,Family Owned,1,rohan.das95@rediffmail.com,+91-7766859151,Verified,2016-11-14
CUST103044,Vivaan,Deshpande,Male,1979-10-14,46,Married,0,Graduate,Business Owner,Manufacturer,632000,Noida,Uttar Pradesh,Rented,6,vivaan.deshpande828@yahoo.in,+91-8195497655,Verified,2013-11-09
CUST103045,Sandeep,Rao,Male,1983-06-28,43,Single,0,High School,Self-Employed,Doctor (Practice),610000,Ahmedabad,Gujarat,Mortgaged,1,sandeep.rao216@yahoo.in,+91-9556427894,Verified,2016-11-10
CUST103046,Ishaan,Nair,Male,1972-03-30,54,Divorced,5,Graduate,Salaried,Teacher,990100,Kolkata,West Bengal,Family Owned,5,ishaan.nair163@outlook.com,+91-8481071194,Pending,2017-09-14
CUST103047,Imran,Bhat,Male,2005-02-04,21,Widowed,1,Diploma,Retired,Retired Private Sector,255900,Surat,Gujarat,Family Owned,3,imran.bhat592@outlook.com,+91-9483309415,Pending,2022-08-01
CUST103048,Reyansh,Gupta,Male,1991-11-02,34,Single,0,Graduate,Salaried,Teacher,283500,Mumbai,Maharashtra,Owned,16,reyansh.gupta337@outlook.com,+91-7517411320,Verified,2018-05-11
CUST103049,Farhan,Mehta,Male,1970-03-07,56,Married,1,Diploma,Business Owner,Restaurant Owner,412700,Nagpur,Maharashtra,Owned,23,farhan.mehta650@yahoo.in,+91-9629094973,Verified,2014-11-19
CUST103050,Arjun,Verma,Male,1976-06-15,50,Single,2,Graduate,Self-Employed,Chartered Accountant,383300,Noida,Uttar Pradesh,Rented,21,arjun.verma314@gmail.com,+91-8942051616,Verified,2022-08-16
CUST103051,Vivaan,Singh,Male,1989-02-12,37,Married,0,Post Graduate,Retired,Pensioner,454200,Kolkata,West Bengal,Owned,11,vivaan.singh662@yahoo.in,+91-8826307945,Pending,2017-09-27
CUST103052,Sowmya,Malhotra,Female,1993-08-04,32,Married,1,Graduate,Salaried,Bank Officer,528600,Ahmedabad,Gujarat,Family Owned,14,sowmya.malhotra861@yahoo.in,+91-8211206181,Pending,2015-08-19
CUST103053,Sandeep,Singh,Male,1999-07-02,27,Single,0,Post Graduate,Self-Employed,Freelance Designer,518800,Hyderabad,Telangana,Mortgaged,9,sandeep.singh748@yahoo.in,+91-9627927623,Pending,2023-10-27
CUST103054,Sandeep,Menon,Male,1993-11-04,32,Married,0,Graduate,Salaried,Teacher,355900,Surat,Gujarat,Rented,5,sandeep.menon37@yahoo.in,+91-9674329142,Pending,2015-02-13
CUST103055,Sandeep,Sheikh,Male,1978-04-03,48,Married,4,Graduate,Salaried,Bank Officer,786500,Noida,Uttar Pradesh,Mortgaged,11,sandeep.sheikh506@outlook.com,+91-7533428928,Verified,2018-10-22
CUST103056,Sowmya,Rao,Female,1997-05-12,29,Married,1,Post Graduate,Salaried,Analyst,379600,Ahmedabad,Gujarat,Owned,0,sowmya.rao172@yahoo.in,+91-9129505904,Pending,2013-11-19
CUST103057,Karthik,Reddy,Male,1976-08-23,49,Single,2,Graduate,Self-Employed,Doctor (Practice),378200,Bhopal,Madhya Pradesh,Mortgaged,7,karthik.reddy883@outlook.com,+91-7126118100,Pending,2020-01-04
CUST103058,Sandeep,Nair,Male,2004-02-21,22,Single,0,Post Graduate,Salaried,Analyst,272900,Delhi,Delhi,Rented,4,sandeep.nair783@yahoo.in,+91-7678985516,Verified,2023-06-22
CUST103059,Lakshmi,Gill,Female,1995-03-23,31,Single,2,Post Graduate,Salaried,Analyst,657900,Jaipur,Rajasthan,Rented,7,lakshmi.gill934@gmail.com,+91-7741667537,Verified,2019-11-26
CUST103060,Shreya,Kaur,Female,1979-05-13,47,Single,1,Post Graduate,Self-Employed,Architect,679300,Kochi,Kerala,Rented,12,shreya.kaur834@outlook.com,+91-7660917167,Verified,2018-05-31
CUST103061,Diya,Menon,Female,1979-04-12,47,Single,2,Graduate,Salaried,Teacher,939700,Chennai,Tamil Nadu,Family Owned,8,diya.menon185@yahoo.in,+91-9189512946,Verified,2016-07-21
CUST103062,Zaid,Nair,Male,1992-08-26,33,Single,3,Post Graduate,Salaried,Sales Executive,344100,Gurugram,Haryana,Owned,4,zaid.nair313@rediffmail.com,+91-9586320958,Verified,2020-07-12
CUST103063,Tanvi,Nair,Female,1978-02-17,48,Single,1,Graduate,Salaried,Software Engineer,762800,Surat,Gujarat,Owned,1,tanvi.nair889@outlook.com,+91-8486329381,Verified,2014-07-17
CUST103064,Rahul,Sharma,Male,1976-01-18,50,Married,4,Diploma,Salaried,Bank Officer,468100,Chennai,Tamil Nadu,Owned,4,rahul.sharma483@outlook.com,+91-7070155979,Verified,2017-09-20
CUST103065,Swati,Nair,Female,1978-07-19,47,Divorced,3,Graduate,Unemployed,Not Employed,120000,Surat,Gujarat,Rented,9,swati.nair821@gmail.com,+91-7372207576,Verified,2018-12-31
CUST103066,Krishna,Rao,Male,1985-04-09,41,Widowed,2,Post Graduate,Business Owner,Trader,404700,Kochi,Kerala,Family Owned,18,krishna.rao725@outlook.com,+91-8871704702,Verified,2018-10-26
CUST103067,Aditya,Deshpande,Male,1978-07-20,47,Single,1,Graduate,Salaried,Teacher,733100,Coimbatore,Tamil Nadu,Mortgaged,3,aditya.deshpande590@yahoo.in,+91-9171955288,Verified,2017-03-13
CUST103068,Rahul,Kaur,Male,1987-05-09,39,Married,1,Graduate,Salaried,Nurse,356400,Delhi,Delhi,Family Owned,15,rahul.kaur41@yahoo.in,+91-9522600370,Verified,2014-10-08
CUST103069,Manish,Ahmed,Male,1985-01-02,41,Married,3,Graduate,Salaried,Software Engineer,852800,Nagpur,Maharashtra,Rented,3,manish.ahmed106@outlook.com,+91-8611836419,Verified,2022-01-22
CUST103070,Tanvi,Mehta,Female,1965-10-31,60,Widowed,3,Diploma,Unemployed,Student,136900,Jaipur,Rajasthan,Family Owned,11,tanvi.mehta654@gmail.com,+91-9176746064,Verified,2015-09-04
CUST103071,Ananya,Bose,Female,1977-02-06,49,Divorced,0,Post Graduate,Business Owner,Trader,374500,Indore,Madhya Pradesh,Owned,3,ananya.bose292@rediffmail.com,+91-8989384121,Verified,2022-05-26
CUST103072,Swati,Kulkarni,Female,2004-09-07,21,Single,1,Graduate,Salaried,Bank Officer,936500,Coimbatore,Tamil Nadu,Family Owned,3,swati.kulkarni284@rediffmail.com,+91-9589047515,Verified,2022-02-25
CUST103073,Nikhil,Rao,Male,1987-02-27,39,Married,0,Graduate,Business Owner,Contractor,526800,Hyderabad,Telangana,Mortgaged,19,nikhil.rao833@gmail.com,+91-8735157107,Pending,2023-08-24
CUST103074,Aditya,Chowdhury,Male,1975-02-13,51,Divorced,0,Post Graduate,Business Owner,Restaurant Owner,886300,Bhopal,Madhya Pradesh,Mortgaged,14,aditya.chowdhury390@outlook.com,+91-7380388977,Verified,2019-01-06
CUST103075,Siddharth,Das,Male,1978-03-13,48,Married,0,Diploma,Business Owner,Manufacturer,711900,Gurugram,Haryana,Family Owned,22,siddharth.das379@gmail.com,+91-9079826261,Verified,2017-03-29
CUST103076,Manish,Gill,Male,2005-05-12,21,Married,0,Professional Degree,Self-Employed,Consultant,1543300,Kochi,Kerala,Owned,3,manish.gill350@outlook.com,+91-7553515755,Verified,2023-04-28
CUST103077,Priya,Malhotra,Female,2001-09-08,24,Single,2,Graduate,Business Owner,Restaurant Owner,1556700,Gurugram,Haryana,Mortgaged,0,priya.malhotra698@rediffmail.com,+91-9262815408,Verified,2018-08-08
CUST103078,Yash,Iyer,Male,1969-09-25,56,Married,1,Graduate,Self-Employed,Architect,1410200,Gurugram,Haryana,Family Owned,12,yash.iyer194@gmail.com,+91-7632006309,Verified,2020-11-16
CUST103079,Divya,Menon,Female,1978-01-03,48,Married,1,Diploma,Unemployed,Student,144200,Lucknow,Uttar Pradesh,Rented,13,divya.menon230@gmail.com,+91-9691286878,Verified,2018-12-10
CUST103080,Sneha,Banerjee,Female,1996-08-20,29,Married,1,Graduate,Self-Employed,Freelance Designer,439200,Jaipur,Rajasthan,Rented,11,sneha.banerjee204@rediffmail.com,+91-9611940705,Pending,2016-07-07
CUST103081,Aarav,Kaur,Male,1990-03-14,36,Single,0,Graduate,Salaried,Analyst,506700,Lucknow,Uttar Pradesh,Mortgaged,16,aarav.kaur859@yahoo.in,+91-9535621705,Pending,2023-12-25
CUST103082,Manish,Mukherjee,Male,1987-02-18,39,Single,0,Professional Degree,Self-Employed,Doctor (Practice),554700,Jaipur,Rajasthan,Rented,4,manish.mukherjee54@outlook.com,+91-9388802506,Verified,2018-12-09
CUST103083,Ayesha,Rao,Female,1979-02-11,47,Married,3,Post Graduate,Salaried,Nurse,993400,Hyderabad,Telangana,Rented,20,ayesha.rao829@gmail.com,+91-8822536273,Pending,2014-07-30
CUST103084,Deepak,Nair,Male,1972-10-11,53,Married,1,Graduate,Salaried,Nurse,667200,Noida,Uttar Pradesh,Family Owned,7,deepak.nair787@yahoo.in,+91-7664804390,Verified,2021-01-30
CUST103085,Imran,Nair,Male,1990-01-21,36,Single,0,Graduate,Salaried,HR Manager,194800,Surat,Gujarat,Rented,15,imran.nair281@outlook.com,+91-8781552156,Verified,2020-04-25
CUST103086,Imran,Gupta,Male,1980-10-11,45,Married,1,Post Graduate,Salaried,Nurse,568000,Noida,Uttar Pradesh,Mortgaged,22,imran.gupta160@gmail.com,+91-9177589404,Verified,2019-04-08
CUST103087,Rohan,Verma,Male,2000-05-17,26,Married,2,Post Graduate,Retired,Pensioner,334600,Noida,Uttar Pradesh,Rented,8,rohan.verma556@rediffmail.com,+91-9444822311,Verified,2017-11-07
CUST103088,Yash,Singh,Male,1973-07-12,52,Married,2,Graduate,Salaried,HR Manager,915100,Jaipur,Rajasthan,Mortgaged,11,yash.singh453@yahoo.in,+91-9032789489,Pending,2021-05-13
CUST103089,Anjali,Sharma,Female,1981-05-31,45,Single,2,Professional Degree,Self-Employed,Architect,1576200,Mysuru,Karnataka,Family Owned,7,anjali.sharma461@rediffmail.com,+91-9453630643,Verified,2016-01-23
CUST103090,Vikram,Banerjee,Male,1995-07-29,30,Single,2,Post Graduate,Self-Employed,Consultant,384900,Ahmedabad,Gujarat,Rented,10,vikram.banerjee662@yahoo.in,+91-7793191910,Verified,2022-04-18
CUST103091,Yash,Khan,Male,1995-06-09,31,Married,1,Post Graduate,Salaried,Accountant,1332500,Gurugram,Haryana,Rented,7,yash.khan758@rediffmail.com,+91-7122883476,Verified,2016-06-27
CUST103092,Sowmya,Patel,Female,1976-12-26,49,Single,3,Graduate,Salaried,Software Engineer,568700,Chennai,Tamil Nadu,Family Owned,24,sowmya.patel478@rediffmail.com,+91-8058917397,Verified,2016-07-25
CUST103093,Deepika,Bhat,Female,2000-05-04,26,Married,2,Post Graduate,Self-Employed,Consultant,659500,Surat,Gujarat,Rented,5,deepika.bhat421@outlook.com,+91-7975645026,Verified,2017-10-31
CUST103094,Farhan,Iyer,Male,1994-12-26,31,Married,3,Post Graduate,Self-Employed,Lawyer,1430700,Mysuru,Karnataka,Rented,2,farhan.iyer674@rediffmail.com,+91-8175588445,Pending,2015-08-16
CUST103095,Tanvi,Mukherjee,Female,1990-07-11,35,Married,0,Graduate,Unemployed,Homemaker,128000,Mumbai,Maharashtra,Mortgaged,17,tanvi.mukherjee540@outlook.com,+91-8133203380,Verified,2018-06-17
CUST103096,Aarav,Reddy,Male,1997-02-09,29,Married,1,Post Graduate,Salaried,Accountant,667400,Mumbai,Maharashtra,Rented,11,aarav.reddy837@yahoo.in,+91-7694918784,Verified,2016-10-15
CUST103097,Suresh,Singh,Male,2003-03-15,23,Single,1,Graduate,Self-Employed,Chartered Accountant,609100,Gurugram,Haryana,Rented,5,suresh.singh340@rediffmail.com,+91-7338139070,Verified,2022-12-20
CUST103098,Saanvi,Menon,Female,2004-11-13,21,Single,1,Post Graduate,Self-Employed,Chartered Accountant,518700,Noida,Uttar Pradesh,Rented,3,saanvi.menon878@rediffmail.com,+91-9581985225,Verified,2023-02-26
CUST103099,Priya,Reddy,Female,1986-07-12,39,Single,1,Graduate,Salaried,Sales Executive,413700,Noida,Uttar Pradesh,Mortgaged,10,priya.reddy474@yahoo.in,+91-9665849466,Verified,2016-05-15
CUST103100,Deepika,Kulkarni,Female,1977-10-20,48,Married,0,Post Graduate,Salaried,Sales Executive,698300,Kolkata,West Bengal,Family Owned,7,deepika.kulkarni353@outlook.com,+91-7287776530,Verified,2017-09-28
CUST103101,Harsh,Patel,Male,1996-09-24,29,Married,2,Graduate,Salaried,Teacher,360800,Bhopal,Madhya Pradesh,Rented,11,harsh.patel412@outlook.com,+91-8477243679,Verified,2015-11-01
CUST103102,Pranav,Reddy,Male,1981-06-24,45,Married,1,High School,Unemployed,Student,120000,Delhi,Delhi,Rented,1,pranav.reddy347@gmail.com,+91-7396289647,Verified,2018-03-09
CUST103103,Ayaan,Singh,Male,1986-10-17,39,Married,1,Post Graduate,Retired,Retired Government Employee,332400,Pune,Maharashtra,Rented,0,ayaan.singh980@outlook.com,+91-9318463810,Verified,2015-09-01
CUST103104,Sneha,Menon,Female,1975-08-23,50,Divorced,4,Post Graduate,Salaried,Sales Executive,459300,Chennai,Tamil Nadu,Mortgaged,19,sneha.menon455@yahoo.in,+91-7846868119,Verified,2021-08-20
CUST103105,Shreya,Sheikh,Female,1999-05-20,27,Married,4,Diploma,Salaried,HR Manager,180000,Mumbai,Maharashtra,Owned,4,shreya.sheikh473@gmail.com,+91-9511866585,Verified,2022-07-22
CUST103106,Shreya,Rao,Female,1985-05-19,41,Married,0,Post Graduate,Salaried,Software Engineer,701200,Indore,Madhya Pradesh,Mortgaged,6,shreya.rao508@outlook.com,+91-8761611370,Verified,2024-01-27
CUST103107,Priya,Rao,Female,1983-07-29,42,Married,0,Professional Degree,Business Owner,Contractor,2056000,Indore,Madhya Pradesh,Family Owned,18,priya.rao700@outlook.com,+91-7846051042,Pending,2014-05-11
CUST103108,Rajesh,Gupta,Male,1989-05-03,37,Single,2,Graduate,Self-Employed,Freelance Designer,1163800,Bhopal,Madhya Pradesh,Owned,17,rajesh.gupta109@gmail.com,+91-8115330542,Verified,2016-01-29
CUST103109,Neha,Chopra,Female,1981-10-03,44,Married,2,Post Graduate,Self-Employed,Chartered Accountant,1040800,Nagpur,Maharashtra,Rented,8,neha.chopra333@yahoo.in,+91-7225313487,Verified,2013-11-18
CUST103110,Rohan,Gupta,Male,1990-01-14,36,Single,1,Diploma,Salaried,HR Manager,121100,Lucknow,Uttar Pradesh,Family Owned,3,rohan.gupta88@rediffmail.com,+91-7527646422,Verified,2016-03-28
CUST103111,Aditya,Kapoor,Male,1975-07-23,50,Married,2,Graduate,Salaried,Nurse,521600,Kochi,Kerala,Rented,13,aditya.kapoor356@yahoo.in,+91-7339552365,Verified,2017-08-09
CUST103112,Aadhya,Patel,Female,1987-03-11,39,Single,1,Post Graduate,Salaried,Analyst,1010200,Surat,Gujarat,Rented,6,aadhya.patel773@rediffmail.com,+91-7257144964,Verified,2017-05-24
CUST103113,Harsh,Chowdhury,Male,1979-12-09,46,Single,1,High School,Unemployed,Student,172000,Mumbai,Maharashtra,Owned,5,harsh.chowdhury97@outlook.com,+91-8168052132,Verified,2023-06-27
CUST103114,Riya,Gupta,Female,1975-10-06,50,Married,1,High School,Retired,Pensioner,182300,Bhopal,Madhya Pradesh,Rented,18,riya.gupta704@yahoo.in,+91-7748617847,Pending,2021-04-10
CUST103115,Kabir,Menon,Male,1982-07-31,43,Divorced,1,Post Graduate,Self-Employed,Doctor (Practice),421700,Surat,Gujarat,Owned,5,kabir.menon481@gmail.com,+91-7616119330,Pending,2018-05-04
CUST103116,Zaid,Chowdhury,Male,1991-10-22,34,Married,4,Graduate,Business Owner,Trader,1283100,Ahmedabad,Gujarat,Mortgaged,7,zaid.chowdhury837@gmail.com,+91-8999572502,Verified,2016-01-30
CUST103117,Priya,Mehta,Female,2000-10-21,25,Married,1,Graduate,Salaried,Sales Executive,590600,Surat,Gujarat,Family Owned,6,priya.mehta665@gmail.com,+91-9492864007,Verified,2023-09-29
CUST103118,Riya,Chopra,Female,1977-02-01,49,Divorced,1,Graduate,Self-Employed,Architect,363700,Kolkata,West Bengal,Owned,19,riya.chopra722@yahoo.in,+91-8590162360,Verified,2022-10-08
CUST103119,Pranav,Reddy,Male,1999-02-25,27,Single,0,High School,Salaried,Software Engineer,454300,Pune,Maharashtra,Mortgaged,9,pranav.reddy803@gmail.com,+91-7634402381,Verified,2023-02-24
CUST103120,Farhan,Reddy,Male,1981-07-03,45,Single,3,Post Graduate,Salaried,Bank Officer,1599300,Noida,Uttar Pradesh,Owned,6,farhan.reddy691@gmail.com,+91-7358654579,Verified,2018-08-03
CUST103121,Manish,Joshi,Male,1987-12-08,38,Married,3,Post Graduate,Salaried,Sales Executive,667500,Bhopal,Madhya Pradesh,Owned,14,manish.joshi93@rediffmail.com,+91-7150087127,Verified,2017-06-02
CUST103122,Karthik,Mehta,Male,1991-03-18,35,Single,1,Post Graduate,Retired,Pensioner,669400,Bengaluru,Karnataka,Owned,17,karthik.mehta319@outlook.com,+91-9474168369,Pending,2014-01-28
CUST103123,Lakshmi,Bhat,Female,2002-05-13,24,Single,1,Professional Degree,Salaried,HR Manager,1301100,Kochi,Kerala,Family Owned,5,lakshmi.bhat524@gmail.com,+91-9826914268,Verified,2022-12-25
CUST103124,Arjun,Banerjee,Male,1988-09-20,37,Married,0,Diploma,Self-Employed,Lawyer,468700,Noida,Uttar Pradesh,Mortgaged,4,arjun.banerjee282@gmail.com,+91-7673895885,Verified,2014-07-25
CUST103125,Vivaan,Rao,Male,1985-08-18,40,Single,1,Graduate,Self-Employed,Freelance Designer,817400,Indore,Madhya Pradesh,Rented,22,vivaan.rao13@rediffmail.com,+91-9826807642,Pending,2018-11-10
CUST103126,Rohan,Shah,Male,1992-03-28,34,Divorced,1,Graduate,Self-Employed,Lawyer,673100,Chandigarh,Chandigarh,Mortgaged,12,rohan.shah770@yahoo.in,+91-9112229458,Pending,2018-11-03
CUST103127,Ananya,Banerjee,Female,1974-09-06,51,Single,1,Graduate,Salaried,HR Manager,224300,Chandigarh,Chandigarh,Rented,2,ananya.banerjee26@gmail.com,+91-9162418191,Verified,2016-08-06
CUST103128,Vivaan,Kapoor,Male,1995-12-03,30,Single,2,Graduate,Retired,Retired Government Employee,580200,Indore,Madhya Pradesh,Owned,1,vivaan.kapoor714@outlook.com,+91-8470221370,Verified,2016-07-22
CUST103129,Aadhya,Khan,Female,1982-08-10,43,Widowed,3,Graduate,Business Owner,Trader,1334900,Mysuru,Karnataka,Family Owned,10,aadhya.khan245@gmail.com,+91-8583853786,Verified,2024-04-14
CUST103130,Vivaan,Mehta,Male,1980-09-18,45,Married,1,Graduate,Salaried,HR Manager,552300,Nagpur,Maharashtra,Owned,17,vivaan.mehta973@gmail.com,+91-9876167822,Verified,2015-04-04
CUST103131,Ayaan,Sheikh,Male,1989-05-15,37,Single,1,Graduate,Salaried,Nurse,160100,Chennai,Tamil Nadu,Owned,19,ayaan.sheikh354@yahoo.in,+91-9258917404,Pending,2021-04-05
CUST103132,Nisha,Ahmed,Female,1991-12-30,34,Married,3,Post Graduate,Salaried,Sales Executive,645900,Nagpur,Maharashtra,Mortgaged,12,nisha.ahmed205@yahoo.in,+91-9634546360,Verified,2021-04-26
CUST103133,Isha,Ahmed,Female,1984-05-14,42,Married,1,High School,Self-Employed,Lawyer,504700,Hyderabad,Telangana,Rented,10,isha.ahmed686@yahoo.in,+91-8943029125,Verified,2022-05-14
CUST103134,Shreya,Kulkarni,Female,1998-11-24,27,Married,1,Graduate,Self-Employed,Lawyer,772200,Surat,Gujarat,Rented,1,shreya.kulkarni78@yahoo.in,+91-8236680141,Verified,2023-07-02
CUST103135,Meera,Deshpande,Female,1983-12-12,42,Single,3,Post Graduate,Self-Employed,Chartered Accountant,701000,Kochi,Kerala,Owned,9,meera.deshpande100@outlook.com,+91-9426576820,Verified,2018-05-25
CUST103136,Karthik,Iyer,Male,1990-09-19,35,Married,0,Post Graduate,Salaried,Sales Executive,419300,Noida,Uttar Pradesh,Rented,4,karthik.iyer309@rediffmail.com,+91-8170909383,Verified,2022-03-14
CUST103137,Reyansh,Ahmed,Male,1993-03-04,33,Widowed,1,Graduate,Self-Employed,Doctor (Practice),1261500,Chennai,Tamil Nadu,Mortgaged,2,reyansh.ahmed403@gmail.com,+91-9197236825,Pending,2021-10-30
CUST103138,Sneha,Shah,Female,1998-11-05,27,Married,0,Graduate,Self-Employed,Chartered Accountant,1211500,Hyderabad,Telangana,Rented,9,sneha.shah660@gmail.com,+91-8136721393,Pending,2022-08-20
CUST103139,Zara,Joshi,Female,1974-06-25,52,Married,0,Diploma,Self-Employed,Consultant,333000,Indore,Madhya Pradesh,Family Owned,13,zara.joshi269@gmail.com,+91-7646770198,Verified,2015-02-10
CUST103140,Kabir,Khan,Male,1994-01-09,32,Married,2,Post Graduate,Unemployed,Student,221500,Surat,Gujarat,Rented,8,kabir.khan349@gmail.com,+91-8155395307,Verified,2023-05-24
CUST103141,Aarohi,Kaur,Female,2000-11-07,25,Married,1,Graduate,Retired,Retired Private Sector,387700,Noida,Uttar Pradesh,Mortgaged,3,aarohi.kaur635@gmail.com,+91-8180516014,Pending,2018-05-14
CUST103142,Sandeep,Ahmed,Male,1998-09-22,27,Single,1,Professional Degree,Salaried,Accountant,497500,Jaipur,Rajasthan,Rented,9,sandeep.ahmed699@outlook.com,+91-9617821325,Verified,2018-10-15
CUST103143,Meera,Chopra,Female,1994-05-02,32,Single,2,High School,Salaried,HR Manager,401800,Lucknow,Uttar Pradesh,Rented,5,meera.chopra265@outlook.com,+91-7224743417,Verified,2016-12-12
CUST103144,Saanvi,Naidu,Female,1987-06-10,39,Divorced,0,Diploma,Self-Employed,Lawyer,555400,Mumbai,Maharashtra,Owned,7,saanvi.naidu304@outlook.com,+91-8586634788,Verified,2022-09-19
CUST103145,Aditya,Ahmed,Male,1996-11-06,29,Single,0,Graduate,Salaried,Sales Executive,666200,Delhi,Delhi,Rented,9,aditya.ahmed683@rediffmail.com,+91-7882483503,Pending,2013-07-24
CUST103146,Yash,Mehta,Male,2002-01-25,24,Single,1,Graduate,Self-Employed,Consultant,257500,Coimbatore,Tamil Nadu,Family Owned,2,yash.mehta556@gmail.com,+91-9055715708,Verified,2022-01-20
CUST103147,Suresh,Gupta,Male,1980-06-14,46,Married,1,Post Graduate,Salaried,Software Engineer,1046400,Mysuru,Karnataka,Rented,23,suresh.gupta181@rediffmail.com,+91-9060963278,Verified,2024-01-01
CUST103148,Aditya,Menon,Male,1972-11-06,53,Single,2,High School,Salaried,Accountant,302200,Kolkata,West Bengal,Mortgaged,5,aditya.menon369@yahoo.in,+91-8014091644,Pending,2017-06-02
CUST103149,Manish,Mukherjee,Male,1991-06-23,35,Divorced,4,Graduate,Business Owner,Restaurant Owner,343200,Delhi,Delhi,Owned,17,manish.mukherjee642@rediffmail.com,+91-7334598607,Verified,2022-01-09
CUST103150,Deepika,Banerjee,Female,1975-01-25,51,Widowed,0,High School,Salaried,Sales Executive,392900,Jaipur,Rajasthan,Rented,10,deepika.banerjee458@outlook.com,+91-8565567927,Verified,2021-11-08
CUST103151,Manish,Mukherjee,Male,1976-03-23,50,Single,0,High School,Unemployed,Not Employed,120000,Chandigarh,Chandigarh,Rented,19,manish.mukherjee991@outlook.com,+91-7085799405,Verified,2021-09-16
CUST103152,Siddharth,Gupta,Male,2003-03-30,23,Single,1,Graduate,Unemployed,Homemaker,128300,Hyderabad,Telangana,Rented,5,siddharth.gupta534@outlook.com,+91-9298974932,Verified,2022-09-24
CUST103153,Kabir,Rao,Male,1998-07-02,28,Single,2,Post Graduate,Salaried,HR Manager,1965500,Kolkata,West Bengal,Mortgaged,2,kabir.rao976@rediffmail.com,+91-8873431684,Verified,2022-11-25
CUST103154,Aadhya,Menon,Female,1994-08-27,31,Single,2,Graduate,Salaried,Accountant,294800,Indore,Madhya Pradesh,Mortgaged,3,aadhya.menon137@outlook.com,+91-8653269407,Verified,2020-04-17
CUST103155,Dev,Deshpande,Male,1984-05-21,42,Married,0,Diploma,Unemployed,Homemaker,120000,Jaipur,Rajasthan,Rented,11,dev.deshpande565@outlook.com,+91-8986398844,Pending,2015-05-11
CUST103156,Nisha,Naidu,Female,1982-04-25,44,Married,1,Post Graduate,Salaried,HR Manager,770600,Pune,Maharashtra,Family Owned,14,nisha.naidu202@yahoo.in,+91-9633596363,Verified,2017-05-16
CUST103157,Fatima,Gill,Female,2005-02-14,21,Married,2,Post Graduate,Salaried,Nurse,229300,Pune,Maharashtra,Family Owned,3,fatima.gill835@rediffmail.com,+91-9432609724,Verified,2023-01-03
CUST103158,Shreya,Patel,Female,1991-11-21,34,Widowed,2,Graduate,Salaried,Sales Executive,571000,Pune,Maharashtra,Owned,7,shreya.patel84@rediffmail.com,+91-9820984741,Verified,2021-05-26
CUST103159,Vivaan,Bhat,Male,1997-06-07,29,Widowed,2,Post Graduate,Self-Employed,Freelance Designer,1246900,Indore,Madhya Pradesh,Family Owned,6,vivaan.bhat938@outlook.com,+91-8395775249,Verified,2015-03-09
CUST103160,Nisha,Khan,Female,1999-11-17,26,Married,1,Graduate,Retired,Pensioner,222900,Kochi,Kerala,Owned,8,nisha.khan748@yahoo.in,+91-7491435435,Verified,2017-06-04
CUST103161,Ananya,Joshi,Female,1980-10-20,45,Married,1,Graduate,Salaried,Teacher,777900,Surat,Gujarat,Owned,12,ananya.joshi572@gmail.com,+91-8814780322,Verified,2019-11-07
CUST103162,Sandeep,Khan,Male,1978-05-02,48,Married,2,High School,Salaried,Analyst,188700,Nagpur,Maharashtra,Mortgaged,1,sandeep.khan702@yahoo.in,+91-9887883462,Verified,2021-06-07
CUST103163,Lakshmi,Kaur,Female,1985-08-21,40,Married,0,Diploma,Retired,Retired Government Employee,120000,Gurugram,Haryana,Rented,17,lakshmi.kaur859@outlook.com,+91-7561540707,Verified,2017-09-29
CUST103164,Siddharth,Chowdhury,Male,1988-12-12,37,Married,0,Professional Degree,Self-Employed,Lawyer,521400,Lucknow,Uttar Pradesh,Owned,19,siddharth.chowdhury751@outlook.com,+91-9064500504,Verified,2016-10-20
CUST103165,Anjali,Rao,Female,1979-11-22,46,Married,0,Graduate,Salaried,Bank Officer,286600,Indore,Madhya Pradesh,Rented,19,anjali.rao782@gmail.com,+91-9269161808,Verified,2017-12-27
CUST103166,Yash,Mehta,Male,1981-10-10,44,Divorced,1,Graduate,Salaried,Analyst,385200,Pune,Maharashtra,Owned,14,yash.mehta842@yahoo.in,+91-8135512232,Verified,2023-11-17
CUST103167,Neha,Kaur,Female,1995-03-31,31,Single,3,Post Graduate,Salaried,Analyst,601300,Pune,Maharashtra,Rented,13,neha.kaur857@rediffmail.com,+91-8479192322,Verified,2023-08-13
CUST103168,Divya,Bhat,Female,1999-09-21,26,Single,1,Professional Degree,Unemployed,Homemaker,273100,Gurugram,Haryana,Rented,8,divya.bhat930@yahoo.in,+91-8485111844,Verified,2017-01-12
CUST103169,Vivaan,Khan,Male,1985-08-21,40,Married,2,Diploma,Salaried,Sales Executive,662800,Coimbatore,Tamil Nadu,Mortgaged,0,vivaan.khan180@outlook.com,+91-9552453483,Pending,2018-08-27
CUST103170,Sana,Bhat,Female,1986-11-02,39,Married,1,Post Graduate,Business Owner,Restaurant Owner,669800,Chennai,Tamil Nadu,Owned,0,sana.bhat475@gmail.com,+91-9135659775,Verified,2023-11-01
CUST103171,Fatima,Chopra,Female,1981-08-14,44,Single,1,Post Graduate,Business Owner,Contractor,1736000,Bhopal,Madhya Pradesh,Owned,16,fatima.chopra255@gmail.com,+91-8464906903,Verified,2014-04-03
CUST103172,Aarav,Mukherjee,Male,1987-12-29,38,Married,0,Post Graduate,Business Owner,Manufacturer,557400,Gurugram,Haryana,Family Owned,11,aarav.mukherjee109@rediffmail.com,+91-8187215372,Pending,2017-08-30
CUST103173,Kabir,Bhat,Male,1997-02-22,29,Married,1,Professional Degree,Salaried,Analyst,350300,Delhi,Delhi,Owned,11,kabir.bhat605@gmail.com,+91-8076620292,Pending,2021-09-30
CUST103174,Saanvi,Chopra,Female,1994-12-13,31,Married,0,Professional Degree,Salaried,Bank Officer,521000,Surat,Gujarat,Owned,3,saanvi.chopra436@gmail.com,+91-8890685382,Verified,2019-09-11
CUST103175,Kavya,Reddy,Female,1991-07-01,35,Divorced,1,Graduate,Salaried,Teacher,559900,Pune,Maharashtra,Family Owned,12,kavya.reddy247@outlook.com,+91-8516560246,Verified,2023-12-07
CUST103176,Sana,Mehta,Female,1968-02-09,58,Married,1,Graduate,Business Owner,Restaurant Owner,498000,Noida,Uttar Pradesh,Mortgaged,20,sana.mehta9@outlook.com,+91-7675442447,Verified,2014-01-15
CUST103177,Rajesh,Deshpande,Male,1985-02-05,41,Single,1,High School,Salaried,Bank Officer,474100,Nagpur,Maharashtra,Family Owned,20,rajesh.deshpande679@outlook.com,+91-8843720035,Verified,2014-05-27
CUST103178,Arjun,Menon,Male,1976-05-15,50,Single,3,Diploma,Self-Employed,Doctor (Practice),545600,Jaipur,Rajasthan,Owned,16,arjun.menon208@rediffmail.com,+91-9411412486,Pending,2023-11-04
CUST103179,Amit,Chowdhury,Male,1983-10-16,42,Married,2,Post Graduate,Self-Employed,Architect,553900,Indore,Madhya Pradesh,Owned,4,amit.chowdhury501@yahoo.in,+91-8331288512,Pending,2017-10-08
CUST103180,Neha,Sheikh,Female,1976-01-26,50,Single,0,Diploma,Salaried,Nurse,419300,Noida,Uttar Pradesh,Rented,7,neha.sheikh89@rediffmail.com,+91-7179959873,Verified,2022-03-01
CUST103181,Aarav,Bhat,Male,1989-03-29,37,Married,0,Diploma,Business Owner,Contractor,596500,Kolkata,West Bengal,Family Owned,19,aarav.bhat196@yahoo.in,+91-8764437947,Verified,2016-07-03
CUST103182,Shreya,Chopra,Female,1992-11-03,33,Single,1,Diploma,Salaried,Teacher,565400,Coimbatore,Tamil Nadu,Rented,10,shreya.chopra206@rediffmail.com,+91-7770142222,Verified,2014-01-31
CUST103183,Dev,Deshpande,Male,1983-04-21,43,Married,2,Graduate,Salaried,Analyst,297200,Mumbai,Maharashtra,Owned,6,dev.deshpande273@gmail.com,+91-7117166268,Pending,2016-09-30
CUST103184,Dev,Joshi,Male,1994-06-13,32,Married,3,Graduate,Unemployed,Student,218200,Jaipur,Rajasthan,Owned,14,dev.joshi68@yahoo.in,+91-7531159172,Verified,2021-01-02
CUST103185,Arjun,Mukherjee,Male,1999-04-07,27,Single,2,Diploma,Salaried,Analyst,188000,Bhopal,Madhya Pradesh,Mortgaged,9,arjun.mukherjee521@outlook.com,+91-8737733191,Pending,2022-06-11
CUST103186,Neha,Chopra,Female,1993-08-16,32,Married,1,Professional Degree,Self-Employed,Lawyer,2104000,Ahmedabad,Gujarat,Rented,3,neha.chopra438@rediffmail.com,+91-7467940780,Verified,2015-07-05
CUST103187,Dev,Deshpande,Male,1981-06-10,45,Single,1,Graduate,Salaried,Software Engineer,1209800,Ahmedabad,Gujarat,Family Owned,20,dev.deshpande307@rediffmail.com,+91-9212402976,Verified,2019-08-15
CUST103188,Anil,Sheikh,Male,1995-06-21,31,Single,1,Graduate,Salaried,Analyst,389900,Bengaluru,Karnataka,Rented,5,anil.sheikh197@gmail.com,+91-9571353283,Pending,2015-08-21
CUST103189,Shreya,Naidu,Female,1976-09-03,49,Married,2,Post Graduate,Self-Employed,Chartered Accountant,899200,Coimbatore,Tamil Nadu,Rented,24,shreya.naidu509@yahoo.in,+91-8878417096,Verified,2016-06-04
CUST103190,Kavya,Ahmed,Female,2004-08-19,21,Married,1,Post Graduate,Salaried,Nurse,338300,Ahmedabad,Gujarat,Family Owned,3,kavya.ahmed859@gmail.com,+91-7828140606,Verified,2021-12-17
CUST103191,Vihaan,Ahmed,Male,1990-01-21,36,Single,1,Graduate,Salaried,HR Manager,1601600,Lucknow,Uttar Pradesh,Family Owned,11,vihaan.ahmed240@gmail.com,+91-7031418309,Verified,2019-10-19
CUST103192,Ritu,Mukherjee,Female,2002-05-08,24,Divorced,0,Diploma,Self-Employed,Freelance Designer,167200,Jaipur,Rajasthan,Owned,1,ritu.mukherjee500@yahoo.in,+91-9849397321,Verified,2020-10-24
CUST103193,Aarohi,Banerjee,Female,1990-04-30,36,Single,1,Post Graduate,Self-Employed,Chartered Accountant,301200,Bhopal,Madhya Pradesh,Rented,11,aarohi.banerjee837@outlook.com,+91-9381592940,Verified,2015-04-04
CUST103194,Vivaan,Shah,Male,1986-09-12,39,Married,0,Graduate,Salaried,Teacher,743500,Lucknow,Uttar Pradesh,Owned,20,vivaan.shah39@rediffmail.com,+91-7627836440,Pending,2013-07-14
CUST103195,Farhan,Banerjee,Male,2005-05-21,21,Married,1,Diploma,Salaried,Nurse,635600,Hyderabad,Telangana,Rented,3,farhan.banerjee925@rediffmail.com,+91-8595517261,Pending,2023-05-18
CUST103196,Amit,Nair,Male,1977-07-26,48,Single,3,Graduate,Retired,Retired Government Employee,684400,Kolkata,West Bengal,Owned,8,amit.nair47@yahoo.in,+91-9613656885,Pending,2018-06-02
CUST103197,Aanya,Das,Female,1989-06-22,37,Married,1,Post Graduate,Salaried,Nurse,561000,Surat,Gujarat,Mortgaged,17,aanya.das858@rediffmail.com,+91-8642746715,Verified,2022-01-07
CUST103198,Swati,Malhotra,Female,2001-09-23,24,Married,0,Post Graduate,Retired,Retired Private Sector,318800,Chennai,Tamil Nadu,Rented,6,swati.malhotra546@rediffmail.com,+91-8518301385,Verified,2018-07-03
CUST103199,Riya,Gupta,Female,1974-06-08,52,Single,1,Graduate,Self-Employed,Lawyer,425300,Mumbai,Maharashtra,Owned,9,riya.gupta348@gmail.com,+91-8177135701,Verified,2020-12-06
CUST103200,Manish,Reddy,Male,1996-05-25,30,Single,0,Diploma,Salaried,Nurse,1091700,Hyderabad,Telangana,Rented,0,manish.reddy5@gmail.com,+91-8080823634,Pending,2013-09-05
CUST103201,Zara,Kaur,Female,1988-04-30,38,Single,1,Graduate,Salaried,Teacher,500800,Chennai,Tamil Nadu,Family Owned,20,zara.kaur511@gmail.com,+91-7095094124,Pending,2021-11-28
CUST103202,Pooja,Malhotra,Female,1985-02-13,41,Married,0,Graduate,Salaried,Nurse,635500,Bhopal,Madhya Pradesh,Owned,15,pooja.malhotra902@outlook.com,+91-9730997589,Pending,2021-09-29
CUST103203,Siddharth,Gupta,Male,1993-02-09,33,Married,1,Post Graduate,Business Owner,Manufacturer,1120200,Kolkata,West Bengal,Mortgaged,15,siddharth.gupta583@gmail.com,+91-8639413166,Verified,2014-03-16
CUST103204,Reyansh,Nair,Male,1984-06-11,42,Married,0,High School,Salaried,Accountant,237800,Bhopal,Madhya Pradesh,Rented,13,reyansh.nair181@outlook.com,+91-9844224152,Verified,2014-10-24
CUST103205,Farhan,Kaur,Male,1991-01-12,35,Married,0,Post Graduate,Salaried,Teacher,1661200,Lucknow,Uttar Pradesh,Rented,2,farhan.kaur762@rediffmail.com,+91-7873667608,Verified,2020-08-03
CUST103206,Sandeep,Patel,Male,1983-05-08,43,Single,1,High School,Salaried,Sales Executive,569000,Bengaluru,Karnataka,Rented,13,sandeep.patel457@yahoo.in,+91-8574030107,Verified,2018-05-06
CUST103207,Arjun,Patel,Male,1980-12-22,45,Divorced,1,Post Graduate,Salaried,Sales Executive,743400,Chandigarh,Chandigarh,Rented,1,arjun.patel230@yahoo.in,+91-9632141194,Verified,2023-05-05
CUST103208,Pranav,Naidu,Male,1982-10-11,43,Single,3,Diploma,Business Owner,Contractor,732700,Kochi,Kerala,Mortgaged,13,pranav.naidu26@rediffmail.com,+91-9143123201,Verified,2023-03-16
CUST103209,Vihaan,Bose,Male,1980-01-21,46,Married,2,Diploma,Salaried,Sales Executive,3105500,Nagpur,Maharashtra,Mortgaged,0,vihaan.bose827@outlook.com,+91-8191162557,Verified,2018-10-29
CUST103210,Sandeep,Deshpande,Male,1990-04-24,36,Married,0,Post Graduate,Salaried,Nurse,577600,Gurugram,Haryana,Mortgaged,18,sandeep.deshpande916@outlook.com,+91-9770620616,Verified,2024-06-20
CUST103211,Krishna,Das,Male,1982-06-09,44,Married,0,Post Graduate,Salaried,Accountant,872600,Hyderabad,Telangana,Rented,20,krishna.das655@gmail.com,+91-7250037838,Verified,2022-01-04
CUST103212,Nisha,Khan,Female,1975-10-17,50,Single,1,Graduate,Salaried,Teacher,399500,Chennai,Tamil Nadu,Family Owned,18,nisha.khan801@rediffmail.com,+91-8842572408,Verified,2021-04-24
CUST103213,Yash,Deshpande,Male,1967-05-08,59,Married,0,Graduate,Salaried,Nurse,664200,Jaipur,Rajasthan,Rented,1,yash.deshpande901@yahoo.in,+91-9058559218,Pending,2015-10-26
CUST103214,Karthik,Gupta,Male,1975-01-12,51,Single,0,Post Graduate,Salaried,Nurse,456000,Chandigarh,Chandigarh,Mortgaged,18,karthik.gupta682@yahoo.in,+91-7049442548,Pending,2015-10-31
CUST103215,Manish,Banerjee,Male,1988-07-05,37,Married,0,High School,Salaried,Bank Officer,146200,Mumbai,Maharashtra,Owned,19,manish.banerjee161@yahoo.in,+91-8713291749,Verified,2023-03-23
CUST103216,Imran,Khan,Male,1980-12-10,45,Widowed,1,Professional Degree,Salaried,Bank Officer,1585000,Noida,Uttar Pradesh,Rented,19,imran.khan947@rediffmail.com,+91-8778878419,Verified,2017-11-18
CUST103217,Yash,Banerjee,Male,1983-01-21,43,Married,1,Diploma,Salaried,Sales Executive,2643800,Indore,Madhya Pradesh,Owned,9,yash.banerjee305@gmail.com,+91-7211988012,Verified,2014-05-09
CUST103218,Arjun,Nair,Male,2004-11-28,21,Single,1,Post Graduate,Unemployed,Student,187800,Nagpur,Maharashtra,Owned,2,arjun.nair446@outlook.com,+91-8320015332,Verified,2022-10-01
CUST103219,Pranav,Malhotra,Male,1970-03-20,56,Single,2,Graduate,Salaried,Bank Officer,358600,Lucknow,Uttar Pradesh,Family Owned,14,pranav.malhotra37@yahoo.in,+91-9388448303,Pending,2022-04-23
CUST103220,Manish,Singh,Male,1996-11-02,29,Married,3,Graduate,Salaried,Nurse,309300,Kolkata,West Bengal,Rented,5,manish.singh743@yahoo.in,+91-8620670457,Verified,2016-01-05
CUST103221,Farhan,Kaur,Male,1985-02-12,41,Single,2,Diploma,Salaried,Analyst,200700,Coimbatore,Tamil Nadu,Mortgaged,21,farhan.kaur583@gmail.com,+91-9353725372,Verified,2022-01-28
CUST103222,Karthik,Kaur,Male,1991-11-09,34,Single,0,High School,Salaried,Accountant,188600,Mumbai,Maharashtra,Mortgaged,2,karthik.kaur522@gmail.com,+91-9055413225,Pending,2020-08-16
CUST103223,Kabir,Malhotra,Male,2005-01-22,21,Married,3,Post Graduate,Salaried,Accountant,1177100,Mumbai,Maharashtra,Rented,3,kabir.malhotra678@outlook.com,+91-7190111098,Verified,2021-09-16
CUST103224,Ishaan,Khan,Male,2004-11-07,21,Divorced,0,Post Graduate,Self-Employed,Doctor (Practice),838700,Lucknow,Uttar Pradesh,Owned,3,ishaan.khan603@gmail.com,+91-9121343167,Verified,2021-08-17
CUST103225,Ayaan,Singh,Male,1990-07-20,35,Married,0,Graduate,Salaried,Analyst,404800,Noida,Uttar Pradesh,Owned,17,ayaan.singh439@outlook.com,+91-9692682895,Verified,2019-03-06
CUST103226,Rajesh,Shah,Male,1976-12-31,49,Married,0,Graduate,Salaried,Sales Executive,237300,Mysuru,Karnataka,Owned,24,rajesh.shah914@outlook.com,+91-9327487640,Verified,2019-11-16
CUST103227,Dev,Reddy,Male,1992-12-20,33,Single,2,Graduate,Business Owner,Restaurant Owner,512300,Surat,Gujarat,Rented,11,dev.reddy766@outlook.com,+91-7690138565,Verified,2023-11-28
CUST103228,Pranav,Rao,Male,1976-06-16,50,Married,2,Graduate,Retired,Pensioner,270800,Noida,Uttar Pradesh,Owned,18,pranav.rao554@outlook.com,+91-7176640316,Pending,2024-06-15
CUST103229,Deepak,Joshi,Male,1984-11-13,41,Married,0,Post Graduate,Retired,Pensioner,238200,Gurugram,Haryana,Family Owned,0,deepak.joshi235@yahoo.in,+91-8993353275,Pending,2018-10-01
CUST103230,Nisha,Gill,Female,1975-04-23,51,Single,3,Post Graduate,Retired,Pensioner,871200,Noida,Uttar Pradesh,Rented,12,nisha.gill591@gmail.com,+91-9790468959,Verified,2017-03-29
CUST103231,Neha,Shah,Female,1984-01-07,42,Married,2,Diploma,Business Owner,Retail Store Owner,544000,Lucknow,Uttar Pradesh,Mortgaged,19,neha.shah73@yahoo.in,+91-8717580063,Verified,2024-06-13
CUST103232,Imran,Mehta,Male,1982-03-24,44,Single,2,Diploma,Salaried,HR Manager,193800,Noida,Uttar Pradesh,Owned,19,imran.mehta808@rediffmail.com,+91-7280399446,Verified,2021-06-30
CUST103233,Harsh,Khan,Male,1991-10-04,34,Single,4,Graduate,Self-Employed,Architect,348400,Delhi,Delhi,Rented,12,harsh.khan33@gmail.com,+91-9790024261,Verified,2015-12-09
CUST103234,Harsh,Gupta,Male,1985-10-27,40,Divorced,1,Post Graduate,Self-Employed,Chartered Accountant,794500,Bhopal,Madhya Pradesh,Rented,5,harsh.gupta571@outlook.com,+91-8491218691,Verified,2017-03-01
CUST103235,Lakshmi,Singh,Female,2004-11-06,21,Married,0,Diploma,Salaried,HR Manager,375500,Nagpur,Maharashtra,Rented,3,lakshmi.singh360@yahoo.in,+91-9163017436,Verified,2024-03-02
CUST103236,Priya,Joshi,Female,1980-12-04,45,Married,1,High School,Self-Employed,Doctor (Practice),180300,Delhi,Delhi,Family Owned,24,priya.joshi25@yahoo.in,+91-8344216526,Verified,2017-10-17
CUST103237,Aarohi,Iyer,Female,1976-09-23,49,Single,1,Post Graduate,Unemployed,Not Employed,141500,Indore,Madhya Pradesh,Owned,0,aarohi.iyer351@yahoo.in,+91-7124912333,Pending,2023-06-16
CUST103238,Aanya,Khan,Female,1988-05-21,38,Married,2,High School,Salaried,Software Engineer,222400,Lucknow,Uttar Pradesh,Owned,2,aanya.khan917@gmail.com,+91-9159639804,Verified,2023-05-02
CUST103239,Manish,Kapoor,Male,1978-09-30,47,Married,2,Post Graduate,Retired,Pensioner,512800,Pune,Maharashtra,Family Owned,10,manish.kapoor159@rediffmail.com,+91-8585014150,Verified,2016-09-29
CUST103240,Arjun,Kapoor,Male,1997-11-06,28,Married,2,Graduate,Salaried,Sales Executive,244000,Ahmedabad,Gujarat,Rented,10,arjun.kapoor508@rediffmail.com,+91-9562381984,Verified,2020-12-11
CUST103241,Pooja,Menon,Female,1985-06-29,41,Single,2,Graduate,Salaried,Analyst,532000,Delhi,Delhi,Mortgaged,1,pooja.menon985@gmail.com,+91-9266332967,Pending,2016-01-05
CUST103242,Nisha,Nair,Female,1992-04-08,34,Married,3,Graduate,Salaried,Bank Officer,382500,Noida,Uttar Pradesh,Family Owned,10,nisha.nair893@outlook.com,+91-8878536554,Verified,2019-01-10
CUST103243,Dev,Gill,Male,1983-01-25,43,Single,1,Professional Degree,Salaried,Bank Officer,2337600,Lucknow,Uttar Pradesh,Rented,11,dev.gill170@gmail.com,+91-8799988764,Verified,2015-12-20
CUST103244,Zara,Chowdhury,Female,1982-06-28,44,Single,1,High School,Salaried,Sales Executive,850700,Chennai,Tamil Nadu,Owned,10,zara.chowdhury157@outlook.com,+91-7028585852,Verified,2021-06-25
CUST103245,Aarohi,Das,Female,1985-01-18,41,Single,2,Graduate,Business Owner,Restaurant Owner,416900,Delhi,Delhi,Rented,0,aarohi.das512@outlook.com,+91-8575476243,Verified,2022-10-01
CUST103246,Anil,Ahmed,Male,1983-06-07,43,Single,1,Post Graduate,Self-Employed,Chartered Accountant,786200,Surat,Gujarat,Mortgaged,24,anil.ahmed670@yahoo.in,+91-7191037283,Pending,2021-08-26
CUST103247,Zaid,Sharma,Male,1977-04-13,49,Married,4,Graduate,Salaried,Bank Officer,798200,Kochi,Kerala,Family Owned,8,zaid.sharma275@rediffmail.com,+91-7216689351,Pending,2018-04-01
CUST103248,Yash,Chowdhury,Male,1992-05-24,34,Married,3,Graduate,Unemployed,Not Employed,120000,Jaipur,Rajasthan,Owned,1,yash.chowdhury156@gmail.com,+91-7370821769,Verified,2019-09-10
CUST103249,Ishaan,Deshpande,Male,1974-08-05,51,Single,0,Post Graduate,Salaried,HR Manager,1613200,Chennai,Tamil Nadu,Owned,14,ishaan.deshpande773@rediffmail.com,+91-7654791799,Pending,2024-02-17
CUST103250,Zaid,Kulkarni,Male,2005-04-13,21,Married,3,Graduate,Self-Employed,Chartered Accountant,690100,Mumbai,Maharashtra,Rented,3,zaid.kulkarni137@yahoo.in,+91-7624943110,Pending,2022-08-08
CUST103251,Rahul,Menon,Male,1985-07-01,41,Single,3,Post Graduate,Salaried,HR Manager,556300,Indore,Madhya Pradesh,Rented,11,rahul.menon139@rediffmail.com,+91-9328613494,Verified,2024-03-18
CUST103252,Pranav,Patel,Male,2004-11-09,21,Single,2,Post Graduate,Salaried,Sales Executive,607900,Hyderabad,Telangana,Owned,3,pranav.patel26@rediffmail.com,+91-9060887711,Verified,2022-09-04
CUST103253,Aarohi,Chowdhury,Female,1971-01-06,55,Married,1,Diploma,Salaried,Nurse,340500,Mysuru,Karnataka,Mortgaged,12,aarohi.chowdhury18@gmail.com,+91-7291513648,Pending,2018-10-02
CUST103254,Krishna,Sharma,Male,2003-07-26,22,Divorced,1,Post Graduate,Self-Employed,Chartered Accountant,399000,Gurugram,Haryana,Rented,4,krishna.sharma1@yahoo.in,+91-8260022085,Verified,2020-12-31
CUST103255,Amit,Patel,Male,1977-12-03,48,Married,2,Graduate,Salaried,HR Manager,969300,Bhopal,Madhya Pradesh,Mortgaged,15,amit.patel277@yahoo.in,+91-7120088354,Verified,2020-04-22
CUST103256,Deepak,Mehta,Male,1988-01-13,38,Married,1,Post Graduate,Business Owner,Restaurant Owner,1232100,Kochi,Kerala,Mortgaged,8,deepak.mehta809@gmail.com,+91-8195717923,Verified,2021-02-18
CUST103257,Aarav,Singh,Male,1992-07-29,33,Married,1,Post Graduate,Retired,Pensioner,367800,Lucknow,Uttar Pradesh,Rented,13,aarav.singh103@outlook.com,+91-9137858865,Verified,2014-06-15
CUST103258,Rohan,Ahmed,Male,1980-08-20,45,Married,0,Graduate,Unemployed,Not Employed,120000,Kolkata,West Bengal,Mortgaged,15,rohan.ahmed73@outlook.com,+91-7154177919,Verified,2022-05-21
CUST103259,Deepika,Menon,Female,1996-01-05,30,Married,2,Diploma,Salaried,Nurse,248100,Hyderabad,Telangana,Family Owned,11,deepika.menon652@outlook.com,+91-8297426213,Verified,2016-07-08
CUST103260,Ishaan,Reddy,Male,1980-11-10,45,Widowed,0,Post Graduate,Self-Employed,Consultant,457800,Surat,Gujarat,Rented,21,ishaan.reddy942@rediffmail.com,+91-8232759572,Pending,2018-08-04
CUST103261,Suresh,Deshpande,Male,1962-05-12,64,Single,0,Post Graduate,Salaried,Bank Officer,434600,Noida,Uttar Pradesh,Rented,0,suresh.deshpande616@outlook.com,+91-9340592816,Pending,2020-08-01
CUST103262,Vivaan,Mehta,Male,1994-09-07,31,Single,0,Post Graduate,Salaried,Bank Officer,1034500,Lucknow,Uttar Pradesh,Owned,13,vivaan.mehta104@outlook.com,+91-9390814476,Verified,2022-12-24
CUST103263,Ayesha,Joshi,Female,2000-04-22,26,Single,2,High School,Salaried,Accountant,427500,Jaipur,Rajasthan,Owned,8,ayesha.joshi751@gmail.com,+91-8785843908,Verified,2019-04-26
CUST103264,Anika,Kaur,Female,1971-12-29,54,Single,2,Post Graduate,Self-Employed,Lawyer,521000,Chennai,Tamil Nadu,Owned,1,anika.kaur222@rediffmail.com,+91-8072681692,Verified,2020-07-02
CUST103265,Sandeep,Gupta,Male,1989-06-18,37,Divorced,0,Graduate,Salaried,Sales Executive,201900,Chennai,Tamil Nadu,Owned,19,sandeep.gupta191@yahoo.in,+91-8520201434,Verified,2021-05-21
CUST103266,Harsh,Gupta,Male,1992-03-22,34,Married,1,Graduate,Unemployed,Not Employed,120000,Delhi,Delhi,Family Owned,4,harsh.gupta972@yahoo.in,+91-7612739439,Verified,2024-01-06
CUST103267,Karthik,Das,Male,2004-07-29,21,Divorced,1,Diploma,Business Owner,Manufacturer,144700,Delhi,Delhi,Rented,3,karthik.das790@outlook.com,+91-7160286232,Verified,2022-06-10
CUST103268,Anika,Naidu,Female,1994-03-06,32,Single,0,Post Graduate,Unemployed,Not Employed,217200,Jaipur,Rajasthan,Owned,14,anika.naidu290@gmail.com,+91-7875546483,Pending,2015-06-04
CUST103269,Rahul,Bhat,Male,1986-06-22,40,Single,2,Diploma,Salaried,Teacher,290000,Chennai,Tamil Nadu,Rented,22,rahul.bhat681@yahoo.in,+91-9629298823,Verified,2019-01-14
CUST103270,Rohan,Rao,Male,1982-05-10,44,Married,1,Post Graduate,Salaried,Teacher,493400,Kochi,Kerala,Owned,15,rohan.rao17@yahoo.in,+91-9492728735,Pending,2018-02-07
CUST103271,Rohan,Mukherjee,Male,2001-02-23,25,Divorced,1,Graduate,Salaried,Software Engineer,241800,Chandigarh,Chandigarh,Owned,7,rohan.mukherjee603@rediffmail.com,+91-8980572624,Verified,2021-06-05
CUST103272,Diya,Mehta,Female,1970-06-26,56,Married,1,Post Graduate,Unemployed,Not Employed,219100,Nagpur,Maharashtra,Mortgaged,17,diya.mehta679@rediffmail.com,+91-8251090748,Pending,2021-07-11
CUST103273,Reyansh,Menon,Male,1990-08-19,35,Single,0,Graduate,Salaried,Sales Executive,444700,Chennai,Tamil Nadu,Rented,17,reyansh.menon878@outlook.com,+91-8281030173,Verified,2018-02-14
CUST103274,Sandeep,Naidu,Male,1981-06-08,45,Married,1,Graduate,Self-Employed,Architect,339900,Hyderabad,Telangana,Owned,17,sandeep.naidu722@rediffmail.com,+91-8762641637,Verified,2020-08-02
CUST103275,Sowmya,Bose,Female,1979-10-01,46,Single,0,Post Graduate,Unemployed,Homemaker,273200,Nagpur,Maharashtra,Mortgaged,21,sowmya.bose71@gmail.com,+91-8013216599,Verified,2023-01-05
CUST103276,Nikhil,Gupta,Male,1994-12-27,31,Married,1,Diploma,Self-Employed,Doctor (Practice),291000,Jaipur,Rajasthan,Family Owned,13,nikhil.gupta481@yahoo.in,+91-9219047068,Pending,2020-11-04
CUST103277,Riya,Nair,Female,1996-11-01,29,Married,0,Graduate,Self-Employed,Freelance Designer,904300,Pune,Maharashtra,Mortgaged,11,riya.nair653@outlook.com,+91-9082681659,Pending,2021-05-19
CUST103278,Lakshmi,Ahmed,Female,2000-03-14,26,Single,1,Graduate,Salaried,Accountant,703500,Chennai,Tamil Nadu,Family Owned,8,lakshmi.ahmed434@yahoo.in,+91-9420952438,Verified,2023-04-08
CUST103279,Pooja,Mehta,Female,2000-04-07,26,Married,2,Graduate,Self-Employed,Freelance Designer,535000,Surat,Gujarat,Rented,8,pooja.mehta20@gmail.com,+91-9519526420,Verified,2017-01-29
CUST103280,Yash,Mukherjee,Male,1997-07-14,28,Married,2,High School,Business Owner,Restaurant Owner,498200,Bengaluru,Karnataka,Owned,9,yash.mukherjee340@gmail.com,+91-7022832278,Verified,2014-08-22
CUST103281,Ayesha,Mehta,Female,1976-11-25,49,Married,1,Post Graduate,Salaried,Software Engineer,885800,Surat,Gujarat,Mortgaged,1,ayesha.mehta676@outlook.com,+91-9580134454,Pending,2016-06-22
CUST103282,Rohan,Mukherjee,Male,2002-12-24,23,Single,1,High School,Salaried,Analyst,322600,Kochi,Kerala,Rented,5,rohan.mukherjee928@outlook.com,+91-8692786633,Pending,2022-08-27
CUST103283,Deepika,Das,Female,1980-07-31,45,Divorced,2,Professional Degree,Salaried,Analyst,1503600,Mumbai,Maharashtra,Rented,1,deepika.das965@yahoo.in,+91-8321532598,Verified,2018-02-25
CUST103284,Rohan,Khan,Male,1989-03-23,37,Married,2,Graduate,Unemployed,Student,120000,Mumbai,Maharashtra,Rented,14,rohan.khan971@outlook.com,+91-8730811196,Verified,2023-01-31
CUST103285,Farhan,Khan,Male,1983-11-23,42,Married,1,Diploma,Salaried,Bank Officer,487600,Kolkata,West Bengal,Rented,22,farhan.khan223@rediffmail.com,+91-7367935061,Verified,2018-11-16
CUST103286,Krishna,Mukherjee,Male,1992-06-09,34,Married,1,Graduate,Salaried,Sales Executive,262000,Gurugram,Haryana,Owned,16,krishna.mukherjee14@rediffmail.com,+91-7299501348,Verified,2018-07-20
CUST103287,Vikram,Chowdhury,Male,1991-11-15,34,Married,1,Diploma,Salaried,Nurse,497900,Jaipur,Rajasthan,Rented,9,vikram.chowdhury704@outlook.com,+91-7484629784,Verified,2014-01-28
CUST103288,Ananya,Bhat,Female,1995-12-29,30,Married,1,Diploma,Salaried,Accountant,162700,Bhopal,Madhya Pradesh,Family Owned,2,ananya.bhat590@yahoo.in,+91-8312561242,Verified,2023-06-26
CUST103289,Fatima,Sheikh,Female,1955-02-06,71,Married,1,Graduate,Self-Employed,Consultant,564900,Bhopal,Madhya Pradesh,Rented,9,fatima.sheikh873@yahoo.in,+91-7127074850,Verified,2017-04-11
CUST103290,Vihaan,Nair,Male,1972-04-30,54,Married,0,Graduate,Salaried,Sales Executive,281700,Kolkata,West Bengal,Mortgaged,15,vihaan.nair273@outlook.com,+91-7326832952,Verified,2014-04-09
CUST103291,Ritu,Bose,Female,1975-05-27,51,Married,3,Graduate,Salaried,Software Engineer,333000,Hyderabad,Telangana,Mortgaged,12,ritu.bose412@gmail.com,+91-7268340019,Pending,2021-12-29
CUST103292,Zaid,Mukherjee,Male,1987-02-02,39,Married,0,Diploma,Retired,Pensioner,142700,Delhi,Delhi,Mortgaged,16,zaid.mukherjee182@yahoo.in,+91-7825453887,Pending,2016-02-08
CUST103293,Rajesh,Bose,Male,1975-03-16,51,Single,2,Post Graduate,Self-Employed,Lawyer,691400,Chennai,Tamil Nadu,Owned,20,rajesh.bose370@gmail.com,+91-9721049097,Verified,2019-07-03
CUST103294,Isha,Menon,Female,1994-05-12,32,Married,0,Diploma,Self-Employed,Lawyer,893100,Gurugram,Haryana,Rented,14,isha.menon620@yahoo.in,+91-8728744101,Verified,2016-09-07
CUST103295,Farhan,Malhotra,Male,1976-08-09,49,Single,1,Graduate,Salaried,Accountant,488200,Delhi,Delhi,Family Owned,5,farhan.malhotra661@rediffmail.com,+91-8213894079,Verified,2014-02-01
CUST103296,Divya,Iyer,Female,1982-02-26,44,Single,5,Graduate,Self-Employed,Freelance Designer,748600,Delhi,Delhi,Mortgaged,17,divya.iyer509@gmail.com,+91-9118923234,Verified,2021-11-04
CUST103297,Vihaan,Das,Male,1989-05-12,37,Widowed,0,Diploma,Salaried,Teacher,233700,Coimbatore,Tamil Nadu,Mortgaged,4,vihaan.das600@rediffmail.com,+91-8678345567,Verified,2022-08-20
CUST103298,Imran,Patel,Male,2003-01-10,23,Married,0,Graduate,Salaried,HR Manager,258000,Mysuru,Karnataka,Rented,5,imran.patel879@yahoo.in,+91-7592003253,Verified,2022-03-08
CUST103299,Anjali,Deshpande,Female,1971-01-29,55,Divorced,0,Graduate,Self-Employed,Consultant,462100,Indore,Madhya Pradesh,Owned,13,anjali.deshpande707@rediffmail.com,+91-8097811973,Verified,2014-08-21
CUST103300,Rajesh,Malhotra,Male,1999-06-13,27,Single,0,Professional Degree,Salaried,Bank Officer,247100,Pune,Maharashtra,Family Owned,9,rajesh.malhotra144@yahoo.in,+91-7731541777,Pending,2016-12-23
CUST103301,Rahul,Das,Male,1975-08-31,50,Single,3,High School,Unemployed,Homemaker,120000,Chennai,Tamil Nadu,Owned,17,rahul.das69@outlook.com,+91-7720225722,Pending,2016-10-21
CUST103302,Rahul,Mehta,Male,1978-01-09,48,Married,1,High School,Business Owner,Trader,369200,Noida,Uttar Pradesh,Rented,3,rahul.mehta819@yahoo.in,+91-9139311085,Verified,2023-11-26
CUST103303,Sana,Ahmed,Female,2005-05-28,21,Married,1,Graduate,Unemployed,Not Employed,120000,Pune,Maharashtra,Owned,3,sana.ahmed346@rediffmail.com,+91-8036875728,Verified,2023-02-21
CUST103304,Imran,Sharma,Male,1987-03-13,39,Married,2,Post Graduate,Salaried,Sales Executive,340500,Coimbatore,Tamil Nadu,Family Owned,21,imran.sharma165@yahoo.in,+91-7976755771,Verified,2016-09-19
CUST103305,Nisha,Iyer,Female,1983-08-20,42,Single,2,Professional Degree,Business Owner,Restaurant Owner,771600,Hyderabad,Telangana,Owned,15,nisha.iyer390@outlook.com,+91-8913310186,Verified,2015-04-14
CUST103306,Aditya,Kulkarni,Male,1989-04-03,37,Married,0,Graduate,Salaried,HR Manager,440100,Bhopal,Madhya Pradesh,Owned,11,aditya.kulkarni646@outlook.com,+91-7870795215,Verified,2020-06-28
CUST103307,Pranav,Chopra,Male,1987-03-06,39,Married,3,High School,Business Owner,Manufacturer,542300,Chennai,Tamil Nadu,Family Owned,21,pranav.chopra466@gmail.com,+91-9564945584,Verified,2013-07-18
CUST103308,Neha,Iyer,Female,1992-05-07,34,Widowed,4,Diploma,Salaried,Sales Executive,950500,Kolkata,West Bengal,Family Owned,4,neha.iyer968@rediffmail.com,+91-8570400194,Verified,2023-08-31
CUST103309,Nikhil,Rao,Male,1985-03-15,41,Single,2,Professional Degree,Salaried,Teacher,1104300,Ahmedabad,Gujarat,Rented,11,nikhil.rao426@outlook.com,+91-8750624540,Verified,2019-08-11
CUST103310,Neha,Sharma,Female,2005-04-15,21,Married,1,Diploma,Salaried,Sales Executive,385500,Chennai,Tamil Nadu,Rented,1,neha.sharma221@yahoo.in,+91-8225842415,Verified,2022-02-08
CUST103311,Meera,Deshpande,Female,1996-09-15,29,Married,1,Graduate,Self-Employed,Chartered Accountant,483500,Surat,Gujarat,Rented,11,meera.deshpande705@yahoo.in,+91-7939406316,Verified,2024-03-09
CUST103312,Kabir,Bhat,Male,1995-03-14,31,Married,0,Graduate,Retired,Retired Government Employee,845000,Chennai,Tamil Nadu,Family Owned,13,kabir.bhat26@rediffmail.com,+91-7187369353,Pending,2019-02-13
CUST103313,Deepak,Kulkarni,Male,1993-08-29,32,Married,0,Graduate,Self-Employed,Architect,195200,Delhi,Delhi,Owned,14,deepak.kulkarni704@yahoo.in,+91-7024483556,Pending,2013-09-23
CUST103314,Fatima,Reddy,Female,1994-12-23,31,Single,3,Graduate,Unemployed,Student,174400,Nagpur,Maharashtra,Rented,13,fatima.reddy107@yahoo.in,+91-7520675100,Verified,2022-04-11
CUST103315,Fatima,Singh,Female,1980-11-09,45,Married,2,Graduate,Salaried,Analyst,556400,Hyderabad,Telangana,Rented,18,fatima.singh773@yahoo.in,+91-9279493517,Pending,2023-03-24
CUST103316,Sana,Deshpande,Female,1993-09-15,32,Married,1,Graduate,Salaried,Analyst,274900,Chennai,Tamil Nadu,Rented,3,sana.deshpande581@outlook.com,+91-9324065024,Verified,2023-10-25
CUST103317,Ayesha,Rao,Female,2004-11-20,21,Single,2,Diploma,Self-Employed,Doctor (Practice),177700,Noida,Uttar Pradesh,Mortgaged,3,ayesha.rao566@gmail.com,+91-8038106717,Verified,2022-09-06
CUST103318,Ayaan,Kaur,Male,1986-01-20,40,Divorced,6,Graduate,Self-Employed,Consultant,377100,Bengaluru,Karnataka,Owned,12,ayaan.kaur666@outlook.com,+91-7477530815,Verified,2015-11-21
CUST103319,Zaid,Nair,Male,1976-03-03,50,Married,0,Diploma,Salaried,Nurse,267500,Chennai,Tamil Nadu,Family Owned,13,zaid.nair947@yahoo.in,+91-7685166626,Verified,2019-10-24
CUST103320,Deepak,Banerjee,Male,2005-04-28,21,Single,0,Graduate,Self-Employed,Consultant,801200,Kolkata,West Bengal,Owned,3,deepak.banerjee464@outlook.com,+91-8022329192,Verified,2021-09-29
CUST103321,Kritika,Mukherjee,Female,1995-09-25,30,Single,1,Graduate,Business Owner,Contractor,586300,Lucknow,Uttar Pradesh,Rented,12,kritika.mukherjee992@yahoo.in,+91-9638444699,Verified,2018-03-30
CUST103322,Zaid,Menon,Male,1985-07-17,40,Single,4,Graduate,Salaried,Teacher,480500,Mysuru,Karnataka,Owned,15,zaid.menon522@gmail.com,+91-9720791191,Verified,2023-12-13
CUST103323,Sandeep,Menon,Male,1982-12-11,43,Married,1,Post Graduate,Salaried,Teacher,654200,Kochi,Kerala,Owned,23,sandeep.menon507@outlook.com,+91-8993491184,Verified,2018-10-05
CUST103324,Vivaan,Deshpande,Male,2005-02-24,21,Married,1,Post Graduate,Salaried,Teacher,568900,Kolkata,West Bengal,Owned,3,vivaan.deshpande494@yahoo.in,+91-9354281899,Verified,2024-05-30
CUST103325,Aarohi,Das,Female,1978-09-19,47,Married,2,Graduate,Salaried,Teacher,260100,Coimbatore,Tamil Nadu,Owned,23,aarohi.das135@rediffmail.com,+91-8072596920,Pending,2015-04-23
CUST103326,Aarohi,Rao,Female,1990-06-03,36,Married,0,Post Graduate,Self-Employed,Doctor (Practice),1136500,Delhi,Delhi,Owned,18,aarohi.rao288@yahoo.in,+91-8934877355,Pending,2018-11-08
CUST103327,Fatima,Reddy,Female,1989-04-13,37,Single,4,Post Graduate,Salaried,Bank Officer,321600,Noida,Uttar Pradesh,Mortgaged,18,fatima.reddy352@outlook.com,+91-7731747246,Verified,2023-05-07
CUST103328,Krishna,Verma,Male,1986-01-16,40,Married,2,Professional Degree,Salaried,Teacher,789700,Chandigarh,Chandigarh,Mortgaged,7,krishna.verma828@yahoo.in,+91-8689022109,Verified,2015-08-05
CUST103329,Diya,Shah,Female,1990-02-06,36,Married,1,Post Graduate,Salaried,Sales Executive,1829600,Delhi,Delhi,Rented,0,diya.shah237@yahoo.in,+91-7777038821,Verified,2024-02-29
CUST103330,Sneha,Chopra,Female,1980-09-15,45,Married,2,Post Graduate,Salaried,Sales Executive,426900,Chennai,Tamil Nadu,Rented,6,sneha.chopra180@rediffmail.com,+91-8183992593,Verified,2020-10-20
CUST103331,Lakshmi,Gill,Female,1983-03-18,43,Single,2,Post Graduate,Self-Employed,Architect,428200,Mysuru,Karnataka,Mortgaged,18,lakshmi.gill702@outlook.com,+91-7538699761,Pending,2023-03-01
CUST103332,Suresh,Naidu,Male,1981-02-04,45,Married,0,Diploma,Salaried,Accountant,240300,Surat,Gujarat,Rented,1,suresh.naidu989@outlook.com,+91-9571263375,Verified,2023-10-10
CUST103333,Kabir,Singh,Male,1986-05-31,40,Divorced,0,Post Graduate,Business Owner,Manufacturer,629000,Bhopal,Madhya Pradesh,Owned,0,kabir.singh186@rediffmail.com,+91-9645668563,Verified,2022-01-12
CUST103334,Rohan,Ahmed,Male,1980-11-05,45,Married,3,Post Graduate,Salaried,Analyst,420000,Mumbai,Maharashtra,Rented,22,rohan.ahmed755@outlook.com,+91-9223665680,Verified,2020-06-07
CUST103335,Swati,Malhotra,Female,1994-06-18,32,Married,1,Post Graduate,Salaried,Software Engineer,270700,Surat,Gujarat,Rented,6,swati.malhotra19@outlook.com,+91-7172342698,Verified,2020-03-18
CUST103336,Anil,Shah,Male,2004-11-09,21,Married,2,Graduate,Unemployed,Student,120000,Mumbai,Maharashtra,Owned,3,anil.shah680@yahoo.in,+91-7225197428,Verified,2022-11-08
CUST103337,Diya,Naidu,Female,1987-02-06,39,Single,2,Post Graduate,Self-Employed,Lawyer,593800,Jaipur,Rajasthan,Mortgaged,21,diya.naidu294@outlook.com,+91-9653947431,Verified,2015-11-02
CUST103338,Ayesha,Rao,Female,1992-03-30,34,Married,0,Graduate,Salaried,Analyst,669300,Bengaluru,Karnataka,Owned,2,ayesha.rao304@outlook.com,+91-7948827808,Verified,2018-10-31
CUST103339,Siddharth,Singh,Male,1989-06-08,37,Single,1,Post Graduate,Salaried,HR Manager,344600,Mysuru,Karnataka,Rented,3,siddharth.singh884@rediffmail.com,+91-8987603330,Verified,2013-09-29
CUST103340,Vihaan,Mukherjee,Male,1993-01-05,33,Single,1,High School,Self-Employed,Lawyer,376900,Gurugram,Haryana,Rented,13,vihaan.mukherjee715@yahoo.in,+91-8320109537,Verified,2018-02-23
CUST103341,Imran,Khan,Male,1983-11-16,42,Married,1,Post Graduate,Business Owner,Contractor,407100,Noida,Uttar Pradesh,Owned,2,imran.khan139@outlook.com,+91-9535867802,Pending,2017-09-23
CUST103342,Isha,Patel,Female,1964-09-04,61,Widowed,2,High School,Salaried,Software Engineer,567100,Surat,Gujarat,Owned,16,isha.patel409@outlook.com,+91-9162203734,Verified,2022-09-25
CUST103343,Deepika,Verma,Female,1994-04-24,32,Single,4,Post Graduate,Salaried,Sales Executive,770800,Coimbatore,Tamil Nadu,Rented,11,deepika.verma386@rediffmail.com,+91-8523273148,Pending,2016-10-06
CUST103344,Vivaan,Verma,Male,1992-02-15,34,Married,0,Post Graduate,Retired,Pensioner,144500,Chennai,Tamil Nadu,Rented,16,vivaan.verma984@gmail.com,+91-7392677221,Pending,2021-09-21
CUST103345,Pooja,Kulkarni,Female,1984-02-06,42,Married,0,Post Graduate,Salaried,Sales Executive,423400,Ahmedabad,Gujarat,Family Owned,19,pooja.kulkarni414@outlook.com,+91-9751805434,Pending,2021-07-06
CUST103346,Krishna,Malhotra,Male,1991-05-22,35,Married,1,Graduate,Salaried,HR Manager,373200,Lucknow,Uttar Pradesh,Rented,5,krishna.malhotra363@rediffmail.com,+91-7059488458,Verified,2014-08-03
CUST103347,Anika,Gill,Female,2004-12-08,21,Widowed,1,Post Graduate,Salaried,Software Engineer,867400,Jaipur,Rajasthan,Rented,3,anika.gill429@rediffmail.com,+91-7988531652,Pending,2023-12-02
CUST103348,Shreya,Malhotra,Female,1979-10-13,46,Widowed,1,Post Graduate,Retired,Retired Private Sector,366400,Jaipur,Rajasthan,Mortgaged,1,shreya.malhotra343@outlook.com,+91-8738236672,Verified,2016-09-06
CUST103349,Suresh,Nair,Male,1985-08-16,40,Single,0,Graduate,Salaried,Bank Officer,170800,Noida,Uttar Pradesh,Family Owned,17,suresh.nair398@yahoo.in,+91-7685559307,Verified,2015-11-25
CUST103350,Suresh,Nair,Male,1988-11-17,37,Single,1,Post Graduate,Retired,Retired Government Employee,269400,Nagpur,Maharashtra,Owned,16,suresh.nair111@gmail.com,+91-7626067290,Verified,2014-09-15
CUST103351,Amit,Deshpande,Male,1994-11-18,31,Divorced,0,Graduate,Salaried,Bank Officer,174400,Kolkata,West Bengal,Rented,9,amit.deshpande129@gmail.com,+91-7158603670,Verified,2014-04-18
CUST103352,Arjun,Iyer,Male,1990-12-01,35,Single,1,Post Graduate,Salaried,Analyst,1303600,Indore,Madhya Pradesh,Rented,7,arjun.iyer304@rediffmail.com,+91-8850454448,Verified,2020-01-01
CUST103353,Deepak,Khan,Male,1978-07-18,47,Single,2,Graduate,Unemployed,Student,124000,Hyderabad,Telangana,Rented,6,deepak.khan669@yahoo.in,+91-8732659900,Verified,2023-04-21
CUST103354,Yash,Malhotra,Male,1985-11-17,40,Divorced,1,Post Graduate,Salaried,Sales Executive,589400,Indore,Madhya Pradesh,Rented,16,yash.malhotra299@yahoo.in,+91-8741978489,Pending,2017-05-10
CUST103355,Vikram,Bose,Male,1994-04-23,32,Married,0,Post Graduate,Self-Employed,Chartered Accountant,620700,Kochi,Kerala,Owned,12,vikram.bose599@yahoo.in,+91-8547805502,Verified,2021-10-29
CUST103356,Arjun,Chopra,Male,1987-05-20,39,Married,2,High School,Unemployed,Homemaker,120000,Indore,Madhya Pradesh,Owned,7,arjun.chopra501@gmail.com,+91-9188174873,Pending,2014-10-02
CUST103357,Siddharth,Sharma,Male,2005-02-16,21,Single,0,High School,Salaried,HR Manager,149500,Gurugram,Haryana,Mortgaged,3,siddharth.sharma580@outlook.com,+91-7036366354,Verified,2022-11-18
CUST103358,Lakshmi,Shah,Female,2005-05-17,21,Widowed,0,Post Graduate,Self-Employed,Chartered Accountant,723100,Pune,Maharashtra,Rented,3,lakshmi.shah525@yahoo.in,+91-8971887145,Verified,2023-02-02
CUST103359,Diya,Iyer,Female,2004-09-28,21,Single,3,Diploma,Business Owner,Contractor,616300,Coimbatore,Tamil Nadu,Owned,0,diya.iyer513@outlook.com,+91-8710819876,Pending,2022-01-14
CUST103360,Harsh,Bhat,Male,1987-09-06,38,Single,2,Graduate,Retired,Retired Private Sector,247400,Chennai,Tamil Nadu,Owned,14,harsh.bhat838@gmail.com,+91-9054914324,Pending,2023-04-13
CUST103361,Rohan,Kapoor,Male,1985-05-07,41,Single,1,Diploma,Salaried,Accountant,431800,Delhi,Delhi,Owned,17,rohan.kapoor647@yahoo.in,+91-9271783686,Verified,2016-12-23
CUST103362,Nisha,Singh,Female,1988-10-05,37,Single,2,High School,Unemployed,Homemaker,120000,Noida,Uttar Pradesh,Rented,19,nisha.singh34@rediffmail.com,+91-7068313109,Verified,2014-07-20
CUST103363,Vikram,Mukherjee,Male,2004-12-22,21,Single,1,Graduate,Self-Employed,Doctor (Practice),281900,Noida,Uttar Pradesh,Rented,3,vikram.mukherjee693@yahoo.in,+91-8150204391,Pending,2024-02-04
CUST103364,Anil,Singh,Male,1994-01-05,32,Married,1,Graduate,Business Owner,Trader,1143800,Chandigarh,Chandigarh,Mortgaged,14,anil.singh872@yahoo.in,+91-8044170541,Verified,2017-03-21
CUST103365,Amit,Gill,Male,1980-10-17,45,Married,2,Diploma,Retired,Pensioner,175900,Bengaluru,Karnataka,Owned,9,amit.gill688@rediffmail.com,+91-7582777523,Verified,2023-08-09
CUST103366,Nikhil,Shah,Male,1991-12-05,34,Single,2,High School,Business Owner,Trader,1054000,Chennai,Tamil Nadu,Owned,12,nikhil.shah173@rediffmail.com,+91-8681996969,Pending,2020-06-24
CUST103367,Anika,Patel,Female,1981-07-21,44,Married,0,Graduate,Salaried,Sales Executive,533800,Indore,Madhya Pradesh,Rented,23,anika.patel381@yahoo.in,+91-9730118943,Verified,2019-10-14
CUST103368,Saanvi,Nair,Female,1973-01-20,53,Married,0,Post Graduate,Salaried,Sales Executive,289800,Chandigarh,Chandigarh,Family Owned,0,saanvi.nair431@rediffmail.com,+91-9076301145,Verified,2020-04-20
CUST103369,Kavya,Malhotra,Female,1988-10-02,37,Single,2,Post Graduate,Salaried,Accountant,1509000,Indore,Madhya Pradesh,Owned,8,kavya.malhotra361@rediffmail.com,+91-8520733543,Verified,2016-07-08
CUST103370,Kritika,Khan,Female,1975-10-26,50,Married,5,Diploma,Salaried,Analyst,738500,Chandigarh,Chandigarh,Rented,9,kritika.khan13@yahoo.in,+91-8987845512,Verified,2023-02-02
CUST103371,Rajesh,Chopra,Male,1985-01-16,41,Single,1,Post Graduate,Business Owner,Retail Store Owner,544000,Chennai,Tamil Nadu,Rented,17,rajesh.chopra807@rediffmail.com,+91-7021800545,Verified,2023-02-26
CUST103372,Diya,Mehta,Female,1973-01-08,53,Divorced,2,Post Graduate,Business Owner,Restaurant Owner,655000,Mumbai,Maharashtra,Owned,16,diya.mehta217@yahoo.in,+91-7377866075,Verified,2015-03-15
CUST103373,Dev,Patel,Male,1975-06-18,51,Married,0,Post Graduate,Salaried,Analyst,999000,Bhopal,Madhya Pradesh,Mortgaged,14,dev.patel748@rediffmail.com,+91-9848532797,Verified,2018-12-04
CUST103374,Kavya,Reddy,Female,1997-05-26,29,Single,0,Diploma,Unemployed,Not Employed,120000,Chandigarh,Chandigarh,Owned,11,kavya.reddy249@gmail.com,+91-7117784895,Verified,2020-11-17
CUST103375,Zaid,Deshpande,Male,1979-12-06,46,Married,1,Post Graduate,Salaried,Nurse,1646500,Indore,Madhya Pradesh,Family Owned,4,zaid.deshpande582@outlook.com,+91-7140028244,Pending,2017-04-07
CUST103376,Ayesha,Malhotra,Female,2004-07-07,21,Married,3,Graduate,Retired,Retired Private Sector,495700,Bhopal,Madhya Pradesh,Rented,3,ayesha.malhotra628@gmail.com,+91-8626520586,Pending,2021-10-05
CUST103377,Farhan,Rao,Male,1976-10-18,49,Married,1,Graduate,Salaried,Sales Executive,412900,Coimbatore,Tamil Nadu,Owned,2,farhan.rao589@rediffmail.com,+91-8843895253,Verified,2023-03-20
CUST103378,Suresh,Joshi,Male,1987-12-17,38,Married,3,Diploma,Business Owner,Contractor,654600,Lucknow,Uttar Pradesh,Mortgaged,20,suresh.joshi314@gmail.com,+91-9030878913,Pending,2014-08-12
CUST103379,Divya,Malhotra,Female,1993-05-29,33,Married,0,Professional Degree,Salaried,Nurse,857800,Pune,Maharashtra,Family Owned,6,divya.malhotra670@gmail.com,+91-8676639539,Verified,2015-06-05
CUST103380,Kavya,Rao,Female,2004-09-20,21,Single,0,Post Graduate,Unemployed,Homemaker,199000,Mumbai,Maharashtra,Owned,3,kavya.rao918@gmail.com,+91-9073080079,Pending,2023-10-12
CUST103381,Aarav,Mukherjee,Male,1997-12-26,28,Married,1,Graduate,Salaried,HR Manager,192800,Kochi,Kerala,Mortgaged,10,aarav.mukherjee333@rediffmail.com,+91-9439917356,Pending,2021-05-09
CUST103382,Pranav,Sharma,Male,1987-11-17,38,Single,1,High School,Salaried,Teacher,319300,Bhopal,Madhya Pradesh,Owned,20,pranav.sharma314@outlook.com,+91-7510543983,Verified,2020-01-13
CUST103383,Kabir,Khan,Male,1981-01-22,45,Married,3,Professional Degree,Salaried,HR Manager,1528600,Gurugram,Haryana,Rented,0,kabir.khan442@yahoo.in,+91-9163124155,Verified,2015-09-02
CUST103384,Ananya,Kapoor,Female,1984-03-18,42,Single,0,Graduate,Salaried,Sales Executive,288300,Bhopal,Madhya Pradesh,Mortgaged,11,ananya.kapoor403@yahoo.in,+91-7328308773,Verified,2013-09-28
CUST103385,Anil,Bose,Male,1967-11-04,58,Married,0,Post Graduate,Salaried,Sales Executive,1270300,Delhi,Delhi,Rented,13,anil.bose196@outlook.com,+91-8645091085,Pending,2021-04-26
CUST103386,Sowmya,Ahmed,Female,1988-04-16,38,Married,1,Post Graduate,Self-Employed,Lawyer,716300,Indore,Madhya Pradesh,Family Owned,3,sowmya.ahmed844@rediffmail.com,+91-9247216383,Verified,2017-02-12
CUST103387,Aarohi,Mehta,Female,1990-08-03,35,Married,1,Diploma,Salaried,Teacher,451700,Kochi,Kerala,Family Owned,1,aarohi.mehta784@outlook.com,+91-7193688723,Verified,2015-11-16
CUST103388,Sana,Deshpande,Female,1994-08-28,31,Married,0,Diploma,Self-Employed,Doctor (Practice),331700,Gurugram,Haryana,Mortgaged,2,sana.deshpande352@outlook.com,+91-7893183149,Verified,2024-02-14
CUST103389,Rohan,Verma,Male,1994-01-29,32,Single,0,Graduate,Self-Employed,Doctor (Practice),453700,Mysuru,Karnataka,Family Owned,0,rohan.verma946@rediffmail.com,+91-9831199151,Pending,2017-07-02
CUST103390,Aarav,Singh,Male,1977-02-28,49,Married,2,High School,Salaried,Teacher,538700,Delhi,Delhi,Rented,22,aarav.singh410@gmail.com,+91-8396802177,Verified,2017-03-17
CUST103391,Siddharth,Menon,Male,2003-11-13,22,Married,2,Post Graduate,Business Owner,Trader,509700,Nagpur,Maharashtra,Owned,4,siddharth.menon659@gmail.com,+91-9743896104,Verified,2020-08-12
CUST103392,Rohan,Sharma,Male,1980-03-22,46,Married,1,Post Graduate,Salaried,Sales Executive,978200,Mysuru,Karnataka,Rented,0,rohan.sharma703@rediffmail.com,+91-8969437984,Verified,2023-11-24
CUST103393,Anil,Menon,Male,1982-03-04,44,Married,0,Graduate,Salaried,Analyst,254000,Chennai,Tamil Nadu,Owned,23,anil.menon548@gmail.com,+91-7771670882,Verified,2019-05-26
CUST103394,Zara,Kapoor,Female,1994-04-04,32,Single,3,Graduate,Salaried,Accountant,419600,Mysuru,Karnataka,Owned,2,zara.kapoor460@outlook.com,+91-9745647545,Verified,2023-05-23
CUST103395,Krishna,Chowdhury,Male,1982-11-29,43,Divorced,0,Graduate,Salaried,Software Engineer,1180200,Mysuru,Karnataka,Rented,16,krishna.chowdhury524@rediffmail.com,+91-9489117733,Pending,2019-04-28
CUST103396,Sneha,Mukherjee,Female,1968-10-10,57,Married,2,Graduate,Salaried,Software Engineer,420600,Bengaluru,Karnataka,Rented,17,sneha.mukherjee680@gmail.com,+91-8516166954,Verified,2023-11-12
CUST103397,Priya,Verma,Female,1988-10-31,37,Married,1,Post Graduate,Salaried,Sales Executive,178400,Coimbatore,Tamil Nadu,Owned,7,priya.verma758@outlook.com,+91-9752997639,Pending,2023-05-27
CUST103398,Nikhil,Kulkarni,Male,1966-10-26,59,Widowed,2,Post Graduate,Salaried,HR Manager,765900,Gurugram,Haryana,Mortgaged,8,nikhil.kulkarni728@yahoo.in,+91-9218183873,Verified,2017-06-10
CUST103399,Manish,Chopra,Male,2002-05-24,24,Married,2,Graduate,Salaried,Nurse,218200,Noida,Uttar Pradesh,Rented,1,manish.chopra332@yahoo.in,+91-7171377078,Verified,2023-09-10
CUST103400,Reyansh,Patel,Male,2004-10-02,21,Married,0,Post Graduate,Salaried,Nurse,586100,Nagpur,Maharashtra,Mortgaged,3,reyansh.patel182@rediffmail.com,+91-9178657447,Pending,2022-11-27
CUST103401,Kritika,Reddy,Female,1979-05-24,47,Married,1,Graduate,Unemployed,Not Employed,225600,Coimbatore,Tamil Nadu,Rented,7,kritika.reddy602@outlook.com,+91-7198551011,Verified,2018-04-28
CUST103402,Ayesha,Khan,Female,1975-11-27,50,Married,2,Diploma,Salaried,Nurse,292400,Coimbatore,Tamil Nadu,Owned,16,ayesha.khan789@rediffmail.com,+91-7021258950,Pending,2017-10-08
CUST103403,Deepika,Khan,Female,1984-10-13,41,Married,1,High School,Business Owner,Contractor,528200,Kochi,Kerala,Mortgaged,9,deepika.khan856@rediffmail.com,+91-7562343911,Verified,2018-12-16
CUST103404,Saanvi,Kaur,Female,1986-09-27,39,Single,3,High School,Salaried,Accountant,252700,Coimbatore,Tamil Nadu,Rented,17,saanvi.kaur964@gmail.com,+91-7344159504,Verified,2016-11-13
CUST103405,Priya,Malhotra,Female,1983-02-03,43,Widowed,3,Diploma,Salaried,Teacher,549900,Hyderabad,Telangana,Rented,7,priya.malhotra321@gmail.com,+91-8799112372,Pending,2021-01-19
CUST103406,Zaid,Gill,Male,1989-06-15,37,Married,0,Post Graduate,Salaried,HR Manager,601000,Jaipur,Rajasthan,Rented,11,zaid.gill669@yahoo.in,+91-8276993026,Verified,2017-11-05
CUST103407,Ayaan,Gill,Male,1991-12-17,34,Divorced,0,Post Graduate,Salaried,Teacher,462100,Hyderabad,Telangana,Owned,15,ayaan.gill181@gmail.com,+91-7364009973,Pending,2023-06-09
CUST103408,Rajesh,Rao,Male,1990-12-04,35,Married,3,Graduate,Salaried,Software Engineer,892200,Delhi,Delhi,Rented,14,rajesh.rao341@outlook.com,+91-9896159175,Verified,2014-05-27
CUST103409,Vikram,Patel,Male,1978-03-28,48,Married,1,Graduate,Salaried,Analyst,1507500,Kochi,Kerala,Owned,22,vikram.patel98@yahoo.in,+91-7624958936,Verified,2018-06-11
CUST103410,Rahul,Singh,Male,1982-09-22,43,Married,1,Post Graduate,Self-Employed,Lawyer,846400,Coimbatore,Tamil Nadu,Rented,1,rahul.singh616@yahoo.in,+91-8753675480,Verified,2013-08-21
CUST103411,Aarav,Khan,Male,1984-11-15,41,Married,1,Graduate,Salaried,Sales Executive,818000,Gurugram,Haryana,Family Owned,8,aarav.khan720@yahoo.in,+91-9359994664,Verified,2014-07-06
CUST103412,Anil,Sharma,Male,1978-09-13,47,Married,1,Post Graduate,Self-Employed,Freelance Designer,1303000,Surat,Gujarat,Owned,22,anil.sharma735@outlook.com,+91-7231830252,Pending,2014-02-08
CUST103413,Aditya,Rao,Male,1989-05-15,37,Single,3,Graduate,Salaried,Sales Executive,163900,Delhi,Delhi,Mortgaged,19,aditya.rao772@outlook.com,+91-9469069101,Verified,2023-12-26
CUST103414,Aditya,Shah,Male,1987-04-28,39,Married,2,Diploma,Self-Employed,Chartered Accountant,289600,Mysuru,Karnataka,Owned,1,aditya.shah704@rediffmail.com,+91-7710237744,Verified,2019-10-01
CUST103415,Vivaan,Patel,Male,1987-07-07,38,Married,1,Professional Degree,Unemployed,Homemaker,330100,Surat,Gujarat,Rented,2,vivaan.patel426@gmail.com,+91-8289669151,Verified,2019-08-27
CUST103416,Reyansh,Kulkarni,Male,1976-11-05,49,Married,2,High School,Salaried,Software Engineer,410900,Bhopal,Madhya Pradesh,Owned,18,reyansh.kulkarni646@gmail.com,+91-9430959682,Verified,2023-04-19
CUST103417,Swati,Shah,Female,1996-12-10,29,Married,0,Diploma,Salaried,Bank Officer,420800,Bhopal,Madhya Pradesh,Mortgaged,11,swati.shah499@yahoo.in,+91-8489872291,Pending,2018-07-10
CUST103418,Manish,Sheikh,Male,1988-02-29,38,Married,1,Post Graduate,Salaried,Teacher,781200,Chandigarh,Chandigarh,Rented,11,manish.sheikh324@outlook.com,+91-9811353200,Pending,2017-01-18
CUST103419,Sandeep,Patel,Male,1976-06-30,50,Married,2,Diploma,Salaried,Bank Officer,368000,Jaipur,Rajasthan,Rented,9,sandeep.patel931@outlook.com,+91-7461964575,Verified,2019-09-23
CUST103420,Ritu,Mukherjee,Female,1995-07-15,30,Widowed,0,Post Graduate,Salaried,Software Engineer,832600,Mumbai,Maharashtra,Rented,6,ritu.mukherjee274@gmail.com,+91-7270955591,Verified,2018-11-21
CUST103421,Ayesha,Gupta,Female,1968-01-11,58,Divorced,1,Diploma,Salaried,HR Manager,785600,Noida,Uttar Pradesh,Rented,18,ayesha.gupta750@yahoo.in,+91-7030435888,Verified,2018-09-08
CUST103422,Sowmya,Kulkarni,Female,1983-11-05,42,Married,0,High School,Business Owner,Trader,190300,Lucknow,Uttar Pradesh,Rented,2,sowmya.kulkarni247@yahoo.in,+91-8920637806,Verified,2020-06-03
CUST103423,Imran,Singh,Male,1985-10-06,40,Married,3,Post Graduate,Salaried,Sales Executive,724100,Bhopal,Madhya Pradesh,Mortgaged,15,imran.singh441@yahoo.in,+91-8841575194,Pending,2016-05-11
CUST103424,Aarohi,Bhat,Female,1988-08-23,37,Married,3,Graduate,Retired,Pensioner,236200,Jaipur,Rajasthan,Mortgaged,0,aarohi.bhat109@gmail.com,+91-7490301842,Pending,2016-02-28
CUST103425,Ishaan,Banerjee,Male,2002-09-20,23,Single,1,Post Graduate,Salaried,Sales Executive,120000,Indore,Madhya Pradesh,Rented,5,ishaan.banerjee391@yahoo.in,+91-8998710920,Pending,2023-09-11
CUST103426,Nikhil,Joshi,Male,2003-06-14,23,Married,2,Graduate,Business Owner,Restaurant Owner,535600,Coimbatore,Tamil Nadu,Owned,0,nikhil.joshi676@gmail.com,+91-8381249023,Pending,2023-09-02
CUST103427,Ishaan,Deshpande,Male,1988-01-03,38,Married,2,Diploma,Retired,Pensioner,252700,Coimbatore,Tamil Nadu,Rented,20,ishaan.deshpande949@yahoo.in,+91-8452503443,Verified,2017-05-22
CUST103428,Siddharth,Kulkarni,Male,1991-07-20,34,Married,1,Graduate,Unemployed,Homemaker,127600,Indore,Madhya Pradesh,Owned,5,siddharth.kulkarni137@yahoo.in,+91-7346675470,Verified,2015-11-07
CUST103429,Sowmya,Mehta,Female,1994-09-13,31,Married,0,High School,Salaried,Analyst,325400,Coimbatore,Tamil Nadu,Rented,13,sowmya.mehta594@gmail.com,+91-7018406431,Verified,2017-11-28
CUST103430,Sneha,Gupta,Female,2004-09-04,21,Married,1,High School,Salaried,Nurse,197200,Coimbatore,Tamil Nadu,Owned,3,sneha.gupta172@yahoo.in,+91-8383550454,Verified,2023-02-23
CUST103431,Kritika,Kulkarni,Female,2003-07-23,22,Single,2,Graduate,Salaried,Teacher,148200,Jaipur,Rajasthan,Family Owned,4,kritika.kulkarni1@gmail.com,+91-7935247489,Verified,2023-11-12
CUST103432,Ishaan,Sheikh,Male,1990-05-07,36,Single,2,Graduate,Business Owner,Restaurant Owner,1239900,Chennai,Tamil Nadu,Rented,9,ishaan.sheikh836@gmail.com,+91-8342543884,Verified,2014-07-03
CUST103433,Sneha,Patel,Female,1966-09-09,59,Married,0,Graduate,Business Owner,Restaurant Owner,1064600,Mumbai,Maharashtra,Owned,9,sneha.patel17@outlook.com,+91-8874715978,Verified,2019-09-12
CUST103434,Arjun,Bhat,Male,1986-02-10,40,Married,2,High School,Self-Employed,Chartered Accountant,254100,Bengaluru,Karnataka,Rented,20,arjun.bhat409@rediffmail.com,+91-8448342310,Verified,2018-08-18
CUST103435,Kabir,Mehta,Male,1989-05-19,37,Divorced,5,Professional Degree,Salaried,Analyst,1406000,Ahmedabad,Gujarat,Rented,15,kabir.mehta311@rediffmail.com,+91-9070539512,Verified,2023-02-17
CUST103436,Aanya,Bhat,Female,2001-06-02,25,Single,1,High School,Salaried,Accountant,199100,Chandigarh,Chandigarh,Owned,7,aanya.bhat136@rediffmail.com,+91-9891846515,Verified,2023-05-20
CUST103437,Pranav,Naidu,Male,2005-01-04,21,Single,2,Graduate,Self-Employed,Freelance Designer,226100,Hyderabad,Telangana,Rented,3,pranav.naidu453@yahoo.in,+91-7384586592,Verified,2022-06-28
CUST103438,Sowmya,Banerjee,Female,1984-10-14,41,Single,0,Graduate,Business Owner,Restaurant Owner,511800,Bhopal,Madhya Pradesh,Rented,14,sowmya.banerjee462@gmail.com,+91-7844037740,Verified,2022-05-20
CUST103439,Divya,Sharma,Female,1975-08-25,50,Married,0,Post Graduate,Salaried,Accountant,461600,Bengaluru,Karnataka,Mortgaged,24,divya.sharma533@outlook.com,+91-7044852978,Verified,2013-10-16
CUST103440,Dev,Khan,Male,1997-12-29,28,Divorced,0,Graduate,Business Owner,Restaurant Owner,1096000,Ahmedabad,Gujarat,Rented,10,dev.khan2@yahoo.in,+91-9715857362,Verified,2018-11-27
CUST103441,Rahul,Sheikh,Male,1969-04-23,57,Single,1,Diploma,Salaried,Sales Executive,173400,Lucknow,Uttar Pradesh,Family Owned,5,rahul.sheikh846@rediffmail.com,+91-8315395974,Verified,2016-07-24
CUST103442,Rohan,Malhotra,Male,1983-07-17,42,Divorced,1,Graduate,Salaried,Nurse,309700,Jaipur,Rajasthan,Owned,9,rohan.malhotra797@gmail.com,+91-8135862304,Verified,2014-07-17
CUST103443,Sneha,Banerjee,Female,1962-06-02,64,Single,0,Graduate,Self-Employed,Consultant,908900,Surat,Gujarat,Family Owned,22,sneha.banerjee975@gmail.com,+91-8185533749,Verified,2018-06-10
CUST103444,Riya,Nair,Female,1989-10-25,36,Married,1,Graduate,Self-Employed,Consultant,274600,Bhopal,Madhya Pradesh,Mortgaged,4,riya.nair674@yahoo.in,+91-8525590070,Verified,2018-03-31
CUST103445,Amit,Banerjee,Male,1971-04-21,55,Single,2,Graduate,Self-Employed,Freelance Designer,464500,Pune,Maharashtra,Owned,11,amit.banerjee632@rediffmail.com,+91-7548634115,Verified,2022-05-08
CUST103446,Ananya,Chopra,Female,1997-10-21,28,Married,2,High School,Business Owner,Retail Store Owner,336200,Noida,Uttar Pradesh,Owned,10,ananya.chopra991@outlook.com,+91-9038943672,Verified,2019-08-30
CUST103447,Arjun,Kapoor,Male,1995-04-29,31,Married,2,Graduate,Salaried,Sales Executive,365800,Indore,Madhya Pradesh,Owned,5,arjun.kapoor795@gmail.com,+91-9845911071,Verified,2019-07-05
CUST103448,Siddharth,Malhotra,Male,2005-03-17,21,Married,0,Professional Degree,Unemployed,Not Employed,120000,Delhi,Delhi,Mortgaged,3,siddharth.malhotra583@gmail.com,+91-8945978321,Verified,2023-10-17
CUST103449,Ritu,Chopra,Female,1983-03-13,43,Married,1,Graduate,Self-Employed,Doctor (Practice),416100,Chandigarh,Chandigarh,Owned,7,ritu.chopra233@outlook.com,+91-8848252564,Verified,2018-02-23
CUST103450,Isha,Bhat,Female,1975-09-04,50,Single,0,Diploma,Self-Employed,Consultant,686500,Lucknow,Uttar Pradesh,Rented,9,isha.bhat641@gmail.com,+91-7981612747,Pending,2023-12-13
CUST103451,Aarav,Banerjee,Male,1967-05-03,59,Married,0,Graduate,Self-Employed,Freelance Designer,908400,Delhi,Delhi,Mortgaged,6,aarav.banerjee962@rediffmail.com,+91-8399317393,Verified,2015-10-18
CUST103452,Suresh,Iyer,Male,2004-12-28,21,Single,3,Graduate,Self-Employed,Doctor (Practice),428900,Bhopal,Madhya Pradesh,Family Owned,3,suresh.iyer763@rediffmail.com,+91-7697624621,Verified,2023-05-20
CUST103453,Ayesha,Chowdhury,Female,2004-02-13,22,Single,2,Post Graduate,Business Owner,Trader,1000700,Mumbai,Maharashtra,Owned,4,ayesha.chowdhury806@yahoo.in,+91-7579102906,Pending,2022-07-26
CUST103454,Kritika,Kapoor,Female,1995-08-20,30,Single,1,Graduate,Salaried,Nurse,325000,Mysuru,Karnataka,Rented,5,kritika.kapoor117@outlook.com,+91-7692296784,Verified,2013-12-04
CUST103455,Riya,Deshpande,Female,1989-08-31,36,Married,1,High School,Salaried,Software Engineer,299800,Jaipur,Rajasthan,Owned,0,riya.deshpande39@yahoo.in,+91-8052427204,Verified,2018-01-01
CUST103456,Sneha,Nair,Female,1984-04-17,42,Married,2,Graduate,Self-Employed,Lawyer,243500,Lucknow,Uttar Pradesh,Rented,3,sneha.nair149@gmail.com,+91-9041975423,Pending,2019-09-18
CUST103457,Nisha,Chopra,Female,1984-02-10,42,Divorced,3,Graduate,Retired,Retired Government Employee,265700,Coimbatore,Tamil Nadu,Mortgaged,20,nisha.chopra371@outlook.com,+91-7752582212,Verified,2021-03-10
CUST103458,Priya,Deshpande,Female,1979-01-24,47,Single,2,Graduate,Unemployed,Homemaker,137500,Nagpur,Maharashtra,Rented,12,priya.deshpande805@yahoo.in,+91-7827109140,Verified,2023-12-14
CUST103459,Imran,Banerjee,Male,1999-05-07,27,Single,0,Post Graduate,Self-Employed,Architect,897400,Lucknow,Uttar Pradesh,Rented,3,imran.banerjee293@outlook.com,+91-9188375327,Verified,2022-05-17
CUST103460,Zaid,Rao,Male,1979-05-02,47,Single,1,Graduate,Self-Employed,Freelance Designer,1403000,Chennai,Tamil Nadu,Family Owned,21,zaid.rao96@outlook.com,+91-7056492653,Verified,2019-04-15
CUST103461,Diya,Kaur,Female,1992-06-07,34,Single,3,Post Graduate,Self-Employed,Freelance Designer,264300,Noida,Uttar Pradesh,Rented,2,diya.kaur75@outlook.com,+91-8495349217,Verified,2017-11-15
CUST103462,Sowmya,Gill,Female,1974-08-02,51,Married,0,Graduate,Salaried,Accountant,445700,Gurugram,Haryana,Rented,1,sowmya.gill449@gmail.com,+91-7154628089,Verified,2023-07-22
CUST103463,Meera,Reddy,Female,1993-07-03,33,Married,0,Graduate,Business Owner,Retail Store Owner,193400,Gurugram,Haryana,Rented,15,meera.reddy888@gmail.com,+91-8251383465,Pending,2016-07-14
CUST103464,Karthik,Mehta,Male,1980-12-02,45,Single,1,Diploma,Self-Employed,Architect,392700,Surat,Gujarat,Rented,12,karthik.mehta257@gmail.com,+91-9228438394,Verified,2021-05-19
CUST103465,Deepak,Patel,Male,1993-06-23,33,Married,3,Diploma,Salaried,Sales Executive,483700,Mumbai,Maharashtra,Owned,12,deepak.patel839@outlook.com,+91-8698271988,Verified,2023-09-15
CUST103466,Sneha,Naidu,Female,1981-11-01,44,Divorced,1,Post Graduate,Business Owner,Trader,1789800,Chandigarh,Chandigarh,Owned,15,sneha.naidu865@gmail.com,+91-8152999014,Verified,2018-05-26
CUST103467,Harsh,Sheikh,Male,2002-12-07,23,Married,0,Post Graduate,Salaried,Teacher,1357900,Chandigarh,Chandigarh,Owned,5,harsh.sheikh412@outlook.com,+91-7565119058,Verified,2021-05-13
CUST103468,Imran,Kulkarni,Male,1994-06-18,32,Married,0,Post Graduate,Salaried,Accountant,643200,Kolkata,West Bengal,Family Owned,3,imran.kulkarni628@outlook.com,+91-7924116752,Verified,2017-01-05
CUST103469,Ritu,Verma,Female,1988-06-26,38,Single,4,Professional Degree,Retired,Retired Private Sector,178900,Lucknow,Uttar Pradesh,Family Owned,9,ritu.verma197@outlook.com,+91-9722097367,Verified,2022-01-26
CUST103470,Aditya,Kulkarni,Male,1998-04-20,28,Widowed,0,Graduate,Self-Employed,Doctor (Practice),394100,Hyderabad,Telangana,Rented,10,aditya.kulkarni552@outlook.com,+91-7588633478,Verified,2022-07-16
CUST103471,Aanya,Reddy,Female,1977-11-17,48,Single,1,Post Graduate,Salaried,Sales Executive,1083600,Jaipur,Rajasthan,Rented,15,aanya.reddy678@rediffmail.com,+91-9869424657,Verified,2013-11-24
CUST103472,Deepak,Joshi,Male,1981-04-18,45,Married,0,Graduate,Salaried,Analyst,736400,Indore,Madhya Pradesh,Family Owned,21,deepak.joshi921@gmail.com,+91-9322623325,Verified,2016-11-24
CUST103473,Swati,Rao,Female,1998-12-16,27,Single,1,Diploma,Retired,Retired Government Employee,120000,Jaipur,Rajasthan,Family Owned,9,swati.rao554@rediffmail.com,+91-9661696104,Verified,2015-12-30
CUST103474,Rahul,Naidu,Male,1970-02-13,56,Widowed,2,Diploma,Salaried,Sales Executive,264900,Nagpur,Maharashtra,Owned,19,rahul.naidu424@yahoo.in,+91-8996368044,Verified,2022-11-02
CUST103475,Suresh,Chowdhury,Male,1978-12-18,47,Married,1,Post Graduate,Self-Employed,Doctor (Practice),888600,Mumbai,Maharashtra,Owned,18,suresh.chowdhury863@rediffmail.com,+91-7847659926,Verified,2016-01-14
CUST103476,Sandeep,Mehta,Male,1993-07-18,32,Married,2,Graduate,Self-Employed,Consultant,1037400,Lucknow,Uttar Pradesh,Owned,14,sandeep.mehta98@yahoo.in,+91-7293726401,Pending,2017-10-13
CUST103477,Deepika,Kulkarni,Female,1990-01-03,36,Married,1,Post Graduate,Salaried,Teacher,990400,Bengaluru,Karnataka,Rented,11,deepika.kulkarni965@outlook.com,+91-9029120338,Pending,2014-04-12
CUST103478,Lakshmi,Gill,Female,1979-09-03,46,Divorced,1,High School,Retired,Retired Private Sector,218400,Mysuru,Karnataka,Mortgaged,2,lakshmi.gill499@rediffmail.com,+91-7817127193,Verified,2013-08-05
CUST103479,Isha,Joshi,Female,1974-08-04,51,Married,2,Graduate,Salaried,Teacher,421800,Delhi,Delhi,Rented,4,isha.joshi916@outlook.com,+91-9183278143,Pending,2018-06-03
CUST103480,Swati,Patel,Female,1995-11-07,30,Married,0,Post Graduate,Salaried,Bank Officer,567700,Gurugram,Haryana,Family Owned,1,swati.patel195@yahoo.in,+91-8682330211,Pending,2021-03-28
CUST103481,Anil,Deshpande,Male,1998-06-18,28,Married,1,Graduate,Salaried,Analyst,739600,Ahmedabad,Gujarat,Owned,10,anil.deshpande688@rediffmail.com,+91-8931621572,Verified,2017-09-04
CUST103482,Aditya,Kulkarni,Male,1977-07-27,48,Single,1,Graduate,Salaried,Nurse,835200,Jaipur,Rajasthan,Mortgaged,19,aditya.kulkarni336@rediffmail.com,+91-9113784802,Verified,2017-06-04
CUST103483,Tanvi,Deshpande,Female,1978-03-30,48,Married,3,Diploma,Salaried,Sales Executive,409100,Mysuru,Karnataka,Rented,1,tanvi.deshpande168@rediffmail.com,+91-8124097904,Verified,2014-12-27
CUST103484,Amit,Iyer,Male,1986-06-24,40,Widowed,0,Diploma,Retired,Retired Government Employee,273200,Kolkata,West Bengal,Mortgaged,7,amit.iyer778@gmail.com,+91-9221738339,Verified,2014-05-19
CUST103485,Ritu,Mukherjee,Female,1990-03-03,36,Married,0,Graduate,Self-Employed,Freelance Designer,473500,Noida,Uttar Pradesh,Owned,14,ritu.mukherjee778@yahoo.in,+91-7793867743,Verified,2022-09-29
CUST103486,Deepika,Gupta,Female,1997-01-22,29,Single,1,Graduate,Salaried,Software Engineer,443600,Mysuru,Karnataka,Owned,11,deepika.gupta873@gmail.com,+91-8674394212,Verified,2015-09-02
CUST103487,Anjali,Singh,Female,1987-09-17,38,Married,1,Professional Degree,Salaried,Analyst,742700,Chennai,Tamil Nadu,Rented,20,anjali.singh91@yahoo.in,+91-9380776062,Verified,2023-07-20
CUST103488,Siddharth,Gill,Male,1990-12-18,35,Married,1,Post Graduate,Business Owner,Manufacturer,245800,Chandigarh,Chandigarh,Owned,6,siddharth.gill153@yahoo.in,+91-7667944235,Pending,2015-11-21
CUST103489,Krishna,Deshpande,Male,1974-07-31,51,Married,1,High School,Salaried,Teacher,430500,Ahmedabad,Gujarat,Owned,20,krishna.deshpande268@yahoo.in,+91-8523200716,Verified,2013-09-18
CUST103490,Vikram,Khan,Male,1980-05-26,46,Widowed,1,Graduate,Salaried,Accountant,2226500,Surat,Gujarat,Owned,17,vikram.khan866@gmail.com,+91-7325997150,Verified,2015-02-28
CUST103491,Zara,Iyer,Female,1977-01-17,49,Married,2,Graduate,Salaried,Teacher,434000,Chennai,Tamil Nadu,Mortgaged,16,zara.iyer522@outlook.com,+91-8896415093,Verified,2022-08-02
CUST103492,Vihaan,Chowdhury,Male,2005-03-30,21,Married,0,Diploma,Salaried,Teacher,420700,Noida,Uttar Pradesh,Rented,3,vihaan.chowdhury847@yahoo.in,+91-7140307412,Pending,2022-04-05
CUST103493,Sandeep,Deshpande,Male,1985-06-08,41,Married,0,Post Graduate,Salaried,Sales Executive,1252400,Kochi,Kerala,Family Owned,17,sandeep.deshpande317@rediffmail.com,+91-7296882649,Verified,2023-10-05
CUST103494,Ayaan,Das,Male,1975-07-28,50,Single,0,Graduate,Business Owner,Retail Store Owner,533000,Indore,Madhya Pradesh,Rented,7,ayaan.das398@gmail.com,+91-8947020721,Verified,2019-10-06
CUST103495,Lakshmi,Iyer,Female,1995-07-24,30,Single,3,Diploma,Salaried,Software Engineer,838200,Hyderabad,Telangana,Rented,12,lakshmi.iyer70@outlook.com,+91-7459364043,Verified,2021-04-17
CUST103496,Suresh,Gill,Male,1982-03-18,44,Single,2,Diploma,Self-Employed,Doctor (Practice),362000,Kolkata,West Bengal,Owned,0,suresh.gill498@yahoo.in,+91-8745099887,Pending,2021-05-16
CUST103497,Sneha,Kapoor,Female,1982-03-05,44,Married,4,Graduate,Business Owner,Manufacturer,1229600,Noida,Uttar Pradesh,Owned,15,sneha.kapoor363@gmail.com,+91-7972284803,Pending,2023-08-19
CUST103498,Riya,Deshpande,Female,1999-10-28,26,Married,2,Post Graduate,Self-Employed,Chartered Accountant,704900,Chandigarh,Chandigarh,Rented,8,riya.deshpande950@outlook.com,+91-8027862513,Verified,2021-04-13
CUST103499,Rohan,Patel,Male,1997-10-22,28,Married,2,Professional Degree,Salaried,HR Manager,654800,Hyderabad,Telangana,Owned,3,rohan.patel250@yahoo.in,+91-8411291141,Pending,2017-10-11
CUST103500,Priya,Sheikh,Female,1999-03-25,27,Married,1,Graduate,Salaried,Sales Executive,230600,Kochi,Kerala,Owned,4,priya.sheikh895@gmail.com,+91-8558204144,Verified,2016-04-16
CUST103501,Manish,Iyer,Male,1989-08-02,36,Married,1,Graduate,Salaried,Bank Officer,526700,Chandigarh,Chandigarh,Family Owned,2,manish.iyer755@gmail.com,+91-9563816951,Verified,2018-07-01
CUST103502,Vikram,Mukherjee,Male,1979-11-15,46,Single,4,Post Graduate,Salaried,Nurse,481200,Surat,Gujarat,Rented,9,vikram.mukherjee265@yahoo.in,+91-8556362612,Verified,2020-11-02
CUST103503,Zara,Rao,Female,1975-10-12,50,Married,0,Diploma,Self-Employed,Consultant,455000,Ahmedabad,Gujarat,Owned,0,zara.rao328@yahoo.in,+91-8279764830,Verified,2016-06-11
CUST103504,Zaid,Joshi,Male,1983-06-16,43,Married,3,Post Graduate,Salaried,Analyst,517500,Indore,Madhya Pradesh,Rented,11,zaid.joshi396@yahoo.in,+91-9494462412,Verified,2017-07-24
CUST103505,Rohan,Kulkarni,Male,1971-12-10,54,Single,1,Graduate,Salaried,Bank Officer,747900,Mysuru,Karnataka,Owned,24,rohan.kulkarni113@outlook.com,+91-8996544703,Verified,2017-07-21
CUST103506,Ishaan,Malhotra,Male,1977-03-19,49,Married,1,Post Graduate,Self-Employed,Doctor (Practice),270700,Noida,Uttar Pradesh,Family Owned,2,ishaan.malhotra808@yahoo.in,+91-9194975020,Verified,2013-11-12
CUST103507,Vihaan,Singh,Male,1989-06-11,37,Married,1,Graduate,Self-Employed,Chartered Accountant,1094700,Chandigarh,Chandigarh,Family Owned,19,vihaan.singh352@outlook.com,+91-8010584067,Verified,2023-01-13
CUST103508,Ishaan,Naidu,Male,1989-08-01,36,Married,1,Post Graduate,Self-Employed,Consultant,1337300,Chandigarh,Chandigarh,Rented,4,ishaan.naidu174@rediffmail.com,+91-8057522608,Verified,2016-11-03
CUST103509,Anika,Bose,Female,1999-05-02,27,Widowed,1,Diploma,Unemployed,Not Employed,122800,Delhi,Delhi,Family Owned,5,anika.bose732@outlook.com,+91-9888814199,Verified,2024-02-26
CUST103510,Sandeep,Joshi,Male,1996-12-06,29,Married,0,Graduate,Salaried,Teacher,370300,Indore,Madhya Pradesh,Owned,7,sandeep.joshi420@rediffmail.com,+91-9572089682,Verified,2016-07-03
CUST103511,Siddharth,Shah,Male,2003-09-12,22,Single,0,Graduate,Retired,Retired Private Sector,280200,Mysuru,Karnataka,Owned,4,siddharth.shah71@outlook.com,+91-8045412768,Pending,2021-03-09
CUST103512,Kritika,Chowdhury,Female,1983-08-26,42,Single,0,Post Graduate,Unemployed,Homemaker,120000,Nagpur,Maharashtra,Owned,2,kritika.chowdhury845@outlook.com,+91-9178573691,Verified,2022-04-11
CUST103513,Vikram,Sharma,Male,1986-08-27,39,Married,0,Graduate,Salaried,Accountant,590800,Gurugram,Haryana,Family Owned,5,vikram.sharma979@gmail.com,+91-7178371170,Pending,2021-11-05
CUST103514,Saanvi,Deshpande,Female,1990-08-07,35,Divorced,2,Graduate,Salaried,Analyst,720600,Kochi,Kerala,Mortgaged,5,saanvi.deshpande703@outlook.com,+91-8744961062,Verified,2017-12-13
CUST103515,Saanvi,Bhat,Female,1995-06-29,31,Married,1,Diploma,Self-Employed,Freelance Designer,595800,Kochi,Kerala,Rented,13,saanvi.bhat694@outlook.com,+91-8598060250,Verified,2022-02-16
CUST103516,Karthik,Verma,Male,1993-12-24,32,Married,0,Graduate,Salaried,Software Engineer,731500,Mysuru,Karnataka,Family Owned,4,karthik.verma688@yahoo.in,+91-8018449128,Verified,2018-01-21
CUST103517,Yash,Chopra,Male,2005-03-05,21,Single,2,Post Graduate,Salaried,Nurse,405500,Mumbai,Maharashtra,Mortgaged,3,yash.chopra689@outlook.com,+91-7177178149,Verified,2024-01-07
CUST103518,Pranav,Menon,Male,1987-12-18,38,Married,1,Graduate,Salaried,Analyst,433500,Kochi,Kerala,Rented,3,pranav.menon979@rediffmail.com,+91-8839211979,Verified,2021-09-11
CUST103519,Shreya,Iyer,Female,1974-11-11,51,Married,0,Post Graduate,Salaried,Nurse,924200,Kolkata,West Bengal,Family Owned,3,shreya.iyer644@gmail.com,+91-9515038208,Pending,2018-02-05
CUST103520,Ishaan,Bhat,Male,1983-01-14,43,Single,1,Diploma,Salaried,Teacher,705100,Bengaluru,Karnataka,Mortgaged,18,ishaan.bhat677@gmail.com,+91-9723539198,Verified,2016-08-25
CUST103521,Zaid,Bose,Male,1994-05-02,32,Single,1,Diploma,Self-Employed,Architect,188800,Lucknow,Uttar Pradesh,Owned,5,zaid.bose141@outlook.com,+91-9594311991,Verified,2017-01-24
CUST103522,Sandeep,Sharma,Male,1989-07-25,36,Married,1,Graduate,Salaried,Software Engineer,405300,Mumbai,Maharashtra,Owned,5,sandeep.sharma181@rediffmail.com,+91-8964445339,Verified,2014-08-01
CUST103523,Karthik,Patel,Male,2004-09-29,21,Married,1,Graduate,Salaried,Sales Executive,301100,Chennai,Tamil Nadu,Rented,0,karthik.patel948@outlook.com,+91-8730479953,Verified,2021-12-18
CUST103524,Amit,Sheikh,Male,2003-06-09,23,Married,1,High School,Self-Employed,Doctor (Practice),363300,Kochi,Kerala,Rented,5,amit.sheikh282@rediffmail.com,+91-8218261057,Verified,2023-05-26
CUST103525,Priya,Singh,Female,2000-04-18,26,Married,3,Diploma,Self-Employed,Doctor (Practice),341100,Jaipur,Rajasthan,Mortgaged,8,priya.singh163@yahoo.in,+91-8191619162,Verified,2022-11-16
CUST103526,Yash,Menon,Male,1979-01-20,47,Single,2,Graduate,Salaried,Nurse,253900,Chandigarh,Chandigarh,Rented,20,yash.menon911@outlook.com,+91-8815927408,Pending,2022-07-02
CUST103527,Ishaan,Verma,Male,1980-06-27,46,Single,0,Diploma,Salaried,Bank Officer,427900,Ahmedabad,Gujarat,Family Owned,19,ishaan.verma606@gmail.com,+91-8447588005,Pending,2014-11-16
CUST103528,Zaid,Mehta,Male,1984-05-06,42,Married,2,High School,Salaried,Accountant,161200,Lucknow,Uttar Pradesh,Family Owned,24,zaid.mehta897@outlook.com,+91-7244931176,Pending,2017-06-18
CUST103529,Suresh,Banerjee,Male,1989-01-05,37,Married,1,Professional Degree,Business Owner,Contractor,1125700,Bengaluru,Karnataka,Owned,17,suresh.banerjee846@rediffmail.com,+91-7198432872,Verified,2014-12-02
CUST103530,Sowmya,Bhat,Female,1994-11-25,31,Married,4,Professional Degree,Salaried,Nurse,431900,Nagpur,Maharashtra,Owned,13,sowmya.bhat987@yahoo.in,+91-8775927697,Verified,2014-06-26
CUST103531,Amit,Rao,Male,1985-12-21,40,Married,1,Post Graduate,Self-Employed,Consultant,763100,Kolkata,West Bengal,Family Owned,22,amit.rao272@yahoo.in,+91-8525325928,Verified,2013-11-09
CUST103532,Fatima,Gill,Female,1973-07-13,52,Divorced,0,Post Graduate,Business Owner,Trader,2515400,Delhi,Delhi,Rented,11,fatima.gill17@yahoo.in,+91-7648736937,Verified,2020-12-18
CUST103533,Rajesh,Shah,Male,2001-05-29,25,Married,2,Graduate,Self-Employed,Lawyer,548500,Mysuru,Karnataka,Rented,7,rajesh.shah118@gmail.com,+91-9510881454,Verified,2020-03-17
CUST103534,Dev,Bose,Male,1990-06-02,36,Married,2,Post Graduate,Retired,Retired Government Employee,120000,Nagpur,Maharashtra,Rented,5,dev.bose112@gmail.com,+91-9531365880,Pending,2013-12-09
CUST103535,Dev,Patel,Male,1998-10-22,27,Married,1,Professional Degree,Self-Employed,Consultant,381400,Pune,Maharashtra,Mortgaged,8,dev.patel729@rediffmail.com,+91-7290305210,Pending,2023-06-07
CUST103536,Rahul,Nair,Male,1986-03-12,40,Married,2,High School,Salaried,Bank Officer,238600,Surat,Gujarat,Rented,13,rahul.nair479@rediffmail.com,+91-8287985399,Verified,2014-03-31
CUST103537,Zaid,Naidu,Male,2005-01-19,21,Divorced,1,Graduate,Unemployed,Not Employed,120000,Indore,Madhya Pradesh,Mortgaged,0,zaid.naidu340@yahoo.in,+91-9738718025,Verified,2021-11-08
CUST103538,Sneha,Singh,Female,1994-02-08,32,Married,4,Graduate,Retired,Pensioner,186700,Delhi,Delhi,Rented,2,sneha.singh234@outlook.com,+91-7154514325,Verified,2016-04-28
CUST103539,Siddharth,Das,Male,1986-06-06,40,Single,2,Graduate,Self-Employed,Lawyer,527300,Bhopal,Madhya Pradesh,Owned,21,siddharth.das413@rediffmail.com,+91-8341232641,Verified,2024-05-21
CUST103540,Priya,Naidu,Female,2005-01-09,21,Married,1,Graduate,Salaried,Software Engineer,770000,Bengaluru,Karnataka,Rented,3,priya.naidu629@gmail.com,+91-8013954998,Verified,2023-08-03
CUST103541,Shreya,Khan,Female,1998-02-28,28,Single,3,Post Graduate,Business Owner,Trader,551500,Surat,Gujarat,Rented,7,shreya.khan582@rediffmail.com,+91-8616518661,Pending,2017-01-04
CUST103542,Imran,Shah,Male,1985-11-21,40,Single,0,Graduate,Salaried,Bank Officer,958700,Gurugram,Haryana,Mortgaged,14,imran.shah642@rediffmail.com,+91-7419553141,Verified,2018-05-02
CUST103543,Deepak,Verma,Male,1988-11-23,37,Married,3,Post Graduate,Salaried,HR Manager,1465200,Gurugram,Haryana,Mortgaged,19,deepak.verma825@gmail.com,+91-7998678826,Verified,2020-11-01
CUST103544,Sneha,Chowdhury,Female,1991-08-21,34,Married,3,Post Graduate,Self-Employed,Doctor (Practice),803800,Nagpur,Maharashtra,Owned,0,sneha.chowdhury855@yahoo.in,+91-9863325223,Pending,2014-03-01
CUST103545,Pranav,Bhat,Male,1971-06-28,55,Married,1,Graduate,Salaried,Bank Officer,326800,Coimbatore,Tamil Nadu,Rented,5,pranav.bhat783@yahoo.in,+91-9239033327,Verified,2015-05-18
CUST103546,Tanvi,Singh,Female,1994-09-29,31,Single,0,Post Graduate,Business Owner,Retail Store Owner,516000,Jaipur,Rajasthan,Owned,7,tanvi.singh125@outlook.com,+91-9795836393,Verified,2020-07-09
CUST103547,Siddharth,Kaur,Male,1981-11-11,44,Married,2,High School,Salaried,Accountant,347000,Mumbai,Maharashtra,Mortgaged,11,siddharth.kaur395@rediffmail.com,+91-9744864067,Verified,2019-11-30
CUST103548,Fatima,Bhat,Female,1984-10-29,41,Married,0,Post Graduate,Salaried,Nurse,983400,Kochi,Kerala,Rented,0,fatima.bhat110@rediffmail.com,+91-8210146075,Verified,2020-12-03
CUST103549,Siddharth,Bhat,Male,1985-09-15,40,Single,3,Graduate,Self-Employed,Architect,277100,Kolkata,West Bengal,Owned,0,siddharth.bhat54@outlook.com,+91-8547571837,Verified,2017-11-08
CUST103550,Kavya,Kaur,Female,2002-09-19,23,Divorced,0,Graduate,Salaried,Teacher,456000,Hyderabad,Telangana,Mortgaged,3,kavya.kaur167@outlook.com,+91-9669995227,Verified,2023-10-22
CUST103551,Kavya,Iyer,Female,2004-08-27,21,Married,0,Post Graduate,Salaried,Bank Officer,367100,Jaipur,Rajasthan,Owned,3,kavya.iyer357@rediffmail.com,+91-8020160572,Verified,2023-02-04
CUST103552,Priya,Ahmed,Female,1983-07-31,42,Single,1,Post Graduate,Salaried,Software Engineer,1020400,Bhopal,Madhya Pradesh,Rented,5,priya.ahmed98@yahoo.in,+91-9484854591,Verified,2015-11-09
CUST103553,Suresh,Reddy,Male,1977-05-22,49,Married,2,Diploma,Unemployed,Not Employed,120000,Delhi,Delhi,Rented,10,suresh.reddy677@yahoo.in,+91-7743846071,Verified,2016-12-27
CUST103554,Pranav,Mukherjee,Male,1980-05-15,46,Married,1,Graduate,Business Owner,Restaurant Owner,2323300,Gurugram,Haryana,Owned,6,pranav.mukherjee593@rediffmail.com,+91-9625477090,Verified,2013-12-29
CUST103555,Amit,Joshi,Male,1999-11-21,26,Married,1,Graduate,Business Owner,Trader,691100,Indore,Madhya Pradesh,Owned,2,amit.joshi749@yahoo.in,+91-9581917747,Pending,2016-09-04
CUST103556,Anil,Ahmed,Male,2001-05-17,25,Single,2,Post Graduate,Salaried,Sales Executive,503000,Indore,Madhya Pradesh,Rented,7,anil.ahmed558@gmail.com,+91-9297523821,Verified,2018-05-30
CUST103557,Aditya,Chowdhury,Male,1999-08-24,26,Married,0,High School,Salaried,Sales Executive,646300,Bengaluru,Karnataka,Mortgaged,8,aditya.chowdhury293@rediffmail.com,+91-8669534200,Verified,2021-12-31
CUST103558,Ananya,Kaur,Female,1981-03-09,45,Single,0,Post Graduate,Self-Employed,Chartered Accountant,1171400,Kolkata,West Bengal,Owned,12,ananya.kaur523@gmail.com,+91-9816890437,Verified,2013-10-26
CUST103559,Diya,Reddy,Female,1987-04-19,39,Married,3,Graduate,Salaried,Sales Executive,141000,Hyderabad,Telangana,Owned,12,diya.reddy353@gmail.com,+91-8260429036,Verified,2016-02-27
CUST103560,Pranav,Deshpande,Male,1984-02-11,42,Widowed,0,Graduate,Salaried,Teacher,1007600,Noida,Uttar Pradesh,Rented,15,pranav.deshpande141@yahoo.in,+91-8239632590,Verified,2020-05-27
CUST103561,Kabir,Reddy,Male,1984-10-22,41,Divorced,0,Professional Degree,Unemployed,Not Employed,526300,Pune,Maharashtra,Rented,19,kabir.reddy939@yahoo.in,+91-7535297632,Verified,2022-02-12
CUST103562,Deepak,Rao,Male,1999-01-29,27,Single,1,Post Graduate,Salaried,Bank Officer,315800,Chandigarh,Chandigarh,Rented,9,deepak.rao750@rediffmail.com,+91-7061549051,Verified,2019-08-15
CUST103563,Rahul,Chowdhury,Male,1980-04-14,46,Single,5,Graduate,Retired,Pensioner,218200,Mysuru,Karnataka,Owned,19,rahul.chowdhury355@gmail.com,+91-9231356970,Verified,2022-07-19
CUST103564,Ayaan,Menon,Male,1974-12-16,51,Married,2,Professional Degree,Self-Employed,Lawyer,572200,Jaipur,Rajasthan,Owned,11,ayaan.menon50@gmail.com,+91-8818536408,Verified,2014-03-23
CUST103565,Ayaan,Malhotra,Male,1980-11-01,45,Single,2,Graduate,Business Owner,Restaurant Owner,400200,Gurugram,Haryana,Mortgaged,12,ayaan.malhotra582@outlook.com,+91-9047936649,Verified,2017-01-05
CUST103566,Diya,Nair,Female,1978-08-14,47,Single,1,Graduate,Salaried,Nurse,504900,Mumbai,Maharashtra,Family Owned,0,diya.nair474@outlook.com,+91-9384193140,Verified,2019-04-28
CUST103567,Sandeep,Joshi,Male,1991-09-30,34,Married,2,Graduate,Salaried,Bank Officer,330900,Delhi,Delhi,Owned,16,sandeep.joshi276@outlook.com,+91-7296279443,Verified,2019-03-09
CUST103568,Riya,Rao,Female,1977-04-26,49,Married,0,Post Graduate,Salaried,Analyst,998400,Kolkata,West Bengal,Owned,23,riya.rao676@yahoo.in,+91-9544932932,Verified,2020-06-18
CUST103569,Anika,Singh,Female,1997-03-21,29,Widowed,0,Diploma,Salaried,Bank Officer,399700,Bengaluru,Karnataka,Mortgaged,11,anika.singh33@outlook.com,+91-8031767219,Verified,2018-10-12
CUST103570,Imran,Banerjee,Male,1988-05-21,38,Married,3,Graduate,Salaried,Nurse,528200,Hyderabad,Telangana,Owned,17,imran.banerjee970@yahoo.in,+91-8374733072,Verified,2020-03-16
CUST103571,Rahul,Shah,Male,1998-05-04,28,Married,1,Graduate,Retired,Retired Private Sector,173300,Jaipur,Rajasthan,Owned,10,rahul.shah210@yahoo.in,+91-7771378542,Verified,2017-07-17
CUST103572,Rahul,Mehta,Male,1993-01-20,33,Single,3,Graduate,Salaried,HR Manager,711100,Gurugram,Haryana,Mortgaged,1,rahul.mehta61@yahoo.in,+91-7710581985,Pending,2018-08-14
CUST103573,Krishna,Kulkarni,Male,2004-06-20,22,Single,0,High School,Self-Employed,Chartered Accountant,266500,Bhopal,Madhya Pradesh,Rented,4,krishna.kulkarni747@rediffmail.com,+91-9093440703,Verified,2022-01-25
CUST103574,Aarohi,Rao,Female,1999-07-10,26,Divorced,1,Graduate,Salaried,Nurse,962500,Ahmedabad,Gujarat,Rented,8,aarohi.rao516@outlook.com,+91-9857468358,Verified,2022-06-11
CUST103575,Vihaan,Das,Male,1994-01-08,32,Divorced,1,Professional Degree,Salaried,Software Engineer,410500,Bengaluru,Karnataka,Family Owned,3,vihaan.das939@yahoo.in,+91-9473757963,Pending,2014-06-02
CUST103576,Aarav,Bhat,Male,1972-07-01,54,Married,2,Graduate,Self-Employed,Lawyer,395800,Chennai,Tamil Nadu,Owned,13,aarav.bhat416@rediffmail.com,+91-7177075060,Verified,2023-06-14
CUST103577,Zaid,Sheikh,Male,1984-08-26,41,Single,0,Professional Degree,Self-Employed,Chartered Accountant,565800,Bengaluru,Karnataka,Owned,17,zaid.sheikh552@rediffmail.com,+91-7685732290,Pending,2016-07-01
CUST103578,Saanvi,Chopra,Female,1991-07-12,34,Single,1,Graduate,Salaried,Software Engineer,384600,Jaipur,Rajasthan,Rented,15,saanvi.chopra931@gmail.com,+91-7821019018,Verified,2023-04-08
CUST103579,Arjun,Chowdhury,Male,1989-10-08,36,Married,2,Diploma,Business Owner,Trader,1062900,Hyderabad,Telangana,Rented,7,arjun.chowdhury854@outlook.com,+91-8344633002,Verified,2017-11-20
CUST103580,Aadhya,Naidu,Female,1970-07-25,55,Married,2,Graduate,Salaried,Nurse,1291100,Surat,Gujarat,Owned,19,aadhya.naidu701@yahoo.in,+91-8898004653,Verified,2020-09-25
CUST103581,Meera,Naidu,Female,2004-07-08,21,Single,4,Graduate,Business Owner,Restaurant Owner,466200,Delhi,Delhi,Mortgaged,3,meera.naidu877@gmail.com,+91-8771462305,Pending,2021-09-15
CUST103582,Vivaan,Shah,Male,1991-10-07,34,Single,1,Diploma,Salaried,Analyst,310600,Delhi,Delhi,Rented,9,vivaan.shah897@rediffmail.com,+91-8045556414,Verified,2017-02-22
CUST103583,Aarav,Iyer,Male,1977-03-12,49,Single,4,Professional Degree,Business Owner,Contractor,1047200,Delhi,Delhi,Rented,4,aarav.iyer447@outlook.com,+91-9128662244,Verified,2021-04-01
CUST103584,Riya,Mehta,Female,1999-05-20,27,Widowed,0,High School,Salaried,HR Manager,210800,Mumbai,Maharashtra,Owned,9,riya.mehta991@gmail.com,+91-9054085986,Verified,2015-08-02
CUST103585,Pranav,Banerjee,Male,1980-10-21,45,Single,2,Graduate,Self-Employed,Lawyer,1369100,Bhopal,Madhya Pradesh,Rented,15,pranav.banerjee591@rediffmail.com,+91-9529086706,Verified,2020-04-18
CUST103586,Swati,Kulkarni,Female,1988-04-13,38,Married,1,Graduate,Salaried,Software Engineer,1169300,Coimbatore,Tamil Nadu,Owned,3,swati.kulkarni971@gmail.com,+91-8979116035,Verified,2018-02-16
CUST103587,Ishaan,Banerjee,Male,1997-02-17,29,Single,1,Post Graduate,Salaried,Teacher,700400,Nagpur,Maharashtra,Owned,11,ishaan.banerjee365@gmail.com,+91-7038865007,Verified,2018-11-13
CUST103588,Dev,Nair,Male,1978-03-15,48,Widowed,1,Graduate,Salaried,HR Manager,604300,Hyderabad,Telangana,Mortgaged,3,dev.nair142@gmail.com,+91-7756581563,Verified,2024-03-20
CUST103589,Ishaan,Mehta,Male,1964-11-25,61,Single,3,Graduate,Self-Employed,Consultant,979700,Ahmedabad,Gujarat,Rented,9,ishaan.mehta508@outlook.com,+91-7886719655,Verified,2020-11-13
CUST103590,Tanvi,Malhotra,Female,1998-09-02,27,Married,1,Post Graduate,Self-Employed,Architect,1230100,Bhopal,Madhya Pradesh,Mortgaged,8,tanvi.malhotra202@gmail.com,+91-8936401914,Verified,2021-04-27
CUST103591,Riya,Das,Female,1999-04-29,27,Divorced,1,Graduate,Salaried,Software Engineer,351800,Kochi,Kerala,Owned,9,riya.das625@rediffmail.com,+91-7318792287,Verified,2017-09-06
CUST103592,Sowmya,Verma,Female,1987-01-15,39,Married,2,Professional Degree,Salaried,Sales Executive,857400,Mumbai,Maharashtra,Mortgaged,11,sowmya.verma408@outlook.com,+91-8667197480,Verified,2023-02-17
CUST103593,Sana,Singh,Female,1981-07-06,44,Married,1,Graduate,Salaried,Software Engineer,236900,Kolkata,West Bengal,Mortgaged,7,sana.singh456@rediffmail.com,+91-9623004331,Verified,2021-09-24
CUST103594,Nikhil,Mukherjee,Male,1987-02-28,39,Single,0,Graduate,Self-Employed,Consultant,174800,Noida,Uttar Pradesh,Family Owned,10,nikhil.mukherjee779@outlook.com,+91-8399491072,Pending,2024-01-27
CUST103595,Kavya,Kulkarni,Female,1986-09-23,39,Married,2,Graduate,Salaried,HR Manager,257400,Surat,Gujarat,Rented,6,kavya.kulkarni966@rediffmail.com,+91-8594935654,Verified,2018-09-28
CUST103596,Meera,Malhotra,Female,1999-07-22,26,Single,0,Graduate,Self-Employed,Chartered Accountant,430000,Coimbatore,Tamil Nadu,Rented,8,meera.malhotra323@outlook.com,+91-8635038336,Pending,2022-01-22
CUST103597,Zaid,Menon,Male,1979-11-09,46,Married,1,Diploma,Unemployed,Homemaker,120000,Mysuru,Karnataka,Family Owned,24,zaid.menon543@rediffmail.com,+91-8018396473,Verified,2013-11-03
CUST103598,Yash,Mehta,Male,1986-09-21,39,Married,0,Post Graduate,Salaried,Nurse,1458700,Chandigarh,Chandigarh,Rented,7,yash.mehta419@rediffmail.com,+91-7453438965,Verified,2023-08-15
CUST103599,Deepika,Gupta,Female,1968-01-16,58,Married,2,Graduate,Salaried,Analyst,516100,Delhi,Delhi,Mortgaged,23,deepika.gupta499@gmail.com,+91-9285423308,Pending,2018-08-26
CUST103600,Ayaan,Sheikh,Male,1982-12-04,43,Divorced,1,High School,Self-Employed,Lawyer,728600,Coimbatore,Tamil Nadu,Mortgaged,23,ayaan.sheikh610@rediffmail.com,+91-8659683166,Verified,2013-09-08
CUST103601,Ishaan,Sharma,Male,1987-09-16,38,Single,1,High School,Salaried,Accountant,781700,Indore,Madhya Pradesh,Owned,2,ishaan.sharma61@yahoo.in,+91-9424308925,Verified,2013-12-12
CUST103602,Nisha,Kulkarni,Female,1957-01-14,69,Single,1,Post Graduate,Salaried,Sales Executive,1017300,Chandigarh,Chandigarh,Rented,21,nisha.kulkarni448@outlook.com,+91-7017196314,Verified,2014-11-03
CUST103603,Vikram,Khan,Male,1997-02-12,29,Single,0,High School,Salaried,Software Engineer,544900,Indore,Madhya Pradesh,Family Owned,11,vikram.khan954@outlook.com,+91-9120992719,Verified,2015-04-24
CUST103604,Reyansh,Menon,Male,2005-04-14,21,Single,1,Graduate,Salaried,Analyst,271700,Nagpur,Maharashtra,Owned,3,reyansh.menon688@outlook.com,+91-9118979818,Pending,2023-01-26
CUST103605,Sneha,Chopra,Female,1990-01-07,36,Married,0,High School,Unemployed,Not Employed,120000,Coimbatore,Tamil Nadu,Mortgaged,2,sneha.chopra63@rediffmail.com,+91-8144598841,Verified,2021-05-10
CUST103606,Ayesha,Khan,Female,1981-03-30,45,Married,1,Diploma,Salaried,Accountant,694700,Pune,Maharashtra,Mortgaged,17,ayesha.khan476@rediffmail.com,+91-8910219056,Pending,2014-03-14
CUST103607,Aarohi,Khan,Female,2003-03-10,23,Divorced,1,Diploma,Salaried,Nurse,181900,Nagpur,Maharashtra,Rented,5,aarohi.khan827@outlook.com,+91-7843642975,Pending,2022-12-27
CUST103608,Amit,Das,Male,1986-11-05,39,Single,1,High School,Business Owner,Contractor,227500,Pune,Maharashtra,Owned,15,amit.das55@yahoo.in,+91-8265089918,Pending,2018-07-20
CUST103609,Rajesh,Gupta,Male,2005-04-19,21,Divorced,3,Diploma,Salaried,Accountant,327200,Kochi,Kerala,Rented,3,rajesh.gupta508@rediffmail.com,+91-7372770576,Verified,2024-02-29
CUST103610,Swati,Mehta,Female,1991-12-31,34,Married,0,High School,Unemployed,Not Employed,120000,Lucknow,Uttar Pradesh,Rented,15,swati.mehta343@outlook.com,+91-7488933705,Verified,2020-06-13
CUST103611,Nisha,Menon,Female,1979-05-19,47,Married,1,High School,Self-Employed,Freelance Designer,240300,Bengaluru,Karnataka,Owned,17,nisha.menon878@rediffmail.com,+91-9361996801,Pending,2015-05-30
CUST103612,Imran,Singh,Male,1991-08-24,34,Married,5,High School,Self-Employed,Freelance Designer,235100,Bhopal,Madhya Pradesh,Rented,7,imran.singh723@rediffmail.com,+91-7773136112,Pending,2019-06-22
CUST103613,Zaid,Mehta,Male,1977-03-09,49,Single,2,Graduate,Retired,Retired Government Employee,315500,Delhi,Delhi,Rented,18,zaid.mehta701@yahoo.in,+91-9827278714,Verified,2023-02-02
CUST103614,Arjun,Singh,Male,1997-12-22,28,Married,1,Graduate,Salaried,Sales Executive,810300,Coimbatore,Tamil Nadu,Owned,2,arjun.singh187@yahoo.in,+91-8982486851,Verified,2019-09-23
CUST103615,Vihaan,Mehta,Male,1979-06-29,47,Married,1,Diploma,Salaried,HR Manager,1011300,Ahmedabad,Gujarat,Rented,7,vihaan.mehta245@rediffmail.com,+91-8787025590,Verified,2013-07-20
CUST103616,Karthik,Gill,Male,1973-06-23,53,Married,4,Graduate,Business Owner,Restaurant Owner,1113300,Coimbatore,Tamil Nadu,Rented,10,karthik.gill745@outlook.com,+91-8489899876,Verified,2021-03-17
CUST103617,Vivaan,Shah,Male,1992-04-13,34,Married,3,High School,Salaried,Analyst,486200,Jaipur,Rajasthan,Rented,16,vivaan.shah374@yahoo.in,+91-7389653668,Verified,2024-04-09
CUST103618,Meera,Kulkarni,Female,1983-04-19,43,Married,0,Graduate,Unemployed,Homemaker,120000,Chennai,Tamil Nadu,Family Owned,17,meera.kulkarni912@yahoo.in,+91-9743873726,Verified,2015-01-10
CUST103619,Ishaan,Verma,Male,1955-09-10,70,Divorced,0,Post Graduate,Salaried,Sales Executive,1174000,Bhopal,Madhya Pradesh,Owned,17,ishaan.verma325@gmail.com,+91-8178738971,Verified,2015-03-12
CUST103620,Rohan,Verma,Male,1962-06-21,64,Married,1,Diploma,Salaried,Analyst,266400,Chennai,Tamil Nadu,Rented,19,rohan.verma830@yahoo.in,+91-7320618380,Verified,2019-12-04
CUST103621,Nisha,Bose,Female,2004-06-23,22,Married,4,Graduate,Business Owner,Trader,788100,Lucknow,Uttar Pradesh,Mortgaged,4,nisha.bose741@rediffmail.com,+91-7154847416,Verified,2024-05-05
CUST103622,Vihaan,Singh,Male,1971-04-01,55,Married,3,Post Graduate,Salaried,Accountant,248200,Jaipur,Rajasthan,Rented,6,vihaan.singh337@outlook.com,+91-9084007724,Pending,2013-11-10
CUST103623,Anjali,Sheikh,Female,1994-05-22,32,Married,1,Professional Degree,Business Owner,Restaurant Owner,776900,Chandigarh,Chandigarh,Rented,14,anjali.sheikh356@rediffmail.com,+91-7554829553,Verified,2018-10-03
CUST103624,Siddharth,Ahmed,Male,1994-09-04,31,Divorced,0,Graduate,Salaried,Sales Executive,683800,Pune,Maharashtra,Owned,13,siddharth.ahmed215@yahoo.in,+91-8961271989,Verified,2021-09-25
CUST103625,Deepika,Chowdhury,Female,1962-02-09,64,Married,3,Graduate,Salaried,Teacher,893900,Ahmedabad,Gujarat,Mortgaged,20,deepika.chowdhury598@gmail.com,+91-8482018144,Verified,2020-04-24
CUST103626,Fatima,Rao,Female,1999-07-22,26,Married,2,Post Graduate,Salaried,Accountant,547300,Indore,Madhya Pradesh,Owned,8,fatima.rao319@gmail.com,+91-9141513574,Verified,2020-08-29
CUST103627,Yash,Gupta,Male,1989-02-27,37,Single,1,Post Graduate,Business Owner,Restaurant Owner,1119000,Chandigarh,Chandigarh,Rented,2,yash.gupta953@rediffmail.com,+91-7885077567,Verified,2018-06-10
CUST103628,Vihaan,Kapoor,Male,1988-05-18,38,Divorced,1,Diploma,Salaried,Accountant,504200,Indore,Madhya Pradesh,Rented,20,vihaan.kapoor941@rediffmail.com,+91-7282671561,Verified,2013-08-20
CUST103629,Manish,Gill,Male,1987-03-21,39,Married,2,Graduate,Business Owner,Manufacturer,694600,Bhopal,Madhya Pradesh,Owned,13,manish.gill141@outlook.com,+91-8067416976,Pending,2020-04-25
CUST103630,Swati,Kulkarni,Female,1995-05-16,31,Single,3,Professional Degree,Salaried,Software Engineer,1740900,Kochi,Kerala,Owned,7,swati.kulkarni133@outlook.com,+91-8310389052,Pending,2019-01-11
CUST103631,Zara,Bose,Female,1987-05-20,39,Single,2,Post Graduate,Salaried,Accountant,1088900,Bhopal,Madhya Pradesh,Rented,10,zara.bose557@outlook.com,+91-8869218598,Pending,2017-07-04
CUST103632,Aarohi,Joshi,Female,1996-03-09,30,Single,0,Diploma,Salaried,Bank Officer,294000,Chandigarh,Chandigarh,Rented,12,aarohi.joshi264@yahoo.in,+91-9842837892,Pending,2015-01-02
CUST103633,Sowmya,Das,Female,1978-05-23,48,Widowed,1,Post Graduate,Salaried,Software Engineer,422100,Noida,Uttar Pradesh,Rented,13,sowmya.das234@gmail.com,+91-8049693576,Verified,2021-08-18
CUST103634,Kabir,Patel,Male,1982-09-19,43,Married,0,Graduate,Salaried,Software Engineer,889600,Kolkata,West Bengal,Mortgaged,1,kabir.patel846@rediffmail.com,+91-8810375433,Pending,2020-10-16
CUST103635,Arjun,Sharma,Male,1979-12-30,46,Married,4,Post Graduate,Salaried,HR Manager,1629000,Mumbai,Maharashtra,Family Owned,14,arjun.sharma262@yahoo.in,+91-9058958010,Verified,2019-09-14
CUST103636,Aditya,Deshpande,Male,1987-10-28,38,Married,0,Post Graduate,Salaried,HR Manager,1179600,Kochi,Kerala,Mortgaged,20,aditya.deshpande436@yahoo.in,+91-8030790740,Verified,2023-01-08
CUST103637,Deepika,Joshi,Female,1972-05-27,54,Single,2,Graduate,Self-Employed,Lawyer,380400,Chandigarh,Chandigarh,Family Owned,20,deepika.joshi487@outlook.com,+91-7611373864,Verified,2024-01-23
CUST103638,Zara,Ahmed,Female,1989-07-28,36,Married,3,Post Graduate,Unemployed,Student,120000,Surat,Gujarat,Owned,18,zara.ahmed542@gmail.com,+91-8363769533,Pending,2018-08-25
CUST103639,Kabir,Chopra,Male,1986-08-22,39,Divorced,3,Diploma,Business Owner,Retail Store Owner,892300,Pune,Maharashtra,Rented,11,kabir.chopra274@gmail.com,+91-8346898230,Verified,2020-07-08
CUST103640,Aditya,Verma,Male,1993-04-14,33,Single,1,Diploma,Salaried,Analyst,305100,Nagpur,Maharashtra,Rented,15,aditya.verma788@gmail.com,+91-8464401200,Verified,2014-10-22
CUST103641,Swati,Gupta,Female,1978-09-19,47,Married,2,Diploma,Salaried,Bank Officer,357700,Delhi,Delhi,Mortgaged,13,swati.gupta669@outlook.com,+91-8777443513,Verified,2013-11-04
CUST103642,Vikram,Kaur,Male,1981-10-12,44,Divorced,2,Post Graduate,Salaried,Analyst,716100,Lucknow,Uttar Pradesh,Rented,11,vikram.kaur112@outlook.com,+91-8677490862,Verified,2016-10-18
CUST103643,Neha,Nair,Female,1975-09-15,50,Married,1,Professional Degree,Retired,Retired Government Employee,283400,Ahmedabad,Gujarat,Mortgaged,10,neha.nair173@rediffmail.com,+91-8477804188,Verified,2019-02-21
CUST103644,Manish,Nair,Male,1996-02-04,30,Married,1,High School,Salaried,Analyst,459400,Chennai,Tamil Nadu,Family Owned,8,manish.nair92@yahoo.in,+91-8048490411,Verified,2024-02-24
CUST103645,Arjun,Gupta,Male,1967-04-27,59,Married,0,Graduate,Salaried,HR Manager,417600,Nagpur,Maharashtra,Owned,5,arjun.gupta17@outlook.com,+91-8567726351,Verified,2023-07-27
CUST103646,Sneha,Nair,Female,1993-11-28,32,Single,0,Professional Degree,Business Owner,Trader,820500,Nagpur,Maharashtra,Rented,11,sneha.nair408@outlook.com,+91-7111743422,Verified,2013-08-07
CUST103647,Diya,Rao,Female,1990-12-21,35,Married,1,Diploma,Retired,Pensioner,120000,Mumbai,Maharashtra,Family Owned,6,diya.rao394@outlook.com,+91-7783216535,Verified,2013-07-01
CUST103648,Deepak,Shah,Male,2005-01-10,21,Single,2,Diploma,Salaried,HR Manager,593900,Chennai,Tamil Nadu,Rented,3,deepak.shah974@outlook.com,+91-7747097953,Pending,2023-03-01
CUST103649,Reyansh,Bose,Male,1983-08-14,42,Married,1,High School,Self-Employed,Freelance Designer,622200,Indore,Madhya Pradesh,Rented,0,reyansh.bose112@gmail.com,+91-9590545906,Pending,2018-03-20
CUST103650,Swati,Joshi,Female,2000-01-26,26,Married,2,Graduate,Business Owner,Retail Store Owner,829100,Pune,Maharashtra,Mortgaged,7,swati.joshi115@rediffmail.com,+91-8998076911,Verified,2020-07-22
CUST103651,Rohan,Mukherjee,Male,1994-10-06,31,Married,3,Graduate,Salaried,Sales Executive,982400,Ahmedabad,Gujarat,Mortgaged,13,rohan.mukherjee35@outlook.com,+91-8266949583,Verified,2017-08-30
CUST103652,Swati,Iyer,Female,1983-01-29,43,Married,0,Graduate,Self-Employed,Chartered Accountant,148500,Ahmedabad,Gujarat,Mortgaged,6,swati.iyer795@gmail.com,+91-7784906373,Pending,2018-09-18
CUST103653,Amit,Das,Male,2004-01-14,22,Single,4,Post Graduate,Salaried,Accountant,1042900,Bhopal,Madhya Pradesh,Mortgaged,4,amit.das579@yahoo.in,+91-7653336005,Pending,2021-12-22
CUST103654,Amit,Bose,Male,1991-01-30,35,Married,0,Graduate,Retired,Retired Government Employee,186600,Hyderabad,Telangana,Mortgaged,6,amit.bose830@gmail.com,+91-8613315932,Verified,2014-04-04
CUST103655,Tanvi,Joshi,Female,2004-05-09,22,Single,2,Graduate,Self-Employed,Consultant,270000,Kochi,Kerala,Family Owned,4,tanvi.joshi675@outlook.com,+91-9423049591,Verified,2022-01-14
CUST103656,Zara,Ahmed,Female,1979-06-18,47,Married,1,Diploma,Salaried,Teacher,530700,Hyderabad,Telangana,Mortgaged,2,zara.ahmed883@outlook.com,+91-7431181401,Verified,2021-09-01
CUST103657,Saanvi,Ahmed,Female,1987-04-06,39,Single,2,Graduate,Self-Employed,Freelance Designer,376400,Jaipur,Rajasthan,Rented,11,saanvi.ahmed536@gmail.com,+91-9030869431,Verified,2016-11-16
CUST103658,Yash,Ahmed,Male,1985-02-24,41,Married,2,Post Graduate,Salaried,Analyst,437800,Nagpur,Maharashtra,Family Owned,16,yash.ahmed284@gmail.com,+91-8627228672,Verified,2014-04-29
CUST103659,Aditya,Iyer,Male,1994-04-26,32,Widowed,1,Graduate,Business Owner,Manufacturer,428500,Surat,Gujarat,Owned,13,aditya.iyer959@gmail.com,+91-8993995184,Verified,2014-11-27
CUST103660,Nisha,Patel,Female,1989-06-30,37,Single,0,Diploma,Retired,Retired Private Sector,126600,Surat,Gujarat,Rented,4,nisha.patel303@outlook.com,+91-7064407134,Verified,2022-03-08
CUST103661,Sana,Gill,Female,2005-05-04,21,Single,3,Post Graduate,Salaried,Software Engineer,254300,Surat,Gujarat,Rented,1,sana.gill348@yahoo.in,+91-8243624863,Verified,2021-12-07
CUST103662,Farhan,Kapoor,Male,2000-12-29,25,Single,0,High School,Business Owner,Trader,480500,Surat,Gujarat,Family Owned,7,farhan.kapoor456@rediffmail.com,+91-8765110499,Pending,2024-02-24
CUST103663,Nikhil,Iyer,Male,1994-11-29,31,Single,2,Graduate,Salaried,Software Engineer,663800,Bengaluru,Karnataka,Mortgaged,3,nikhil.iyer731@outlook.com,+91-9216080930,Verified,2018-06-17
CUST103664,Nikhil,Mukherjee,Male,1981-10-24,44,Married,4,Diploma,Self-Employed,Doctor (Practice),463200,Nagpur,Maharashtra,Rented,2,nikhil.mukherjee560@outlook.com,+91-9715178327,Verified,2018-10-05
CUST103665,Nikhil,Bhat,Male,1953-12-07,72,Married,3,Post Graduate,Business Owner,Retail Store Owner,1658800,Hyderabad,Telangana,Owned,2,nikhil.bhat347@outlook.com,+91-7673360944,Pending,2019-05-09
CUST103666,Sana,Gill,Female,1990-06-03,36,Single,0,Graduate,Retired,Pensioner,205200,Mysuru,Karnataka,Owned,18,sana.gill532@yahoo.in,+91-8735395814,Verified,2023-12-22
CUST103667,Aadhya,Bhat,Female,1967-12-10,58,Single,1,Diploma,Salaried,Nurse,592000,Lucknow,Uttar Pradesh,Rented,20,aadhya.bhat296@gmail.com,+91-9037080772,Pending,2015-07-08
CUST103668,Sandeep,Ahmed,Male,1980-10-29,45,Married,2,High School,Self-Employed,Freelance Designer,222300,Chennai,Tamil Nadu,Family Owned,18,sandeep.ahmed432@rediffmail.com,+91-7571934509,Verified,2019-12-01
CUST103669,Pranav,Banerjee,Male,1989-07-12,36,Married,1,Graduate,Salaried,Software Engineer,298000,Bengaluru,Karnataka,Rented,18,pranav.banerjee577@gmail.com,+91-9538245438,Verified,2023-11-05
CUST103670,Aarav,Rao,Male,2005-04-01,21,Married,2,Graduate,Salaried,Analyst,208900,Mysuru,Karnataka,Mortgaged,3,aarav.rao133@outlook.com,+91-7020915025,Verified,2023-12-14
CUST103671,Siddharth,Joshi,Male,1964-12-05,61,Married,2,Graduate,Salaried,Software Engineer,569300,Mumbai,Maharashtra,Rented,19,siddharth.joshi485@gmail.com,+91-9058370392,Verified,2020-07-02
CUST103672,Rohan,Sharma,Male,2002-03-27,24,Single,2,Graduate,Business Owner,Restaurant Owner,696100,Chandigarh,Chandigarh,Family Owned,6,rohan.sharma175@outlook.com,+91-9352891123,Verified,2019-04-11
CUST103673,Siddharth,Singh,Male,1980-10-22,45,Single,0,Post Graduate,Salaried,Sales Executive,410800,Chennai,Tamil Nadu,Rented,2,siddharth.singh983@rediffmail.com,+91-7481928533,Pending,2014-10-28
CUST103674,Saanvi,Sharma,Female,1995-02-17,31,Single,1,Post Graduate,Salaried,Analyst,337000,Coimbatore,Tamil Nadu,Rented,10,saanvi.sharma692@yahoo.in,+91-7490866551,Verified,2018-08-18
CUST103675,Siddharth,Kaur,Male,1990-11-28,35,Single,1,Graduate,Business Owner,Contractor,269000,Gurugram,Haryana,Rented,1,siddharth.kaur800@gmail.com,+91-7711359922,Verified,2021-02-06
CUST103676,Ananya,Deshpande,Female,1982-06-11,44,Married,0,High School,Retired,Retired Private Sector,237800,Kolkata,West Bengal,Mortgaged,20,ananya.deshpande814@yahoo.in,+91-9311832368,Verified,2019-08-10
CUST103677,Deepak,Mehta,Male,1990-05-13,36,Divorced,2,Professional Degree,Self-Employed,Doctor (Practice),558600,Gurugram,Haryana,Rented,14,deepak.mehta799@outlook.com,+91-9177724487,Verified,2016-07-28
CUST103678,Ayaan,Patel,Male,1984-08-20,41,Married,0,Graduate,Unemployed,Student,120000,Mumbai,Maharashtra,Family Owned,2,ayaan.patel502@yahoo.in,+91-7145214543,Pending,2014-12-15
CUST103679,Kritika,Verma,Female,1985-03-28,41,Widowed,0,Post Graduate,Retired,Retired Government Employee,255600,Chandigarh,Chandigarh,Owned,19,kritika.verma580@gmail.com,+91-7476998313,Pending,2014-04-30
CUST103680,Priya,Rao,Female,1988-01-13,38,Married,2,Graduate,Salaried,Accountant,659000,Delhi,Delhi,Family Owned,5,priya.rao693@rediffmail.com,+91-9410343814,Verified,2024-04-24
CUST103681,Ayaan,Verma,Male,1972-03-26,54,Single,1,Graduate,Business Owner,Trader,898100,Kolkata,West Bengal,Rented,22,ayaan.verma90@rediffmail.com,+91-7742138654,Verified,2013-09-14
CUST103682,Aarav,Rao,Male,1988-12-23,37,Married,3,Graduate,Self-Employed,Architect,539100,Noida,Uttar Pradesh,Mortgaged,18,aarav.rao43@yahoo.in,+91-9721851292,Verified,2019-12-14
CUST103683,Zaid,Reddy,Male,1999-01-23,27,Married,3,Graduate,Salaried,Nurse,353800,Chandigarh,Chandigarh,Owned,5,zaid.reddy506@yahoo.in,+91-8146622392,Verified,2018-11-21
CUST103684,Diya,Das,Female,1978-05-28,48,Married,2,Professional Degree,Retired,Pensioner,686200,Delhi,Delhi,Rented,8,diya.das101@yahoo.in,+91-8265689145,Verified,2021-06-02
CUST103685,Sana,Ahmed,Female,1984-07-01,42,Single,1,Graduate,Self-Employed,Chartered Accountant,614900,Nagpur,Maharashtra,Owned,10,sana.ahmed584@yahoo.in,+91-9037836183,Verified,2020-10-16
CUST103686,Yash,Nair,Male,1994-11-11,31,Married,1,Post Graduate,Self-Employed,Freelance Designer,833200,Mysuru,Karnataka,Mortgaged,13,yash.nair195@rediffmail.com,+91-9265769830,Verified,2014-07-10
CUST103687,Ayaan,Mukherjee,Male,1991-05-14,35,Married,1,Diploma,Business Owner,Contractor,456100,Bhopal,Madhya Pradesh,Owned,17,ayaan.mukherjee418@yahoo.in,+91-8183879790,Verified,2021-10-08
CUST103688,Deepika,Reddy,Female,2000-07-11,25,Married,1,Graduate,Retired,Pensioner,475200,Ahmedabad,Gujarat,Owned,0,deepika.reddy259@yahoo.in,+91-8935022160,Pending,2022-03-19
CUST103689,Zara,Bhat,Female,2004-08-15,21,Married,1,Diploma,Salaried,Analyst,211400,Coimbatore,Tamil Nadu,Rented,3,zara.bhat331@rediffmail.com,+91-7224451322,Verified,2021-07-31
CUST103690,Vivaan,Bhat,Male,1994-07-29,31,Single,1,Post Graduate,Retired,Retired Government Employee,335400,Indore,Madhya Pradesh,Rented,10,vivaan.bhat517@rediffmail.com,+91-7974142936,Verified,2014-03-29
CUST103691,Manish,Chopra,Male,1983-04-05,43,Married,1,High School,Retired,Retired Government Employee,456100,Bengaluru,Karnataka,Owned,3,manish.chopra864@outlook.com,+91-8999082307,Verified,2015-07-13
CUST103692,Rahul,Bhat,Male,1991-11-13,34,Single,0,Graduate,Retired,Retired Government Employee,450100,Ahmedabad,Gujarat,Rented,16,rahul.bhat592@gmail.com,+91-7868268512,Verified,2018-08-09
CUST103693,Kabir,Mehta,Male,1988-10-03,37,Married,1,Post Graduate,Salaried,HR Manager,208900,Bhopal,Madhya Pradesh,Owned,15,kabir.mehta355@gmail.com,+91-8428729738,Verified,2013-10-13
CUST103694,Zaid,Sheikh,Male,1995-11-07,30,Married,0,Diploma,Self-Employed,Architect,319800,Gurugram,Haryana,Owned,12,zaid.sheikh476@yahoo.in,+91-9720436019,Verified,2016-12-20
CUST103695,Isha,Sharma,Female,1974-06-24,52,Married,1,Graduate,Self-Employed,Lawyer,803800,Delhi,Delhi,Owned,3,isha.sharma349@gmail.com,+91-9436763029,Verified,2015-06-23
CUST103696,Harsh,Kaur,Male,1972-03-16,54,Married,0,Graduate,Retired,Pensioner,617300,Ahmedabad,Gujarat,Rented,1,harsh.kaur627@outlook.com,+91-8172301042,Verified,2023-11-05
CUST103697,Krishna,Khan,Male,1999-04-09,27,Single,3,Graduate,Business Owner,Retail Store Owner,542200,Noida,Uttar Pradesh,Rented,9,krishna.khan813@rediffmail.com,+91-8930159812,Verified,2018-09-15
CUST103698,Aanya,Singh,Female,1999-07-15,26,Single,1,High School,Unemployed,Student,120000,Delhi,Delhi,Owned,8,aanya.singh87@yahoo.in,+91-9133395404,Verified,2024-01-29
CUST103699,Manish,Bhat,Male,1998-03-28,28,Single,0,Post Graduate,Salaried,Nurse,144300,Pune,Maharashtra,Owned,10,manish.bhat48@outlook.com,+91-9465721350,Pending,2017-09-18
CUST103700,Aanya,Kaur,Female,1976-07-17,49,Married,2,Post Graduate,Unemployed,Not Employed,152600,Nagpur,Maharashtra,Rented,1,aanya.kaur443@outlook.com,+91-8037565630,Verified,2018-09-18
CUST103701,Deepak,Deshpande,Male,1983-02-23,43,Married,2,Post Graduate,Business Owner,Contractor,996300,Kolkata,West Bengal,Owned,6,deepak.deshpande553@yahoo.in,+91-8327789751,Verified,2019-08-02
CUST103702,Kabir,Ahmed,Male,1991-04-06,35,Married,2,Graduate,Salaried,Software Engineer,523600,Chennai,Tamil Nadu,Family Owned,13,kabir.ahmed667@rediffmail.com,+91-9529551513,Verified,2013-08-15
CUST103703,Ananya,Reddy,Female,1988-06-24,38,Married,1,Post Graduate,Salaried,Accountant,1632400,Ahmedabad,Gujarat,Mortgaged,3,ananya.reddy172@rediffmail.com,+91-7341315053,Pending,2024-02-12
CUST103704,Saanvi,Khan,Female,1991-02-10,35,Married,5,Graduate,Unemployed,Student,139600,Chandigarh,Chandigarh,Owned,3,saanvi.khan186@rediffmail.com,+91-9626198939,Verified,2020-12-06
CUST103705,Rohan,Gupta,Male,1980-03-05,46,Single,2,High School,Salaried,Sales Executive,158200,Bengaluru,Karnataka,Rented,12,rohan.gupta566@rediffmail.com,+91-8044614012,Verified,2022-10-18
CUST103706,Rahul,Chopra,Male,1995-12-17,30,Married,1,Graduate,Self-Employed,Chartered Accountant,767200,Gurugram,Haryana,Owned,1,rahul.chopra419@outlook.com,+91-7554374791,Pending,2022-11-17
CUST103707,Deepika,Khan,Female,1961-02-07,65,Married,2,High School,Salaried,Sales Executive,458500,Chennai,Tamil Nadu,Rented,10,deepika.khan378@outlook.com,+91-7756812149,Verified,2017-03-09
CUST103708,Reyansh,Banerjee,Male,1988-01-06,38,Married,1,Graduate,Self-Employed,Architect,1129800,Chandigarh,Chandigarh,Owned,20,reyansh.banerjee735@gmail.com,+91-9021468293,Verified,2017-04-15
CUST103709,Harsh,Chopra,Male,1975-07-31,50,Married,2,Graduate,Retired,Retired Private Sector,257000,Gurugram,Haryana,Family Owned,8,harsh.chopra964@gmail.com,+91-7223331096,Pending,2021-09-12
CUST103710,Vikram,Banerjee,Male,2002-04-12,24,Widowed,0,Graduate,Salaried,Nurse,135900,Pune,Maharashtra,Rented,6,vikram.banerjee37@gmail.com,+91-9523112549,Verified,2021-09-27
CUST103711,Farhan,Mehta,Male,1980-01-28,46,Married,0,Graduate,Self-Employed,Architect,564400,Delhi,Delhi,Owned,7,farhan.mehta424@outlook.com,+91-9683565314,Verified,2018-06-27
CUST103712,Kavya,Patel,Female,1993-08-07,32,Married,5,Diploma,Business Owner,Trader,546700,Chandigarh,Chandigarh,Rented,14,kavya.patel794@outlook.com,+91-7545976712,Verified,2022-03-25
CUST103713,Deepak,Gill,Male,1978-08-29,47,Divorced,3,Graduate,Salaried,Nurse,286900,Chandigarh,Chandigarh,Family Owned,5,deepak.gill700@outlook.com,+91-8354287767,Verified,2014-04-07
CUST103714,Krishna,Kulkarni,Male,1987-02-18,39,Married,2,Graduate,Self-Employed,Consultant,597300,Hyderabad,Telangana,Owned,7,krishna.kulkarni52@rediffmail.com,+91-7228147647,Verified,2017-06-29
CUST103715,Fatima,Joshi,Female,1984-07-24,41,Divorced,2,Graduate,Self-Employed,Consultant,370000,Mysuru,Karnataka,Mortgaged,20,fatima.joshi478@yahoo.in,+91-8987719272,Verified,2021-10-08
CUST103716,Deepak,Joshi,Male,1986-05-24,40,Married,0,Diploma,Self-Employed,Consultant,215000,Nagpur,Maharashtra,Mortgaged,16,deepak.joshi637@rediffmail.com,+91-8440882483,Verified,2021-09-21
CUST103717,Nikhil,Shah,Male,1990-01-24,36,Married,1,Graduate,Business Owner,Trader,1662600,Mumbai,Maharashtra,Mortgaged,18,nikhil.shah407@outlook.com,+91-8119109509,Verified,2019-10-23
CUST103718,Deepika,Singh,Female,1977-03-09,49,Single,0,Graduate,Salaried,Software Engineer,279700,Surat,Gujarat,Rented,12,deepika.singh735@rediffmail.com,+91-8324442020,Verified,2015-04-25
CUST103719,Krishna,Chowdhury,Male,1990-10-23,35,Married,1,High School,Salaried,Analyst,378500,Hyderabad,Telangana,Mortgaged,17,krishna.chowdhury714@rediffmail.com,+91-7810102283,Verified,2018-04-26
CUST103720,Pranav,Joshi,Male,1982-07-31,43,Single,0,Post Graduate,Self-Employed,Consultant,244100,Surat,Gujarat,Owned,1,pranav.joshi953@gmail.com,+91-9479065808,Verified,2021-09-18
CUST103721,Krishna,Khan,Male,2001-09-26,24,Married,1,Diploma,Salaried,Bank Officer,310200,Noida,Uttar Pradesh,Mortgaged,6,krishna.khan484@rediffmail.com,+91-9484606812,Verified,2019-02-10
CUST103722,Fatima,Nair,Female,1987-03-14,39,Married,2,Graduate,Business Owner,Manufacturer,563900,Pune,Maharashtra,Family Owned,4,fatima.nair213@gmail.com,+91-9682205084,Verified,2015-11-26
CUST103723,Anika,Khan,Female,1971-12-19,54,Married,0,Post Graduate,Salaried,Bank Officer,577600,Kochi,Kerala,Family Owned,2,anika.khan755@outlook.com,+91-8374994973,Verified,2014-04-17
CUST103724,Sowmya,Sharma,Female,1992-12-25,33,Married,4,Diploma,Retired,Retired Government Employee,508000,Kolkata,West Bengal,Owned,15,sowmya.sharma276@gmail.com,+91-7418908844,Verified,2014-05-24
CUST103725,Nisha,Gill,Female,1991-12-20,34,Married,2,Graduate,Business Owner,Trader,485200,Indore,Madhya Pradesh,Owned,10,nisha.gill113@gmail.com,+91-9251874161,Verified,2022-04-21
CUST103726,Ayaan,Kulkarni,Male,1993-03-01,33,Married,1,High School,Self-Employed,Chartered Accountant,187200,Noida,Uttar Pradesh,Rented,4,ayaan.kulkarni545@rediffmail.com,+91-8774232274,Pending,2014-12-26
CUST103727,Rohan,Mehta,Male,1974-09-03,51,Single,0,Graduate,Salaried,Analyst,213200,Kochi,Kerala,Rented,23,rohan.mehta269@yahoo.in,+91-9778697627,Verified,2016-01-14
CUST103728,Zaid,Patel,Male,1980-05-08,46,Married,1,Graduate,Salaried,Analyst,323100,Bengaluru,Karnataka,Rented,7,zaid.patel700@outlook.com,+91-7985855480,Verified,2016-03-31
CUST103729,Lakshmi,Sharma,Female,1999-04-09,27,Single,3,Graduate,Self-Employed,Lawyer,215700,Bhopal,Madhya Pradesh,Family Owned,9,lakshmi.sharma22@outlook.com,+91-8842820440,Verified,2017-10-30
CUST103730,Ayaan,Joshi,Male,1976-06-22,50,Single,1,Post Graduate,Self-Employed,Lawyer,732600,Gurugram,Haryana,Rented,18,ayaan.joshi972@yahoo.in,+91-8092183976,Verified,2019-11-12
CUST103731,Imran,Menon,Male,1975-08-10,50,Married,3,Professional Degree,Unemployed,Not Employed,173100,Ahmedabad,Gujarat,Owned,7,imran.menon228@outlook.com,+91-9817283951,Verified,2020-03-25
CUST103732,Meera,Sharma,Female,1984-03-27,42,Married,1,Graduate,Self-Employed,Freelance Designer,339700,Bengaluru,Karnataka,Family Owned,1,meera.sharma726@outlook.com,+91-8071704619,Pending,2020-02-27
CUST103733,Vivaan,Shah,Male,2003-11-05,22,Divorced,3,Diploma,Unemployed,Homemaker,120000,Bhopal,Madhya Pradesh,Owned,4,vivaan.shah821@yahoo.in,+91-7052065032,Pending,2021-12-30
CUST103734,Vikram,Bhat,Male,1974-06-10,52,Married,2,Graduate,Salaried,Analyst,580100,Hyderabad,Telangana,Rented,19,vikram.bhat468@gmail.com,+91-7834860757,Verified,2019-12-19
CUST103735,Krishna,Joshi,Male,1982-04-01,44,Single,3,Graduate,Salaried,Teacher,442800,Nagpur,Maharashtra,Owned,7,krishna.joshi205@outlook.com,+91-7648871061,Verified,2018-03-20
CUST103736,Riya,Khan,Female,1990-02-10,36,Married,0,Professional Degree,Salaried,Nurse,587600,Bengaluru,Karnataka,Owned,18,riya.khan522@rediffmail.com,+91-7463852123,Pending,2023-03-11
CUST103737,Zaid,Malhotra,Male,1970-04-02,56,Married,1,Graduate,Salaried,Teacher,210900,Mumbai,Maharashtra,Rented,15,zaid.malhotra502@yahoo.in,+91-8536742792,Verified,2017-05-26
CUST103738,Amit,Menon,Male,1987-10-16,38,Single,1,Graduate,Salaried,Analyst,327500,Gurugram,Haryana,Mortgaged,14,amit.menon838@gmail.com,+91-7440708456,Verified,2019-10-11
CUST103739,Krishna,Patel,Male,1967-06-15,59,Married,1,Professional Degree,Salaried,HR Manager,1286200,Gurugram,Haryana,Family Owned,19,krishna.patel860@rediffmail.com,+91-9816068387,Verified,2016-02-01
CUST103740,Pranav,Chowdhury,Male,1967-06-26,59,Married,1,Post Graduate,Salaried,Accountant,580500,Bengaluru,Karnataka,Rented,20,pranav.chowdhury380@outlook.com,+91-9448382946,Verified,2022-07-31
CUST103741,Zara,Khan,Female,1967-03-26,59,Single,2,Graduate,Salaried,Accountant,227600,Surat,Gujarat,Rented,15,zara.khan36@yahoo.in,+91-7818843603,Verified,2020-01-12
CUST103742,Siddharth,Bose,Male,1974-12-23,51,Married,4,High School,Self-Employed,Lawyer,120000,Kochi,Kerala,Family Owned,7,siddharth.bose162@rediffmail.com,+91-8977263914,Pending,2017-10-20
CUST103743,Anika,Das,Female,1979-08-26,46,Single,1,Professional Degree,Salaried,Teacher,314600,Lucknow,Uttar Pradesh,Owned,17,anika.das320@gmail.com,+91-7951959005,Verified,2017-12-26
CUST103744,Sneha,Sheikh,Female,1993-10-28,32,Married,0,Post Graduate,Unemployed,Homemaker,120000,Kochi,Kerala,Family Owned,13,sneha.sheikh600@gmail.com,+91-9051815291,Verified,2015-07-20
CUST103745,Reyansh,Bhat,Male,1991-01-02,35,Married,3,Graduate,Salaried,Teacher,327300,Bengaluru,Karnataka,Rented,0,reyansh.bhat61@yahoo.in,+91-8919341610,Verified,2019-02-04
CUST103746,Zaid,Rao,Male,1974-08-04,51,Married,0,Graduate,Salaried,Accountant,332900,Kochi,Kerala,Owned,21,zaid.rao208@rediffmail.com,+91-7431637112,Verified,2018-12-12
CUST103747,Vikram,Chopra,Male,1969-07-13,56,Married,1,Graduate,Self-Employed,Chartered Accountant,446400,Lucknow,Uttar Pradesh,Family Owned,0,vikram.chopra217@outlook.com,+91-9118510486,Verified,2016-03-29
CUST103748,Anil,Patel,Male,2005-02-11,21,Married,1,Diploma,Salaried,Accountant,236800,Bengaluru,Karnataka,Owned,3,anil.patel932@rediffmail.com,+91-7639522918,Pending,2022-07-28
CUST103749,Sana,Reddy,Female,1975-07-21,50,Married,1,Post Graduate,Salaried,Sales Executive,565600,Coimbatore,Tamil Nadu,Family Owned,6,sana.reddy597@rediffmail.com,+91-9274836057,Verified,2021-01-14
CUST103750,Nikhil,Sheikh,Male,1976-06-23,50,Single,1,Post Graduate,Salaried,Software Engineer,831600,Mumbai,Maharashtra,Family Owned,7,nikhil.sheikh984@outlook.com,+91-8487744963,Verified,2022-06-26
CUST103751,Amit,Menon,Male,2004-12-31,21,Married,4,Post Graduate,Salaried,Software Engineer,258800,Lucknow,Uttar Pradesh,Rented,3,amit.menon65@rediffmail.com,+91-9794524965,Verified,2022-10-10
CUST103752,Kabir,Sheikh,Male,1981-07-05,44,Single,2,Diploma,Retired,Retired Private Sector,361500,Chennai,Tamil Nadu,Owned,14,kabir.sheikh564@yahoo.in,+91-9320104004,Verified,2021-03-15
CUST103753,Yash,Kulkarni,Male,1974-06-25,52,Married,2,Post Graduate,Retired,Retired Government Employee,1208000,Nagpur,Maharashtra,Mortgaged,17,yash.kulkarni20@rediffmail.com,+91-8262291309,Verified,2018-01-10
CUST103754,Rahul,Mukherjee,Male,1989-06-13,37,Married,3,Post Graduate,Business Owner,Manufacturer,547800,Mumbai,Maharashtra,Owned,19,rahul.mukherjee99@yahoo.in,+91-7717300048,Verified,2016-05-22
CUST103755,Ishaan,Malhotra,Male,1983-12-25,42,Married,0,Diploma,Self-Employed,Architect,501700,Coimbatore,Tamil Nadu,Family Owned,21,ishaan.malhotra771@rediffmail.com,+91-8233902785,Verified,2017-08-05
CUST103756,Fatima,Shah,Female,1993-08-20,32,Single,2,Graduate,Salaried,Nurse,618800,Bengaluru,Karnataka,Family Owned,14,fatima.shah430@yahoo.in,+91-7817848485,Verified,2024-06-29
CUST103757,Nikhil,Nair,Male,1997-04-19,29,Single,1,Diploma,Salaried,Analyst,441700,Bhopal,Madhya Pradesh,Rented,11,nikhil.nair735@rediffmail.com,+91-8084850249,Pending,2023-07-12
CUST103758,Lakshmi,Patel,Female,1995-03-13,31,Married,0,Graduate,Salaried,Sales Executive,1153600,Chandigarh,Chandigarh,Owned,13,lakshmi.patel726@outlook.com,+91-8170905519,Verified,2017-03-01
CUST103759,Manish,Khan,Male,1981-10-18,44,Widowed,1,Diploma,Salaried,Analyst,394800,Mumbai,Maharashtra,Rented,9,manish.khan473@gmail.com,+91-7587600297,Verified,2018-04-09
CUST103760,Amit,Kapoor,Male,1995-10-14,30,Single,0,Diploma,Salaried,Accountant,552300,Noida,Uttar Pradesh,Rented,12,amit.kapoor828@outlook.com,+91-9841481077,Verified,2016-12-28
CUST103761,Siddharth,Malhotra,Male,1995-11-04,30,Married,1,High School,Retired,Retired Government Employee,192400,Bhopal,Madhya Pradesh,Rented,12,siddharth.malhotra153@yahoo.in,+91-9745914853,Pending,2017-01-28
CUST103762,Krishna,Rao,Male,2000-11-01,25,Married,2,Post Graduate,Salaried,Analyst,473500,Noida,Uttar Pradesh,Family Owned,7,krishna.rao33@gmail.com,+91-9065828315,Verified,2020-07-23
CUST103763,Manish,Das,Male,1998-06-14,28,Married,1,Post Graduate,Business Owner,Manufacturer,1298400,Indore,Madhya Pradesh,Owned,10,manish.das605@rediffmail.com,+91-7112952132,Verified,2024-04-11
CUST103764,Arjun,Mehta,Male,1993-01-06,33,Married,1,Diploma,Self-Employed,Doctor (Practice),936100,Gurugram,Haryana,Mortgaged,6,arjun.mehta906@gmail.com,+91-8829081339,Pending,2024-04-11
CUST103765,Ayesha,Chopra,Female,1970-06-17,56,Single,3,Graduate,Salaried,Accountant,121000,Chandigarh,Chandigarh,Mortgaged,2,ayesha.chopra266@outlook.com,+91-8627760969,Pending,2020-02-05
CUST103766,Reyansh,Bhat,Male,2005-04-10,21,Divorced,0,Post Graduate,Salaried,HR Manager,822800,Ahmedabad,Gujarat,Mortgaged,3,reyansh.bhat142@outlook.com,+91-9113226107,Verified,2022-09-23
CUST103767,Krishna,Singh,Male,1980-07-18,45,Married,0,High School,Self-Employed,Freelance Designer,390500,Mumbai,Maharashtra,Rented,21,krishna.singh350@yahoo.in,+91-9632883615,Verified,2021-10-01
CUST103768,Aadhya,Reddy,Female,1986-07-01,40,Married,1,Post Graduate,Business Owner,Contractor,735300,Hyderabad,Telangana,Rented,1,aadhya.reddy148@outlook.com,+91-7484619413,Verified,2016-05-28
CUST103769,Nisha,Iyer,Female,1979-11-21,46,Single,0,High School,Salaried,HR Manager,500100,Lucknow,Uttar Pradesh,Rented,20,nisha.iyer295@yahoo.in,+91-9548400849,Verified,2013-07-07
CUST103770,Kritika,Joshi,Female,1981-08-28,44,Single,3,Graduate,Unemployed,Homemaker,120000,Bhopal,Madhya Pradesh,Rented,23,kritika.joshi644@rediffmail.com,+91-9678373693,Verified,2023-03-16
CUST103771,Sneha,Patel,Female,2002-01-28,24,Married,5,Diploma,Salaried,Sales Executive,842700,Chandigarh,Chandigarh,Rented,1,sneha.patel910@rediffmail.com,+91-7428029152,Verified,2023-10-21
CUST103772,Neha,Sharma,Female,1973-08-16,52,Married,4,Diploma,Salaried,Accountant,441100,Lucknow,Uttar Pradesh,Mortgaged,9,neha.sharma744@yahoo.in,+91-7895071071,Verified,2015-01-14
CUST103773,Vikram,Nair,Male,1987-12-27,38,Married,5,Graduate,Salaried,Accountant,1015200,Ahmedabad,Gujarat,Family Owned,16,vikram.nair756@gmail.com,+91-9599875904,Verified,2021-06-21
CUST103774,Aadhya,Rao,Female,1983-11-23,42,Widowed,3,Post Graduate,Salaried,Sales Executive,835200,Mysuru,Karnataka,Owned,14,aadhya.rao955@yahoo.in,+91-9549753481,Pending,2022-09-01
CUST103775,Vivaan,Bose,Male,1994-07-06,31,Married,3,Graduate,Salaried,Teacher,326200,Delhi,Delhi,Family Owned,13,vivaan.bose951@outlook.com,+91-7937981718,Verified,2016-06-04
CUST103776,Meera,Gupta,Female,1997-07-05,28,Married,1,Professional Degree,Salaried,Teacher,710800,Mumbai,Maharashtra,Owned,10,meera.gupta777@gmail.com,+91-7853137169,Pending,2023-01-18
CUST103777,Fatima,Reddy,Female,1998-12-06,27,Married,1,Post Graduate,Self-Employed,Chartered Accountant,214900,Mysuru,Karnataka,Rented,9,fatima.reddy69@gmail.com,+91-7065569566,Verified,2023-01-28
CUST103778,Vihaan,Deshpande,Male,1978-09-28,47,Single,1,Post Graduate,Salaried,Software Engineer,487100,Hyderabad,Telangana,Owned,6,vihaan.deshpande832@outlook.com,+91-9737685896,Verified,2019-09-16
CUST103779,Neha,Singh,Female,1985-05-10,41,Single,1,High School,Business Owner,Trader,339400,Indore,Madhya Pradesh,Mortgaged,2,neha.singh905@rediffmail.com,+91-7534004690,Verified,2018-05-13
CUST103780,Kavya,Deshpande,Female,1978-03-10,48,Single,1,High School,Business Owner,Manufacturer,774900,Coimbatore,Tamil Nadu,Owned,7,kavya.deshpande530@gmail.com,+91-8929462044,Verified,2022-04-20
CUST103781,Zara,Chopra,Female,1973-08-17,52,Married,0,Graduate,Salaried,Software Engineer,576900,Pune,Maharashtra,Mortgaged,23,zara.chopra323@gmail.com,+91-7463759374,Verified,2024-05-27
CUST103782,Priya,Das,Female,1980-10-09,45,Married,1,Graduate,Unemployed,Student,120000,Indore,Madhya Pradesh,Rented,8,priya.das217@yahoo.in,+91-8416181196,Verified,2013-09-02
CUST103783,Aanya,Sharma,Female,2001-03-05,25,Married,0,Post Graduate,Self-Employed,Architect,705700,Surat,Gujarat,Family Owned,7,aanya.sharma483@rediffmail.com,+91-9053568994,Verified,2022-04-08
CUST103784,Tanvi,Mehta,Female,1984-01-31,42,Married,0,Post Graduate,Salaried,Nurse,891200,Lucknow,Uttar Pradesh,Family Owned,17,tanvi.mehta166@yahoo.in,+91-7923683266,Verified,2020-01-19
CUST103785,Isha,Kapoor,Female,1990-02-03,36,Single,2,Post Graduate,Salaried,Bank Officer,1373600,Ahmedabad,Gujarat,Rented,13,isha.kapoor523@yahoo.in,+91-7232154722,Pending,2015-03-02
CUST103786,Vikram,Singh,Male,1990-03-30,36,Single,4,Post Graduate,Salaried,Analyst,539400,Chennai,Tamil Nadu,Rented,9,vikram.singh794@outlook.com,+91-7656258859,Pending,2015-07-05
CUST103787,Sneha,Shah,Female,1977-12-31,48,Married,2,Graduate,Salaried,Nurse,327800,Noida,Uttar Pradesh,Mortgaged,16,sneha.shah919@yahoo.in,+91-7691446898,Verified,2018-05-20
CUST103788,Shreya,Khan,Female,1989-03-13,37,Single,1,Graduate,Business Owner,Manufacturer,713100,Coimbatore,Tamil Nadu,Rented,19,shreya.khan77@rediffmail.com,+91-9741714494,Verified,2016-02-28
CUST103789,Siddharth,Mukherjee,Male,2000-12-14,25,Married,1,Graduate,Self-Employed,Architect,613000,Chandigarh,Chandigarh,Rented,7,siddharth.mukherjee341@gmail.com,+91-9531280284,Pending,2017-08-06
CUST103790,Nikhil,Joshi,Male,1988-02-20,38,Widowed,1,Graduate,Salaried,Software Engineer,547100,Ahmedabad,Gujarat,Family Owned,20,nikhil.joshi518@yahoo.in,+91-8445029623,Verified,2023-04-25
CUST103791,Riya,Joshi,Female,1979-07-25,46,Single,2,Post Graduate,Salaried,Teacher,1738900,Surat,Gujarat,Rented,5,riya.joshi43@gmail.com,+91-7563470087,Verified,2023-02-18
CUST103792,Ishaan,Verma,Male,1982-11-24,43,Divorced,2,Professional Degree,Salaried,Teacher,789400,Bhopal,Madhya Pradesh,Family Owned,11,ishaan.verma93@yahoo.in,+91-7816226971,Verified,2019-04-26
CUST103793,Ananya,Mukherjee,Female,1989-05-25,37,Single,1,Post Graduate,Salaried,Accountant,588600,Hyderabad,Telangana,Rented,19,ananya.mukherjee582@gmail.com,+91-8511367180,Verified,2020-09-24
CUST103794,Saanvi,Gupta,Female,1983-03-29,43,Married,3,Post Graduate,Salaried,Nurse,883100,Nagpur,Maharashtra,Rented,24,saanvi.gupta336@yahoo.in,+91-7035125591,Verified,2019-05-23
CUST103795,Saanvi,Ahmed,Female,1972-10-31,53,Married,1,Post Graduate,Self-Employed,Doctor (Practice),683200,Pune,Maharashtra,Rented,1,saanvi.ahmed492@outlook.com,+91-9128024025,Verified,2017-11-12
CUST103796,Aanya,Banerjee,Female,2003-09-01,22,Married,2,Post Graduate,Business Owner,Trader,891900,Indore,Madhya Pradesh,Family Owned,4,aanya.banerjee993@yahoo.in,+91-7458908669,Verified,2024-03-19
CUST103797,Vihaan,Naidu,Male,1975-02-26,51,Married,3,High School,Salaried,Teacher,296500,Mumbai,Maharashtra,Mortgaged,21,vihaan.naidu377@outlook.com,+91-8717854270,Verified,2014-12-15
CUST103798,Saanvi,Kaur,Female,1988-04-09,38,Married,3,High School,Salaried,HR Manager,346300,Jaipur,Rajasthan,Rented,11,saanvi.kaur842@rediffmail.com,+91-9492759282,Pending,2015-07-27
CUST103799,Anika,Kapoor,Female,1967-02-17,59,Married,0,High School,Business Owner,Trader,699800,Pune,Maharashtra,Mortgaged,0,anika.kapoor930@outlook.com,+91-8090121844,Pending,2017-04-19
CUST103800,Krishna,Nair,Male,1982-09-02,43,Single,0,Graduate,Salaried,HR Manager,466500,Gurugram,Haryana,Rented,12,krishna.nair273@yahoo.in,+91-9642670221,Verified,2016-07-03
CUST103801,Farhan,Das,Male,1988-03-03,38,Married,1,Professional Degree,Retired,Pensioner,1425000,Bengaluru,Karnataka,Rented,16,farhan.das643@yahoo.in,+91-7019843796,Verified,2014-09-20
CUST103802,Rohan,Singh,Male,1969-11-15,56,Single,0,Professional Degree,Self-Employed,Chartered Accountant,493700,Delhi,Delhi,Mortgaged,17,rohan.singh174@yahoo.in,+91-9433883441,Pending,2022-06-28
CUST103803,Sana,Singh,Female,1976-03-02,50,Divorced,1,High School,Self-Employed,Consultant,1728600,Surat,Gujarat,Mortgaged,18,sana.singh282@rediffmail.com,+91-9542616107,Pending,2017-02-19
CUST103804,Shreya,Gupta,Female,1991-01-18,35,Married,3,Graduate,Business Owner,Manufacturer,120000,Lucknow,Uttar Pradesh,Rented,16,shreya.gupta871@outlook.com,+91-7679024020,Verified,2020-01-29
CUST103805,Isha,Patel,Female,2004-10-16,21,Married,1,Professional Degree,Business Owner,Trader,615300,Mysuru,Karnataka,Mortgaged,3,isha.patel353@gmail.com,+91-7313636313,Verified,2021-08-12
CUST103806,Neha,Singh,Female,1971-07-10,54,Single,0,Diploma,Salaried,Teacher,178200,Pune,Maharashtra,Owned,2,neha.singh246@yahoo.in,+91-9094493815,Pending,2013-09-26
CUST103807,Lakshmi,Singh,Female,1984-12-23,41,Married,1,Professional Degree,Self-Employed,Doctor (Practice),1228900,Pune,Maharashtra,Mortgaged,1,lakshmi.singh477@rediffmail.com,+91-7819492309,Verified,2019-09-29
CUST103808,Yash,Kulkarni,Male,1972-07-03,54,Married,1,Graduate,Salaried,Nurse,503900,Jaipur,Rajasthan,Family Owned,12,yash.kulkarni232@yahoo.in,+91-7821020346,Pending,2017-11-13
CUST103809,Sneha,Chopra,Female,1994-06-05,32,Single,1,Professional Degree,Self-Employed,Architect,787200,Mysuru,Karnataka,Owned,14,sneha.chopra633@rediffmail.com,+91-9379124042,Pending,2013-10-29
CUST103810,Neha,Rao,Female,1994-09-21,31,Married,0,Graduate,Retired,Retired Government Employee,120000,Gurugram,Haryana,Mortgaged,13,neha.rao315@rediffmail.com,+91-7749432681,Pending,2019-04-08
CUST103811,Tanvi,Bose,Female,1995-06-16,31,Married,0,Diploma,Salaried,Accountant,315300,Surat,Gujarat,Mortgaged,4,tanvi.bose369@outlook.com,+91-8221956013,Verified,2019-03-05
CUST103812,Swati,Bose,Female,1995-02-23,31,Married,2,Graduate,Business Owner,Manufacturer,1513600,Kolkata,West Bengal,Rented,13,swati.bose168@yahoo.in,+91-7239039455,Verified,2015-02-24
CUST103813,Zara,Das,Female,1973-02-12,53,Divorced,0,Graduate,Salaried,Nurse,572800,Delhi,Delhi,Owned,13,zara.das313@yahoo.in,+91-8268591738,Verified,2014-10-28
CUST103814,Karthik,Naidu,Male,1984-01-25,42,Single,0,Professional Degree,Salaried,Software Engineer,1400500,Mumbai,Maharashtra,Rented,5,karthik.naidu489@yahoo.in,+91-7984108579,Verified,2020-04-27
CUST103815,Sneha,Gupta,Female,1986-03-15,40,Single,4,Graduate,Salaried,Nurse,479100,Ahmedabad,Gujarat,Family Owned,5,sneha.gupta695@rediffmail.com,+91-7814207430,Verified,2014-10-15
CUST103816,Deepak,Deshpande,Male,1996-05-17,30,Married,1,Graduate,Salaried,Analyst,633200,Nagpur,Maharashtra,Rented,8,deepak.deshpande132@rediffmail.com,+91-8620716182,Pending,2015-08-23
CUST103817,Aadhya,Deshpande,Female,2005-04-18,21,Married,1,Graduate,Salaried,HR Manager,615300,Noida,Uttar Pradesh,Owned,1,aadhya.deshpande669@yahoo.in,+91-9898742521,Verified,2021-11-08
CUST103818,Aarav,Shah,Male,1973-12-13,52,Married,1,High School,Retired,Retired Private Sector,688900,Pune,Maharashtra,Owned,22,aarav.shah397@gmail.com,+91-8693879488,Verified,2023-10-13
CUST103819,Tanvi,Malhotra,Female,1998-02-08,28,Married,0,Post Graduate,Business Owner,Manufacturer,1050900,Mumbai,Maharashtra,Rented,10,tanvi.malhotra643@yahoo.in,+91-7144289192,Verified,2023-01-26
CUST103820,Kabir,Bhat,Male,2003-06-01,23,Married,1,Graduate,Salaried,Analyst,285400,Chandigarh,Chandigarh,Owned,5,kabir.bhat77@yahoo.in,+91-9793407567,Verified,2022-02-21
CUST103821,Nikhil,Banerjee,Male,1991-08-13,34,Married,1,Graduate,Self-Employed,Freelance Designer,193700,Pune,Maharashtra,Family Owned,10,nikhil.banerjee509@rediffmail.com,+91-7970115739,Verified,2016-10-24
CUST103822,Reyansh,Singh,Male,1985-05-26,41,Married,2,Graduate,Unemployed,Student,121900,Kochi,Kerala,Owned,8,reyansh.singh462@gmail.com,+91-9291832360,Verified,2022-07-25
CUST103823,Vikram,Deshpande,Male,1975-05-12,51,Single,0,Graduate,Salaried,Teacher,369300,Bhopal,Madhya Pradesh,Rented,19,vikram.deshpande437@yahoo.in,+91-7574897813,Pending,2016-04-20
CUST103824,Dev,Gupta,Male,1982-04-18,44,Widowed,2,Diploma,Business Owner,Trader,1421100,Surat,Gujarat,Rented,4,dev.gupta432@rediffmail.com,+91-9234673820,Verified,2023-01-26
CUST103825,Yash,Chopra,Male,2000-09-27,25,Married,1,Post Graduate,Salaried,HR Manager,563100,Nagpur,Maharashtra,Owned,0,yash.chopra372@yahoo.in,+91-7332647167,Verified,2019-03-18
CUST103826,Deepak,Bhat,Male,1986-08-23,39,Married,0,Professional Degree,Business Owner,Contractor,1801200,Noida,Uttar Pradesh,Rented,15,deepak.bhat28@gmail.com,+91-8459459657,Verified,2023-01-18
CUST103827,Farhan,Ahmed,Male,2004-09-30,21,Single,3,Graduate,Salaried,Accountant,170300,Surat,Gujarat,Rented,3,farhan.ahmed17@rediffmail.com,+91-9761930550,Verified,2022-05-25
CUST103828,Rajesh,Deshpande,Male,2002-09-15,23,Married,3,High School,Business Owner,Restaurant Owner,448300,Mysuru,Karnataka,Mortgaged,5,rajesh.deshpande991@rediffmail.com,+91-8856195684,Verified,2023-01-08
CUST103829,Diya,Menon,Female,1980-10-04,45,Married,4,Graduate,Retired,Retired Government Employee,369900,Delhi,Delhi,Rented,7,diya.menon786@gmail.com,+91-8669184361,Verified,2015-05-06
CUST103830,Harsh,Shah,Male,1967-05-18,59,Married,0,Graduate,Business Owner,Trader,723100,Mumbai,Maharashtra,Rented,6,harsh.shah240@yahoo.in,+91-8026988470,Verified,2017-04-23
CUST103831,Fatima,Rao,Female,1975-07-31,50,Married,1,High School,Self-Employed,Consultant,526600,Bhopal,Madhya Pradesh,Owned,19,fatima.rao947@outlook.com,+91-9629064639,Verified,2019-09-21
CUST103832,Sowmya,Menon,Female,2004-11-29,21,Single,1,Post Graduate,Salaried,Software Engineer,694200,Gurugram,Haryana,Owned,3,sowmya.menon103@yahoo.in,+91-8494807332,Verified,2023-01-11
CUST103833,Aarav,Mehta,Male,1988-08-05,37,Married,3,Graduate,Business Owner,Manufacturer,1061700,Mysuru,Karnataka,Owned,19,aarav.mehta845@outlook.com,+91-9511894895,Pending,2017-05-11
CUST103834,Anika,Kulkarni,Female,1977-06-01,49,Married,1,Graduate,Retired,Retired Government Employee,719100,Pune,Maharashtra,Owned,0,anika.kulkarni928@gmail.com,+91-8344148479,Pending,2017-05-15
CUST103835,Kabir,Joshi,Male,1984-07-14,41,Divorced,1,Graduate,Self-Employed,Lawyer,229700,Kolkata,West Bengal,Owned,0,kabir.joshi679@outlook.com,+91-9226285279,Verified,2017-12-02
CUST103836,Suresh,Rao,Male,1981-07-29,44,Married,2,Graduate,Self-Employed,Consultant,676100,Mumbai,Maharashtra,Rented,10,suresh.rao444@gmail.com,+91-9841566148,Verified,2016-05-01
CUST103837,Riya,Verma,Female,1969-04-02,57,Single,2,Post Graduate,Salaried,Sales Executive,445000,Kochi,Kerala,Family Owned,11,riya.verma88@yahoo.in,+91-7091022752,Verified,2016-07-07
CUST103838,Reyansh,Bhat,Male,1982-01-07,44,Single,0,Graduate,Salaried,Sales Executive,669700,Lucknow,Uttar Pradesh,Owned,4,reyansh.bhat985@yahoo.in,+91-8613328895,Verified,2021-11-03
CUST103839,Amit,Nair,Male,1961-04-03,65,Married,3,Post Graduate,Salaried,Bank Officer,620400,Mysuru,Karnataka,Rented,10,amit.nair807@outlook.com,+91-8144094485,Verified,2020-02-09
CUST103840,Farhan,Chowdhury,Male,2005-04-27,21,Single,1,Post Graduate,Retired,Retired Private Sector,144400,Gurugram,Haryana,Rented,2,farhan.chowdhury101@rediffmail.com,+91-8488179198,Verified,2022-10-29
CUST103841,Sandeep,Mukherjee,Male,1978-06-04,48,Married,1,Diploma,Salaried,Analyst,507800,Surat,Gujarat,Rented,20,sandeep.mukherjee552@gmail.com,+91-8852166545,Verified,2019-09-11
CUST103842,Meera,Banerjee,Female,2000-12-14,25,Single,1,Post Graduate,Salaried,Teacher,724400,Mumbai,Maharashtra,Family Owned,7,meera.banerjee559@gmail.com,+91-8126283072,Pending,2021-10-22
CUST103843,Aditya,Ahmed,Male,1988-12-16,37,Single,2,Graduate,Business Owner,Manufacturer,895300,Lucknow,Uttar Pradesh,Rented,2,aditya.ahmed324@yahoo.in,+91-7499411387,Verified,2015-08-07
CUST103844,Kritika,Verma,Female,1973-01-30,53,Married,1,Post Graduate,Salaried,Accountant,905600,Chennai,Tamil Nadu,Owned,21,kritika.verma88@outlook.com,+91-8350628173,Verified,2015-12-03
CUST103845,Farhan,Menon,Male,1967-10-30,58,Single,1,Graduate,Salaried,Sales Executive,695900,Mysuru,Karnataka,Rented,24,farhan.menon324@gmail.com,+91-9760117968,Verified,2016-06-08
CUST103846,Amit,Gupta,Male,1978-05-04,48,Married,1,Post Graduate,Self-Employed,Freelance Designer,534300,Jaipur,Rajasthan,Owned,14,amit.gupta806@yahoo.in,+91-8473776615,Verified,2016-03-08
CUST103847,Reyansh,Bhat,Male,1989-10-04,36,Married,2,Professional Degree,Salaried,Bank Officer,822100,Hyderabad,Telangana,Rented,7,reyansh.bhat392@rediffmail.com,+91-9213001333,Verified,2016-07-29
CUST103848,Divya,Joshi,Female,1995-04-18,31,Married,1,Post Graduate,Salaried,HR Manager,1121400,Hyderabad,Telangana,Rented,13,divya.joshi766@yahoo.in,+91-8129183667,Verified,2020-10-16
CUST103849,Sneha,Nair,Female,1990-09-20,35,Married,1,Diploma,Salaried,HR Manager,506200,Mumbai,Maharashtra,Owned,10,sneha.nair32@rediffmail.com,+91-7163779668,Verified,2019-01-04
CUST103850,Ritu,Menon,Female,1983-12-07,42,Single,0,Post Graduate,Business Owner,Trader,717100,Hyderabad,Telangana,Owned,1,ritu.menon676@outlook.com,+91-9885006818,Verified,2015-06-14
CUST103851,Aditya,Ahmed,Male,1963-11-20,62,Married,3,Diploma,Salaried,Accountant,120000,Kochi,Kerala,Owned,2,aditya.ahmed790@yahoo.in,+91-9044101343,Verified,2017-08-09
CUST103852,Rahul,Naidu,Male,1992-10-06,33,Married,2,Graduate,Salaried,Sales Executive,252700,Mysuru,Karnataka,Rented,1,rahul.naidu625@gmail.com,+91-7048283168,Verified,2024-06-12
CUST103853,Diya,Nair,Female,2005-03-12,21,Married,1,Diploma,Business Owner,Retail Store Owner,454400,Bhopal,Madhya Pradesh,Owned,3,diya.nair914@rediffmail.com,+91-9483758476,Verified,2021-11-12
CUST103854,Priya,Kulkarni,Female,1986-02-28,40,Married,1,Graduate,Salaried,Bank Officer,503600,Coimbatore,Tamil Nadu,Mortgaged,22,priya.kulkarni139@yahoo.in,+91-9419007461,Verified,2015-05-23
CUST103855,Rohan,Khan,Male,1996-07-01,30,Single,2,Graduate,Self-Employed,Lawyer,1425100,Jaipur,Rajasthan,Rented,0,rohan.khan831@rediffmail.com,+91-9455497913,Verified,2023-12-13
CUST103856,Vikram,Chowdhury,Male,1991-09-28,34,Widowed,2,Graduate,Salaried,Teacher,422900,Bhopal,Madhya Pradesh,Family Owned,16,vikram.chowdhury319@gmail.com,+91-8323289970,Verified,2022-10-24
CUST103857,Vikram,Bhat,Male,1990-02-04,36,Married,2,Post Graduate,Business Owner,Restaurant Owner,2284300,Kolkata,West Bengal,Mortgaged,3,vikram.bhat909@outlook.com,+91-7379364588,Verified,2015-04-10
CUST103858,Anil,Joshi,Male,1992-02-17,34,Divorced,0,Graduate,Self-Employed,Freelance Designer,526900,Surat,Gujarat,Family Owned,1,anil.joshi386@yahoo.in,+91-9342392800,Pending,2015-11-01
CUST103859,Anjali,Joshi,Female,1972-02-29,54,Single,0,Post Graduate,Self-Employed,Doctor (Practice),1119900,Gurugram,Haryana,Mortgaged,2,anjali.joshi42@yahoo.in,+91-9365808256,Verified,2016-06-05
CUST103860,Amit,Bose,Male,1979-01-24,47,Married,1,Graduate,Retired,Retired Private Sector,380700,Delhi,Delhi,Family Owned,5,amit.bose804@gmail.com,+91-9684924273,Verified,2022-03-10
CUST103861,Riya,Singh,Female,1988-12-20,37,Single,1,Post Graduate,Salaried,Sales Executive,548000,Chennai,Tamil Nadu,Owned,7,riya.singh954@outlook.com,+91-8597272378,Verified,2019-03-25
CUST103862,Priya,Kulkarni,Female,1984-02-21,42,Single,0,Graduate,Retired,Retired Government Employee,520000,Gurugram,Haryana,Owned,9,priya.kulkarni323@rediffmail.com,+91-7498768000,Pending,2019-04-08
CUST103863,Zara,Bhat,Female,2005-01-13,21,Married,0,Post Graduate,Salaried,Bank Officer,344300,Coimbatore,Tamil Nadu,Owned,1,zara.bhat439@yahoo.in,+91-8239166030,Pending,2023-08-31
CUST103864,Anil,Banerjee,Male,1974-09-01,51,Married,0,Professional Degree,Self-Employed,Consultant,2563900,Jaipur,Rajasthan,Family Owned,21,anil.banerjee343@yahoo.in,+91-7964402422,Verified,2022-04-04
CUST103865,Deepak,Joshi,Male,1998-12-23,27,Married,2,Diploma,Self-Employed,Doctor (Practice),482400,Gurugram,Haryana,Owned,9,deepak.joshi88@gmail.com,+91-9786632780,Pending,2024-02-29
CUST103866,Imran,Patel,Male,1982-10-06,43,Single,2,Graduate,Salaried,Bank Officer,611900,Noida,Uttar Pradesh,Rented,10,imran.patel119@outlook.com,+91-9713149503,Verified,2018-05-04
CUST103867,Vikram,Ahmed,Male,1994-04-29,32,Single,3,Graduate,Salaried,Software Engineer,124800,Mumbai,Maharashtra,Owned,14,vikram.ahmed797@yahoo.in,+91-7184176314,Verified,2021-12-01
CUST103868,Pooja,Sheikh,Female,2002-08-09,23,Married,1,Post Graduate,Salaried,HR Manager,213200,Mumbai,Maharashtra,Owned,5,pooja.sheikh207@yahoo.in,+91-8770544618,Verified,2024-03-11
CUST103869,Vivaan,Sheikh,Male,1972-07-18,53,Married,2,Diploma,Business Owner,Retail Store Owner,360800,Lucknow,Uttar Pradesh,Family Owned,10,vivaan.sheikh63@outlook.com,+91-8920510527,Verified,2023-07-31
CUST103870,Sana,Iyer,Female,1973-04-22,53,Married,2,Post Graduate,Self-Employed,Architect,274800,Jaipur,Rajasthan,Family Owned,21,sana.iyer877@rediffmail.com,+91-8324302284,Verified,2023-08-15
CUST103871,Deepak,Bhat,Male,1992-08-17,33,Married,0,Graduate,Salaried,Sales Executive,901200,Ahmedabad,Gujarat,Rented,15,deepak.bhat745@outlook.com,+91-7290457916,Verified,2020-07-09
CUST103872,Swati,Kaur,Female,1987-11-06,38,Married,0,Post Graduate,Salaried,Sales Executive,369700,Gurugram,Haryana,Mortgaged,17,swati.kaur860@gmail.com,+91-7159690089,Pending,2022-09-23
CUST103873,Vivaan,Singh,Male,1978-12-05,47,Married,3,Graduate,Salaried,HR Manager,731000,Pune,Maharashtra,Family Owned,22,vivaan.singh56@outlook.com,+91-7072174206,Verified,2021-07-31
CUST103874,Suresh,Banerjee,Male,2001-04-08,25,Single,2,High School,Salaried,Accountant,327100,Bhopal,Madhya Pradesh,Owned,7,suresh.banerjee826@rediffmail.com,+91-7694992225,Pending,2022-12-01
CUST103875,Ishaan,Deshpande,Male,1995-10-05,30,Married,2,Professional Degree,Salaried,HR Manager,310600,Noida,Uttar Pradesh,Rented,12,ishaan.deshpande7@outlook.com,+91-7882413167,Verified,2019-07-25
CUST103876,Aarav,Ahmed,Male,1995-09-11,30,Single,0,High School,Salaried,HR Manager,236500,Lucknow,Uttar Pradesh,Mortgaged,1,aarav.ahmed731@rediffmail.com,+91-7358270124,Pending,2019-09-26
CUST103877,Arjun,Banerjee,Male,1992-10-24,33,Married,1,High School,Business Owner,Retail Store Owner,865600,Indore,Madhya Pradesh,Mortgaged,13,arjun.banerjee534@outlook.com,+91-8690272908,Verified,2019-09-24
CUST103878,Vihaan,Menon,Male,1991-05-08,35,Single,0,Graduate,Salaried,Software Engineer,260600,Pune,Maharashtra,Owned,4,vihaan.menon871@gmail.com,+91-8339203109,Pending,2016-08-18
CUST103879,Shreya,Naidu,Female,1984-01-09,42,Married,3,High School,Salaried,Nurse,568800,Kolkata,West Bengal,Owned,14,shreya.naidu215@outlook.com,+91-7837744323,Verified,2020-10-10
CUST103880,Tanvi,Iyer,Female,1996-04-12,30,Married,1,Diploma,Business Owner,Retail Store Owner,401100,Chandigarh,Chandigarh,Mortgaged,3,tanvi.iyer644@outlook.com,+91-8567628817,Verified,2017-10-10
CUST103881,Aarav,Deshpande,Male,1978-04-25,48,Married,2,Graduate,Salaried,Bank Officer,678100,Nagpur,Maharashtra,Owned,1,aarav.deshpande658@gmail.com,+91-8849014359,Verified,2021-08-04
CUST103882,Aarav,Khan,Male,1991-07-08,34,Married,0,Diploma,Retired,Pensioner,291500,Delhi,Delhi,Owned,12,aarav.khan162@rediffmail.com,+91-8870223555,Verified,2022-05-01
CUST103883,Anil,Rao,Male,2002-07-14,23,Married,1,Professional Degree,Business Owner,Contractor,935500,Indore,Madhya Pradesh,Mortgaged,5,anil.rao946@outlook.com,+91-8895093957,Verified,2023-06-21
CUST103884,Meera,Verma,Female,1975-06-17,51,Married,2,Graduate,Salaried,Software Engineer,386400,Noida,Uttar Pradesh,Rented,7,meera.verma860@gmail.com,+91-8822893561,Verified,2024-06-17
CUST103885,Reyansh,Sheikh,Male,1975-04-08,51,Married,2,Post Graduate,Salaried,Bank Officer,860700,Chennai,Tamil Nadu,Rented,17,reyansh.sheikh348@gmail.com,+91-9690745188,Pending,2019-05-13
CUST103886,Arjun,Gupta,Male,2000-01-06,26,Married,0,Post Graduate,Salaried,Nurse,451400,Ahmedabad,Gujarat,Mortgaged,8,arjun.gupta708@rediffmail.com,+91-8510729174,Verified,2021-11-30
CUST103887,Anil,Ahmed,Male,1985-10-23,40,Single,1,Graduate,Salaried,Nurse,436000,Kochi,Kerala,Rented,8,anil.ahmed39@yahoo.in,+91-7751169234,Verified,2015-03-17
CUST103888,Sandeep,Banerjee,Male,2005-06-15,21,Married,0,Professional Degree,Self-Employed,Architect,1456400,Mumbai,Maharashtra,Mortgaged,3,sandeep.banerjee232@rediffmail.com,+91-8896642687,Pending,2021-08-12
CUST103889,Ayaan,Gupta,Male,1993-12-08,32,Married,0,Graduate,Salaried,Accountant,496500,Indore,Madhya Pradesh,Family Owned,14,ayaan.gupta481@yahoo.in,+91-7159985548,Verified,2023-04-22
CUST103890,Aarav,Das,Male,1970-10-10,55,Single,0,High School,Retired,Retired Government Employee,120000,Bhopal,Madhya Pradesh,Rented,4,aarav.das875@yahoo.in,+91-7994757318,Verified,2023-03-21
CUST103891,Rajesh,Bose,Male,1989-07-12,36,Married,2,Graduate,Self-Employed,Consultant,173100,Coimbatore,Tamil Nadu,Rented,18,rajesh.bose770@rediffmail.com,+91-8077469321,Verified,2015-09-09
CUST103892,Harsh,Sheikh,Male,1983-09-17,42,Married,1,Graduate,Self-Employed,Freelance Designer,642300,Kolkata,West Bengal,Family Owned,10,harsh.sheikh720@outlook.com,+91-8643479328,Pending,2019-01-12
CUST103893,Dev,Deshpande,Male,1976-04-21,50,Single,1,High School,Salaried,Bank Officer,572600,Indore,Madhya Pradesh,Rented,20,dev.deshpande576@gmail.com,+91-8170335123,Verified,2018-02-25
CUST103894,Arjun,Chopra,Male,1990-04-11,36,Married,0,Diploma,Self-Employed,Architect,245500,Nagpur,Maharashtra,Owned,18,arjun.chopra395@gmail.com,+91-7641647022,Verified,2014-04-24
CUST103895,Siddharth,Gill,Male,1979-09-03,46,Married,0,Graduate,Salaried,Teacher,442600,Kolkata,West Bengal,Owned,13,siddharth.gill743@outlook.com,+91-9867190953,Verified,2016-03-07
CUST103896,Sneha,Sharma,Female,1961-04-20,65,Married,1,Professional Degree,Salaried,Sales Executive,2206100,Mumbai,Maharashtra,Owned,11,sneha.sharma909@yahoo.in,+91-7134070956,Verified,2017-11-21
CUST103897,Ayesha,Joshi,Female,1990-06-05,36,Married,0,Graduate,Self-Employed,Consultant,395700,Pune,Maharashtra,Family Owned,8,ayesha.joshi910@outlook.com,+91-7523854100,Verified,2023-02-21
CUST103898,Krishna,Das,Male,1971-04-17,55,Married,2,Diploma,Self-Employed,Architect,483600,Mysuru,Karnataka,Family Owned,11,krishna.das417@yahoo.in,+91-9689690711,Verified,2023-09-02
CUST103899,Anika,Singh,Female,1983-11-13,42,Single,2,Graduate,Salaried,HR Manager,219000,Ahmedabad,Gujarat,Rented,10,anika.singh451@rediffmail.com,+91-7364559374,Verified,2014-12-01
CUST103900,Divya,Menon,Female,1977-12-05,48,Single,1,High School,Business Owner,Contractor,372600,Pune,Maharashtra,Owned,12,divya.menon616@outlook.com,+91-9783283443,Pending,2020-06-24
CUST103901,Rajesh,Iyer,Male,1983-09-09,42,Married,0,Graduate,Business Owner,Trader,844800,Indore,Madhya Pradesh,Owned,3,rajesh.iyer289@yahoo.in,+91-9736542750,Verified,2017-10-01
CUST103902,Saanvi,Naidu,Female,2005-05-04,21,Married,1,Graduate,Salaried,Sales Executive,147200,Nagpur,Maharashtra,Mortgaged,3,saanvi.naidu79@yahoo.in,+91-8043368532,Pending,2023-10-25
CUST103903,Karthik,Singh,Male,1981-01-02,45,Married,0,Post Graduate,Self-Employed,Architect,858100,Nagpur,Maharashtra,Rented,21,karthik.singh587@gmail.com,+91-9750608947,Verified,2020-07-23
CUST103904,Vikram,Rao,Male,1978-05-05,48,Married,2,Graduate,Salaried,Analyst,599100,Gurugram,Haryana,Owned,19,vikram.rao974@gmail.com,+91-7266978794,Verified,2020-10-15
CUST103905,Imran,Iyer,Male,1993-08-27,32,Married,0,High School,Retired,Retired Government Employee,324900,Noida,Uttar Pradesh,Owned,13,imran.iyer141@yahoo.in,+91-9091890822,Verified,2018-08-06
CUST103906,Sandeep,Singh,Male,1980-01-02,46,Married,0,Professional Degree,Business Owner,Contractor,2422600,Gurugram,Haryana,Mortgaged,11,sandeep.singh89@outlook.com,+91-8985727924,Verified,2021-12-07
CUST103907,Swati,Patel,Female,1981-05-05,45,Single,0,Post Graduate,Salaried,Teacher,1267600,Gurugram,Haryana,Rented,15,swati.patel931@outlook.com,+91-7028831861,Pending,2015-02-05
CUST103908,Vivaan,Banerjee,Male,1985-07-30,40,Single,2,Graduate,Salaried,Analyst,203200,Bhopal,Madhya Pradesh,Owned,3,vivaan.banerjee608@rediffmail.com,+91-7253887989,Verified,2018-08-14
CUST103909,Zaid,Mukherjee,Male,1973-07-16,52,Married,0,Graduate,Salaried,Bank Officer,450800,Kochi,Kerala,Rented,23,zaid.mukherjee672@outlook.com,+91-9340854106,Verified,2015-07-24
CUST103910,Yash,Nair,Male,1978-06-07,48,Married,1,Graduate,Self-Employed,Consultant,631500,Chandigarh,Chandigarh,Rented,7,yash.nair234@outlook.com,+91-8931551687,Verified,2022-05-14
CUST103911,Aditya,Ahmed,Male,1994-03-25,32,Married,3,High School,Salaried,Sales Executive,383900,Nagpur,Maharashtra,Owned,6,aditya.ahmed982@yahoo.in,+91-7321596749,Verified,2015-11-21
CUST103912,Sowmya,Chowdhury,Female,1974-03-21,52,Single,1,Post Graduate,Salaried,HR Manager,314400,Bhopal,Madhya Pradesh,Mortgaged,2,sowmya.chowdhury847@gmail.com,+91-8926132594,Verified,2024-05-06
CUST103913,Manish,Sharma,Male,1981-07-10,44,Married,2,Diploma,Salaried,Accountant,142600,Gurugram,Haryana,Family Owned,9,manish.sharma703@rediffmail.com,+91-9692286735,Pending,2019-05-22
CUST103914,Vivaan,Chowdhury,Male,1979-01-15,47,Married,1,Graduate,Self-Employed,Architect,534100,Nagpur,Maharashtra,Family Owned,16,vivaan.chowdhury264@yahoo.in,+91-8593737514,Verified,2023-02-07
CUST103915,Rahul,Mehta,Male,1993-04-30,33,Married,2,Graduate,Salaried,Software Engineer,613500,Kolkata,West Bengal,Mortgaged,10,rahul.mehta609@gmail.com,+91-9571689679,Verified,2014-07-11
CUST103916,Rahul,Shah,Male,2000-02-17,26,Married,1,Graduate,Salaried,Accountant,1411200,Kolkata,West Bengal,Rented,8,rahul.shah697@rediffmail.com,+91-9892330455,Verified,2017-06-30
CUST103917,Deepika,Bose,Female,1984-07-18,41,Married,0,Graduate,Salaried,Teacher,1183000,Hyderabad,Telangana,Rented,23,deepika.bose330@yahoo.in,+91-9369602816,Verified,2018-02-24
CUST103918,Priya,Sharma,Female,2003-12-14,22,Married,1,High School,Salaried,Sales Executive,145300,Pune,Maharashtra,Rented,4,priya.sharma608@outlook.com,+91-7586670268,Verified,2022-07-23
CUST103919,Anil,Kaur,Male,1979-08-20,46,Married,0,Post Graduate,Business Owner,Contractor,200400,Jaipur,Rajasthan,Family Owned,4,anil.kaur3@gmail.com,+91-9328064903,Verified,2024-01-22
CUST103920,Siddharth,Bose,Male,1990-06-21,36,Married,2,Diploma,Business Owner,Restaurant Owner,850900,Pune,Maharashtra,Family Owned,14,siddharth.bose515@gmail.com,+91-8070271266,Verified,2021-11-28
CUST103921,Ritu,Kapoor,Female,1992-05-22,34,Single,1,Graduate,Salaried,Analyst,170400,Kolkata,West Bengal,Owned,3,ritu.kapoor658@gmail.com,+91-8437166725,Verified,2019-07-09
CUST103922,Aadhya,Verma,Female,1996-08-05,29,Single,3,Graduate,Salaried,Sales Executive,429300,Jaipur,Rajasthan,Rented,11,aadhya.verma8@rediffmail.com,+91-8037700869,Verified,2023-03-17
CUST103923,Anika,Nair,Female,1996-04-02,30,Single,1,Graduate,Salaried,Accountant,769400,Delhi,Delhi,Owned,12,anika.nair910@yahoo.in,+91-9426867065,Verified,2014-12-04
CUST103924,Dev,Das,Male,1975-01-06,51,Single,3,Graduate,Retired,Pensioner,650000,Mysuru,Karnataka,Rented,14,dev.das275@gmail.com,+91-7881445843,Verified,2018-05-16
CUST103925,Imran,Ahmed,Male,1972-12-15,53,Single,2,Post Graduate,Self-Employed,Architect,1277800,Jaipur,Rajasthan,Owned,6,imran.ahmed784@yahoo.in,+91-7371998458,Verified,2021-06-18
CUST103926,Aarav,Deshpande,Male,1993-02-01,33,Married,3,Post Graduate,Salaried,HR Manager,810400,Chandigarh,Chandigarh,Rented,4,aarav.deshpande67@rediffmail.com,+91-9765708672,Verified,2020-03-19
CUST103927,Sandeep,Kaur,Male,1987-02-17,39,Single,0,Diploma,Retired,Pensioner,297400,Gurugram,Haryana,Mortgaged,21,sandeep.kaur910@outlook.com,+91-8772705823,Verified,2013-12-02
CUST103928,Vihaan,Khan,Male,1995-09-20,30,Married,1,Post Graduate,Salaried,HR Manager,342700,Surat,Gujarat,Rented,1,vihaan.khan379@rediffmail.com,+91-9028639452,Verified,2015-02-06
CUST103929,Suresh,Iyer,Male,1994-10-19,31,Married,1,Post Graduate,Salaried,Teacher,1189800,Chennai,Tamil Nadu,Rented,13,suresh.iyer317@yahoo.in,+91-9789298726,Verified,2023-03-22
CUST103930,Riya,Ahmed,Female,1993-11-11,32,Divorced,1,High School,Salaried,HR Manager,521800,Gurugram,Haryana,Mortgaged,14,riya.ahmed703@rediffmail.com,+91-9253741145,Verified,2021-09-21
CUST103931,Divya,Chopra,Female,1972-02-10,54,Married,1,High School,Salaried,Analyst,253500,Bengaluru,Karnataka,Rented,6,divya.chopra565@yahoo.in,+91-8468295549,Verified,2013-07-13
CUST103932,Yash,Singh,Male,2005-02-11,21,Married,2,Post Graduate,Business Owner,Manufacturer,1274800,Delhi,Delhi,Rented,3,yash.singh957@yahoo.in,+91-8979366215,Pending,2023-01-05
CUST103933,Yash,Khan,Male,1995-12-09,30,Married,0,High School,Salaried,Bank Officer,237400,Surat,Gujarat,Owned,12,yash.khan505@gmail.com,+91-9641135779,Verified,2021-01-08
CUST103934,Harsh,Ahmed,Male,1968-03-02,58,Married,0,Diploma,Salaried,Teacher,264400,Bhopal,Madhya Pradesh,Rented,10,harsh.ahmed143@gmail.com,+91-8888018966,Pending,2017-02-19
CUST103935,Vivaan,Ahmed,Male,1998-12-10,27,Single,4,Diploma,Salaried,Teacher,864500,Mysuru,Karnataka,Owned,9,vivaan.ahmed816@outlook.com,+91-7350009237,Pending,2019-03-15
CUST103936,Krishna,Mehta,Male,1980-03-28,46,Single,2,Diploma,Salaried,Software Engineer,261200,Chandigarh,Chandigarh,Mortgaged,18,krishna.mehta880@gmail.com,+91-7414827825,Pending,2020-08-21
CUST103937,Aarav,Kulkarni,Male,1995-09-25,30,Single,5,Diploma,Business Owner,Manufacturer,385100,Ahmedabad,Gujarat,Rented,0,aarav.kulkarni238@gmail.com,+91-9451682193,Verified,2023-07-05
CUST103938,Shreya,Chowdhury,Female,1980-03-31,46,Married,1,Post Graduate,Salaried,Software Engineer,862000,Gurugram,Haryana,Owned,16,shreya.chowdhury829@rediffmail.com,+91-7335091514,Verified,2019-01-12
CUST103939,Reyansh,Kulkarni,Male,1982-04-28,44,Married,1,Post Graduate,Self-Employed,Doctor (Practice),1652200,Pune,Maharashtra,Owned,11,reyansh.kulkarni928@yahoo.in,+91-7695543738,Verified,2021-06-23
CUST103940,Divya,Banerjee,Female,1980-02-19,46,Single,3,Professional Degree,Salaried,Nurse,322700,Chandigarh,Chandigarh,Rented,9,divya.banerjee503@gmail.com,+91-7631699285,Verified,2023-11-08
CUST103941,Kabir,Malhotra,Male,1974-12-19,51,Married,0,Graduate,Self-Employed,Architect,530500,Indore,Madhya Pradesh,Family Owned,14,kabir.malhotra764@outlook.com,+91-9763496073,Verified,2021-06-22
CUST103942,Deepak,Iyer,Male,1969-06-19,57,Single,0,Graduate,Salaried,Teacher,1241000,Bhopal,Madhya Pradesh,Rented,16,deepak.iyer942@rediffmail.com,+91-7113051197,Verified,2023-04-04
CUST103943,Rahul,Chopra,Male,1973-04-10,53,Widowed,0,Graduate,Unemployed,Homemaker,217700,Nagpur,Maharashtra,Owned,19,rahul.chopra121@yahoo.in,+91-8629783560,Verified,2021-08-23
CUST103944,Lakshmi,Mukherjee,Female,1984-02-18,42,Single,1,Post Graduate,Salaried,HR Manager,908100,Ahmedabad,Gujarat,Owned,15,lakshmi.mukherjee607@outlook.com,+91-8186910482,Verified,2020-09-25
CUST103945,Dev,Reddy,Male,1990-01-23,36,Single,0,Graduate,Unemployed,Student,225900,Jaipur,Rajasthan,Owned,10,dev.reddy482@rediffmail.com,+91-8276888091,Verified,2018-03-05
CUST103946,Kabir,Mehta,Male,2005-05-17,21,Single,3,Diploma,Salaried,Sales Executive,463800,Noida,Uttar Pradesh,Mortgaged,3,kabir.mehta729@rediffmail.com,+91-8763812179,Verified,2023-12-03
CUST103947,Manish,Malhotra,Male,1985-08-15,40,Married,1,Diploma,Retired,Retired Private Sector,747800,Surat,Gujarat,Mortgaged,19,manish.malhotra553@yahoo.in,+91-7264804314,Verified,2020-03-29
CUST103948,Dev,Rao,Male,1997-08-13,28,Married,0,Graduate,Salaried,Accountant,354500,Bengaluru,Karnataka,Rented,10,dev.rao694@gmail.com,+91-7723553148,Verified,2019-01-12
CUST103949,Vihaan,Kulkarni,Male,2004-03-10,22,Single,0,Graduate,Salaried,Teacher,355600,Hyderabad,Telangana,Rented,4,vihaan.kulkarni743@rediffmail.com,+91-9289182425,Verified,2024-03-06
CUST103950,Isha,Das,Female,2005-06-07,21,Married,0,Post Graduate,Salaried,HR Manager,391300,Noida,Uttar Pradesh,Mortgaged,1,isha.das120@outlook.com,+91-9234106033,Verified,2024-01-05
CUST103951,Dev,Banerjee,Male,1998-08-27,27,Single,0,Graduate,Salaried,Software Engineer,929400,Chennai,Tamil Nadu,Owned,9,dev.banerjee561@outlook.com,+91-9718838567,Verified,2021-02-20
CUST103952,Aditya,Kapoor,Male,1988-07-02,38,Married,1,Professional Degree,Self-Employed,Lawyer,547000,Bengaluru,Karnataka,Family Owned,15,aditya.kapoor562@yahoo.in,+91-9057640946,Verified,2014-05-31
CUST103953,Ishaan,Ahmed,Male,1985-03-22,41,Single,2,High School,Self-Employed,Doctor (Practice),421900,Coimbatore,Tamil Nadu,Rented,23,ishaan.ahmed873@gmail.com,+91-9734435260,Verified,2017-11-04
CUST103954,Anil,Malhotra,Male,1996-07-13,29,Married,0,Post Graduate,Salaried,Sales Executive,738200,Bhopal,Madhya Pradesh,Owned,11,anil.malhotra128@outlook.com,+91-7941766446,Verified,2013-07-20
CUST103955,Farhan,Das,Male,1985-10-10,40,Married,1,High School,Salaried,HR Manager,281000,Indore,Madhya Pradesh,Mortgaged,3,farhan.das773@gmail.com,+91-7231369257,Pending,2021-09-10
CUST103956,Saanvi,Khan,Female,1985-02-20,41,Single,2,Graduate,Salaried,Teacher,313500,Bengaluru,Karnataka,Rented,17,saanvi.khan148@gmail.com,+91-8773946014,Verified,2015-10-02
CUST103957,Deepak,Gill,Male,2004-11-27,21,Single,1,Graduate,Salaried,Sales Executive,572200,Hyderabad,Telangana,Family Owned,3,deepak.gill511@yahoo.in,+91-8065513340,Verified,2022-05-21
CUST103958,Fatima,Bose,Female,1997-05-04,29,Married,0,Graduate,Salaried,Analyst,256900,Chandigarh,Chandigarh,Owned,11,fatima.bose511@outlook.com,+91-9379332813,Verified,2014-11-04
CUST103959,Meera,Naidu,Female,1986-06-29,40,Single,2,Post Graduate,Self-Employed,Freelance Designer,588800,Kochi,Kerala,Owned,6,meera.naidu798@rediffmail.com,+91-8311260164,Pending,2020-07-14
CUST103960,Ishaan,Kulkarni,Male,2003-04-11,23,Married,2,Diploma,Self-Employed,Lawyer,264400,Mumbai,Maharashtra,Rented,5,ishaan.kulkarni309@outlook.com,+91-7295602504,Verified,2019-09-05
CUST103961,Dev,Reddy,Male,1986-10-27,39,Divorced,2,Post Graduate,Salaried,Teacher,1474000,Kolkata,West Bengal,Owned,20,dev.reddy992@outlook.com,+91-8611856652,Pending,2018-02-04
CUST103962,Aarav,Nair,Male,1994-10-04,31,Married,0,Post Graduate,Unemployed,Student,120000,Coimbatore,Tamil Nadu,Rented,7,aarav.nair391@yahoo.in,+91-7913692502,Pending,2016-05-12
CUST103963,Ayesha,Bhat,Female,1990-12-28,35,Single,2,Diploma,Retired,Retired Private Sector,204800,Bengaluru,Karnataka,Family Owned,9,ayesha.bhat643@yahoo.in,+91-8364032369,Verified,2017-11-26
CUST103964,Rohan,Kaur,Male,1975-06-28,51,Married,1,Graduate,Self-Employed,Doctor (Practice),412600,Noida,Uttar Pradesh,Rented,12,rohan.kaur150@outlook.com,+91-9815669593,Verified,2020-03-31
CUST103965,Kavya,Gill,Female,1996-05-26,30,Single,0,Post Graduate,Unemployed,Student,347600,Noida,Uttar Pradesh,Rented,10,kavya.gill493@rediffmail.com,+91-8775500244,Verified,2018-02-02
CUST103966,Priya,Banerjee,Female,1981-06-13,45,Divorced,2,Graduate,Self-Employed,Lawyer,196000,Mumbai,Maharashtra,Mortgaged,9,priya.banerjee838@gmail.com,+91-9044644012,Verified,2018-10-06
CUST103967,Anjali,Bose,Female,1978-11-09,47,Single,2,Graduate,Salaried,Sales Executive,409100,Pune,Maharashtra,Owned,13,anjali.bose969@gmail.com,+91-8859971034,Verified,2021-02-04
CUST103968,Deepika,Patel,Female,1983-03-05,43,Married,2,Professional Degree,Salaried,Nurse,180200,Chennai,Tamil Nadu,Rented,13,deepika.patel404@gmail.com,+91-7945838806,Pending,2024-04-12
CUST103969,Kavya,Shah,Female,2004-10-16,21,Married,3,Graduate,Salaried,Nurse,312900,Noida,Uttar Pradesh,Mortgaged,3,kavya.shah537@gmail.com,+91-9190335902,Verified,2024-06-27
CUST103970,Arjun,Mukherjee,Male,1985-02-07,41,Single,1,High School,Salaried,Sales Executive,120000,Lucknow,Uttar Pradesh,Rented,22,arjun.mukherjee873@yahoo.in,+91-9544024677,Verified,2016-10-24
CUST103971,Lakshmi,Sheikh,Female,1971-08-07,54,Married,1,Graduate,Self-Employed,Chartered Accountant,510200,Nagpur,Maharashtra,Owned,18,lakshmi.sheikh12@outlook.com,+91-7992125737,Verified,2017-12-19
CUST103972,Rohan,Mehta,Male,1970-05-19,56,Married,1,Diploma,Salaried,Sales Executive,622100,Pune,Maharashtra,Rented,19,rohan.mehta856@yahoo.in,+91-8984565823,Pending,2022-03-15
CUST103973,Sana,Nair,Female,1978-11-28,47,Single,1,High School,Retired,Retired Private Sector,585100,Surat,Gujarat,Owned,12,sana.nair60@yahoo.in,+91-8996318187,Pending,2018-01-25
CUST103974,Vihaan,Gill,Male,1994-10-27,31,Married,2,Graduate,Salaried,Teacher,433100,Nagpur,Maharashtra,Owned,13,vihaan.gill322@outlook.com,+91-7798633950,Verified,2016-01-12
CUST103975,Deepika,Menon,Female,1977-07-01,49,Married,1,Post Graduate,Self-Employed,Architect,762000,Gurugram,Haryana,Family Owned,13,deepika.menon660@gmail.com,+91-7910503570,Verified,2014-03-10
CUST103976,Rohan,Ahmed,Male,1983-08-22,42,Single,2,Graduate,Salaried,Bank Officer,690000,Gurugram,Haryana,Owned,3,rohan.ahmed573@outlook.com,+91-7763308106,Verified,2018-08-27
CUST103977,Aadhya,Das,Female,1978-09-23,47,Single,0,Diploma,Salaried,Analyst,287100,Bengaluru,Karnataka,Rented,14,aadhya.das538@outlook.com,+91-9186783653,Verified,2022-03-28
CUST103978,Rahul,Chopra,Male,1984-07-09,41,Divorced,2,Graduate,Salaried,Software Engineer,251400,Kochi,Kerala,Rented,17,rahul.chopra24@yahoo.in,+91-7563631742,Verified,2014-06-07
CUST103979,Suresh,Chowdhury,Male,1982-03-06,44,Single,1,Graduate,Salaried,Software Engineer,210000,Chandigarh,Chandigarh,Rented,4,suresh.chowdhury681@outlook.com,+91-8220795438,Verified,2013-09-22
CUST103980,Kritika,Chopra,Female,2005-03-18,21,Married,1,Graduate,Business Owner,Trader,120000,Kochi,Kerala,Mortgaged,3,kritika.chopra123@gmail.com,+91-7926783335,Verified,2022-04-11
CUST103981,Rahul,Bhat,Male,1977-10-25,48,Single,1,Graduate,Salaried,Software Engineer,349400,Nagpur,Maharashtra,Owned,21,rahul.bhat518@rediffmail.com,+91-9430849353,Verified,2023-01-30
CUST103982,Rahul,Malhotra,Male,2001-07-21,24,Married,1,Post Graduate,Salaried,HR Manager,471800,Bhopal,Madhya Pradesh,Mortgaged,6,rahul.malhotra335@yahoo.in,+91-9852732580,Pending,2020-03-19
CUST103983,Saanvi,Chopra,Female,1976-11-26,49,Divorced,3,Professional Degree,Self-Employed,Chartered Accountant,1313900,Indore,Madhya Pradesh,Owned,5,saanvi.chopra915@outlook.com,+91-7890093692,Verified,2014-02-25
CUST103984,Krishna,Kulkarni,Male,1984-11-08,41,Single,0,Post Graduate,Salaried,Teacher,744800,Hyderabad,Telangana,Family Owned,16,krishna.kulkarni440@outlook.com,+91-9233140482,Verified,2023-01-19
CUST103985,Aarohi,Khan,Female,2000-11-23,25,Married,2,Graduate,Retired,Pensioner,120000,Surat,Gujarat,Rented,7,aarohi.khan197@gmail.com,+91-7821619781,Verified,2019-02-18
CUST103986,Rohan,Sharma,Male,1995-08-05,30,Single,0,Professional Degree,Salaried,Analyst,602700,Indore,Madhya Pradesh,Mortgaged,12,rohan.sharma521@outlook.com,+91-7510180853,Verified,2017-05-06
CUST103987,Ishaan,Menon,Male,2003-07-27,22,Married,3,Graduate,Self-Employed,Lawyer,268100,Coimbatore,Tamil Nadu,Rented,4,ishaan.menon550@rediffmail.com,+91-8770215477,Verified,2021-01-22
CUST103988,Pranav,Sharma,Male,1986-08-24,39,Single,0,Graduate,Salaried,Teacher,583300,Kolkata,West Bengal,Rented,12,pranav.sharma940@rediffmail.com,+91-7973688391,Verified,2020-03-20
CUST103989,Nikhil,Chopra,Male,1990-01-10,36,Single,2,Post Graduate,Salaried,Analyst,472600,Chennai,Tamil Nadu,Owned,10,nikhil.chopra715@yahoo.in,+91-9544010395,Verified,2017-05-10
CUST103990,Pooja,Gupta,Female,1974-09-20,51,Married,3,High School,Business Owner,Contractor,2088400,Noida,Uttar Pradesh,Owned,20,pooja.gupta993@gmail.com,+91-8455849792,Verified,2014-10-13
CUST103991,Anil,Sheikh,Male,1991-08-20,34,Married,1,Post Graduate,Salaried,Nurse,226600,Mysuru,Karnataka,Owned,16,anil.sheikh94@gmail.com,+91-9320445454,Pending,2018-11-18
CUST103992,Suresh,Bose,Male,1971-12-13,54,Single,2,Graduate,Retired,Retired Government Employee,493100,Kolkata,West Bengal,Rented,18,suresh.bose387@outlook.com,+91-7837398947,Verified,2024-01-22
CUST103993,Karthik,Ahmed,Male,1979-11-29,46,Married,3,Professional Degree,Unemployed,Homemaker,196200,Bengaluru,Karnataka,Rented,15,karthik.ahmed425@rediffmail.com,+91-7195836232,Verified,2017-09-18
CUST103994,Neha,Kulkarni,Female,1989-10-09,36,Married,1,Graduate,Unemployed,Student,120000,Nagpur,Maharashtra,Owned,0,neha.kulkarni645@yahoo.in,+91-7517428278,Verified,2015-03-23
CUST103995,Imran,Khan,Male,1993-11-09,32,Married,1,Post Graduate,Salaried,Teacher,343500,Pune,Maharashtra,Mortgaged,14,imran.khan931@outlook.com,+91-8646393306,Verified,2020-09-10
CUST103996,Isha,Singh,Female,1994-01-22,32,Married,2,Post Graduate,Retired,Retired Government Employee,584000,Chandigarh,Chandigarh,Rented,3,isha.singh751@outlook.com,+91-7337065881,Verified,2020-06-07
CUST103997,Farhan,Ahmed,Male,1983-01-04,43,Single,4,Diploma,Unemployed,Homemaker,120000,Pune,Maharashtra,Owned,24,farhan.ahmed828@outlook.com,+91-8383557667,Verified,2016-03-05
CUST103998,Aditya,Gupta,Male,1972-02-01,54,Single,1,Graduate,Salaried,Nurse,1056200,Ahmedabad,Gujarat,Mortgaged,7,aditya.gupta531@rediffmail.com,+91-8357642687,Verified,2020-10-04
CUST103999,Krishna,Sharma,Male,1979-11-29,46,Single,4,Graduate,Salaried,Bank Officer,370800,Coimbatore,Tamil Nadu,Family Owned,23,krishna.sharma920@outlook.com,+91-7751377708,Verified,2016-11-07
CUST104000,Aadhya,Ahmed,Female,1993-01-14,33,Single,2,Graduate,Salaried,Bank Officer,955900,Mysuru,Karnataka,Mortgaged,15,aadhya.ahmed746@rediffmail.com,+91-9686177141,Pending,2013-11-30
CUST104001,Manish,Das,Male,2005-02-24,21,Married,4,High School,Self-Employed,Doctor (Practice),186100,Bengaluru,Karnataka,Rented,3,manish.das736@gmail.com,+91-8617073523,Verified,2023-04-13
CUST104002,Sandeep,Joshi,Male,1992-07-28,33,Married,0,Graduate,Salaried,Accountant,142500,Coimbatore,Tamil Nadu,Rented,14,sandeep.joshi678@gmail.com,+91-7544840823,Verified,2018-06-06
CUST104003,Fatima,Mukherjee,Female,1993-03-31,33,Married,2,Graduate,Salaried,Teacher,624100,Bengaluru,Karnataka,Mortgaged,13,fatima.mukherjee863@rediffmail.com,+91-7476406079,Verified,2019-10-24
CUST104004,Ananya,Gupta,Female,1952-05-03,74,Married,0,Post Graduate,Retired,Retired Government Employee,324400,Coimbatore,Tamil Nadu,Mortgaged,6,ananya.gupta953@rediffmail.com,+91-9267418654,Verified,2014-08-08
CUST104005,Swati,Bhat,Female,1976-08-03,49,Married,1,Graduate,Salaried,HR Manager,1308700,Kolkata,West Bengal,Family Owned,18,swati.bhat941@outlook.com,+91-8356852573,Verified,2022-06-30
CUST104006,Arjun,Rao,Male,1995-09-20,30,Married,1,Graduate,Business Owner,Trader,610000,Chennai,Tamil Nadu,Family Owned,11,arjun.rao666@rediffmail.com,+91-7839660490,Pending,2022-08-31
CUST104007,Reyansh,Gill,Male,2001-05-05,25,Single,0,Graduate,Self-Employed,Consultant,120000,Kolkata,West Bengal,Family Owned,3,reyansh.gill567@yahoo.in,+91-7678793539,Verified,2020-08-10
CUST104008,Harsh,Khan,Male,1986-06-08,40,Married,0,Post Graduate,Salaried,Analyst,340800,Kolkata,West Bengal,Family Owned,4,harsh.khan596@yahoo.in,+91-7518930810,Verified,2016-10-22
CUST104009,Priya,Iyer,Female,1978-06-01,48,Single,3,Graduate,Salaried,Bank Officer,244000,Bhopal,Madhya Pradesh,Owned,10,priya.iyer284@gmail.com,+91-7515429976,Pending,2022-08-06
CUST104010,Reyansh,Sheikh,Male,1987-07-19,38,Married,0,Post Graduate,Salaried,Sales Executive,590700,Hyderabad,Telangana,Owned,8,reyansh.sheikh262@outlook.com,+91-9876809437,Pending,2014-03-28
CUST104011,Deepak,Naidu,Male,1971-11-14,54,Married,0,Graduate,Business Owner,Retail Store Owner,677700,Indore,Madhya Pradesh,Rented,18,deepak.naidu998@gmail.com,+91-8432788233,Pending,2014-04-04
CUST104012,Fatima,Joshi,Female,1980-05-04,46,Single,0,Post Graduate,Retired,Retired Government Employee,298700,Chandigarh,Chandigarh,Mortgaged,15,fatima.joshi972@gmail.com,+91-7026998510,Verified,2015-01-26
CUST104013,Divya,Sheikh,Female,1995-05-26,31,Married,0,Graduate,Salaried,HR Manager,312900,Chandigarh,Chandigarh,Family Owned,13,divya.sheikh678@rediffmail.com,+91-9389019299,Pending,2015-12-19
CUST104014,Lakshmi,Singh,Female,1976-04-23,50,Married,0,Post Graduate,Salaried,Nurse,597600,Pune,Maharashtra,Rented,11,lakshmi.singh467@gmail.com,+91-7930513572,Verified,2013-09-24
CUST104015,Nikhil,Kapoor,Male,1964-11-15,61,Single,2,Graduate,Salaried,Bank Officer,991000,Hyderabad,Telangana,Owned,24,nikhil.kapoor126@outlook.com,+91-8025131902,Pending,2023-07-21
CUST104016,Rajesh,Rao,Male,2004-02-23,22,Married,0,Graduate,Self-Employed,Lawyer,442300,Kolkata,West Bengal,Rented,4,rajesh.rao991@gmail.com,+91-9580175206,Verified,2022-06-11
CUST104017,Imran,Bose,Male,1996-06-11,30,Married,2,Graduate,Salaried,Teacher,356200,Gurugram,Haryana,Rented,12,imran.bose528@yahoo.in,+91-8542645082,Verified,2022-01-22
CUST104018,Ishaan,Iyer,Male,1990-04-11,36,Single,0,Post Graduate,Salaried,Bank Officer,488800,Mysuru,Karnataka,Rented,18,ishaan.iyer546@outlook.com,+91-7259398980,Pending,2014-05-11
CUST104019,Anika,Mehta,Female,1979-01-18,47,Divorced,2,Graduate,Salaried,Nurse,887900,Bengaluru,Karnataka,Owned,19,anika.mehta903@gmail.com,+91-7929308695,Verified,2023-11-06
CUST104020,Shreya,Shah,Female,1993-10-05,32,Married,0,Graduate,Salaried,HR Manager,836500,Gurugram,Haryana,Rented,14,shreya.shah144@yahoo.in,+91-9052330132,Verified,2018-02-05
CUST104021,Tanvi,Malhotra,Female,2004-12-20,21,Married,1,Graduate,Salaried,Teacher,185800,Pune,Maharashtra,Rented,3,tanvi.malhotra128@outlook.com,+91-7745145842,Verified,2022-09-13
CUST104022,Krishna,Gill,Male,1974-09-23,51,Single,0,Graduate,Salaried,Software Engineer,206800,Surat,Gujarat,Rented,24,krishna.gill919@gmail.com,+91-8824940900,Verified,2014-07-22
CUST104023,Rajesh,Khan,Male,1996-09-12,29,Married,2,Graduate,Retired,Retired Private Sector,260400,Kolkata,West Bengal,Mortgaged,2,rajesh.khan366@rediffmail.com,+91-7564997897,Verified,2016-08-22
CUST104024,Ishaan,Patel,Male,1982-03-23,44,Married,0,High School,Retired,Retired Government Employee,127500,Ahmedabad,Gujarat,Rented,17,ishaan.patel798@gmail.com,+91-7733801185,Verified,2024-04-19
CUST104025,Priya,Das,Female,1993-08-04,32,Married,2,Post Graduate,Business Owner,Trader,655000,Gurugram,Haryana,Rented,13,priya.das483@outlook.com,+91-9728480141,Verified,2023-08-02
CUST104026,Vivaan,Shah,Male,1984-06-04,42,Single,3,Graduate,Self-Employed,Lawyer,343900,Nagpur,Maharashtra,Mortgaged,2,vivaan.shah629@gmail.com,+91-9045329548,Verified,2018-02-20
CUST104027,Lakshmi,Shah,Female,1991-03-26,35,Single,1,Graduate,Salaried,HR Manager,407900,Ahmedabad,Gujarat,Rented,16,lakshmi.shah73@gmail.com,+91-9696376691,Verified,2021-09-08
CUST104028,Anil,Iyer,Male,1992-09-22,33,Married,5,Post Graduate,Salaried,Teacher,482600,Lucknow,Uttar Pradesh,Rented,6,anil.iyer875@rediffmail.com,+91-9353359543,Verified,2020-04-21
CUST104029,Kavya,Patel,Female,1986-02-21,40,Single,1,High School,Salaried,Software Engineer,120000,Gurugram,Haryana,Rented,11,kavya.patel338@gmail.com,+91-7738325740,Verified,2022-08-31
CUST104030,Aanya,Gill,Female,1969-01-12,57,Married,1,Diploma,Salaried,Teacher,404600,Ahmedabad,Gujarat,Rented,15,aanya.gill39@gmail.com,+91-8296845077,Verified,2014-10-28
CUST104031,Anjali,Singh,Female,2004-09-16,21,Married,2,High School,Unemployed,Not Employed,120000,Mumbai,Maharashtra,Mortgaged,3,anjali.singh906@outlook.com,+91-8690872201,Pending,2024-02-08
CUST104032,Aditya,Ahmed,Male,1995-10-04,30,Married,1,Diploma,Business Owner,Trader,362400,Kolkata,West Bengal,Mortgaged,12,aditya.ahmed812@gmail.com,+91-8888399280,Verified,2018-06-27
CUST104033,Zara,Deshpande,Female,2005-02-17,21,Married,2,High School,Unemployed,Not Employed,120000,Kochi,Kerala,Family Owned,3,zara.deshpande321@gmail.com,+91-7166255961,Pending,2021-08-29
CUST104034,Swati,Iyer,Female,1977-08-20,48,Single,1,Post Graduate,Salaried,Software Engineer,1127400,Mumbai,Maharashtra,Rented,2,swati.iyer291@gmail.com,+91-7312763051,Pending,2023-04-16
CUST104035,Dev,Gill,Male,1980-09-25,45,Married,1,Diploma,Salaried,Sales Executive,370900,Noida,Uttar Pradesh,Rented,13,dev.gill382@gmail.com,+91-8651432023,Verified,2020-11-24
CUST104036,Rajesh,Bose,Male,1986-10-21,39,Married,1,Professional Degree,Business Owner,Trader,1695900,Surat,Gujarat,Family Owned,16,rajesh.bose81@yahoo.in,+91-7030276015,Verified,2022-09-12
CUST104037,Kavya,Nair,Female,1980-08-29,45,Married,1,Graduate,Self-Employed,Consultant,757500,Pune,Maharashtra,Owned,5,kavya.nair512@outlook.com,+91-9453685112,Verified,2022-03-21
CUST104038,Dev,Menon,Male,1983-03-14,43,Married,0,Graduate,Self-Employed,Freelance Designer,358800,Mumbai,Maharashtra,Owned,20,dev.menon522@outlook.com,+91-8933025170,Verified,2017-07-04
CUST104039,Dev,Singh,Male,1987-11-29,38,Married,0,Graduate,Salaried,Bank Officer,335800,Jaipur,Rajasthan,Family Owned,6,dev.singh571@rediffmail.com,+91-7337024223,Verified,2021-11-28
CUST104040,Vivaan,Deshpande,Male,1985-10-17,40,Married,1,High School,Retired,Retired Private Sector,173400,Mumbai,Maharashtra,Rented,13,vivaan.deshpande261@outlook.com,+91-8941988905,Verified,2019-10-22
CUST104041,Imran,Verma,Male,1988-02-22,38,Single,2,High School,Salaried,Teacher,341400,Ahmedabad,Gujarat,Rented,10,imran.verma277@outlook.com,+91-8746355719,Verified,2015-07-19
CUST104042,Sandeep,Iyer,Male,1995-05-28,31,Single,0,Graduate,Retired,Retired Private Sector,292100,Kolkata,West Bengal,Rented,13,sandeep.iyer746@yahoo.in,+91-7584271900,Verified,2015-04-28
CUST104043,Ritu,Deshpande,Female,1992-05-24,34,Single,2,Graduate,Salaried,Analyst,1067100,Delhi,Delhi,Family Owned,1,ritu.deshpande928@rediffmail.com,+91-7296762671,Verified,2018-04-24
CUST104044,Saanvi,Kapoor,Female,1999-05-08,27,Single,1,Post Graduate,Salaried,HR Manager,715000,Chennai,Tamil Nadu,Mortgaged,9,saanvi.kapoor384@gmail.com,+91-9337272927,Verified,2024-03-30
CUST104045,Aarohi,Joshi,Female,1989-07-06,36,Single,2,Diploma,Salaried,Accountant,608800,Mumbai,Maharashtra,Rented,12,aarohi.joshi339@rediffmail.com,+91-8718074872,Verified,2015-02-25
CUST104046,Aadhya,Banerjee,Female,1996-03-05,30,Single,2,High School,Salaried,Sales Executive,321100,Gurugram,Haryana,Rented,3,aadhya.banerjee324@outlook.com,+91-8595904912,Verified,2022-04-26
CUST104047,Zaid,Mukherjee,Male,1991-10-28,34,Widowed,3,Diploma,Salaried,Teacher,416600,Kolkata,West Bengal,Rented,13,zaid.mukherjee524@yahoo.in,+91-7912193104,Verified,2024-06-09
CUST104048,Swati,Deshpande,Female,2005-04-17,21,Single,2,Graduate,Salaried,Nurse,379200,Ahmedabad,Gujarat,Rented,3,swati.deshpande333@rediffmail.com,+91-8040910142,Verified,2023-11-27
CUST104049,Rajesh,Chopra,Male,1967-05-01,59,Divorced,1,Graduate,Salaried,Sales Executive,770600,Gurugram,Haryana,Mortgaged,24,rajesh.chopra193@gmail.com,+91-8733156698,Verified,2018-09-04
CUST104050,Suresh,Joshi,Male,1984-02-03,42,Married,2,Post Graduate,Self-Employed,Chartered Accountant,481100,Noida,Uttar Pradesh,Rented,0,suresh.joshi5@gmail.com,+91-9150767539,Verified,2018-10-13
CUST104051,Priya,Kulkarni,Female,1985-10-23,40,Married,2,Post Graduate,Self-Employed,Lawyer,547700,Jaipur,Rajasthan,Rented,17,priya.kulkarni498@gmail.com,+91-9011367910,Verified,2023-12-26
CUST104052,Aanya,Menon,Female,1984-04-26,42,Married,3,Graduate,Salaried,Accountant,1934400,Pune,Maharashtra,Rented,20,aanya.menon607@gmail.com,+91-8675417824,Verified,2017-10-09
CUST104053,Aanya,Shah,Female,1984-10-27,41,Single,1,Post Graduate,Salaried,Software Engineer,256600,Hyderabad,Telangana,Owned,11,aanya.shah329@outlook.com,+91-9483098611,Verified,2018-08-20
CUST104054,Karthik,Mehta,Male,1983-01-28,43,Married,1,Graduate,Salaried,Analyst,473500,Chennai,Tamil Nadu,Owned,21,karthik.mehta304@outlook.com,+91-9625741422,Verified,2020-11-18
CUST104055,Sana,Mehta,Female,2005-06-26,21,Married,1,High School,Salaried,Accountant,504700,Pune,Maharashtra,Mortgaged,0,sana.mehta434@yahoo.in,+91-9879540329,Verified,2022-11-28
CUST104056,Zara,Nair,Female,1997-09-18,28,Widowed,1,Post Graduate,Salaried,Sales Executive,210400,Bhopal,Madhya Pradesh,Owned,10,zara.nair749@yahoo.in,+91-7433618654,Verified,2023-01-26
CUST104057,Amit,Kapoor,Male,1974-06-30,52,Single,0,High School,Salaried,Analyst,322300,Kochi,Kerala,Mortgaged,0,amit.kapoor934@rediffmail.com,+91-8766584056,Verified,2017-06-18
CUST104058,Krishna,Das,Male,1985-08-23,40,Single,0,Post Graduate,Salaried,Analyst,2218100,Chandigarh,Chandigarh,Family Owned,0,krishna.das606@outlook.com,+91-9815289453,Verified,2018-02-09
CUST104059,Saanvi,Banerjee,Female,1981-08-03,44,Single,2,Graduate,Self-Employed,Doctor (Practice),903300,Mumbai,Maharashtra,Rented,8,saanvi.banerjee207@rediffmail.com,+91-8260851933,Verified,2016-06-27
CUST104060,Imran,Kapoor,Male,1990-11-07,35,Single,1,Post Graduate,Self-Employed,Chartered Accountant,816700,Delhi,Delhi,Rented,17,imran.kapoor846@rediffmail.com,+91-7228084635,Verified,2018-01-20
CUST104061,Rahul,Menon,Male,1978-08-20,47,Married,1,Graduate,Business Owner,Retail Store Owner,869400,Bhopal,Madhya Pradesh,Rented,20,rahul.menon360@outlook.com,+91-9377863174,Verified,2013-09-12
CUST104062,Anjali,Reddy,Female,1985-10-09,40,Married,2,Graduate,Salaried,HR Manager,436000,Lucknow,Uttar Pradesh,Family Owned,16,anjali.reddy696@outlook.com,+91-8799638125,Verified,2013-11-23
CUST104063,Dev,Bose,Male,1998-11-01,27,Single,3,Diploma,Salaried,Analyst,462200,Coimbatore,Tamil Nadu,Family Owned,9,dev.bose963@yahoo.in,+91-9649574908,Verified,2017-06-10
CUST104064,Shreya,Banerjee,Female,1998-09-11,27,Married,3,Post Graduate,Salaried,Analyst,1374600,Kolkata,West Bengal,Mortgaged,8,shreya.banerjee833@gmail.com,+91-9817688621,Pending,2018-12-10
CUST104065,Kritika,Bose,Female,1987-11-22,38,Single,4,Graduate,Salaried,Sales Executive,219000,Chennai,Tamil Nadu,Mortgaged,15,kritika.bose319@outlook.com,+91-7513176157,Verified,2022-07-22
CUST104066,Sandeep,Singh,Male,1984-09-21,41,Married,0,Graduate,Self-Employed,Freelance Designer,214900,Pune,Maharashtra,Rented,20,sandeep.singh673@rediffmail.com,+91-7082905310,Pending,2015-03-21
CUST104067,Aditya,Joshi,Male,1978-11-28,47,Widowed,1,Graduate,Business Owner,Trader,534500,Chennai,Tamil Nadu,Owned,23,aditya.joshi421@gmail.com,+91-9534405354,Verified,2022-07-04
CUST104068,Diya,Kulkarni,Female,1985-07-20,40,Married,1,Graduate,Salaried,Nurse,517000,Bhopal,Madhya Pradesh,Rented,22,diya.kulkarni689@outlook.com,+91-9064743075,Pending,2023-08-21
CUST104069,Amit,Malhotra,Male,1986-11-28,39,Single,3,Graduate,Salaried,Bank Officer,562200,Nagpur,Maharashtra,Rented,21,amit.malhotra733@outlook.com,+91-9128053107,Verified,2021-12-27
CUST104070,Isha,Patel,Female,1989-01-30,37,Married,1,Graduate,Business Owner,Trader,1397500,Lucknow,Uttar Pradesh,Rented,9,isha.patel693@yahoo.in,+91-9179721510,Verified,2017-08-10
CUST104071,Suresh,Singh,Male,1964-02-15,62,Married,1,Graduate,Self-Employed,Architect,511600,Surat,Gujarat,Family Owned,14,suresh.singh238@gmail.com,+91-7830096438,Verified,2016-11-25
CUST104072,Sneha,Chopra,Female,1992-12-04,33,Married,0,Graduate,Salaried,Teacher,1316600,Indore,Madhya Pradesh,Rented,15,sneha.chopra658@gmail.com,+91-7999655934,Pending,2020-04-13
CUST104073,Dev,Bose,Male,1979-11-19,46,Single,0,Graduate,Salaried,Analyst,1416900,Bengaluru,Karnataka,Owned,11,dev.bose47@rediffmail.com,+91-9424939083,Verified,2016-04-16
CUST104074,Priya,Khan,Female,1979-09-14,46,Married,1,Post Graduate,Salaried,HR Manager,639800,Hyderabad,Telangana,Rented,15,priya.khan555@rediffmail.com,+91-8133606390,Pending,2015-08-31
CUST104075,Arjun,Rao,Male,1972-09-24,53,Married,1,Post Graduate,Retired,Retired Private Sector,125400,Kolkata,West Bengal,Owned,17,arjun.rao799@outlook.com,+91-8743942814,Verified,2023-03-13
CUST104076,Aarav,Kapoor,Male,1984-09-18,41,Married,2,Graduate,Salaried,Nurse,588400,Mysuru,Karnataka,Owned,7,aarav.kapoor90@outlook.com,+91-7878668207,Verified,2020-08-29
CUST104077,Lakshmi,Deshpande,Female,1996-09-11,29,Single,2,Professional Degree,Business Owner,Manufacturer,982400,Bhopal,Madhya Pradesh,Owned,7,lakshmi.deshpande371@gmail.com,+91-9612604264,Verified,2015-08-01
CUST104078,Vikram,Mukherjee,Male,1997-02-25,29,Married,1,Post Graduate,Salaried,Analyst,918500,Lucknow,Uttar Pradesh,Family Owned,11,vikram.mukherjee412@outlook.com,+91-7932969530,Verified,2022-06-11
CUST104079,Reyansh,Gupta,Male,1980-05-29,46,Single,1,Graduate,Unemployed,Homemaker,197100,Indore,Madhya Pradesh,Family Owned,13,reyansh.gupta243@rediffmail.com,+91-8122002469,Pending,2020-02-18
CUST104080,Kavya,Menon,Female,1984-01-29,42,Married,2,Diploma,Retired,Retired Government Employee,310200,Kochi,Kerala,Mortgaged,12,kavya.menon628@gmail.com,+91-7986633291,Verified,2015-08-28
CUST104081,Aditya,Nair,Male,1963-04-29,63,Single,1,Professional Degree,Business Owner,Restaurant Owner,1279600,Ahmedabad,Gujarat,Owned,14,aditya.nair10@yahoo.in,+91-9125887276,Verified,2013-09-08
CUST104082,Swati,Gill,Female,1980-09-11,45,Married,0,Post Graduate,Salaried,Analyst,708100,Pune,Maharashtra,Owned,2,swati.gill540@rediffmail.com,+91-9332213473,Verified,2017-11-06
CUST104083,Anika,Sharma,Female,1967-09-30,58,Married,0,Graduate,Salaried,Nurse,345000,Kolkata,West Bengal,Mortgaged,6,anika.sharma722@rediffmail.com,+91-8097921498,Verified,2024-05-04
CUST104084,Vikram,Gupta,Male,1990-10-24,35,Single,0,Diploma,Retired,Pensioner,227300,Nagpur,Maharashtra,Rented,17,vikram.gupta654@yahoo.in,+91-7020522698,Verified,2024-04-14
CUST104085,Amit,Deshpande,Male,1977-06-05,49,Married,2,Professional Degree,Salaried,Software Engineer,513100,Delhi,Delhi,Owned,23,amit.deshpande888@rediffmail.com,+91-7980222381,Verified,2014-08-21
CUST104086,Amit,Verma,Male,1977-12-05,48,Single,0,Post Graduate,Unemployed,Student,412700,Mysuru,Karnataka,Owned,5,amit.verma961@outlook.com,+91-7399446640,Verified,2023-11-13
CUST104087,Nisha,Chopra,Female,1975-07-18,50,Widowed,3,Graduate,Salaried,Nurse,163100,Lucknow,Uttar Pradesh,Rented,18,nisha.chopra888@outlook.com,+91-8262254946,Verified,2016-07-18
CUST104088,Zara,Gupta,Female,1976-07-26,49,Single,0,Graduate,Salaried,Nurse,604100,Mumbai,Maharashtra,Rented,18,zara.gupta853@rediffmail.com,+91-7210468535,Pending,2022-05-18
CUST104089,Kabir,Menon,Male,1988-01-20,38,Married,1,Graduate,Self-Employed,Chartered Accountant,777500,Chennai,Tamil Nadu,Owned,20,kabir.menon52@outlook.com,+91-7359610805,Verified,2014-09-18
CUST104090,Dev,Mukherjee,Male,1973-06-02,53,Divorced,2,Post Graduate,Salaried,Nurse,576000,Indore,Madhya Pradesh,Family Owned,2,dev.mukherjee227@gmail.com,+91-9830963596,Verified,2018-06-27
CUST104091,Pranav,Chopra,Male,1986-07-23,39,Married,2,Post Graduate,Salaried,HR Manager,446300,Chennai,Tamil Nadu,Rented,10,pranav.chopra427@yahoo.in,+91-7128395823,Verified,2014-02-06
CUST104092,Rohan,Patel,Male,1997-04-15,29,Married,4,Graduate,Salaried,Sales Executive,240800,Mumbai,Maharashtra,Rented,1,rohan.patel74@outlook.com,+91-8638894062,Pending,2016-06-25
CUST104093,Vihaan,Singh,Male,1991-10-27,34,Single,0,Diploma,Self-Employed,Consultant,574000,Gurugram,Haryana,Mortgaged,12,vihaan.singh818@rediffmail.com,+91-7429037210,Pending,2018-02-05
CUST104094,Sandeep,Banerjee,Male,2004-12-31,21,Married,3,Graduate,Salaried,Analyst,232400,Delhi,Delhi,Owned,3,sandeep.banerjee760@rediffmail.com,+91-8836893755,Pending,2021-07-03
CUST104095,Sneha,Sharma,Female,1971-08-21,54,Single,1,Graduate,Business Owner,Contractor,411500,Bengaluru,Karnataka,Rented,4,sneha.sharma33@outlook.com,+91-7932404150,Pending,2017-12-24
CUST104096,Amit,Chopra,Male,1980-11-25,45,Married,0,Post Graduate,Salaried,Accountant,463700,Jaipur,Rajasthan,Owned,10,amit.chopra177@outlook.com,+91-7888839101,Pending,2022-12-29
CUST104097,Dev,Verma,Male,1973-04-08,53,Married,0,Graduate,Retired,Pensioner,747000,Delhi,Delhi,Mortgaged,23,dev.verma397@yahoo.in,+91-9732978695,Pending,2019-09-02
CUST104098,Amit,Patel,Male,2003-04-21,23,Married,2,Graduate,Salaried,Software Engineer,972500,Pune,Maharashtra,Owned,5,amit.patel450@rediffmail.com,+91-8153227384,Pending,2021-06-18
CUST104099,Vikram,Chowdhury,Male,2001-04-07,25,Divorced,3,High School,Self-Employed,Freelance Designer,400900,Mysuru,Karnataka,Rented,6,vikram.chowdhury351@rediffmail.com,+91-9832993548,Pending,2023-02-12
CUST104100,Zaid,Bose,Male,1987-02-22,39,Married,0,High School,Self-Employed,Freelance Designer,196800,Pune,Maharashtra,Mortgaged,21,zaid.bose843@yahoo.in,+91-9499318247,Verified,2023-06-27
CUST104101,Kritika,Chowdhury,Female,1977-01-21,49,Married,1,Post Graduate,Salaried,Teacher,537600,Bhopal,Madhya Pradesh,Owned,5,kritika.chowdhury523@gmail.com,+91-8293933626,Verified,2023-01-13
CUST104102,Saanvi,Chowdhury,Female,1969-01-26,57,Single,2,Graduate,Self-Employed,Freelance Designer,435700,Kolkata,West Bengal,Owned,0,saanvi.chowdhury673@rediffmail.com,+91-7967013281,Verified,2021-11-21
CUST104103,Krishna,Naidu,Male,1974-11-26,51,Married,2,Graduate,Salaried,Bank Officer,441800,Surat,Gujarat,Family Owned,11,krishna.naidu729@outlook.com,+91-7593529807,Verified,2017-06-11
CUST104104,Zara,Menon,Female,1989-03-06,37,Married,1,High School,Salaried,HR Manager,396000,Surat,Gujarat,Rented,5,zara.menon887@gmail.com,+91-9680698967,Verified,2014-10-18
CUST104105,Imran,Gupta,Male,1974-04-07,52,Single,3,Graduate,Salaried,Software Engineer,444200,Jaipur,Rajasthan,Mortgaged,7,imran.gupta99@rediffmail.com,+91-7519101745,Verified,2016-06-25
CUST104106,Vivaan,Mehta,Male,1983-11-06,42,Single,2,Graduate,Retired,Retired Government Employee,206800,Pune,Maharashtra,Mortgaged,22,vivaan.mehta346@rediffmail.com,+91-9054963804,Verified,2023-06-29
CUST104107,Imran,Verma,Male,1976-04-02,50,Widowed,1,Professional Degree,Business Owner,Trader,1329600,Coimbatore,Tamil Nadu,Family Owned,1,imran.verma100@outlook.com,+91-8222871215,Pending,2018-08-05
CUST104108,Dev,Das,Male,2003-11-28,22,Divorced,1,Graduate,Business Owner,Restaurant Owner,1137200,Lucknow,Uttar Pradesh,Owned,4,dev.das218@rediffmail.com,+91-9470760478,Verified,2020-11-04
CUST104109,Arjun,Singh,Male,1981-01-01,45,Married,3,Post Graduate,Salaried,Nurse,422300,Mumbai,Maharashtra,Rented,22,arjun.singh597@outlook.com,+91-8218745351,Pending,2019-11-21
CUST104110,Ishaan,Malhotra,Male,1993-01-29,33,Married,1,Graduate,Salaried,Bank Officer,266800,Mysuru,Karnataka,Owned,1,ishaan.malhotra693@yahoo.in,+91-9476812494,Verified,2014-02-24
CUST104111,Rohan,Mehta,Male,1978-03-12,48,Single,2,Graduate,Business Owner,Manufacturer,1311300,Indore,Madhya Pradesh,Owned,15,rohan.mehta363@outlook.com,+91-9150195142,Verified,2016-10-06
CUST104112,Rohan,Das,Male,1983-09-03,42,Married,1,Graduate,Business Owner,Trader,613200,Hyderabad,Telangana,Family Owned,6,rohan.das554@rediffmail.com,+91-7389669970,Verified,2014-05-12
CUST104113,Lakshmi,Gupta,Female,1990-06-25,36,Married,1,Post Graduate,Business Owner,Restaurant Owner,458100,Chennai,Tamil Nadu,Rented,8,lakshmi.gupta725@rediffmail.com,+91-7015025045,Pending,2023-09-27
CUST104114,Aanya,Joshi,Female,1992-11-22,33,Single,3,Graduate,Self-Employed,Freelance Designer,224200,Jaipur,Rajasthan,Rented,10,aanya.joshi554@gmail.com,+91-7463129684,Pending,2022-05-09
CUST104115,Sandeep,Kulkarni,Male,1983-07-06,42,Married,3,Professional Degree,Salaried,Accountant,2404400,Noida,Uttar Pradesh,Mortgaged,1,sandeep.kulkarni887@outlook.com,+91-8533192564,Verified,2017-01-14
CUST104116,Aditya,Chopra,Male,1996-05-17,30,Single,1,Post Graduate,Salaried,Software Engineer,629700,Nagpur,Maharashtra,Owned,10,aditya.chopra791@rediffmail.com,+91-8492525873,Verified,2014-03-14
CUST104117,Reyansh,Verma,Male,1985-02-06,41,Married,1,High School,Unemployed,Student,120000,Delhi,Delhi,Rented,23,reyansh.verma526@yahoo.in,+91-8958521195,Pending,2021-03-09
CUST104118,Dev,Khan,Male,1976-08-19,49,Married,0,Diploma,Salaried,Software Engineer,1317100,Bhopal,Madhya Pradesh,Rented,12,dev.khan247@outlook.com,+91-8144618102,Verified,2014-02-09
CUST104119,Karthik,Mukherjee,Male,1978-09-07,47,Married,0,Post Graduate,Salaried,Teacher,820700,Kolkata,West Bengal,Rented,21,karthik.mukherjee302@rediffmail.com,+91-8950435033,Verified,2016-02-10
CUST104120,Rahul,Verma,Male,1982-11-22,43,Married,1,High School,Business Owner,Trader,265900,Hyderabad,Telangana,Owned,24,rahul.verma85@rediffmail.com,+91-8232321115,Verified,2014-05-26
CUST104121,Sandeep,Reddy,Male,1980-10-20,45,Single,2,Graduate,Business Owner,Restaurant Owner,287800,Bengaluru,Karnataka,Family Owned,4,sandeep.reddy83@outlook.com,+91-7377419709,Verified,2024-04-16
CUST104122,Amit,Sharma,Male,2001-12-23,24,Widowed,0,High School,Salaried,Nurse,323900,Bengaluru,Karnataka,Rented,6,amit.sharma218@rediffmail.com,+91-8189243122,Verified,2023-02-13
CUST104123,Amit,Menon,Male,1989-09-05,36,Married,1,Post Graduate,Salaried,Nurse,697700,Pune,Maharashtra,Rented,6,amit.menon97@outlook.com,+91-8334114501,Verified,2024-05-19
CUST104124,Rajesh,Gupta,Male,1978-10-10,47,Single,2,Diploma,Unemployed,Student,120000,Hyderabad,Telangana,Rented,6,rajesh.gupta354@gmail.com,+91-7783911052,Pending,2016-12-20
CUST104125,Rohan,Chopra,Male,1980-02-18,46,Single,4,Post Graduate,Self-Employed,Freelance Designer,959500,Noida,Uttar Pradesh,Family Owned,11,rohan.chopra53@yahoo.in,+91-8582995174,Verified,2020-01-09
CUST104126,Nikhil,Chowdhury,Male,1978-10-10,47,Married,0,Diploma,Salaried,Teacher,618700,Bengaluru,Karnataka,Owned,3,nikhil.chowdhury451@outlook.com,+91-8724715203,Pending,2018-05-02
CUST104127,Sandeep,Joshi,Male,1989-03-12,37,Married,0,High School,Business Owner,Contractor,635400,Chennai,Tamil Nadu,Mortgaged,11,sandeep.joshi519@gmail.com,+91-9067870502,Pending,2016-09-29
CUST104128,Amit,Verma,Male,1998-01-08,28,Single,1,High School,Salaried,HR Manager,358500,Coimbatore,Tamil Nadu,Family Owned,6,amit.verma621@rediffmail.com,+91-7427739370,Verified,2019-05-30
CUST104129,Aarav,Patel,Male,2005-06-29,21,Single,3,High School,Self-Employed,Architect,482300,Delhi,Delhi,Family Owned,3,aarav.patel159@yahoo.in,+91-7930693660,Pending,2022-12-01
CUST104130,Dev,Malhotra,Male,1990-07-04,36,Single,5,Post Graduate,Self-Employed,Consultant,225300,Jaipur,Rajasthan,Owned,18,dev.malhotra794@yahoo.in,+91-9758647548,Verified,2022-12-21
CUST104131,Suresh,Chowdhury,Male,2000-03-08,26,Married,1,High School,Self-Employed,Architect,275100,Bhopal,Madhya Pradesh,Mortgaged,7,suresh.chowdhury739@outlook.com,+91-8839401667,Verified,2023-08-07
CUST104132,Aarav,Banerjee,Male,1987-12-24,38,Single,1,Graduate,Salaried,Teacher,691800,Bhopal,Madhya Pradesh,Rented,20,aarav.banerjee602@yahoo.in,+91-8498837709,Pending,2014-05-19
CUST104133,Ananya,Chopra,Female,1985-06-29,41,Married,2,Post Graduate,Retired,Retired Government Employee,613300,Pune,Maharashtra,Rented,8,ananya.chopra331@gmail.com,+91-8782159081,Verified,2015-09-01
CUST104134,Anjali,Kulkarni,Female,2001-03-27,25,Married,2,Diploma,Business Owner,Contractor,363600,Ahmedabad,Gujarat,Rented,7,anjali.kulkarni890@rediffmail.com,+91-8220849303,Pending,2023-05-12
CUST104135,Amit,Joshi,Male,1991-08-31,34,Married,2,High School,Salaried,Analyst,839100,Mysuru,Karnataka,Owned,12,amit.joshi883@yahoo.in,+91-8741955301,Verified,2018-09-08
CUST104136,Kabir,Gill,Male,1978-11-24,47,Single,2,Diploma,Salaried,Accountant,873900,Mumbai,Maharashtra,Family Owned,19,kabir.gill512@yahoo.in,+91-7963483608,Verified,2015-02-03
CUST104137,Siddharth,Gupta,Male,1972-07-17,53,Single,0,High School,Salaried,HR Manager,293500,Kochi,Kerala,Rented,19,siddharth.gupta254@gmail.com,+91-7949517199,Verified,2016-05-27
CUST104138,Isha,Ahmed,Female,1974-02-19,52,Single,1,Professional Degree,Self-Employed,Doctor (Practice),1388000,Lucknow,Uttar Pradesh,Family Owned,17,isha.ahmed683@outlook.com,+91-9866289219,Verified,2021-05-07
CUST104139,Vihaan,Banerjee,Male,2005-02-09,21,Single,1,Diploma,Salaried,Bank Officer,574600,Chandigarh,Chandigarh,Rented,3,vihaan.banerjee726@rediffmail.com,+91-9863693099,Pending,2023-09-27
CUST104140,Kavya,Banerjee,Female,1984-11-03,41,Single,2,High School,Salaried,Accountant,521900,Chennai,Tamil Nadu,Rented,16,kavya.banerjee519@outlook.com,+91-7515922631,Verified,2023-01-17
CUST104141,Siddharth,Kaur,Male,2005-05-13,21,Single,2,Post Graduate,Salaried,Bank Officer,1731300,Chandigarh,Chandigarh,Mortgaged,2,siddharth.kaur434@gmail.com,+91-7878019681,Verified,2022-08-11
CUST104142,Aadhya,Mehta,Female,1982-03-10,44,Single,1,Graduate,Salaried,Teacher,325500,Delhi,Delhi,Mortgaged,5,aadhya.mehta81@rediffmail.com,+91-9011131573,Verified,2020-12-23
CUST104143,Lakshmi,Mehta,Female,1980-12-20,45,Single,1,Graduate,Salaried,Bank Officer,289600,Bhopal,Madhya Pradesh,Owned,20,lakshmi.mehta848@yahoo.in,+91-8299718134,Verified,2019-07-18
CUST104144,Divya,Mehta,Female,2001-11-24,24,Married,1,Professional Degree,Salaried,Software Engineer,765800,Hyderabad,Telangana,Mortgaged,6,divya.mehta400@yahoo.in,+91-9260769870,Verified,2021-06-06
CUST104145,Zara,Kapoor,Female,1988-04-12,38,Single,2,Post Graduate,Self-Employed,Doctor (Practice),373000,Bengaluru,Karnataka,Mortgaged,18,zara.kapoor554@gmail.com,+91-7529440099,Verified,2021-06-22
CUST104146,Kavya,Shah,Female,1981-08-27,44,Single,0,Post Graduate,Self-Employed,Chartered Accountant,846000,Surat,Gujarat,Rented,17,kavya.shah266@outlook.com,+91-8376537582,Verified,2013-12-30
CUST104147,Meera,Bose,Female,1987-03-21,39,Married,2,Post Graduate,Salaried,HR Manager,404600,Pune,Maharashtra,Family Owned,1,meera.bose253@gmail.com,+91-7044010185,Verified,2018-09-09
CUST104148,Nikhil,Bose,Male,1980-08-05,45,Single,0,Graduate,Salaried,Software Engineer,590200,Delhi,Delhi,Owned,16,nikhil.bose326@gmail.com,+91-7658265823,Verified,2017-03-17
CUST104149,Pranav,Ahmed,Male,2001-05-29,25,Married,1,Graduate,Self-Employed,Doctor (Practice),238400,Chennai,Tamil Nadu,Rented,7,pranav.ahmed388@rediffmail.com,+91-8557466879,Pending,2018-04-01
CUST104150,Ayesha,Rao,Female,1977-07-18,48,Single,0,Graduate,Salaried,Nurse,599200,Chandigarh,Chandigarh,Mortgaged,23,ayesha.rao369@gmail.com,+91-8770753386,Verified,2020-02-23
CUST104151,Saanvi,Khan,Female,2005-03-01,21,Married,1,Diploma,Salaried,Nurse,147500,Lucknow,Uttar Pradesh,Owned,2,saanvi.khan76@gmail.com,+91-8241829222,Verified,2023-04-08
CUST104152,Aarohi,Singh,Female,1981-03-06,45,Married,0,Post Graduate,Self-Employed,Consultant,601600,Mumbai,Maharashtra,Rented,8,aarohi.singh659@rediffmail.com,+91-9393849377,Verified,2023-05-31
CUST104153,Tanvi,Naidu,Female,1983-10-21,42,Married,0,Post Graduate,Self-Employed,Consultant,164200,Jaipur,Rajasthan,Family Owned,0,tanvi.naidu202@rediffmail.com,+91-7542566895,Verified,2022-10-02
CUST104154,Ananya,Chowdhury,Female,1993-06-11,33,Single,1,Graduate,Self-Employed,Lawyer,502100,Kolkata,West Bengal,Rented,2,ananya.chowdhury8@yahoo.in,+91-8717927133,Verified,2016-06-20
CUST104155,Kabir,Menon,Male,1991-01-09,35,Single,0,Graduate,Retired,Pensioner,204000,Coimbatore,Tamil Nadu,Rented,8,kabir.menon900@yahoo.in,+91-9855802876,Verified,2023-12-06
CUST104156,Zaid,Mukherjee,Male,1986-11-19,39,Married,1,Post Graduate,Business Owner,Contractor,853100,Jaipur,Rajasthan,Owned,13,zaid.mukherjee385@gmail.com,+91-8531064563,Verified,2020-02-01
CUST104157,Nikhil,Shah,Male,1982-09-17,43,Married,1,Graduate,Business Owner,Manufacturer,444300,Kolkata,West Bengal,Owned,10,nikhil.shah819@yahoo.in,+91-8823529112,Verified,2013-10-04
CUST104158,Rahul,Kapoor,Male,1998-07-15,27,Single,2,Professional Degree,Salaried,Bank Officer,466600,Indore,Madhya Pradesh,Mortgaged,9,rahul.kapoor555@yahoo.in,+91-9766909449,Verified,2021-10-02
CUST104159,Anil,Patel,Male,1979-05-28,47,Single,0,Graduate,Salaried,HR Manager,506500,Gurugram,Haryana,Rented,18,anil.patel579@rediffmail.com,+91-9188885857,Verified,2017-03-03
CUST104160,Nikhil,Rao,Male,1998-03-14,28,Single,0,Graduate,Retired,Retired Private Sector,401600,Nagpur,Maharashtra,Family Owned,4,nikhil.rao774@gmail.com,+91-8698499900,Verified,2014-08-06
CUST104161,Deepika,Patel,Female,1975-08-12,50,Married,3,High School,Retired,Retired Government Employee,321500,Noida,Uttar Pradesh,Rented,16,deepika.patel727@gmail.com,+91-9356331330,Verified,2022-04-14
CUST104162,Aarav,Gupta,Male,1976-04-03,50,Single,0,Graduate,Salaried,HR Manager,435500,Lucknow,Uttar Pradesh,Family Owned,4,aarav.gupta233@outlook.com,+91-9133096281,Verified,2015-11-01
CUST104163,Farhan,Patel,Male,2000-09-06,25,Married,0,Graduate,Salaried,Nurse,386600,Gurugram,Haryana,Rented,7,farhan.patel892@outlook.com,+91-8643827886,Verified,2018-08-04
CUST104164,Sneha,Ahmed,Female,1979-04-03,47,Single,0,High School,Retired,Retired Private Sector,325600,Chandigarh,Chandigarh,Owned,17,sneha.ahmed559@gmail.com,+91-8395936480,Verified,2019-03-15
CUST104165,Manish,Banerjee,Male,1999-08-30,26,Divorced,3,Graduate,Self-Employed,Doctor (Practice),232300,Ahmedabad,Gujarat,Mortgaged,8,manish.banerjee921@gmail.com,+91-7777348599,Verified,2019-03-08
CUST104166,Ishaan,Banerjee,Male,1980-09-11,45,Single,0,Graduate,Salaried,Nurse,445800,Kochi,Kerala,Owned,2,ishaan.banerjee611@gmail.com,+91-8457883708,Verified,2017-07-01
CUST104167,Nikhil,Kaur,Male,1982-09-04,43,Married,1,Graduate,Business Owner,Manufacturer,501500,Mumbai,Maharashtra,Rented,6,nikhil.kaur944@yahoo.in,+91-7756893260,Verified,2015-04-15
CUST104168,Isha,Verma,Female,1989-02-11,37,Married,3,Post Graduate,Salaried,Accountant,1339500,Surat,Gujarat,Rented,16,isha.verma728@gmail.com,+91-8527707177,Verified,2017-06-19
CUST104169,Vikram,Mehta,Male,1986-10-03,39,Married,1,Professional Degree,Retired,Retired Government Employee,763800,Chennai,Tamil Nadu,Mortgaged,4,vikram.mehta372@outlook.com,+91-7849360175,Verified,2015-03-03
CUST104170,Aarohi,Mukherjee,Female,2005-05-01,21,Single,2,Professional Degree,Salaried,Bank Officer,1127200,Gurugram,Haryana,Mortgaged,3,aarohi.mukherjee468@gmail.com,+91-9385953766,Pending,2023-08-23
CUST104171,Yash,Bose,Male,1977-03-27,49,Married,2,Diploma,Business Owner,Manufacturer,461300,Mumbai,Maharashtra,Rented,12,yash.bose483@gmail.com,+91-7243202416,Verified,2023-10-10
CUST104172,Kritika,Nair,Female,2000-04-26,26,Married,0,Post Graduate,Self-Employed,Chartered Accountant,708900,Bhopal,Madhya Pradesh,Owned,8,kritika.nair732@outlook.com,+91-7642162770,Pending,2024-04-27
CUST104173,Anika,Bhat,Female,1977-11-18,48,Single,2,Graduate,Self-Employed,Lawyer,1199100,Jaipur,Rajasthan,Mortgaged,14,anika.bhat225@gmail.com,+91-7374757520,Verified,2023-12-26
CUST104174,Farhan,Reddy,Male,1993-02-28,33,Married,2,High School,Self-Employed,Architect,442700,Lucknow,Uttar Pradesh,Family Owned,2,farhan.reddy627@yahoo.in,+91-7440753281,Verified,2017-08-01
CUST104175,Reyansh,Mehta,Male,2004-12-25,21,Single,1,Graduate,Business Owner,Contractor,378000,Nagpur,Maharashtra,Owned,3,reyansh.mehta268@rediffmail.com,+91-7976729834,Verified,2023-06-10
CUST104176,Shreya,Singh,Female,2000-08-26,25,Married,1,Graduate,Self-Employed,Doctor (Practice),204500,Chennai,Tamil Nadu,Rented,4,shreya.singh717@outlook.com,+91-9576996711,Pending,2018-03-03
CUST104177,Manish,Kapoor,Male,1966-05-14,60,Married,2,Professional Degree,Self-Employed,Lawyer,433000,Bengaluru,Karnataka,Rented,9,manish.kapoor201@outlook.com,+91-8821451012,Verified,2015-02-20
CUST104178,Lakshmi,Menon,Female,1987-07-15,38,Single,3,Post Graduate,Salaried,Software Engineer,551200,Hyderabad,Telangana,Rented,19,lakshmi.menon258@yahoo.in,+91-8391877871,Verified,2017-11-06
CUST104179,Suresh,Khan,Male,1996-10-12,29,Married,2,Post Graduate,Retired,Pensioner,655900,Bengaluru,Karnataka,Owned,11,suresh.khan725@yahoo.in,+91-8768164530,Pending,2016-06-18
CUST104180,Kritika,Singh,Female,2002-12-09,23,Single,1,Graduate,Unemployed,Student,120000,Bengaluru,Karnataka,Rented,5,kritika.singh733@yahoo.in,+91-9124574745,Verified,2020-07-11
CUST104181,Vihaan,Patel,Male,2002-12-14,23,Single,1,Graduate,Unemployed,Not Employed,289000,Pune,Maharashtra,Family Owned,5,vihaan.patel880@gmail.com,+91-7870773110,Verified,2021-02-22
CUST104182,Ritu,Das,Female,1992-10-06,33,Widowed,0,Graduate,Salaried,HR Manager,182700,Gurugram,Haryana,Rented,4,ritu.das354@rediffmail.com,+91-7814853470,Verified,2023-12-03
CUST104183,Suresh,Ahmed,Male,1989-11-20,36,Single,1,Post Graduate,Retired,Retired Government Employee,433500,Bhopal,Madhya Pradesh,Family Owned,18,suresh.ahmed386@gmail.com,+91-9784297814,Pending,2017-12-18
CUST104184,Anika,Verma,Female,1981-08-19,44,Married,2,Diploma,Salaried,HR Manager,422500,Surat,Gujarat,Mortgaged,21,anika.verma317@outlook.com,+91-7843878765,Verified,2024-05-24
CUST104185,Saanvi,Deshpande,Female,2005-03-28,21,Single,3,Graduate,Salaried,Accountant,1246000,Chennai,Tamil Nadu,Rented,3,saanvi.deshpande399@outlook.com,+91-9861487602,Verified,2022-10-21
CUST104186,Reyansh,Rao,Male,1967-11-11,58,Single,3,Post Graduate,Salaried,Teacher,414000,Noida,Uttar Pradesh,Rented,19,reyansh.rao386@outlook.com,+91-7583255111,Verified,2021-11-26
CUST104187,Sowmya,Chowdhury,Female,1983-06-12,43,Married,0,Professional Degree,Business Owner,Retail Store Owner,2298700,Pune,Maharashtra,Rented,6,sowmya.chowdhury636@yahoo.in,+91-8669956440,Verified,2018-01-23
CUST104188,Kabir,Ahmed,Male,1988-01-21,38,Single,1,Graduate,Salaried,Nurse,1089100,Bhopal,Madhya Pradesh,Family Owned,9,kabir.ahmed60@outlook.com,+91-7074839145,Verified,2018-08-11
CUST104189,Suresh,Verma,Male,2001-07-19,24,Married,0,Post Graduate,Unemployed,Homemaker,120000,Mysuru,Karnataka,Owned,6,suresh.verma779@yahoo.in,+91-7145179977,Pending,2021-03-23
CUST104190,Aditya,Kapoor,Male,1989-11-15,36,Single,1,Graduate,Salaried,Accountant,603500,Kolkata,West Bengal,Rented,17,aditya.kapoor759@yahoo.in,+91-7125427945,Verified,2022-02-15
CUST104191,Rajesh,Kaur,Male,1986-02-01,40,Married,2,Graduate,Salaried,Nurse,325700,Delhi,Delhi,Owned,22,rajesh.kaur388@outlook.com,+91-9536161951,Verified,2020-08-09
CUST104192,Riya,Rao,Female,1997-05-08,29,Married,1,Graduate,Salaried,HR Manager,521400,Chennai,Tamil Nadu,Rented,0,riya.rao554@outlook.com,+91-8541540028,Verified,2019-08-03
CUST104193,Sana,Gupta,Female,1982-09-28,43,Single,0,Diploma,Business Owner,Retail Store Owner,679700,Noida,Uttar Pradesh,Rented,3,sana.gupta507@outlook.com,+91-7954644013,Verified,2017-09-10
CUST104194,Reyansh,Mehta,Male,1987-03-25,39,Single,2,Graduate,Self-Employed,Doctor (Practice),258200,Gurugram,Haryana,Mortgaged,6,reyansh.mehta122@gmail.com,+91-8684594648,Pending,2017-11-11
CUST104195,Ananya,Sheikh,Female,1990-06-10,36,Married,2,Post Graduate,Salaried,Sales Executive,388000,Gurugram,Haryana,Family Owned,18,ananya.sheikh792@yahoo.in,+91-7876573311,Pending,2020-11-04
CUST104196,Pooja,Reddy,Female,1966-08-23,59,Divorced,1,Graduate,Salaried,Accountant,450100,Lucknow,Uttar Pradesh,Family Owned,8,pooja.reddy969@rediffmail.com,+91-7611112865,Verified,2019-09-20
CUST104197,Arjun,Malhotra,Male,2004-08-10,21,Single,1,Post Graduate,Retired,Pensioner,346900,Delhi,Delhi,Owned,3,arjun.malhotra453@yahoo.in,+91-9484712065,Verified,2022-05-20
CUST104198,Meera,Sharma,Female,1980-07-19,45,Married,2,Graduate,Unemployed,Student,120000,Bhopal,Madhya Pradesh,Owned,16,meera.sharma473@rediffmail.com,+91-7410395441,Verified,2023-04-25
CUST104199,Riya,Das,Female,1969-12-04,56,Divorced,0,Post Graduate,Self-Employed,Doctor (Practice),1133600,Pune,Maharashtra,Owned,20,riya.das159@gmail.com,+91-9425435143,Verified,2015-04-02
CUST104200,Riya,Joshi,Female,1976-03-23,50,Married,2,High School,Salaried,HR Manager,769700,Ahmedabad,Gujarat,Rented,12,riya.joshi865@yahoo.in,+91-8615168731,Verified,2014-09-28
CUST104201,Krishna,Patel,Male,1995-07-13,30,Single,1,Graduate,Salaried,Analyst,797600,Indore,Madhya Pradesh,Owned,12,krishna.patel584@outlook.com,+91-9716845450,Verified,2023-11-10
CUST104202,Pranav,Mehta,Male,1986-07-07,39,Single,0,High School,Business Owner,Manufacturer,424900,Kochi,Kerala,Family Owned,15,pranav.mehta199@rediffmail.com,+91-7344414055,Pending,2018-08-14
CUST104203,Yash,Malhotra,Male,1991-11-02,34,Married,4,Graduate,Salaried,Sales Executive,315300,Indore,Madhya Pradesh,Rented,0,yash.malhotra952@rediffmail.com,+91-8357086357,Verified,2021-01-13
CUST104204,Anika,Rao,Female,1951-09-19,74,Married,1,Diploma,Retired,Pensioner,272700,Kochi,Kerala,Mortgaged,5,anika.rao257@rediffmail.com,+91-7487892213,Verified,2023-12-25
CUST104205,Vikram,Sharma,Male,1989-10-11,36,Married,0,Diploma,Salaried,Teacher,156000,Lucknow,Uttar Pradesh,Mortgaged,10,vikram.sharma776@yahoo.in,+91-9615207364,Verified,2014-10-27
CUST104206,Kabir,Kulkarni,Male,2002-08-26,23,Married,2,Graduate,Self-Employed,Doctor (Practice),561600,Kolkata,West Bengal,Mortgaged,5,kabir.kulkarni757@rediffmail.com,+91-7587463627,Verified,2021-01-23
CUST104207,Aarav,Gill,Male,1978-12-26,47,Single,1,Graduate,Business Owner,Trader,751700,Noida,Uttar Pradesh,Rented,21,aarav.gill467@yahoo.in,+91-9130461641,Verified,2023-07-10
CUST104208,Saanvi,Patel,Female,1984-05-10,42,Married,2,Graduate,Salaried,Software Engineer,251200,Mumbai,Maharashtra,Rented,1,saanvi.patel633@rediffmail.com,+91-8335652977,Pending,2015-08-14
CUST104209,Ishaan,Malhotra,Male,1993-12-07,32,Married,0,Post Graduate,Business Owner,Contractor,525400,Nagpur,Maharashtra,Owned,14,ishaan.malhotra967@gmail.com,+91-7080257185,Verified,2014-02-16
CUST104210,Swati,Kulkarni,Female,2005-06-27,21,Married,1,Graduate,Salaried,HR Manager,240000,Hyderabad,Telangana,Rented,3,swati.kulkarni84@gmail.com,+91-7275677962,Verified,2023-10-04
CUST104211,Amit,Patel,Male,1968-08-12,57,Single,0,Graduate,Salaried,HR Manager,583700,Kochi,Kerala,Mortgaged,0,amit.patel490@rediffmail.com,+91-7345003805,Pending,2018-12-26
CUST104212,Lakshmi,Gill,Female,1980-02-07,46,Married,1,Graduate,Salaried,Bank Officer,530300,Mysuru,Karnataka,Mortgaged,11,lakshmi.gill414@outlook.com,+91-7148949413,Verified,2022-11-30
CUST104213,Saanvi,Iyer,Female,1981-08-21,44,Single,0,Graduate,Salaried,Teacher,359900,Ahmedabad,Gujarat,Rented,6,saanvi.iyer327@rediffmail.com,+91-7135421417,Verified,2014-05-04
CUST104214,Sana,Sharma,Female,1979-04-27,47,Single,2,Professional Degree,Salaried,Bank Officer,2087900,Mysuru,Karnataka,Owned,16,sana.sharma409@rediffmail.com,+91-7850524772,Verified,2022-02-07
CUST104215,Rohan,Banerjee,Male,1985-05-04,41,Married,2,High School,Salaried,Bank Officer,409900,Surat,Gujarat,Family Owned,10,rohan.banerjee722@outlook.com,+91-9414593091,Verified,2021-12-20
CUST104216,Zara,Sheikh,Female,2005-05-19,21,Single,1,Diploma,Salaried,Software Engineer,120000,Nagpur,Maharashtra,Family Owned,3,zara.sheikh931@yahoo.in,+91-9676722697,Verified,2024-05-25
CUST104217,Vivaan,Singh,Male,2005-03-01,21,Married,1,Professional Degree,Salaried,Analyst,190000,Lucknow,Uttar Pradesh,Rented,3,vivaan.singh801@rediffmail.com,+91-7381387096,Pending,2021-10-14
CUST104218,Vihaan,Sharma,Male,1988-02-18,38,Single,1,High School,Retired,Retired Government Employee,161700,Chennai,Tamil Nadu,Owned,8,vihaan.sharma186@yahoo.in,+91-8564834125,Verified,2020-08-11
CUST104219,Deepika,Sharma,Female,1974-11-13,51,Single,0,Diploma,Business Owner,Retail Store Owner,650400,Kolkata,West Bengal,Mortgaged,22,deepika.sharma941@yahoo.in,+91-9830295426,Verified,2022-09-18
CUST104220,Farhan,Sheikh,Male,1989-10-08,36,Married,3,Post Graduate,Self-Employed,Architect,2022800,Indore,Madhya Pradesh,Owned,18,farhan.sheikh337@yahoo.in,+91-8483895970,Pending,2021-08-27
CUST104221,Sandeep,Reddy,Male,1987-01-17,39,Single,2,Graduate,Salaried,Accountant,751900,Noida,Uttar Pradesh,Rented,16,sandeep.reddy81@outlook.com,+91-9143004283,Verified,2024-04-19
CUST104222,Aditya,Singh,Male,2000-12-18,25,Divorced,3,Professional Degree,Self-Employed,Freelance Designer,292300,Noida,Uttar Pradesh,Family Owned,7,aditya.singh22@rediffmail.com,+91-7538741502,Pending,2017-12-27
CUST104223,Deepak,Chopra,Male,1996-11-07,29,Married,1,Diploma,Salaried,Sales Executive,621400,Chandigarh,Chandigarh,Owned,11,deepak.chopra355@outlook.com,+91-7917274551,Verified,2015-07-25
CUST104224,Aarav,Shah,Male,1971-05-08,55,Married,2,Graduate,Self-Employed,Consultant,429300,Coimbatore,Tamil Nadu,Family Owned,14,aarav.shah248@outlook.com,+91-8732201344,Verified,2014-12-20
CUST104225,Yash,Shah,Male,2002-07-19,23,Married,2,Post Graduate,Salaried,Accountant,1202500,Lucknow,Uttar Pradesh,Family Owned,5,yash.shah891@gmail.com,+91-8133471856,Verified,2019-07-11
CUST104226,Krishna,Banerjee,Male,1977-12-15,48,Single,2,Graduate,Business Owner,Contractor,1168400,Indore,Madhya Pradesh,Rented,10,krishna.banerjee576@outlook.com,+91-7648637703,Verified,2014-11-08
CUST104227,Farhan,Kapoor,Male,2001-04-25,25,Married,3,Professional Degree,Unemployed,Homemaker,242900,Surat,Gujarat,Owned,3,farhan.kapoor263@outlook.com,+91-9610231292,Verified,2020-03-12
CUST104228,Rohan,Patel,Male,2001-10-22,24,Married,0,Professional Degree,Salaried,Sales Executive,739200,Indore,Madhya Pradesh,Rented,2,rohan.patel293@gmail.com,+91-7253095836,Verified,2023-03-26
CUST104229,Nisha,Kulkarni,Female,1980-08-09,45,Single,2,Graduate,Retired,Pensioner,941000,Ahmedabad,Gujarat,Family Owned,11,nisha.kulkarni310@gmail.com,+91-9765346832,Pending,2017-08-04
CUST104230,Nisha,Mehta,Female,1975-01-16,51,Single,1,Professional Degree,Retired,Retired Government Employee,859900,Kolkata,West Bengal,Rented,13,nisha.mehta819@yahoo.in,+91-9548618618,Verified,2022-02-23
CUST104231,Ishaan,Sharma,Male,1997-03-27,29,Single,2,High School,Salaried,Nurse,476500,Mumbai,Maharashtra,Owned,11,ishaan.sharma184@rediffmail.com,+91-8921802802,Verified,2017-07-13
CUST104232,Ishaan,Bhat,Male,1980-04-06,46,Single,0,Graduate,Salaried,Analyst,421100,Indore,Madhya Pradesh,Rented,1,ishaan.bhat441@yahoo.in,+91-7841784297,Verified,2015-01-26
CUST104233,Aanya,Kaur,Female,1967-11-08,58,Widowed,2,Diploma,Salaried,HR Manager,480100,Gurugram,Haryana,Rented,14,aanya.kaur666@outlook.com,+91-9451971766,Verified,2016-12-22
CUST104234,Karthik,Deshpande,Male,1997-07-22,28,Married,1,Graduate,Salaried,Software Engineer,372200,Nagpur,Maharashtra,Owned,10,karthik.deshpande845@gmail.com,+91-8968932330,Verified,2015-10-11
CUST104235,Yash,Banerjee,Male,1977-05-31,49,Married,1,Post Graduate,Self-Employed,Freelance Designer,860000,Pune,Maharashtra,Mortgaged,2,yash.banerjee325@yahoo.in,+91-7022564419,Verified,2014-03-19
CUST104236,Zaid,Kapoor,Male,2003-05-04,23,Single,0,Graduate,Salaried,Software Engineer,178000,Bhopal,Madhya Pradesh,Rented,5,zaid.kapoor551@yahoo.in,+91-7341807611,Pending,2023-07-17
CUST104237,Rohan,Gill,Male,2004-11-29,21,Divorced,2,Graduate,Business Owner,Contractor,701800,Mysuru,Karnataka,Rented,3,rohan.gill453@rediffmail.com,+91-8939689588,Verified,2023-06-22
CUST104238,Krishna,Bose,Male,1985-04-01,41,Married,0,Graduate,Salaried,Analyst,566600,Ahmedabad,Gujarat,Family Owned,7,krishna.bose601@outlook.com,+91-7090141061,Verified,2014-10-05
CUST104239,Arjun,Verma,Male,1986-02-12,40,Single,0,Post Graduate,Self-Employed,Architect,1066100,Mysuru,Karnataka,Rented,21,arjun.verma830@gmail.com,+91-8596342725,Verified,2014-07-05
CUST104240,Imran,Iyer,Male,1981-10-21,44,Married,2,Graduate,Salaried,Bank Officer,184800,Noida,Uttar Pradesh,Mortgaged,8,imran.iyer72@outlook.com,+91-7140438162,Pending,2017-04-14
CUST104241,Rohan,Shah,Male,1984-06-05,42,Divorced,0,Post Graduate,Self-Employed,Architect,391200,Delhi,Delhi,Family Owned,11,rohan.shah175@outlook.com,+91-7784882356,Pending,2014-05-30
CUST104242,Krishna,Deshpande,Male,1985-10-29,40,Widowed,2,Post Graduate,Self-Employed,Freelance Designer,821500,Ahmedabad,Gujarat,Mortgaged,14,krishna.deshpande736@gmail.com,+91-7612864970,Verified,2019-07-01
CUST104243,Anjali,Bose,Female,1996-09-07,29,Married,0,Graduate,Self-Employed,Lawyer,1179500,Indore,Madhya Pradesh,Family Owned,7,anjali.bose26@outlook.com,+91-7399165797,Verified,2018-09-10
CUST104244,Krishna,Reddy,Male,1979-01-13,47,Married,1,Post Graduate,Self-Employed,Freelance Designer,621800,Pune,Maharashtra,Mortgaged,23,krishna.reddy956@gmail.com,+91-8230687652,Verified,2015-05-09
CUST104245,Rajesh,Mukherjee,Male,1974-10-25,51,Single,1,Professional Degree,Salaried,Bank Officer,924900,Bhopal,Madhya Pradesh,Owned,18,rajesh.mukherjee122@rediffmail.com,+91-7889468730,Verified,2017-01-24
CUST104246,Fatima,Nair,Female,1991-07-29,34,Married,1,Post Graduate,Salaried,Accountant,664000,Bengaluru,Karnataka,Rented,1,fatima.nair809@gmail.com,+91-8285661320,Verified,2015-10-02
CUST104247,Vihaan,Khan,Male,1992-10-17,33,Single,3,Graduate,Retired,Retired Private Sector,428800,Ahmedabad,Gujarat,Rented,15,vihaan.khan557@yahoo.in,+91-8264697142,Verified,2022-09-20
CUST104248,Ritu,Das,Female,1994-08-18,31,Married,3,Professional Degree,Salaried,Nurse,462900,Kolkata,West Bengal,Owned,1,ritu.das223@rediffmail.com,+91-7110395188,Verified,2015-05-19
CUST104249,Imran,Singh,Male,2005-03-02,21,Single,1,Diploma,Salaried,Nurse,405900,Nagpur,Maharashtra,Mortgaged,3,imran.singh181@outlook.com,+91-7243719326,Pending,2022-02-09
CUST104250,Aarav,Ahmed,Male,1978-09-10,47,Married,2,High School,Salaried,Analyst,178400,Mysuru,Karnataka,Rented,19,aarav.ahmed877@gmail.com,+91-9852196334,Verified,2016-05-08
CUST104251,Riya,Iyer,Female,1987-11-11,38,Single,2,Post Graduate,Salaried,Analyst,1148700,Chandigarh,Chandigarh,Mortgaged,4,riya.iyer169@outlook.com,+91-8274728263,Verified,2017-05-28
CUST104252,Deepak,Verma,Male,1989-05-29,37,Single,1,Graduate,Salaried,Software Engineer,531200,Nagpur,Maharashtra,Owned,17,deepak.verma125@outlook.com,+91-7023562354,Pending,2014-12-10
CUST104253,Reyansh,Iyer,Male,1996-03-12,30,Single,0,Graduate,Self-Employed,Freelance Designer,1006500,Kolkata,West Bengal,Owned,2,reyansh.iyer45@outlook.com,+91-9316042930,Pending,2024-05-29
CUST104254,Ayesha,Bose,Female,1981-09-05,44,Married,2,Post Graduate,Retired,Retired Private Sector,411800,Nagpur,Maharashtra,Owned,16,ayesha.bose669@outlook.com,+91-9841568126,Verified,2020-01-05
CUST104255,Pranav,Iyer,Male,1979-06-03,47,Married,3,Professional Degree,Salaried,Accountant,820900,Surat,Gujarat,Rented,22,pranav.iyer675@rediffmail.com,+91-8186708931,Verified,2017-11-24
CUST104256,Kabir,Reddy,Male,1985-03-20,41,Married,3,Professional Degree,Salaried,Nurse,937400,Mumbai,Maharashtra,Family Owned,22,kabir.reddy650@gmail.com,+91-9217766697,Verified,2014-10-23
CUST104257,Kavya,Naidu,Female,1990-01-24,36,Single,0,High School,Salaried,Teacher,283900,Pune,Maharashtra,Family Owned,18,kavya.naidu14@outlook.com,+91-9175494945,Verified,2021-01-06
CUST104258,Kabir,Shah,Male,1994-05-30,32,Married,2,Post Graduate,Retired,Retired Government Employee,386300,Mumbai,Maharashtra,Rented,2,kabir.shah102@yahoo.in,+91-9023997954,Verified,2019-05-31
CUST104259,Deepak,Verma,Male,2002-03-11,24,Single,1,Graduate,Salaried,HR Manager,168200,Gurugram,Haryana,Family Owned,6,deepak.verma762@rediffmail.com,+91-7376193380,Verified,2023-06-23
CUST104260,Harsh,Reddy,Male,1990-08-05,35,Married,2,Graduate,Salaried,Teacher,338000,Kolkata,West Bengal,Rented,17,harsh.reddy968@gmail.com,+91-8642520020,Verified,2017-03-16
CUST104261,Amit,Deshpande,Male,1984-02-07,42,Married,1,Post Graduate,Self-Employed,Chartered Accountant,1463500,Jaipur,Rajasthan,Mortgaged,17,amit.deshpande782@outlook.com,+91-8943193347,Verified,2022-06-19
CUST104262,Zaid,Shah,Male,2003-09-17,22,Married,0,Graduate,Retired,Retired Private Sector,472600,Chennai,Tamil Nadu,Mortgaged,4,zaid.shah387@gmail.com,+91-7643318418,Verified,2021-03-11
CUST104263,Imran,Verma,Male,1979-08-17,46,Married,1,Graduate,Unemployed,Not Employed,251100,Lucknow,Uttar Pradesh,Rented,15,imran.verma776@rediffmail.com,+91-9232762087,Verified,2019-08-24
CUST104264,Siddharth,Menon,Male,1994-12-15,31,Married,0,Graduate,Salaried,Software Engineer,501500,Jaipur,Rajasthan,Owned,1,siddharth.menon843@gmail.com,+91-8330932004,Verified,2015-11-06
CUST104265,Amit,Verma,Male,1986-07-20,39,Married,1,Post Graduate,Self-Employed,Lawyer,398900,Mumbai,Maharashtra,Mortgaged,15,amit.verma769@yahoo.in,+91-7336467605,Verified,2017-05-16
CUST104266,Deepak,Deshpande,Male,1986-07-01,40,Single,1,Graduate,Salaried,Bank Officer,321500,Chandigarh,Chandigarh,Rented,6,deepak.deshpande88@yahoo.in,+91-8466095650,Pending,2014-07-06
CUST104267,Meera,Shah,Female,1997-11-07,28,Married,0,Graduate,Salaried,Bank Officer,470300,Mysuru,Karnataka,Rented,10,meera.shah645@rediffmail.com,+91-9485640434,Verified,2020-10-26
CUST104268,Harsh,Nair,Male,1984-08-30,41,Married,2,Graduate,Business Owner,Contractor,329700,Chennai,Tamil Nadu,Owned,6,harsh.nair458@gmail.com,+91-9822880959,Verified,2023-07-11
CUST104269,Priya,Reddy,Female,1993-05-07,33,Single,1,Graduate,Salaried,Nurse,821800,Noida,Uttar Pradesh,Family Owned,15,priya.reddy701@yahoo.in,+91-9614177917,Pending,2016-07-07
CUST104270,Isha,Chowdhury,Female,1994-06-28,32,Married,0,Professional Degree,Business Owner,Manufacturer,2248200,Coimbatore,Tamil Nadu,Rented,9,isha.chowdhury44@gmail.com,+91-7296700294,Verified,2020-01-12
CUST104271,Sana,Singh,Female,1996-04-05,30,Single,1,Post Graduate,Salaried,HR Manager,361900,Kolkata,West Bengal,Rented,10,sana.singh858@yahoo.in,+91-7375214034,Pending,2023-05-13
CUST104272,Kabir,Chowdhury,Male,1986-08-14,39,Single,0,Graduate,Self-Employed,Doctor (Practice),492300,Noida,Uttar Pradesh,Rented,7,kabir.chowdhury291@rediffmail.com,+91-8372551917,Verified,2021-12-17
CUST104273,Fatima,Sheikh,Female,1996-06-27,30,Single,2,Post Graduate,Salaried,Sales Executive,423500,Kochi,Kerala,Rented,9,fatima.sheikh979@outlook.com,+91-9415250599,Pending,2024-04-07
CUST104274,Lakshmi,Das,Female,1988-02-23,38,Divorced,4,Diploma,Business Owner,Trader,396100,Delhi,Delhi,Family Owned,20,lakshmi.das931@yahoo.in,+91-9564366283,Verified,2018-06-04
CUST104275,Reyansh,Sharma,Male,1980-12-26,45,Single,2,Diploma,Self-Employed,Doctor (Practice),805900,Noida,Uttar Pradesh,Owned,19,reyansh.sharma193@rediffmail.com,+91-8697349231,Verified,2018-07-29
CUST104276,Diya,Singh,Female,1971-11-21,54,Married,0,Graduate,Retired,Retired Government Employee,266300,Delhi,Delhi,Owned,2,diya.singh206@yahoo.in,+91-9714531508,Verified,2015-01-26
CUST104277,Ananya,Gupta,Female,1969-08-17,56,Single,2,Post Graduate,Salaried,HR Manager,422900,Mysuru,Karnataka,Rented,21,ananya.gupta867@gmail.com,+91-9641406991,Verified,2016-09-16
CUST104278,Siddharth,Das,Male,1978-06-21,48,Single,2,Graduate,Retired,Pensioner,264300,Jaipur,Rajasthan,Owned,14,siddharth.das25@gmail.com,+91-8649185095,Verified,2023-03-23
CUST104279,Isha,Kaur,Female,1981-05-07,45,Widowed,0,Graduate,Business Owner,Manufacturer,637100,Mumbai,Maharashtra,Mortgaged,4,isha.kaur60@gmail.com,+91-8664045844,Pending,2016-07-02
CUST104280,Aarohi,Deshpande,Female,1982-09-21,43,Married,4,Graduate,Salaried,Accountant,896800,Lucknow,Uttar Pradesh,Family Owned,23,aarohi.deshpande674@yahoo.in,+91-7053863768,Verified,2014-05-23
CUST104281,Meera,Malhotra,Female,2004-11-01,21,Married,3,Diploma,Salaried,Accountant,648900,Hyderabad,Telangana,Rented,0,meera.malhotra613@rediffmail.com,+91-8874968175,Verified,2022-08-03
CUST104282,Aarohi,Kapoor,Female,1966-06-15,60,Divorced,2,Graduate,Salaried,Teacher,564800,Ahmedabad,Gujarat,Rented,21,aarohi.kapoor725@rediffmail.com,+91-7169541162,Verified,2014-05-06
CUST104283,Ishaan,Banerjee,Male,1984-10-11,41,Married,0,Graduate,Salaried,Sales Executive,236600,Jaipur,Rajasthan,Rented,3,ishaan.banerjee363@yahoo.in,+91-7690966791,Verified,2023-03-23
CUST104284,Priya,Patel,Female,1998-07-20,27,Married,0,Post Graduate,Salaried,Software Engineer,400200,Noida,Uttar Pradesh,Owned,3,priya.patel268@outlook.com,+91-7411327062,Pending,2021-07-07
CUST104285,Diya,Nair,Female,1998-10-25,27,Single,2,Diploma,Salaried,HR Manager,419700,Delhi,Delhi,Rented,9,diya.nair550@yahoo.in,+91-7253014810,Verified,2023-02-05
CUST104286,Farhan,Bose,Male,1989-05-13,37,Married,0,Graduate,Self-Employed,Freelance Designer,808300,Noida,Uttar Pradesh,Mortgaged,19,farhan.bose227@yahoo.in,+91-8924323550,Verified,2022-06-22
CUST104287,Kavya,Patel,Female,2001-08-21,24,Single,4,Graduate,Salaried,Bank Officer,404000,Coimbatore,Tamil Nadu,Rented,6,kavya.patel421@rediffmail.com,+91-9084368009,Verified,2019-04-21
CUST104288,Farhan,Deshpande,Male,1997-04-03,29,Single,1,Diploma,Salaried,Sales Executive,769000,Coimbatore,Tamil Nadu,Owned,11,farhan.deshpande163@rediffmail.com,+91-9075278451,Verified,2017-01-13
CUST104289,Aadhya,Deshpande,Female,1986-12-31,39,Single,0,Post Graduate,Salaried,HR Manager,456800,Hyderabad,Telangana,Rented,21,aadhya.deshpande284@yahoo.in,+91-7427509352,Verified,2022-08-25
CUST104290,Farhan,Mukherjee,Male,1992-09-15,33,Single,3,High School,Business Owner,Manufacturer,125100,Kochi,Kerala,Owned,15,farhan.mukherjee238@rediffmail.com,+91-7035377361,Pending,2021-09-27
CUST104291,Farhan,Khan,Male,1994-01-31,32,Married,2,Post Graduate,Unemployed,Not Employed,120000,Pune,Maharashtra,Family Owned,14,farhan.khan205@rediffmail.com,+91-7447798588,Pending,2024-06-13
CUST104292,Saanvi,Singh,Female,2005-03-28,21,Single,2,Graduate,Salaried,Nurse,226900,Coimbatore,Tamil Nadu,Mortgaged,3,saanvi.singh265@outlook.com,+91-9372747637,Verified,2022-04-21
CUST104293,Zara,Joshi,Female,1988-09-18,37,Married,1,Graduate,Retired,Pensioner,120000,Mysuru,Karnataka,Rented,14,zara.joshi480@yahoo.in,+91-7648956989,Pending,2023-04-24
CUST104294,Aditya,Rao,Male,2004-11-29,21,Widowed,3,Graduate,Business Owner,Contractor,435200,Kolkata,West Bengal,Rented,3,aditya.rao831@gmail.com,+91-7891058222,Pending,2022-10-11
CUST104295,Arjun,Chopra,Male,1973-08-11,52,Married,2,Post Graduate,Business Owner,Restaurant Owner,801700,Delhi,Delhi,Owned,15,arjun.chopra127@yahoo.in,+91-9116057766,Pending,2023-07-09
CUST104296,Nisha,Joshi,Female,2000-08-08,25,Married,1,Graduate,Salaried,Accountant,901000,Delhi,Delhi,Mortgaged,6,nisha.joshi413@outlook.com,+91-8076013180,Verified,2019-03-06
CUST104297,Amit,Nair,Male,2004-11-16,21,Married,2,High School,Salaried,Analyst,120000,Gurugram,Haryana,Rented,3,amit.nair278@yahoo.in,+91-7050459270,Verified,2022-11-05
CUST104298,Vikram,Chopra,Male,1991-09-17,34,Married,0,Post Graduate,Self-Employed,Chartered Accountant,815000,Lucknow,Uttar Pradesh,Mortgaged,16,vikram.chopra279@gmail.com,+91-8726619052,Verified,2024-05-12
CUST104299,Sneha,Gupta,Female,1985-11-03,40,Single,4,Diploma,Unemployed,Not Employed,120000,Lucknow,Uttar Pradesh,Mortgaged,11,sneha.gupta454@rediffmail.com,+91-7182949375,Verified,2021-11-03
CUST104300,Meera,Kaur,Female,2005-06-08,21,Married,0,Graduate,Salaried,Software Engineer,341900,Coimbatore,Tamil Nadu,Rented,3,meera.kaur408@outlook.com,+91-7887377923,Verified,2023-09-16
CUST104301,Vihaan,Mehta,Male,1983-08-17,42,Single,1,Post Graduate,Salaried,Teacher,693200,Chandigarh,Chandigarh,Owned,15,vihaan.mehta769@gmail.com,+91-9242574636,Verified,2020-12-09
CUST104302,Harsh,Shah,Male,1977-01-12,49,Married,0,Graduate,Salaried,Sales Executive,153800,Kolkata,West Bengal,Family Owned,17,harsh.shah151@yahoo.in,+91-9196838230,Verified,2019-02-23
CUST104303,Sneha,Sharma,Female,2000-12-07,25,Married,2,Graduate,Self-Employed,Lawyer,465300,Lucknow,Uttar Pradesh,Rented,3,sneha.sharma140@gmail.com,+91-7881147660,Verified,2022-03-16
CUST104304,Fatima,Joshi,Female,1999-10-01,26,Married,2,High School,Salaried,Analyst,409200,Hyderabad,Telangana,Family Owned,8,fatima.joshi148@yahoo.in,+91-9869608768,Verified,2024-03-17
CUST104305,Ishaan,Verma,Male,1983-04-19,43,Divorced,0,Post Graduate,Salaried,Analyst,1636600,Jaipur,Rajasthan,Rented,21,ishaan.verma585@gmail.com,+91-7261152330,Verified,2018-01-26
CUST104306,Arjun,Menon,Male,2005-06-02,21,Married,0,Post Graduate,Salaried,Nurse,831100,Ahmedabad,Gujarat,Family Owned,3,arjun.menon98@gmail.com,+91-9489895207,Verified,2024-05-29
CUST104307,Aditya,Ahmed,Male,1990-09-15,35,Single,1,Post Graduate,Business Owner,Manufacturer,698900,Jaipur,Rajasthan,Mortgaged,4,aditya.ahmed933@gmail.com,+91-7230235753,Verified,2022-07-09
CUST104308,Lakshmi,Kapoor,Female,1989-12-17,36,Married,0,Graduate,Self-Employed,Architect,476700,Chennai,Tamil Nadu,Owned,13,lakshmi.kapoor248@rediffmail.com,+91-9675469231,Verified,2024-02-20
CUST104309,Ishaan,Nair,Male,1994-12-26,31,Divorced,0,Diploma,Business Owner,Restaurant Owner,139500,Bengaluru,Karnataka,Owned,13,ishaan.nair692@yahoo.in,+91-7524541796,Verified,2019-12-20
CUST104310,Karthik,Joshi,Male,1970-03-10,56,Single,1,Graduate,Salaried,Teacher,201000,Delhi,Delhi,Rented,12,karthik.joshi858@outlook.com,+91-8945965268,Pending,2021-04-27
CUST104311,Aditya,Chopra,Male,1995-06-09,31,Married,0,Diploma,Salaried,Analyst,223700,Hyderabad,Telangana,Rented,13,aditya.chopra596@gmail.com,+91-8471834734,Verified,2022-12-10
CUST104312,Karthik,Das,Male,1992-09-24,33,Married,2,Graduate,Salaried,Sales Executive,206100,Pune,Maharashtra,Rented,15,karthik.das16@gmail.com,+91-7251031878,Verified,2017-12-23
CUST104313,Harsh,Chowdhury,Male,1988-01-02,38,Single,0,High School,Salaried,Teacher,318400,Pune,Maharashtra,Rented,9,harsh.chowdhury818@yahoo.in,+91-9226997363,Verified,2013-10-24
CUST104314,Zara,Kapoor,Female,1996-07-29,29,Single,0,Graduate,Business Owner,Restaurant Owner,384600,Jaipur,Rajasthan,Rented,11,zara.kapoor942@rediffmail.com,+91-8552949253,Verified,2015-06-26
CUST104315,Lakshmi,Shah,Female,1993-08-06,32,Married,1,Graduate,Business Owner,Contractor,746800,Lucknow,Uttar Pradesh,Owned,14,lakshmi.shah820@gmail.com,+91-7828846616,Pending,2023-08-23
CUST104316,Sneha,Mukherjee,Female,1984-07-15,41,Single,3,Graduate,Salaried,Sales Executive,458900,Hyderabad,Telangana,Owned,20,sneha.mukherjee121@yahoo.in,+91-7337542088,Verified,2015-07-06
CUST104317,Ritu,Mehta,Female,1987-04-29,39,Single,1,Professional Degree,Salaried,Accountant,862400,Pune,Maharashtra,Owned,16,ritu.mehta184@rediffmail.com,+91-8999609841,Verified,2021-01-06
CUST104318,Shreya,Nair,Female,2004-11-03,21,Single,1,Graduate,Self-Employed,Freelance Designer,1064200,Indore,Madhya Pradesh,Mortgaged,3,shreya.nair611@outlook.com,+91-7055493182,Verified,2021-07-22
CUST104319,Pranav,Nair,Male,1994-06-04,32,Single,2,Professional Degree,Unemployed,Student,126000,Bhopal,Madhya Pradesh,Rented,12,pranav.nair516@gmail.com,+91-9584839260,Verified,2022-03-10
CUST104320,Shreya,Joshi,Female,1968-12-16,57,Married,0,Post Graduate,Salaried,Bank Officer,580300,Indore,Madhya Pradesh,Owned,9,shreya.joshi855@outlook.com,+91-7332577631,Verified,2024-03-16
CUST104321,Kabir,Mehta,Male,1965-08-16,60,Married,1,Graduate,Salaried,Software Engineer,1246100,Indore,Madhya Pradesh,Rented,5,kabir.mehta515@rediffmail.com,+91-9727124416,Pending,2017-09-03
CUST104322,Ritu,Kapoor,Female,1983-06-16,43,Married,1,Graduate,Retired,Retired Private Sector,243400,Surat,Gujarat,Mortgaged,12,ritu.kapoor222@rediffmail.com,+91-7351616721,Verified,2016-10-07
CUST104323,Dev,Mehta,Male,1995-05-22,31,Married,1,Graduate,Salaried,Sales Executive,732600,Delhi,Delhi,Family Owned,13,dev.mehta122@rediffmail.com,+91-8856784995,Pending,2016-06-16
CUST104324,Deepak,Chopra,Male,1969-07-15,56,Single,0,Graduate,Retired,Pensioner,1463700,Pune,Maharashtra,Family Owned,15,deepak.chopra484@outlook.com,+91-7946054023,Pending,2023-04-28
CUST104325,Ishaan,Naidu,Male,2005-02-12,21,Single,0,Graduate,Salaried,Sales Executive,710800,Kochi,Kerala,Rented,3,ishaan.naidu930@rediffmail.com,+91-8654150676,Verified,2023-12-09
CUST104326,Arjun,Kulkarni,Male,2004-02-03,22,Married,1,Graduate,Self-Employed,Freelance Designer,435500,Surat,Gujarat,Owned,4,arjun.kulkarni447@gmail.com,+91-7746186265,Pending,2021-08-09
CUST104327,Suresh,Bhat,Male,2005-02-12,21,Married,0,Graduate,Salaried,Nurse,264200,Delhi,Delhi,Mortgaged,3,suresh.bhat444@outlook.com,+91-9773536726,Verified,2022-07-17
CUST104328,Manish,Rao,Male,1997-01-10,29,Single,1,Graduate,Salaried,Software Engineer,225500,Noida,Uttar Pradesh,Family Owned,11,manish.rao859@rediffmail.com,+91-8289143367,Verified,2014-08-05
CUST104329,Rajesh,Kapoor,Male,1981-04-30,45,Single,2,Graduate,Salaried,Analyst,553200,Surat,Gujarat,Rented,19,rajesh.kapoor361@yahoo.in,+91-7873714272,Pending,2013-10-25
CUST104330,Harsh,Mukherjee,Male,1996-08-03,29,Single,0,High School,Self-Employed,Freelance Designer,167900,Delhi,Delhi,Owned,3,harsh.mukherjee657@rediffmail.com,+91-7216539307,Verified,2019-10-07
CUST104331,Anil,Bhat,Male,1992-01-29,34,Single,2,Diploma,Self-Employed,Lawyer,474200,Hyderabad,Telangana,Rented,6,anil.bhat242@outlook.com,+91-8212128926,Pending,2021-12-11
CUST104332,Kabir,Mehta,Male,1992-12-12,33,Married,3,High School,Self-Employed,Chartered Accountant,328500,Gurugram,Haryana,Family Owned,15,kabir.mehta867@gmail.com,+91-8213485972,Pending,2017-10-27
CUST104333,Kabir,Banerjee,Male,1981-02-24,45,Married,1,Graduate,Self-Employed,Lawyer,283600,Ahmedabad,Gujarat,Rented,11,kabir.banerjee805@outlook.com,+91-8683816943,Verified,2018-07-02
CUST104334,Aditya,Mehta,Male,1994-09-25,31,Married,5,Post Graduate,Salaried,Analyst,363300,Chandigarh,Chandigarh,Owned,13,aditya.mehta554@outlook.com,+91-8993481257,Verified,2018-11-22
CUST104335,Karthik,Khan,Male,1991-10-11,34,Married,1,Diploma,Salaried,Sales Executive,215800,Kolkata,West Bengal,Owned,10,karthik.khan126@gmail.com,+91-9337361911,Verified,2015-07-31
CUST104336,Aarav,Reddy,Male,1990-06-01,36,Married,1,Post Graduate,Salaried,Accountant,805900,Ahmedabad,Gujarat,Mortgaged,2,aarav.reddy286@rediffmail.com,+91-9239287457,Verified,2022-12-19
CUST104337,Aadhya,Kapoor,Female,1977-12-19,48,Single,4,Graduate,Salaried,Sales Executive,703100,Noida,Uttar Pradesh,Rented,0,aadhya.kapoor611@outlook.com,+91-9213186765,Verified,2024-06-04
CUST104338,Arjun,Khan,Male,1992-02-21,34,Single,1,High School,Salaried,Analyst,471300,Jaipur,Rajasthan,Owned,5,arjun.khan391@rediffmail.com,+91-9645122870,Verified,2014-06-27
CUST104339,Farhan,Malhotra,Male,1976-03-17,50,Married,2,Graduate,Salaried,Sales Executive,924900,Ahmedabad,Gujarat,Owned,13,farhan.malhotra91@yahoo.in,+91-8732367856,Pending,2021-12-09
CUST104340,Divya,Banerjee,Female,2001-02-03,25,Married,3,Graduate,Salaried,Analyst,387500,Noida,Uttar Pradesh,Rented,7,divya.banerjee475@gmail.com,+91-8211851657,Verified,2017-09-16
CUST104341,Farhan,Khan,Male,1986-09-27,39,Married,1,Post Graduate,Business Owner,Contractor,779700,Noida,Uttar Pradesh,Rented,15,farhan.khan329@outlook.com,+91-8549591626,Verified,2020-08-27
CUST104342,Tanvi,Kapoor,Female,2000-08-26,25,Married,1,Graduate,Salaried,Teacher,589300,Indore,Madhya Pradesh,Owned,3,tanvi.kapoor310@outlook.com,+91-8715195486,Pending,2020-05-26
CUST104343,Reyansh,Menon,Male,1975-08-19,50,Single,2,Graduate,Salaried,Sales Executive,564200,Gurugram,Haryana,Owned,4,reyansh.menon720@yahoo.in,+91-8846628123,Verified,2018-05-01
CUST104344,Nikhil,Malhotra,Male,1974-08-15,51,Married,1,Post Graduate,Salaried,Teacher,813500,Coimbatore,Tamil Nadu,Owned,11,nikhil.malhotra84@yahoo.in,+91-8490924079,Verified,2014-03-01
CUST104345,Aadhya,Ahmed,Female,2004-09-10,21,Married,1,Graduate,Self-Employed,Chartered Accountant,311800,Ahmedabad,Gujarat,Mortgaged,3,aadhya.ahmed227@yahoo.in,+91-7238706930,Pending,2023-04-21
CUST104346,Priya,Das,Female,1978-07-08,47,Widowed,1,Professional Degree,Salaried,Teacher,737100,Mysuru,Karnataka,Owned,24,priya.das639@yahoo.in,+91-7022230562,Pending,2019-11-16
CUST104347,Imran,Chowdhury,Male,1998-11-17,27,Widowed,1,Graduate,Salaried,Accountant,196200,Lucknow,Uttar Pradesh,Mortgaged,3,imran.chowdhury411@gmail.com,+91-7597173098,Verified,2020-04-12
CUST104348,Amit,Gill,Male,1986-11-07,39,Married,0,Diploma,Salaried,Bank Officer,485000,Chennai,Tamil Nadu,Rented,20,amit.gill961@yahoo.in,+91-9863699085,Verified,2018-07-28
CUST104349,Amit,Verma,Male,2005-04-13,21,Single,5,High School,Self-Employed,Chartered Accountant,120000,Noida,Uttar Pradesh,Rented,3,amit.verma880@rediffmail.com,+91-8497912788,Verified,2023-04-15
CUST104350,Karthik,Reddy,Male,1977-05-17,49,Divorced,0,Graduate,Salaried,Sales Executive,688200,Gurugram,Haryana,Family Owned,11,karthik.reddy677@rediffmail.com,+91-7157625742,Verified,2021-04-19
CUST104351,Dev,Singh,Male,2002-03-30,24,Married,5,Graduate,Self-Employed,Lawyer,669600,Surat,Gujarat,Rented,6,dev.singh450@gmail.com,+91-8851578814,Pending,2020-06-23
CUST104352,Kritika,Kulkarni,Female,1982-01-26,44,Single,2,Diploma,Salaried,Accountant,316000,Indore,Madhya Pradesh,Rented,22,kritika.kulkarni84@gmail.com,+91-9213387338,Verified,2014-08-08
CUST104353,Dev,Nair,Male,1992-11-25,33,Married,1,Graduate,Salaried,Teacher,158000,Nagpur,Maharashtra,Owned,14,dev.nair802@rediffmail.com,+91-8767483701,Verified,2019-07-07
CUST104354,Sandeep,Bhat,Male,1979-05-04,47,Single,2,High School,Business Owner,Contractor,485200,Indore,Madhya Pradesh,Rented,0,sandeep.bhat155@outlook.com,+91-9590419160,Pending,2018-05-10
CUST104355,Aarav,Kulkarni,Male,1990-02-10,36,Married,1,Graduate,Salaried,Sales Executive,695900,Nagpur,Maharashtra,Owned,11,aarav.kulkarni507@outlook.com,+91-9445466949,Verified,2017-01-13
CUST104356,Aanya,Mukherjee,Female,1985-12-27,40,Married,1,Graduate,Salaried,Sales Executive,156500,Gurugram,Haryana,Owned,0,aanya.mukherjee793@outlook.com,+91-8125931051,Verified,2021-12-04
CUST104357,Vikram,Chopra,Male,2002-04-17,24,Divorced,2,High School,Salaried,Nurse,337300,Ahmedabad,Gujarat,Owned,6,vikram.chopra674@yahoo.in,+91-8157998782,Verified,2021-08-04
CUST104358,Shreya,Nair,Female,2000-03-18,26,Married,1,Graduate,Retired,Pensioner,289200,Mysuru,Karnataka,Family Owned,8,shreya.nair558@outlook.com,+91-9174804577,Verified,2019-01-29
CUST104359,Diya,Verma,Female,1973-07-31,52,Single,2,Graduate,Retired,Retired Government Employee,308800,Jaipur,Rajasthan,Rented,16,diya.verma153@gmail.com,+91-8227531999,Verified,2022-09-21
CUST104360,Kabir,Deshpande,Male,1990-08-18,35,Married,5,Post Graduate,Salaried,Nurse,636900,Mysuru,Karnataka,Mortgaged,7,kabir.deshpande872@yahoo.in,+91-7587881906,Verified,2015-12-28
CUST104361,Karthik,Gupta,Male,1998-06-21,28,Married,0,Post Graduate,Business Owner,Retail Store Owner,1248100,Delhi,Delhi,Owned,10,karthik.gupta760@yahoo.in,+91-8737157064,Verified,2020-12-10
CUST104362,Nikhil,Khan,Male,1981-08-23,44,Married,1,High School,Salaried,HR Manager,244500,Lucknow,Uttar Pradesh,Owned,15,nikhil.khan30@gmail.com,+91-7876610182,Pending,2016-04-04
CUST104363,Reyansh,Patel,Male,1981-12-21,44,Married,2,Graduate,Salaried,HR Manager,249400,Noida,Uttar Pradesh,Owned,15,reyansh.patel13@rediffmail.com,+91-8421368793,Verified,2014-02-03
CUST104364,Amit,Khan,Male,2004-03-30,22,Divorced,4,Graduate,Self-Employed,Architect,421600,Jaipur,Rajasthan,Mortgaged,4,amit.khan912@rediffmail.com,+91-7739138370,Pending,2021-08-31
CUST104365,Amit,Chowdhury,Male,1975-01-08,51,Widowed,0,Professional Degree,Business Owner,Restaurant Owner,1079100,Gurugram,Haryana,Mortgaged,20,amit.chowdhury697@gmail.com,+91-7929866698,Pending,2013-11-20
CUST104366,Ritu,Kapoor,Female,1997-11-01,28,Married,2,Post Graduate,Salaried,Analyst,740600,Lucknow,Uttar Pradesh,Family Owned,5,ritu.kapoor757@yahoo.in,+91-9186359538,Pending,2022-12-04
CUST104367,Farhan,Sheikh,Male,2005-04-19,21,Married,1,Diploma,Business Owner,Retail Store Owner,587000,Chennai,Tamil Nadu,Rented,3,farhan.sheikh137@yahoo.in,+91-7589983793,Verified,2022-06-03
CUST104368,Aarav,Reddy,Male,2004-08-14,21,Single,3,Post Graduate,Salaried,Sales Executive,307000,Noida,Uttar Pradesh,Family Owned,3,aarav.reddy842@yahoo.in,+91-9033295354,Verified,2022-09-02
CUST104369,Ananya,Ahmed,Female,1982-05-20,44,Married,1,Diploma,Self-Employed,Doctor (Practice),321600,Coimbatore,Tamil Nadu,Family Owned,6,ananya.ahmed490@gmail.com,+91-8888815957,Verified,2023-08-24
CUST104370,Farhan,Singh,Male,1971-12-24,54,Divorced,1,Graduate,Salaried,Teacher,488700,Mysuru,Karnataka,Owned,1,farhan.singh811@outlook.com,+91-8269716791,Verified,2018-03-03
CUST104371,Aarohi,Joshi,Female,1999-07-07,26,Single,2,Diploma,Self-Employed,Architect,233200,Nagpur,Maharashtra,Owned,8,aarohi.joshi678@rediffmail.com,+91-9384159854,Pending,2022-08-04
CUST104372,Aadhya,Ahmed,Female,1983-09-27,42,Married,3,Graduate,Retired,Pensioner,274400,Bhopal,Madhya Pradesh,Rented,17,aadhya.ahmed813@outlook.com,+91-8021206762,Verified,2020-02-18
CUST104373,Sandeep,Menon,Male,1993-11-08,32,Married,3,Graduate,Salaried,Analyst,237600,Mumbai,Maharashtra,Rented,5,sandeep.menon230@outlook.com,+91-9410820290,Pending,2016-11-29
CUST104374,Anil,Bose,Male,1989-10-18,36,Married,1,Post Graduate,Salaried,Analyst,823500,Pune,Maharashtra,Owned,18,anil.bose357@gmail.com,+91-8626555194,Verified,2023-10-27
CUST104375,Anjali,Bose,Female,1984-10-20,41,Married,1,Post Graduate,Salaried,Teacher,268400,Indore,Madhya Pradesh,Family Owned,16,anjali.bose740@outlook.com,+91-9573785499,Verified,2016-01-20
CUST104376,Dev,Bhat,Male,1993-08-25,32,Widowed,1,Graduate,Self-Employed,Freelance Designer,120000,Coimbatore,Tamil Nadu,Rented,13,dev.bhat144@outlook.com,+91-8010439641,Verified,2017-08-03
CUST104377,Meera,Reddy,Female,1980-11-19,45,Married,0,Graduate,Salaried,Teacher,372800,Indore,Madhya Pradesh,Rented,18,meera.reddy828@rediffmail.com,+91-8834666565,Verified,2022-11-27
CUST104378,Ayaan,Rao,Male,1980-01-13,46,Single,1,Graduate,Self-Employed,Consultant,544200,Nagpur,Maharashtra,Owned,23,ayaan.rao96@outlook.com,+91-8520736777,Verified,2019-09-10
CUST104379,Amit,Nair,Male,1983-06-09,43,Single,2,Post Graduate,Self-Employed,Consultant,589500,Bengaluru,Karnataka,Owned,1,amit.nair629@yahoo.in,+91-9086900166,Verified,2019-03-21
CUST104380,Anika,Kapoor,Female,1998-01-27,28,Single,2,Graduate,Salaried,Teacher,120000,Mysuru,Karnataka,Rented,10,anika.kapoor831@outlook.com,+91-8598420236,Verified,2024-02-13
CUST104381,Ayesha,Verma,Female,1995-01-18,31,Married,1,Post Graduate,Salaried,Software Engineer,362100,Bhopal,Madhya Pradesh,Rented,13,ayesha.verma32@outlook.com,+91-7775177852,Verified,2024-03-06
CUST104382,Divya,Gupta,Female,1997-06-24,29,Single,0,Graduate,Self-Employed,Lawyer,263700,Nagpur,Maharashtra,Family Owned,7,divya.gupta175@yahoo.in,+91-7867879726,Verified,2020-12-27
CUST104383,Kavya,Verma,Female,1988-12-25,37,Single,1,Post Graduate,Salaried,Nurse,664600,Kolkata,West Bengal,Rented,10,kavya.verma943@outlook.com,+91-8236009335,Verified,2016-04-24
CUST104384,Kabir,Naidu,Male,2003-07-18,22,Married,5,Post Graduate,Salaried,Bank Officer,685100,Lucknow,Uttar Pradesh,Owned,4,kabir.naidu995@outlook.com,+91-8565485591,Verified,2023-07-10
CUST104385,Aditya,Ahmed,Male,1998-01-15,28,Married,2,Post Graduate,Salaried,Teacher,483300,Gurugram,Haryana,Family Owned,10,aditya.ahmed594@gmail.com,+91-8892803342,Verified,2021-04-02
CUST104386,Meera,Joshi,Female,1996-02-05,30,Single,2,Graduate,Salaried,Nurse,260900,Chennai,Tamil Nadu,Owned,12,meera.joshi399@outlook.com,+91-8067414145,Verified,2017-09-20
CUST104387,Harsh,Bose,Male,1987-12-02,38,Married,2,Diploma,Salaried,Nurse,833000,Surat,Gujarat,Mortgaged,0,harsh.bose264@outlook.com,+91-9555358372,Verified,2020-04-04
CUST104388,Neha,Gupta,Female,1985-11-20,40,Widowed,3,Graduate,Self-Employed,Chartered Accountant,402100,Bengaluru,Karnataka,Rented,6,neha.gupta585@rediffmail.com,+91-9867162269,Verified,2022-02-23
CUST104389,Aanya,Khan,Female,1972-09-24,53,Widowed,1,Graduate,Self-Employed,Architect,274400,Delhi,Delhi,Owned,12,aanya.khan757@yahoo.in,+91-7099462741,Verified,2016-05-04
CUST104390,Reyansh,Kapoor,Male,1982-12-10,43,Married,2,Diploma,Salaried,Bank Officer,1305300,Surat,Gujarat,Rented,16,reyansh.kapoor665@yahoo.in,+91-8657967040,Verified,2014-09-27
CUST104391,Anika,Mehta,Female,1983-04-17,43,Married,1,Graduate,Self-Employed,Consultant,452100,Chennai,Tamil Nadu,Mortgaged,23,anika.mehta487@outlook.com,+91-8288858673,Pending,2014-09-18
CUST104392,Kabir,Singh,Male,1966-05-15,60,Married,2,Post Graduate,Business Owner,Manufacturer,310200,Coimbatore,Tamil Nadu,Owned,17,kabir.singh668@rediffmail.com,+91-7623816306,Verified,2023-10-25
CUST104393,Kritika,Das,Female,1983-07-03,43,Divorced,2,High School,Salaried,Software Engineer,309800,Coimbatore,Tamil Nadu,Owned,12,kritika.das508@gmail.com,+91-9226269577,Pending,2016-12-08
CUST104394,Ayaan,Khan,Male,1989-06-19,37,Single,0,High School,Salaried,HR Manager,213000,Kochi,Kerala,Owned,13,ayaan.khan981@rediffmail.com,+91-8621097928,Pending,2018-06-18
CUST104395,Sneha,Joshi,Female,2005-03-19,21,Married,1,Graduate,Business Owner,Trader,311800,Chandigarh,Chandigarh,Rented,3,sneha.joshi416@gmail.com,+91-9315908172,Verified,2023-11-27
CUST104396,Vikram,Gill,Male,1994-05-16,32,Single,2,Post Graduate,Self-Employed,Doctor (Practice),1320900,Chandigarh,Chandigarh,Family Owned,14,vikram.gill263@gmail.com,+91-7762820115,Verified,2016-12-30
CUST104397,Meera,Iyer,Female,2002-01-09,24,Single,3,Graduate,Salaried,Accountant,257900,Jaipur,Rajasthan,Rented,6,meera.iyer208@rediffmail.com,+91-8384471513,Verified,2021-02-18
CUST104398,Imran,Chowdhury,Male,2002-03-18,24,Married,1,Diploma,Unemployed,Homemaker,120000,Kolkata,West Bengal,Rented,6,imran.chowdhury150@yahoo.in,+91-7522309267,Verified,2020-01-15
CUST104399,Dev,Chopra,Male,1979-10-22,46,Married,4,Graduate,Self-Employed,Lawyer,2063500,Delhi,Delhi,Family Owned,14,dev.chopra77@rediffmail.com,+91-8746954582,Verified,2015-01-27
CUST104400,Shreya,Mukherjee,Female,1963-12-16,62,Married,1,Post Graduate,Salaried,Nurse,1024700,Coimbatore,Tamil Nadu,Rented,19,shreya.mukherjee816@yahoo.in,+91-7942743836,Verified,2015-12-25
CUST104401,Arjun,Kapoor,Male,1985-05-27,41,Single,1,Graduate,Salaried,Teacher,383800,Lucknow,Uttar Pradesh,Owned,15,arjun.kapoor964@rediffmail.com,+91-7845374689,Verified,2023-03-18
CUST104402,Swati,Kaur,Female,1988-05-15,38,Single,1,Diploma,Salaried,Software Engineer,457400,Surat,Gujarat,Rented,0,swati.kaur498@outlook.com,+91-8613221387,Verified,2021-02-07
CUST104403,Ishaan,Patel,Male,1997-05-01,29,Married,0,Post Graduate,Business Owner,Trader,1405700,Mysuru,Karnataka,Owned,11,ishaan.patel732@gmail.com,+91-7568495027,Verified,2017-08-30
CUST104404,Tanvi,Bhat,Female,1977-09-19,48,Married,2,Graduate,Salaried,Bank Officer,608800,Kochi,Kerala,Mortgaged,2,tanvi.bhat667@yahoo.in,+91-9411932711,Verified,2021-01-21
CUST104405,Amit,Deshpande,Male,1988-12-07,37,Married,1,High School,Salaried,Nurse,264600,Chandigarh,Chandigarh,Family Owned,10,amit.deshpande713@rediffmail.com,+91-9585212080,Verified,2018-05-22
CUST104406,Reyansh,Das,Male,1984-10-09,41,Married,1,Diploma,Salaried,Analyst,310900,Kochi,Kerala,Owned,7,reyansh.das767@gmail.com,+91-9619796251,Verified,2019-11-28
CUST104407,Siddharth,Mehta,Male,2004-07-15,21,Married,1,Graduate,Salaried,Sales Executive,120000,Hyderabad,Telangana,Rented,3,siddharth.mehta787@rediffmail.com,+91-9417005727,Verified,2022-06-26
CUST104408,Ayaan,Bose,Male,1978-07-16,47,Single,1,Graduate,Salaried,Sales Executive,604500,Coimbatore,Tamil Nadu,Mortgaged,12,ayaan.bose383@outlook.com,+91-9292177425,Verified,2024-04-28
CUST104409,Ishaan,Kulkarni,Male,1997-02-09,29,Married,0,Graduate,Salaried,Software Engineer,649500,Jaipur,Rajasthan,Rented,1,ishaan.kulkarni17@rediffmail.com,+91-8323766738,Verified,2018-02-10
CUST104410,Anil,Banerjee,Male,1991-09-29,34,Single,2,Professional Degree,Salaried,Sales Executive,1465400,Kolkata,West Bengal,Rented,4,anil.banerjee490@gmail.com,+91-8265745458,Verified,2015-06-26
CUST104411,Rohan,Kaur,Male,1993-05-24,33,Single,2,Post Graduate,Self-Employed,Consultant,2626400,Pune,Maharashtra,Rented,2,rohan.kaur257@outlook.com,+91-8658221085,Verified,2022-01-26
CUST104412,Zara,Chowdhury,Female,1967-08-02,58,Married,0,High School,Self-Employed,Consultant,262100,Coimbatore,Tamil Nadu,Rented,16,zara.chowdhury754@outlook.com,+91-8996526184,Verified,2020-04-23
CUST104413,Pranav,Kapoor,Male,2005-06-03,21,Single,0,Diploma,Self-Employed,Doctor (Practice),618900,Bengaluru,Karnataka,Mortgaged,2,pranav.kapoor236@yahoo.in,+91-7678417751,Verified,2021-10-30
CUST104414,Pooja,Kaur,Female,1972-09-23,53,Married,0,Professional Degree,Business Owner,Trader,1488800,Lucknow,Uttar Pradesh,Family Owned,15,pooja.kaur519@yahoo.in,+91-8624186523,Verified,2023-05-01
CUST104415,Reyansh,Nair,Male,1981-08-09,44,Single,1,Graduate,Self-Employed,Consultant,873600,Surat,Gujarat,Owned,8,reyansh.nair901@outlook.com,+91-7368470364,Verified,2017-03-19
CUST104416,Manish,Rao,Male,1978-07-22,47,Married,2,Graduate,Salaried,Analyst,1059600,Bhopal,Madhya Pradesh,Owned,14,manish.rao519@gmail.com,+91-7592148285,Verified,2023-04-07
CUST104417,Kabir,Menon,Male,1994-12-25,31,Married,0,Post Graduate,Salaried,HR Manager,681900,Noida,Uttar Pradesh,Owned,9,kabir.menon924@gmail.com,+91-8210690527,Verified,2021-09-21
CUST104418,Krishna,Khan,Male,1972-06-11,54,Single,4,Graduate,Salaried,Sales Executive,651600,Bengaluru,Karnataka,Owned,7,krishna.khan382@yahoo.in,+91-9430501095,Verified,2014-03-24
CUST104419,Swati,Banerjee,Female,1985-02-09,41,Married,1,Professional Degree,Salaried,HR Manager,614800,Kolkata,West Bengal,Rented,21,swati.banerjee570@yahoo.in,+91-8740450674,Verified,2013-07-08
CUST104420,Isha,Rao,Female,1977-01-28,49,Married,2,Post Graduate,Salaried,Nurse,1066600,Gurugram,Haryana,Owned,23,isha.rao613@gmail.com,+91-8485854191,Verified,2018-02-28
CUST104421,Zaid,Khan,Male,1993-02-16,33,Married,1,Diploma,Salaried,Teacher,372200,Coimbatore,Tamil Nadu,Owned,6,zaid.khan836@rediffmail.com,+91-8173801312,Verified,2014-01-01
CUST104422,Priya,Mukherjee,Female,2000-06-07,26,Single,2,Diploma,Self-Employed,Architect,643000,Nagpur,Maharashtra,Rented,8,priya.mukherjee712@gmail.com,+91-9781283620,Verified,2021-05-03
CUST104423,Nisha,Bhat,Female,1995-06-07,31,Married,1,Professional Degree,Unemployed,Homemaker,303100,Kolkata,West Bengal,Rented,2,nisha.bhat27@yahoo.in,+91-8573938412,Verified,2023-12-24
CUST104424,Nisha,Reddy,Female,1971-04-22,55,Married,1,Diploma,Retired,Retired Government Employee,151100,Bhopal,Madhya Pradesh,Owned,17,nisha.reddy308@yahoo.in,+91-7951912627,Verified,2017-03-15
CUST104425,Meera,Reddy,Female,1987-12-16,38,Single,2,Graduate,Self-Employed,Consultant,670800,Bengaluru,Karnataka,Owned,20,meera.reddy804@outlook.com,+91-8261154870,Verified,2024-03-02
CUST104426,Kavya,Naidu,Female,2005-03-25,21,Single,1,Diploma,Salaried,Nurse,351700,Delhi,Delhi,Rented,3,kavya.naidu523@yahoo.in,+91-8171030087,Pending,2022-11-05
CUST104427,Ritu,Nair,Female,1977-11-09,48,Married,1,Diploma,Business Owner,Trader,1326400,Lucknow,Uttar Pradesh,Rented,11,ritu.nair157@gmail.com,+91-9523187208,Verified,2016-12-06
CUST104428,Anil,Kaur,Male,1999-09-27,26,Married,1,Graduate,Salaried,Nurse,226100,Chennai,Tamil Nadu,Family Owned,1,anil.kaur455@outlook.com,+91-8838787726,Pending,2018-09-09
CUST104429,Siddharth,Kulkarni,Male,1985-12-13,40,Married,1,Post Graduate,Salaried,Bank Officer,510900,Kolkata,West Bengal,Owned,4,siddharth.kulkarni842@outlook.com,+91-9568111123,Verified,2013-11-19
CUST104430,Siddharth,Iyer,Male,1989-11-26,36,Married,1,Graduate,Unemployed,Homemaker,179000,Indore,Madhya Pradesh,Mortgaged,14,siddharth.iyer235@gmail.com,+91-8691035767,Verified,2017-10-18
CUST104431,Vihaan,Joshi,Male,1991-06-28,35,Single,0,High School,Salaried,Analyst,337800,Mumbai,Maharashtra,Rented,14,vihaan.joshi229@gmail.com,+91-8771030666,Verified,2019-07-11
CUST104432,Imran,Menon,Male,1992-05-28,34,Single,0,Professional Degree,Self-Employed,Lawyer,1179000,Chandigarh,Chandigarh,Owned,16,imran.menon404@rediffmail.com,+91-8847977422,Verified,2023-01-28
CUST104433,Neha,Malhotra,Female,1991-04-06,35,Single,0,Post Graduate,Self-Employed,Architect,622000,Chandigarh,Chandigarh,Rented,8,neha.malhotra513@rediffmail.com,+91-8486588881,Pending,2015-05-02
CUST104434,Vihaan,Patel,Male,1997-01-03,29,Married,3,High School,Salaried,Software Engineer,160100,Kolkata,West Bengal,Owned,0,vihaan.patel872@yahoo.in,+91-9793248760,Verified,2017-06-17
CUST104435,Ishaan,Bhat,Male,1973-05-06,53,Married,0,Diploma,Retired,Pensioner,124800,Lucknow,Uttar Pradesh,Owned,7,ishaan.bhat633@rediffmail.com,+91-8494922132,Verified,2018-07-12
CUST104436,Reyansh,Das,Male,1976-06-28,50,Married,1,Graduate,Self-Employed,Consultant,266300,Kolkata,West Bengal,Owned,2,reyansh.das975@yahoo.in,+91-7831603543,Verified,2023-06-25
CUST104437,Sandeep,Khan,Male,1993-01-27,33,Divorced,2,Graduate,Salaried,Teacher,423700,Mumbai,Maharashtra,Family Owned,4,sandeep.khan930@yahoo.in,+91-9153001098,Pending,2018-01-13
CUST104438,Krishna,Singh,Male,1979-04-16,47,Married,0,Diploma,Salaried,HR Manager,289800,Ahmedabad,Gujarat,Mortgaged,20,krishna.singh892@yahoo.in,+91-8188844010,Verified,2022-05-09
CUST104439,Yash,Bose,Male,1986-02-15,40,Married,2,Graduate,Unemployed,Student,120000,Indore,Madhya Pradesh,Family Owned,12,yash.bose531@rediffmail.com,+91-9619024987,Verified,2015-02-22
CUST104440,Deepika,Bhat,Female,1972-01-02,54,Married,1,Post Graduate,Salaried,Software Engineer,862300,Chennai,Tamil Nadu,Owned,2,deepika.bhat874@rediffmail.com,+91-7361309548,Verified,2018-07-18
CUST104441,Ayesha,Gupta,Female,1982-10-25,43,Married,1,Graduate,Salaried,Sales Executive,1350300,Bengaluru,Karnataka,Rented,5,ayesha.gupta658@rediffmail.com,+91-7282015217,Verified,2013-11-20
CUST104442,Diya,Chowdhury,Female,1992-12-09,33,Single,0,Graduate,Salaried,Accountant,1969900,Pune,Maharashtra,Rented,3,diya.chowdhury853@yahoo.in,+91-9662769310,Verified,2014-04-06
CUST104443,Anil,Nair,Male,1987-12-04,38,Single,1,Post Graduate,Salaried,Accountant,341900,Jaipur,Rajasthan,Rented,0,anil.nair643@yahoo.in,+91-8659758597,Pending,2021-09-27
CUST104444,Manish,Banerjee,Male,1985-03-01,41,Single,1,Graduate,Retired,Retired Government Employee,557300,Hyderabad,Telangana,Owned,17,manish.banerjee635@gmail.com,+91-7188565760,Verified,2014-04-13
CUST104445,Dev,Bose,Male,1992-07-08,33,Married,2,Graduate,Self-Employed,Freelance Designer,875900,Ahmedabad,Gujarat,Rented,3,dev.bose162@outlook.com,+91-8421110217,Verified,2021-02-15
CUST104446,Kavya,Chowdhury,Female,1978-01-17,48,Single,3,High School,Salaried,Bank Officer,413800,Indore,Madhya Pradesh,Rented,5,kavya.chowdhury327@outlook.com,+91-9242802704,Verified,2024-02-04
CUST104447,Kabir,Singh,Male,2005-02-11,21,Married,2,Diploma,Salaried,Bank Officer,240100,Pune,Maharashtra,Family Owned,2,kabir.singh671@yahoo.in,+91-8926496636,Verified,2022-04-28
CUST104448,Yash,Naidu,Male,1988-10-15,37,Married,3,High School,Salaried,Sales Executive,474000,Indore,Madhya Pradesh,Family Owned,7,yash.naidu929@outlook.com,+91-9134733364,Pending,2019-08-17
CUST104449,Farhan,Naidu,Male,1994-09-01,31,Single,0,Diploma,Business Owner,Restaurant Owner,295900,Jaipur,Rajasthan,Mortgaged,13,farhan.naidu937@outlook.com,+91-9763416932,Verified,2020-04-07
CUST104450,Dev,Singh,Male,1983-12-14,42,Married,1,Post Graduate,Self-Employed,Chartered Accountant,251100,Mysuru,Karnataka,Rented,10,dev.singh136@outlook.com,+91-8029466582,Verified,2013-09-09
CUST104451,Ananya,Kapoor,Female,1985-09-30,40,Married,4,Post Graduate,Salaried,HR Manager,526100,Chennai,Tamil Nadu,Rented,7,ananya.kapoor870@yahoo.in,+91-8520290593,Verified,2014-04-20
CUST104452,Neha,Shah,Female,1986-08-25,39,Married,2,Graduate,Self-Employed,Doctor (Practice),372900,Chandigarh,Chandigarh,Owned,21,neha.shah161@outlook.com,+91-8226031314,Pending,2014-07-28
CUST104453,Ishaan,Khan,Male,1988-10-09,37,Married,2,Post Graduate,Salaried,Accountant,677900,Delhi,Delhi,Rented,13,ishaan.khan782@yahoo.in,+91-7062852350,Verified,2023-02-08
CUST104454,Yash,Rao,Male,1991-12-02,34,Single,1,Graduate,Salaried,Bank Officer,459600,Kolkata,West Bengal,Family Owned,1,yash.rao926@yahoo.in,+91-7613476838,Verified,2018-05-12
CUST104455,Siddharth,Mukherjee,Male,1981-06-04,45,Married,0,High School,Salaried,Analyst,455400,Mysuru,Karnataka,Mortgaged,1,siddharth.mukherjee508@rediffmail.com,+91-9764330091,Pending,2019-01-26
CUST104456,Rajesh,Kapoor,Male,1997-08-27,28,Single,1,Professional Degree,Salaried,Accountant,1148700,Hyderabad,Telangana,Rented,10,rajesh.kapoor781@rediffmail.com,+91-8755793467,Pending,2018-12-17
CUST104457,Vikram,Bhat,Male,1991-10-10,34,Married,1,Professional Degree,Salaried,Software Engineer,824100,Nagpur,Maharashtra,Rented,9,vikram.bhat605@gmail.com,+91-8192348251,Pending,2017-04-23
CUST104458,Imran,Chowdhury,Male,2004-07-23,21,Married,2,Diploma,Self-Employed,Doctor (Practice),218400,Kochi,Kerala,Rented,3,imran.chowdhury324@rediffmail.com,+91-7146647025,Pending,2021-10-28
CUST104459,Kritika,Iyer,Female,1980-03-22,46,Divorced,0,Graduate,Salaried,Accountant,1152200,Mysuru,Karnataka,Family Owned,0,kritika.iyer698@gmail.com,+91-7364248086,Pending,2022-05-31
CUST104460,Nisha,Mukherjee,Female,1969-01-23,57,Married,1,Graduate,Salaried,Analyst,511500,Mysuru,Karnataka,Owned,8,nisha.mukherjee556@yahoo.in,+91-9134078481,Verified,2016-09-18
CUST104461,Riya,Joshi,Female,2000-08-14,25,Divorced,1,Graduate,Salaried,Bank Officer,693200,Lucknow,Uttar Pradesh,Owned,7,riya.joshi993@gmail.com,+91-8897651532,Verified,2019-11-20
CUST104462,Saanvi,Ahmed,Female,1986-09-02,39,Married,0,Post Graduate,Salaried,HR Manager,618000,Jaipur,Rajasthan,Owned,8,saanvi.ahmed614@yahoo.in,+91-9448426456,Verified,2018-07-06
CUST104463,Zara,Kaur,Female,1990-09-12,35,Single,1,Post Graduate,Salaried,Bank Officer,858800,Chandigarh,Chandigarh,Family Owned,10,zara.kaur841@yahoo.in,+91-8133076507,Verified,2020-11-21
CUST104464,Anika,Naidu,Female,1984-04-28,42,Married,1,Graduate,Business Owner,Restaurant Owner,492600,Surat,Gujarat,Family Owned,11,anika.naidu813@outlook.com,+91-8274053696,Pending,2022-07-28
CUST104465,Kritika,Deshpande,Female,1981-10-07,44,Married,2,Graduate,Business Owner,Manufacturer,922700,Nagpur,Maharashtra,Mortgaged,22,kritika.deshpande753@yahoo.in,+91-8546969922,Verified,2019-08-14
CUST104466,Aarav,Ahmed,Male,1995-05-12,31,Married,0,High School,Salaried,Software Engineer,585000,Bengaluru,Karnataka,Owned,12,aarav.ahmed591@outlook.com,+91-9323964784,Verified,2023-05-01
CUST104467,Pranav,Sharma,Male,1986-07-31,39,Married,1,Graduate,Salaried,Analyst,855900,Delhi,Delhi,Owned,14,pranav.sharma939@outlook.com,+91-7398457732,Verified,2018-08-01
CUST104468,Krishna,Deshpande,Male,1961-09-27,64,Single,0,Graduate,Salaried,Analyst,635900,Mysuru,Karnataka,Rented,8,krishna.deshpande454@gmail.com,+91-7426599472,Pending,2024-02-09
CUST104469,Pranav,Bhat,Male,1994-03-07,32,Single,0,Graduate,Self-Employed,Consultant,737500,Coimbatore,Tamil Nadu,Owned,1,pranav.bhat383@gmail.com,+91-7146568232,Pending,2014-01-30
CUST104470,Farhan,Deshpande,Male,1964-10-11,61,Single,1,Diploma,Self-Employed,Architect,940900,Bhopal,Madhya Pradesh,Mortgaged,17,farhan.deshpande469@yahoo.in,+91-7677123333,Pending,2013-11-05
CUST104471,Aarohi,Khan,Female,1997-08-25,28,Married,2,High School,Salaried,Accountant,381400,Mysuru,Karnataka,Rented,10,aarohi.khan277@gmail.com,+91-9188272726,Pending,2022-03-29
CUST104472,Deepak,Mukherjee,Male,2002-08-16,23,Married,0,Diploma,Self-Employed,Doctor (Practice),191800,Indore,Madhya Pradesh,Mortgaged,2,deepak.mukherjee547@rediffmail.com,+91-9731808301,Verified,2020-04-16
CUST104473,Arjun,Menon,Male,1986-10-29,39,Married,3,Post Graduate,Salaried,Nurse,242600,Bhopal,Madhya Pradesh,Family Owned,0,arjun.menon935@rediffmail.com,+91-7172779972,Pending,2022-05-03
CUST104474,Tanvi,Malhotra,Female,1990-05-25,36,Married,3,Graduate,Salaried,Sales Executive,1099500,Kochi,Kerala,Mortgaged,15,tanvi.malhotra632@outlook.com,+91-9870768448,Pending,2020-09-13
CUST104475,Rajesh,Ahmed,Male,1995-01-25,31,Married,0,Post Graduate,Salaried,Bank Officer,355300,Jaipur,Rajasthan,Family Owned,13,rajesh.ahmed850@rediffmail.com,+91-8847409964,Verified,2017-05-06
CUST104476,Diya,Singh,Female,1979-08-06,46,Single,0,Graduate,Salaried,Accountant,567000,Bhopal,Madhya Pradesh,Owned,19,diya.singh852@yahoo.in,+91-8345534210,Verified,2016-05-15
CUST104477,Shreya,Khan,Female,1976-07-08,49,Single,1,Post Graduate,Salaried,Sales Executive,638400,Bhopal,Madhya Pradesh,Rented,15,shreya.khan356@gmail.com,+91-7280922443,Verified,2014-02-04
CUST104478,Kabir,Patel,Male,1987-12-28,38,Single,2,Graduate,Salaried,Sales Executive,655600,Bengaluru,Karnataka,Mortgaged,4,kabir.patel974@rediffmail.com,+91-9730622478,Verified,2023-03-30
CUST104479,Rahul,Sheikh,Male,1998-03-08,28,Married,1,Graduate,Salaried,Sales Executive,287400,Noida,Uttar Pradesh,Rented,10,rahul.sheikh899@yahoo.in,+91-9671471429,Verified,2017-08-17
CUST104480,Lakshmi,Khan,Female,1986-04-16,40,Single,2,Diploma,Salaried,Analyst,292000,Ahmedabad,Gujarat,Owned,19,lakshmi.khan130@rediffmail.com,+91-8094680223,Pending,2014-12-05
CUST104481,Siddharth,Das,Male,1987-11-26,38,Single,2,Diploma,Salaried,HR Manager,256000,Indore,Madhya Pradesh,Owned,11,siddharth.das941@yahoo.in,+91-8230657461,Verified,2020-09-06
CUST104482,Vihaan,Ahmed,Male,1987-08-27,38,Married,2,Professional Degree,Business Owner,Manufacturer,512100,Delhi,Delhi,Rented,16,vihaan.ahmed967@outlook.com,+91-8517362330,Pending,2022-11-24
CUST104483,Rohan,Iyer,Male,1993-08-31,32,Divorced,1,Graduate,Salaried,HR Manager,473400,Kochi,Kerala,Owned,11,rohan.iyer550@rediffmail.com,+91-8166296217,Verified,2019-05-15
CUST104484,Lakshmi,Ahmed,Female,1988-06-19,38,Married,2,Graduate,Salaried,Teacher,630000,Gurugram,Haryana,Rented,11,lakshmi.ahmed997@outlook.com,+91-9471476095,Verified,2017-06-03
CUST104485,Imran,Sheikh,Male,1982-04-06,44,Single,0,Post Graduate,Salaried,Teacher,707700,Noida,Uttar Pradesh,Mortgaged,23,imran.sheikh401@yahoo.in,+91-8185519134,Verified,2022-12-11
CUST104486,Pooja,Reddy,Female,1983-01-08,43,Married,3,Graduate,Self-Employed,Consultant,470300,Kochi,Kerala,Rented,2,pooja.reddy926@gmail.com,+91-8682551609,Verified,2015-06-07
CUST104487,Tanvi,Joshi,Female,1974-05-16,52,Single,2,High School,Salaried,Software Engineer,231900,Delhi,Delhi,Family Owned,16,tanvi.joshi29@outlook.com,+91-8555263333,Verified,2015-05-26
CUST104488,Harsh,Gill,Male,1989-04-08,37,Single,1,Post Graduate,Self-Employed,Freelance Designer,1099700,Chennai,Tamil Nadu,Owned,15,harsh.gill134@yahoo.in,+91-7925073094,Verified,2024-05-12
CUST104489,Rahul,Bhat,Male,2005-05-15,21,Single,2,Diploma,Unemployed,Not Employed,120000,Ahmedabad,Gujarat,Mortgaged,2,rahul.bhat335@gmail.com,+91-9545093685,Pending,2022-12-14
CUST104490,Suresh,Kulkarni,Male,2000-08-21,25,Divorced,2,Graduate,Salaried,Analyst,217200,Chandigarh,Chandigarh,Owned,6,suresh.kulkarni171@yahoo.in,+91-9551969048,Verified,2019-12-05
CUST104491,Anika,Mukherjee,Female,1994-11-28,31,Married,3,Post Graduate,Salaried,Sales Executive,531500,Lucknow,Uttar Pradesh,Rented,9,anika.mukherjee822@gmail.com,+91-7679635749,Verified,2017-03-07
CUST104492,Fatima,Menon,Female,1977-11-15,48,Divorced,2,Graduate,Self-Employed,Chartered Accountant,1163100,Noida,Uttar Pradesh,Owned,24,fatima.menon114@yahoo.in,+91-8833090470,Verified,2018-08-27
CUST104493,Karthik,Chowdhury,Male,1997-07-31,28,Single,2,Graduate,Salaried,Accountant,515600,Bengaluru,Karnataka,Rented,3,karthik.chowdhury143@outlook.com,+91-8449830968,Verified,2021-12-05
CUST104494,Arjun,Rao,Male,1987-06-30,39,Married,2,High School,Salaried,Teacher,241600,Ahmedabad,Gujarat,Owned,19,arjun.rao285@gmail.com,+91-7557068354,Verified,2022-06-24
CUST104495,Pranav,Joshi,Male,1956-10-20,69,Married,1,Post Graduate,Salaried,Sales Executive,1086900,Indore,Madhya Pradesh,Owned,15,pranav.joshi741@yahoo.in,+91-9416446323,Verified,2018-09-24
CUST104496,Imran,Gupta,Male,1984-06-28,42,Divorced,3,Post Graduate,Self-Employed,Consultant,971800,Noida,Uttar Pradesh,Owned,17,imran.gupta184@gmail.com,+91-8953632961,Verified,2019-10-22
CUST104497,Siddharth,Malhotra,Male,1976-01-26,50,Married,2,Graduate,Salaried,Analyst,211000,Kochi,Kerala,Owned,21,siddharth.malhotra805@yahoo.in,+91-8029887673,Verified,2013-12-24
CUST104498,Saanvi,Iyer,Female,1970-06-16,56,Married,0,Graduate,Self-Employed,Doctor (Practice),1389100,Mysuru,Karnataka,Family Owned,3,saanvi.iyer542@yahoo.in,+91-8128362929,Verified,2020-09-17
CUST104499,Lakshmi,Ahmed,Female,1985-04-19,41,Married,1,Graduate,Salaried,Nurse,217900,Noida,Uttar Pradesh,Mortgaged,23,lakshmi.ahmed930@gmail.com,+91-8980464760,Pending,2016-01-04
CUST104500,Lakshmi,Joshi,Female,1969-04-29,57,Widowed,0,Graduate,Salaried,Accountant,744900,Chandigarh,Chandigarh,Owned,13,lakshmi.joshi905@outlook.com,+91-7180657909,Verified,2014-07-10
CUST104501,Priya,Mehta,Female,2003-04-16,23,Married,2,Post Graduate,Salaried,Teacher,553700,Pune,Maharashtra,Rented,4,priya.mehta652@yahoo.in,+91-7411629207,Verified,2022-05-24
CUST104502,Farhan,Chopra,Male,1999-11-25,26,Married,2,Graduate,Business Owner,Restaurant Owner,461400,Bengaluru,Karnataka,Owned,5,farhan.chopra968@rediffmail.com,+91-9210671742,Verified,2023-08-05
CUST104503,Aarohi,Khan,Female,1993-11-28,32,Single,2,Graduate,Self-Employed,Architect,425500,Nagpur,Maharashtra,Rented,14,aarohi.khan98@outlook.com,+91-8517220411,Verified,2017-08-29
CUST104504,Divya,Ahmed,Female,1982-12-03,43,Single,2,Graduate,Retired,Pensioner,169000,Mumbai,Maharashtra,Family Owned,20,divya.ahmed15@rediffmail.com,+91-7469556128,Verified,2024-01-07
CUST104505,Amit,Mehta,Male,1968-09-29,57,Widowed,2,Professional Degree,Self-Employed,Lawyer,654900,Mumbai,Maharashtra,Family Owned,16,amit.mehta614@rediffmail.com,+91-7145948528,Verified,2023-02-09
CUST104506,Isha,Ahmed,Female,1981-04-01,45,Married,3,Graduate,Salaried,Nurse,493400,Coimbatore,Tamil Nadu,Mortgaged,21,isha.ahmed754@outlook.com,+91-7138157796,Verified,2014-05-18
CUST104507,Kabir,Naidu,Male,1986-12-18,39,Single,5,Graduate,Unemployed,Not Employed,120000,Indore,Madhya Pradesh,Family Owned,10,kabir.naidu203@yahoo.in,+91-9368060675,Verified,2013-10-23
CUST104508,Ritu,Khan,Female,1992-10-03,33,Widowed,0,Graduate,Salaried,Accountant,931900,Pune,Maharashtra,Rented,9,ritu.khan516@rediffmail.com,+91-7311139769,Pending,2019-01-02
CUST104509,Vihaan,Sheikh,Male,1997-02-05,29,Married,1,High School,Salaried,Analyst,257100,Chennai,Tamil Nadu,Rented,11,vihaan.sheikh311@gmail.com,+91-9833750379,Verified,2014-04-05
CUST104510,Manish,Joshi,Male,1978-12-02,47,Widowed,1,Professional Degree,Salaried,Software Engineer,1137600,Mysuru,Karnataka,Rented,14,manish.joshi563@yahoo.in,+91-7697386432,Verified,2021-07-30
CUST104511,Vivaan,Naidu,Male,1980-02-26,46,Married,1,Graduate,Business Owner,Trader,742700,Lucknow,Uttar Pradesh,Mortgaged,10,vivaan.naidu335@outlook.com,+91-7723375731,Pending,2017-12-04
CUST104512,Aadhya,Sheikh,Female,2001-10-25,24,Single,1,Graduate,Salaried,Teacher,454600,Coimbatore,Tamil Nadu,Family Owned,6,aadhya.sheikh669@yahoo.in,+91-8084116971,Verified,2022-05-31
CUST104513,Deepika,Iyer,Female,1978-03-17,48,Single,1,Graduate,Self-Employed,Chartered Accountant,763400,Chandigarh,Chandigarh,Rented,1,deepika.iyer396@yahoo.in,+91-8810014780,Verified,2015-02-21
CUST104514,Suresh,Joshi,Male,1983-09-03,42,Married,2,Graduate,Salaried,Software Engineer,813000,Hyderabad,Telangana,Owned,10,suresh.joshi903@outlook.com,+91-9569452174,Verified,2022-06-16
CUST104515,Dev,Iyer,Male,1975-01-30,51,Single,2,Diploma,Salaried,Accountant,599300,Pune,Maharashtra,Rented,12,dev.iyer268@yahoo.in,+91-9863066971,Pending,2022-05-11
CUST104516,Rahul,Verma,Male,1991-03-08,35,Single,2,Post Graduate,Business Owner,Manufacturer,619000,Chennai,Tamil Nadu,Rented,17,rahul.verma954@yahoo.in,+91-8041199581,Pending,2016-07-02
CUST104517,Saanvi,Patel,Female,1981-01-31,45,Married,0,Post Graduate,Salaried,HR Manager,1715800,Chandigarh,Chandigarh,Rented,3,saanvi.patel934@gmail.com,+91-8521468496,Pending,2018-11-04
CUST104518,Rahul,Mukherjee,Male,1994-08-18,31,Single,1,Diploma,Self-Employed,Freelance Designer,745600,Coimbatore,Tamil Nadu,Owned,13,rahul.mukherjee365@gmail.com,+91-7875453805,Verified,2014-10-03
CUST104519,Deepika,Chopra,Female,1972-03-10,54,Widowed,2,Post Graduate,Salaried,Bank Officer,367000,Indore,Madhya Pradesh,Owned,5,deepika.chopra124@gmail.com,+91-8247422064,Verified,2016-01-15
CUST104520,Priya,Chowdhury,Female,1986-09-09,39,Single,0,Graduate,Self-Employed,Architect,356400,Chennai,Tamil Nadu,Owned,3,priya.chowdhury401@rediffmail.com,+91-8339608150,Pending,2014-10-11
CUST104521,Vivaan,Nair,Male,1977-04-18,49,Married,1,Graduate,Self-Employed,Lawyer,446800,Coimbatore,Tamil Nadu,Rented,4,vivaan.nair831@gmail.com,+91-9734084611,Pending,2018-11-20
CUST104522,Harsh,Banerjee,Male,2004-06-26,22,Single,0,Diploma,Salaried,HR Manager,200600,Jaipur,Rajasthan,Mortgaged,4,harsh.banerjee502@outlook.com,+91-8055291398,Verified,2022-07-05
CUST104523,Ayaan,Joshi,Male,2004-03-20,22,Single,4,Diploma,Salaried,Bank Officer,339200,Kochi,Kerala,Owned,4,ayaan.joshi634@outlook.com,+91-9567490419,Verified,2021-06-03
CUST104524,Krishna,Reddy,Male,1982-12-21,43,Single,2,Diploma,Self-Employed,Architect,473600,Mysuru,Karnataka,Rented,11,krishna.reddy332@outlook.com,+91-9841555392,Verified,2020-12-23
CUST104525,Zara,Kapoor,Female,1976-08-04,49,Married,2,Post Graduate,Salaried,Teacher,1133100,Delhi,Delhi,Rented,4,zara.kapoor787@gmail.com,+91-8439771414,Verified,2022-01-08
CUST104526,Aarohi,Naidu,Female,1974-01-01,52,Single,3,Post Graduate,Business Owner,Manufacturer,827100,Ahmedabad,Gujarat,Rented,5,aarohi.naidu222@yahoo.in,+91-8695407120,Verified,2020-06-13
CUST104527,Zaid,Gupta,Male,1992-10-27,33,Married,1,Diploma,Salaried,Analyst,700700,Noida,Uttar Pradesh,Rented,15,zaid.gupta687@gmail.com,+91-7924270304,Verified,2019-04-30
CUST104528,Ayesha,Kaur,Female,2005-05-08,21,Married,0,Graduate,Self-Employed,Architect,468100,Chennai,Tamil Nadu,Owned,0,ayesha.kaur608@gmail.com,+91-9896553422,Verified,2024-03-18
CUST104529,Anjali,Kapoor,Female,2005-02-01,21,Divorced,0,High School,Self-Employed,Freelance Designer,237300,Lucknow,Uttar Pradesh,Rented,3,anjali.kapoor285@yahoo.in,+91-9542050552,Pending,2023-10-28
CUST104530,Rahul,Kulkarni,Male,1984-06-06,42,Married,0,Graduate,Salaried,Accountant,644000,Chandigarh,Chandigarh,Family Owned,8,rahul.kulkarni813@outlook.com,+91-7324747474,Verified,2013-09-20
CUST104531,Rajesh,Menon,Male,1993-06-30,33,Single,2,Professional Degree,Self-Employed,Architect,866300,Noida,Uttar Pradesh,Rented,15,rajesh.menon275@gmail.com,+91-9886578712,Verified,2021-10-29
CUST104532,Rohan,Chopra,Male,1965-12-23,60,Single,1,Graduate,Unemployed,Not Employed,312400,Lucknow,Uttar Pradesh,Owned,0,rohan.chopra205@outlook.com,+91-7178511113,Verified,2016-01-27
CUST104533,Amit,Joshi,Male,1992-11-01,33,Married,1,Post Graduate,Self-Employed,Lawyer,467200,Nagpur,Maharashtra,Family Owned,15,amit.joshi745@outlook.com,+91-9517838543,Pending,2013-09-13
CUST104534,Rohan,Joshi,Male,2004-01-30,22,Single,1,Graduate,Retired,Retired Private Sector,704500,Mumbai,Maharashtra,Family Owned,4,rohan.joshi197@rediffmail.com,+91-9587296625,Verified,2020-10-07
CUST104535,Nikhil,Naidu,Male,1988-03-09,38,Single,1,Graduate,Salaried,Analyst,550400,Ahmedabad,Gujarat,Rented,16,nikhil.naidu615@outlook.com,+91-7973691416,Pending,2014-07-08
CUST104536,Zara,Ahmed,Female,1985-02-15,41,Married,1,High School,Unemployed,Not Employed,120800,Bengaluru,Karnataka,Rented,16,zara.ahmed877@gmail.com,+91-9691694967,Verified,2020-10-14
CUST104537,Riya,Joshi,Female,1990-12-18,35,Single,3,Post Graduate,Salaried,Software Engineer,779700,Ahmedabad,Gujarat,Owned,17,riya.joshi950@gmail.com,+91-9328307354,Verified,2021-09-24
CUST104538,Aditya,Joshi,Male,1982-12-03,43,Single,1,High School,Business Owner,Manufacturer,257100,Mysuru,Karnataka,Mortgaged,18,aditya.joshi963@yahoo.in,+91-9049437034,Verified,2022-07-27
CUST104539,Riya,Rao,Female,1970-10-09,55,Divorced,1,Post Graduate,Business Owner,Manufacturer,1770600,Hyderabad,Telangana,Rented,9,riya.rao751@outlook.com,+91-8790390394,Verified,2013-10-31
CUST104540,Aditya,Kulkarni,Male,1982-09-08,43,Married,0,Graduate,Retired,Retired Private Sector,185200,Kolkata,West Bengal,Rented,24,aditya.kulkarni716@rediffmail.com,+91-9598595381,Verified,2018-11-29
CUST104541,Aarav,Sheikh,Male,1989-03-17,37,Single,1,Graduate,Salaried,Software Engineer,165600,Pune,Maharashtra,Family Owned,3,aarav.sheikh216@yahoo.in,+91-8076466628,Pending,2024-03-23
CUST104542,Deepak,Ahmed,Male,1983-10-06,42,Married,1,Diploma,Salaried,Teacher,365400,Surat,Gujarat,Rented,16,deepak.ahmed445@yahoo.in,+91-9246367299,Verified,2014-06-12
CUST104543,Vivaan,Chopra,Male,2005-03-06,21,Single,1,Post Graduate,Salaried,Bank Officer,287700,Gurugram,Haryana,Family Owned,3,vivaan.chopra621@yahoo.in,+91-8872451959,Verified,2024-02-23
CUST104544,Divya,Patel,Female,1986-05-08,40,Married,0,Professional Degree,Salaried,Analyst,382300,Mumbai,Maharashtra,Rented,9,divya.patel322@yahoo.in,+91-7954465852,Verified,2017-02-05
CUST104545,Vihaan,Menon,Male,2005-04-14,21,Married,1,Graduate,Salaried,Sales Executive,313200,Gurugram,Haryana,Owned,3,vihaan.menon494@gmail.com,+91-7771527076,Verified,2022-01-08
CUST104546,Vihaan,Iyer,Male,2001-10-28,24,Married,0,Graduate,Self-Employed,Lawyer,1270600,Nagpur,Maharashtra,Rented,6,vihaan.iyer175@outlook.com,+91-8921417257,Verified,2020-07-25
CUST104547,Vivaan,Chopra,Male,2005-03-24,21,Single,5,Graduate,Salaried,Analyst,157700,Noida,Uttar Pradesh,Rented,3,vivaan.chopra880@rediffmail.com,+91-8786252528,Pending,2022-10-05
CUST104548,Dev,Bhat,Male,1989-06-05,37,Married,0,High School,Retired,Retired Government Employee,343500,Gurugram,Haryana,Mortgaged,8,dev.bhat662@outlook.com,+91-7727501522,Verified,2017-02-09
CUST104549,Anjali,Verma,Female,1974-12-01,51,Single,0,Graduate,Business Owner,Trader,713000,Noida,Uttar Pradesh,Rented,13,anjali.verma987@gmail.com,+91-8385136822,Verified,2021-03-05
CUST104550,Aarohi,Verma,Female,1986-06-13,40,Married,1,Post Graduate,Salaried,HR Manager,1110400,Chandigarh,Chandigarh,Mortgaged,6,aarohi.verma836@yahoo.in,+91-8268476362,Verified,2021-07-06
CUST104551,Riya,Reddy,Female,1992-11-01,33,Married,5,Graduate,Salaried,Bank Officer,516900,Mumbai,Maharashtra,Owned,11,riya.reddy321@gmail.com,+91-7792030928,Verified,2024-02-20
CUST104552,Suresh,Menon,Male,1989-11-22,36,Married,2,Graduate,Salaried,Analyst,697100,Bengaluru,Karnataka,Rented,12,suresh.menon880@gmail.com,+91-8568715039,Pending,2013-08-30
CUST104553,Vihaan,Reddy,Male,1972-06-17,54,Single,1,Post Graduate,Salaried,HR Manager,356400,Lucknow,Uttar Pradesh,Owned,21,vihaan.reddy77@rediffmail.com,+91-7614695639,Verified,2013-08-05
CUST104554,Reyansh,Patel,Male,1994-01-30,32,Single,1,Graduate,Business Owner,Contractor,694600,Surat,Gujarat,Owned,14,reyansh.patel348@gmail.com,+91-8613656813,Verified,2016-09-08
CUST104555,Ayaan,Joshi,Male,1994-10-22,31,Single,2,Diploma,Self-Employed,Lawyer,622500,Kochi,Kerala,Owned,13,ayaan.joshi343@yahoo.in,+91-9344636268,Pending,2014-05-30
CUST104556,Harsh,Shah,Male,1996-06-24,30,Married,2,Graduate,Salaried,Nurse,504400,Pune,Maharashtra,Rented,11,harsh.shah965@rediffmail.com,+91-8020499334,Pending,2024-01-19
CUST104557,Aarav,Kulkarni,Male,1995-10-11,30,Single,2,Graduate,Salaried,Sales Executive,197000,Noida,Uttar Pradesh,Rented,4,aarav.kulkarni76@yahoo.in,+91-9081300597,Verified,2015-05-26
CUST104558,Shreya,Banerjee,Female,1993-08-02,32,Married,0,Post Graduate,Salaried,Nurse,544800,Indore,Madhya Pradesh,Rented,14,shreya.banerjee341@rediffmail.com,+91-8253036901,Verified,2014-12-27
CUST104559,Swati,Iyer,Female,1982-07-12,43,Married,1,Post Graduate,Retired,Pensioner,205500,Kochi,Kerala,Rented,5,swati.iyer780@gmail.com,+91-8635788912,Verified,2014-12-06
CUST104560,Reyansh,Naidu,Male,1974-07-18,51,Married,1,Graduate,Salaried,Nurse,641500,Kochi,Kerala,Owned,8,reyansh.naidu710@yahoo.in,+91-7068931800,Verified,2017-06-02
CUST104561,Sowmya,Menon,Female,1977-01-27,49,Single,1,Graduate,Business Owner,Trader,586700,Gurugram,Haryana,Rented,15,sowmya.menon923@outlook.com,+91-7131406086,Verified,2013-07-24
CUST104562,Amit,Gill,Male,2002-06-19,24,Widowed,2,Graduate,Salaried,Sales Executive,295600,Kochi,Kerala,Family Owned,4,amit.gill358@outlook.com,+91-9110674597,Verified,2023-05-02
CUST104563,Saanvi,Mukherjee,Female,1984-10-08,41,Married,1,High School,Salaried,Teacher,395100,Lucknow,Uttar Pradesh,Mortgaged,4,saanvi.mukherjee827@gmail.com,+91-7625287078,Pending,2017-09-07
CUST104564,Manish,Rao,Male,1999-01-15,27,Single,1,Post Graduate,Salaried,Bank Officer,800300,Jaipur,Rajasthan,Family Owned,9,manish.rao190@yahoo.in,+91-9154729724,Verified,2022-05-25
CUST104565,Diya,Sharma,Female,2004-11-07,21,Married,3,Graduate,Self-Employed,Chartered Accountant,184200,Gurugram,Haryana,Family Owned,3,diya.sharma262@yahoo.in,+91-8670500271,Verified,2021-08-08
CUST104566,Sandeep,Bhat,Male,1993-05-23,33,Single,0,Graduate,Business Owner,Trader,1165700,Mysuru,Karnataka,Rented,15,sandeep.bhat739@yahoo.in,+91-7779006542,Verified,2018-05-17
CUST104567,Aditya,Bose,Male,1966-12-19,59,Married,0,Graduate,Salaried,Nurse,764400,Lucknow,Uttar Pradesh,Owned,12,aditya.bose264@outlook.com,+91-8998822270,Pending,2021-08-04
CUST104568,Arjun,Kulkarni,Male,1978-09-09,47,Married,0,Graduate,Retired,Retired Government Employee,174400,Pune,Maharashtra,Owned,22,arjun.kulkarni544@yahoo.in,+91-8187516766,Verified,2016-05-07
CUST104569,Harsh,Joshi,Male,1985-01-07,41,Married,4,Graduate,Salaried,Sales Executive,485400,Hyderabad,Telangana,Owned,19,harsh.joshi762@gmail.com,+91-9269831909,Pending,2016-11-29
CUST104570,Pranav,Menon,Male,1996-05-25,30,Married,2,High School,Self-Employed,Consultant,358200,Ahmedabad,Gujarat,Rented,12,pranav.menon684@rediffmail.com,+91-8474881689,Verified,2021-03-18
CUST104571,Reyansh,Malhotra,Male,1992-08-21,33,Married,2,Post Graduate,Salaried,HR Manager,862500,Delhi,Delhi,Owned,15,reyansh.malhotra27@gmail.com,+91-8226523558,Verified,2016-06-15
CUST104572,Aarav,Kulkarni,Male,1990-06-12,36,Married,2,Graduate,Business Owner,Manufacturer,744700,Jaipur,Rajasthan,Mortgaged,0,aarav.kulkarni933@yahoo.in,+91-7465448840,Verified,2020-04-19
CUST104573,Aditya,Kapoor,Male,1985-06-22,41,Married,0,Graduate,Salaried,Teacher,1447500,Kochi,Kerala,Owned,2,aditya.kapoor913@rediffmail.com,+91-9132459865,Verified,2015-11-22
CUST104574,Shreya,Malhotra,Female,1977-09-08,48,Married,2,Graduate,Salaried,Accountant,560700,Delhi,Delhi,Mortgaged,17,shreya.malhotra968@gmail.com,+91-7574875820,Pending,2014-08-31
CUST104575,Manish,Rao,Male,1976-01-17,50,Married,2,Post Graduate,Self-Employed,Lawyer,1118600,Kochi,Kerala,Owned,4,manish.rao13@yahoo.in,+91-7957708339,Pending,2016-10-12
CUST104576,Imran,Singh,Male,1991-01-31,35,Single,2,Graduate,Salaried,Nurse,140800,Coimbatore,Tamil Nadu,Owned,16,imran.singh254@gmail.com,+91-7128867966,Verified,2015-06-11
CUST104577,Shreya,Malhotra,Female,1998-04-23,28,Single,3,Post Graduate,Salaried,Nurse,970300,Indore,Madhya Pradesh,Family Owned,10,shreya.malhotra475@rediffmail.com,+91-7264460620,Verified,2017-03-16
CUST104578,Deepak,Ahmed,Male,1994-11-07,31,Single,2,Diploma,Unemployed,Homemaker,120000,Mysuru,Karnataka,Rented,8,deepak.ahmed557@outlook.com,+91-9022909154,Verified,2017-06-27
CUST104579,Aarav,Rao,Male,1976-04-18,50,Married,1,Graduate,Business Owner,Trader,607400,Bhopal,Madhya Pradesh,Owned,3,aarav.rao595@yahoo.in,+91-8285144943,Verified,2020-09-06
CUST104580,Lakshmi,Gill,Female,1980-09-21,45,Divorced,2,Post Graduate,Salaried,HR Manager,656900,Kolkata,West Bengal,Family Owned,21,lakshmi.gill963@outlook.com,+91-8839168464,Verified,2014-09-08
CUST104581,Sana,Shah,Female,1979-04-16,47,Married,0,Diploma,Salaried,Analyst,136500,Bengaluru,Karnataka,Mortgaged,20,sana.shah634@gmail.com,+91-9030874032,Verified,2017-04-03
CUST104582,Zaid,Bhat,Male,1969-01-27,57,Single,2,Graduate,Salaried,Bank Officer,1088900,Coimbatore,Tamil Nadu,Owned,15,zaid.bhat71@gmail.com,+91-7785054575,Verified,2014-10-23
CUST104583,Sneha,Reddy,Female,1991-07-29,34,Married,3,Graduate,Salaried,Sales Executive,440400,Ahmedabad,Gujarat,Rented,9,sneha.reddy890@gmail.com,+91-9699389325,Verified,2022-07-15
CUST104584,Nikhil,Gill,Male,1999-10-05,26,Married,1,Post Graduate,Salaried,Accountant,1790900,Jaipur,Rajasthan,Rented,8,nikhil.gill779@yahoo.in,+91-8453070595,Verified,2022-06-14
CUST104585,Ayaan,Khan,Male,1980-11-21,45,Married,2,Post Graduate,Salaried,Software Engineer,345800,Ahmedabad,Gujarat,Rented,16,ayaan.khan134@yahoo.in,+91-7277747391,Verified,2022-04-03
CUST104586,Manish,Reddy,Male,1983-08-20,42,Married,1,Diploma,Self-Employed,Doctor (Practice),553100,Jaipur,Rajasthan,Rented,7,manish.reddy19@gmail.com,+91-8078724986,Verified,2017-06-10
CUST104587,Siddharth,Kaur,Male,1978-08-29,47,Married,1,Professional Degree,Salaried,HR Manager,458400,Coimbatore,Tamil Nadu,Owned,17,siddharth.kaur604@yahoo.in,+91-8522788285,Pending,2024-03-30
CUST104588,Zaid,Singh,Male,1999-10-15,26,Divorced,1,High School,Salaried,Nurse,962800,Jaipur,Rajasthan,Owned,1,zaid.singh674@outlook.com,+91-9028403714,Verified,2021-11-25
CUST104589,Saanvi,Menon,Female,1991-12-29,34,Married,0,Graduate,Business Owner,Restaurant Owner,399600,Coimbatore,Tamil Nadu,Rented,10,saanvi.menon404@outlook.com,+91-7613068532,Pending,2021-07-01
CUST104590,Kabir,Bhat,Male,1987-06-07,39,Single,1,Graduate,Self-Employed,Lawyer,593100,Hyderabad,Telangana,Rented,6,kabir.bhat841@gmail.com,+91-9242798563,Pending,2017-03-31
CUST104591,Vikram,Mehta,Male,2002-02-02,24,Single,2,Post Graduate,Retired,Retired Government Employee,440600,Nagpur,Maharashtra,Owned,6,vikram.mehta992@yahoo.in,+91-7151570557,Verified,2019-02-17
CUST104592,Kabir,Rao,Male,1992-12-29,33,Married,2,Graduate,Business Owner,Contractor,523400,Delhi,Delhi,Owned,7,kabir.rao379@gmail.com,+91-8542303001,Verified,2018-01-20
CUST104593,Ritu,Joshi,Female,1994-02-13,32,Married,1,Graduate,Business Owner,Manufacturer,427800,Nagpur,Maharashtra,Family Owned,14,ritu.joshi182@gmail.com,+91-9766795715,Pending,2015-03-31
CUST104594,Arjun,Joshi,Male,1992-04-20,34,Married,2,Graduate,Salaried,Accountant,816200,Chennai,Tamil Nadu,Owned,16,arjun.joshi608@rediffmail.com,+91-7843588570,Verified,2019-07-12
CUST104595,Harsh,Bose,Male,1978-10-06,47,Single,1,Post Graduate,Salaried,Teacher,645800,Noida,Uttar Pradesh,Rented,12,harsh.bose941@outlook.com,+91-9535717037,Verified,2018-06-20
CUST104596,Vihaan,Deshpande,Male,2001-04-29,25,Married,3,Graduate,Retired,Pensioner,444700,Bhopal,Madhya Pradesh,Mortgaged,7,vihaan.deshpande859@gmail.com,+91-7574417408,Verified,2024-03-18
CUST104597,Fatima,Rao,Female,1978-11-24,47,Divorced,2,Graduate,Self-Employed,Lawyer,342300,Hyderabad,Telangana,Mortgaged,15,fatima.rao151@yahoo.in,+91-7662118089,Verified,2021-07-26
CUST104598,Vivaan,Reddy,Male,1988-08-24,37,Married,2,Post Graduate,Salaried,HR Manager,1057000,Bhopal,Madhya Pradesh,Rented,17,vivaan.reddy704@rediffmail.com,+91-8946666929,Pending,2014-08-06
CUST104599,Pranav,Reddy,Male,1955-09-12,70,Married,2,Professional Degree,Salaried,Sales Executive,1406700,Chennai,Tamil Nadu,Mortgaged,9,pranav.reddy242@rediffmail.com,+91-7726473288,Verified,2014-11-10
CUST104600,Kavya,Kapoor,Female,2003-05-16,23,Divorced,0,Graduate,Self-Employed,Consultant,357000,Hyderabad,Telangana,Rented,5,kavya.kapoor829@rediffmail.com,+91-9549721798,Pending,2023-05-27
CUST104601,Ishaan,Deshpande,Male,1988-10-07,37,Married,1,Post Graduate,Salaried,Bank Officer,495000,Ahmedabad,Gujarat,Rented,9,ishaan.deshpande261@outlook.com,+91-7445558271,Verified,2014-02-10
CUST104602,Amit,Sharma,Male,2001-07-08,24,Married,2,Graduate,Self-Employed,Consultant,307400,Coimbatore,Tamil Nadu,Rented,6,amit.sharma891@yahoo.in,+91-8033551714,Pending,2023-02-14
CUST104603,Imran,Rao,Male,1992-10-27,33,Single,1,Graduate,Business Owner,Restaurant Owner,311100,Pune,Maharashtra,Owned,2,imran.rao428@outlook.com,+91-9897885379,Pending,2018-08-25
CUST104604,Manish,Patel,Male,1973-11-30,52,Divorced,2,Graduate,Salaried,Sales Executive,532800,Kochi,Kerala,Rented,14,manish.patel580@rediffmail.com,+91-7780980994,Verified,2021-01-30
CUST104605,Suresh,Khan,Male,1984-02-25,42,Single,3,Post Graduate,Retired,Retired Government Employee,474700,Mumbai,Maharashtra,Rented,12,suresh.khan256@rediffmail.com,+91-7764748504,Verified,2017-05-28
CUST104606,Sandeep,Naidu,Male,1999-06-05,27,Married,1,Post Graduate,Salaried,HR Manager,738700,Chennai,Tamil Nadu,Owned,9,sandeep.naidu499@rediffmail.com,+91-8734479330,Verified,2016-01-12
CUST104607,Reyansh,Khan,Male,1976-02-05,50,Married,0,Graduate,Self-Employed,Consultant,199400,Bhopal,Madhya Pradesh,Family Owned,23,reyansh.khan877@gmail.com,+91-7350291515,Verified,2019-10-23
CUST104608,Karthik,Ahmed,Male,1984-06-01,42,Married,1,Graduate,Salaried,Accountant,321500,Mumbai,Maharashtra,Owned,6,karthik.ahmed722@rediffmail.com,+91-9617085902,Verified,2016-07-07
CUST104609,Reyansh,Patel,Male,1990-05-19,36,Single,2,Post Graduate,Salaried,Bank Officer,746200,Bhopal,Madhya Pradesh,Owned,18,reyansh.patel671@rediffmail.com,+91-8741533718,Verified,2020-10-16
CUST104610,Manish,Sheikh,Male,1988-05-16,38,Single,3,Diploma,Salaried,Accountant,479700,Bhopal,Madhya Pradesh,Family Owned,17,manish.sheikh412@yahoo.in,+91-8249245866,Verified,2022-10-13
CUST104611,Rohan,Nair,Male,1972-04-09,54,Widowed,1,Post Graduate,Unemployed,Homemaker,120000,Bengaluru,Karnataka,Rented,16,rohan.nair666@outlook.com,+91-8172467932,Pending,2014-09-06
CUST104612,Kabir,Sheikh,Male,1990-07-06,35,Married,1,High School,Salaried,Analyst,179600,Delhi,Delhi,Rented,13,kabir.sheikh351@yahoo.in,+91-8776746657,Pending,2024-04-16
CUST104613,Manish,Kaur,Male,1997-10-30,28,Married,1,Graduate,Business Owner,Manufacturer,309500,Lucknow,Uttar Pradesh,Mortgaged,2,manish.kaur351@gmail.com,+91-8234065392,Verified,2017-01-03
CUST104614,Anil,Bhat,Male,1979-12-05,46,Divorced,0,Graduate,Self-Employed,Freelance Designer,663500,Kolkata,West Bengal,Rented,6,anil.bhat312@yahoo.in,+91-9489723806,Verified,2023-02-01
CUST104615,Aarav,Iyer,Male,2005-04-02,21,Single,0,High School,Salaried,Analyst,198600,Kochi,Kerala,Rented,0,aarav.iyer421@rediffmail.com,+91-8647126830,Verified,2024-02-08
CUST104616,Krishna,Banerjee,Male,1975-09-28,50,Single,2,Graduate,Business Owner,Retail Store Owner,1232600,Delhi,Delhi,Rented,19,krishna.banerjee931@rediffmail.com,+91-8588591752,Verified,2013-08-04
CUST104617,Vihaan,Kaur,Male,1979-04-10,47,Married,1,Graduate,Retired,Retired Private Sector,338600,Bengaluru,Karnataka,Family Owned,0,vihaan.kaur550@yahoo.in,+91-7838904011,Verified,2013-09-27
CUST104618,Saanvi,Mukherjee,Female,2000-02-01,26,Single,0,Graduate,Salaried,Sales Executive,435000,Mysuru,Karnataka,Rented,8,saanvi.mukherjee919@rediffmail.com,+91-7032899798,Verified,2018-01-07
CUST104619,Lakshmi,Kulkarni,Female,1998-09-02,27,Divorced,1,Graduate,Salaried,Software Engineer,555000,Noida,Uttar Pradesh,Owned,5,lakshmi.kulkarni785@gmail.com,+91-7013642809,Verified,2017-09-29
CUST104620,Rahul,Khan,Male,1983-05-15,43,Married,0,Graduate,Salaried,Analyst,496600,Coimbatore,Tamil Nadu,Rented,18,rahul.khan26@outlook.com,+91-9532284109,Verified,2023-08-28
CUST104621,Karthik,Gill,Male,1980-08-14,45,Married,1,Professional Degree,Business Owner,Retail Store Owner,391800,Lucknow,Uttar Pradesh,Rented,22,karthik.gill99@yahoo.in,+91-7746825420,Pending,2020-01-16
CUST104622,Amit,Mukherjee,Male,1995-02-20,31,Widowed,4,Professional Degree,Business Owner,Manufacturer,557100,Mumbai,Maharashtra,Rented,3,amit.mukherjee685@yahoo.in,+91-7668252139,Verified,2020-06-23
CUST104623,Sowmya,Gupta,Female,1994-11-30,31,Single,1,Graduate,Salaried,Software Engineer,999800,Chennai,Tamil Nadu,Mortgaged,11,sowmya.gupta628@outlook.com,+91-9289312044,Verified,2018-10-03
CUST104624,Ritu,Verma,Female,1985-06-01,41,Single,0,Post Graduate,Salaried,Teacher,407100,Indore,Madhya Pradesh,Rented,6,ritu.verma67@outlook.com,+91-8498294421,Verified,2021-05-26
CUST104625,Pranav,Verma,Male,1976-06-02,50,Divorced,1,Diploma,Salaried,HR Manager,389200,Lucknow,Uttar Pradesh,Rented,22,pranav.verma848@rediffmail.com,+91-9394601517,Verified,2023-10-05
CUST104626,Saanvi,Naidu,Female,1973-09-30,52,Divorced,1,Graduate,Retired,Retired Private Sector,632000,Mysuru,Karnataka,Rented,12,saanvi.naidu665@outlook.com,+91-8186807330,Verified,2015-10-17
CUST104627,Zara,Ahmed,Female,1999-05-24,27,Single,3,Diploma,Business Owner,Trader,426400,Bengaluru,Karnataka,Rented,9,zara.ahmed272@yahoo.in,+91-9780266480,Verified,2016-05-13
CUST104628,Divya,Mukherjee,Female,2000-06-25,26,Single,0,Graduate,Salaried,Teacher,538400,Coimbatore,Tamil Nadu,Rented,8,divya.mukherjee158@rediffmail.com,+91-8967315840,Verified,2021-03-04
CUST104629,Zaid,Singh,Male,1971-04-10,55,Married,2,Post Graduate,Salaried,Software Engineer,315200,Chennai,Tamil Nadu,Owned,11,zaid.singh730@outlook.com,+91-7376623785,Verified,2017-06-13
CUST104630,Deepika,Reddy,Female,2003-01-04,23,Single,1,Post Graduate,Business Owner,Contractor,1318400,Noida,Uttar Pradesh,Owned,5,deepika.reddy529@gmail.com,+91-7945247695,Pending,2020-02-02
CUST104631,Sana,Patel,Female,1999-03-02,27,Married,1,Graduate,Salaried,Bank Officer,406700,Kolkata,West Bengal,Rented,9,sana.patel54@rediffmail.com,+91-9754106705,Verified,2021-06-27
CUST104632,Yash,Patel,Male,1992-02-29,34,Single,1,High School,Salaried,Sales Executive,120000,Noida,Uttar Pradesh,Owned,15,yash.patel442@outlook.com,+91-8932410102,Verified,2017-12-26
CUST104633,Lakshmi,Kapoor,Female,1983-08-30,42,Married,0,Post Graduate,Salaried,HR Manager,986900,Kolkata,West Bengal,Family Owned,14,lakshmi.kapoor72@outlook.com,+91-8415773104,Pending,2017-01-20
CUST104634,Pranav,Rao,Male,1987-11-01,38,Single,0,Graduate,Salaried,Accountant,596800,Mysuru,Karnataka,Family Owned,20,pranav.rao329@outlook.com,+91-7749220984,Verified,2017-05-21
CUST104635,Aadhya,Mehta,Female,1985-12-16,40,Single,2,Post Graduate,Salaried,Bank Officer,648800,Chandigarh,Chandigarh,Owned,14,aadhya.mehta806@gmail.com,+91-8412539613,Verified,2024-04-04
CUST104636,Ayaan,Kaur,Male,1985-10-29,40,Married,0,Diploma,Salaried,Nurse,302300,Kochi,Kerala,Family Owned,14,ayaan.kaur881@rediffmail.com,+91-8226330977,Pending,2013-08-26
CUST104637,Farhan,Verma,Male,1981-10-20,44,Single,2,Graduate,Salaried,Sales Executive,728500,Lucknow,Uttar Pradesh,Owned,8,farhan.verma81@gmail.com,+91-8388659939,Verified,2015-04-19
CUST104638,Rohan,Mehta,Male,1988-01-17,38,Single,3,High School,Salaried,Analyst,343000,Indore,Madhya Pradesh,Family Owned,6,rohan.mehta915@rediffmail.com,+91-8241254258,Verified,2020-08-28
CUST104639,Ayaan,Rao,Male,1999-12-01,26,Divorced,1,Graduate,Salaried,Accountant,300800,Ahmedabad,Gujarat,Rented,8,ayaan.rao919@gmail.com,+91-7276226422,Pending,2018-12-02
CUST104640,Aditya,Ahmed,Male,1980-06-12,46,Married,1,Post Graduate,Salaried,Accountant,699500,Chennai,Tamil Nadu,Owned,23,aditya.ahmed537@gmail.com,+91-7847527859,Verified,2021-10-28
CUST104641,Sandeep,Malhotra,Male,1973-09-28,52,Single,4,Graduate,Unemployed,Homemaker,229000,Coimbatore,Tamil Nadu,Mortgaged,10,sandeep.malhotra303@yahoo.in,+91-7213098462,Pending,2018-11-26
CUST104642,Vivaan,Chowdhury,Male,1982-07-12,43,Single,2,Post Graduate,Salaried,Sales Executive,1949600,Noida,Uttar Pradesh,Family Owned,19,vivaan.chowdhury428@rediffmail.com,+91-7653351302,Verified,2014-01-20
CUST104643,Siddharth,Kapoor,Male,1991-11-05,34,Married,1,Graduate,Business Owner,Manufacturer,520100,Noida,Uttar Pradesh,Owned,16,siddharth.kapoor689@outlook.com,+91-9767581067,Pending,2024-01-18
CUST104644,Pooja,Ahmed,Female,1987-01-24,39,Married,0,Professional Degree,Salaried,Sales Executive,768300,Indore,Madhya Pradesh,Owned,21,pooja.ahmed614@rediffmail.com,+91-8727158225,Pending,2017-04-10
CUST104645,Aditya,Kaur,Male,1978-08-27,47,Single,0,Graduate,Self-Employed,Freelance Designer,284100,Jaipur,Rajasthan,Rented,23,aditya.kaur893@yahoo.in,+91-9353958173,Verified,2018-05-21
CUST104646,Vikram,Naidu,Male,2005-04-07,21,Married,0,Professional Degree,Business Owner,Trader,2435000,Mumbai,Maharashtra,Rented,3,vikram.naidu819@outlook.com,+91-8480404577,Verified,2023-08-25
CUST104647,Deepika,Sharma,Female,1988-10-02,37,Married,2,Post Graduate,Retired,Retired Private Sector,194500,Coimbatore,Tamil Nadu,Owned,14,deepika.sharma501@rediffmail.com,+91-8651620597,Verified,2015-11-12
CUST104648,Ishaan,Mehta,Male,1992-03-10,34,Single,2,Graduate,Salaried,Bank Officer,497800,Coimbatore,Tamil Nadu,Rented,0,ishaan.mehta760@yahoo.in,+91-7882116856,Verified,2015-03-09
CUST104649,Shreya,Menon,Female,1995-12-11,30,Married,1,Diploma,Salaried,Software Engineer,718800,Kolkata,West Bengal,Owned,9,shreya.menon485@outlook.com,+91-8811372669,Verified,2018-02-11
CUST104650,Anika,Kulkarni,Female,2004-12-26,21,Single,1,Post Graduate,Salaried,Bank Officer,519400,Indore,Madhya Pradesh,Mortgaged,3,anika.kulkarni498@outlook.com,+91-7327108254,Pending,2022-02-13
CUST104651,Krishna,Malhotra,Male,1992-10-29,33,Married,3,Graduate,Self-Employed,Doctor (Practice),156800,Pune,Maharashtra,Owned,15,krishna.malhotra743@gmail.com,+91-9267596465,Verified,2015-01-25
CUST104652,Diya,Kulkarni,Female,1984-02-15,42,Single,3,Graduate,Salaried,Accountant,361900,Chennai,Tamil Nadu,Owned,1,diya.kulkarni957@rediffmail.com,+91-7148757836,Verified,2016-08-02
CUST104653,Rahul,Ahmed,Male,1972-02-11,54,Married,0,Post Graduate,Salaried,Sales Executive,262400,Bhopal,Madhya Pradesh,Rented,18,rahul.ahmed323@rediffmail.com,+91-7549431318,Pending,2021-03-16
CUST104654,Anika,Sharma,Female,1985-08-23,40,Divorced,1,Post Graduate,Salaried,Accountant,779800,Chandigarh,Chandigarh,Rented,14,anika.sharma137@yahoo.in,+91-9286301159,Verified,2021-05-11
CUST104655,Sneha,Chopra,Female,1966-06-17,60,Single,2,Diploma,Salaried,HR Manager,494400,Indore,Madhya Pradesh,Rented,15,sneha.chopra82@rediffmail.com,+91-8084094506,Verified,2017-09-16
CUST104656,Amit,Gill,Male,1989-08-03,36,Single,1,Professional Degree,Business Owner,Restaurant Owner,1417000,Bengaluru,Karnataka,Family Owned,3,amit.gill663@rediffmail.com,+91-9378698344,Verified,2013-07-06
CUST104657,Sowmya,Deshpande,Female,1972-10-19,53,Married,3,Post Graduate,Self-Employed,Consultant,861500,Bengaluru,Karnataka,Mortgaged,0,sowmya.deshpande308@rediffmail.com,+91-8494879321,Verified,2019-10-22
CUST104658,Rajesh,Kulkarni,Male,1983-09-20,42,Married,0,Graduate,Unemployed,Student,385100,Pune,Maharashtra,Owned,18,rajesh.kulkarni524@outlook.com,+91-9673290799,Verified,2014-07-05
CUST104659,Deepak,Nair,Male,1977-11-29,48,Single,2,Post Graduate,Business Owner,Contractor,691500,Mumbai,Maharashtra,Owned,16,deepak.nair324@rediffmail.com,+91-7431494839,Verified,2020-09-15
CUST104660,Divya,Joshi,Female,1993-11-02,32,Single,3,Post Graduate,Salaried,Accountant,616300,Mumbai,Maharashtra,Owned,9,divya.joshi659@rediffmail.com,+91-8660661591,Pending,2018-12-15
CUST104661,Tanvi,Gill,Female,1977-04-30,49,Married,0,Graduate,Salaried,Teacher,1139500,Noida,Uttar Pradesh,Rented,11,tanvi.gill818@gmail.com,+91-9317666661,Verified,2021-06-30
CUST104662,Zaid,Khan,Male,1968-12-12,57,Single,2,Post Graduate,Salaried,Sales Executive,610900,Mumbai,Maharashtra,Rented,17,zaid.khan258@gmail.com,+91-9062079988,Pending,2014-01-06
CUST104663,Anika,Gill,Female,2005-05-20,21,Single,0,Graduate,Unemployed,Not Employed,120000,Kolkata,West Bengal,Rented,1,anika.gill358@gmail.com,+91-8189769565,Verified,2024-04-07
CUST104664,Rohan,Bose,Male,1978-11-08,47,Married,0,Diploma,Salaried,Nurse,508900,Nagpur,Maharashtra,Owned,18,rohan.bose27@gmail.com,+91-8440420594,Pending,2023-10-07
CUST104665,Zara,Bose,Female,2002-08-26,23,Married,0,Professional Degree,Self-Employed,Chartered Accountant,411500,Ahmedabad,Gujarat,Owned,5,zara.bose339@gmail.com,+91-9842621125,Verified,2021-09-25
CUST104666,Arjun,Malhotra,Male,1984-01-12,42,Married,0,Post Graduate,Salaried,Accountant,706400,Mysuru,Karnataka,Rented,10,arjun.malhotra683@rediffmail.com,+91-9020888998,Verified,2014-09-17
CUST104667,Nikhil,Kaur,Male,2002-11-24,23,Married,2,Graduate,Salaried,Teacher,1102500,Surat,Gujarat,Owned,5,nikhil.kaur130@yahoo.in,+91-9523119096,Verified,2024-02-23
CUST104668,Anil,Chowdhury,Male,1981-11-08,44,Married,1,Post Graduate,Salaried,Analyst,501600,Mumbai,Maharashtra,Owned,23,anil.chowdhury814@rediffmail.com,+91-7617672623,Verified,2016-09-16
CUST104669,Krishna,Banerjee,Male,1976-09-09,49,Married,0,Post Graduate,Salaried,HR Manager,230700,Jaipur,Rajasthan,Rented,14,krishna.banerjee522@outlook.com,+91-9454137912,Verified,2024-02-23
CUST104670,Meera,Bose,Female,1998-01-24,28,Single,0,Graduate,Salaried,HR Manager,778000,Kochi,Kerala,Owned,10,meera.bose349@rediffmail.com,+91-8551807964,Pending,2017-07-29
CUST104671,Anjali,Deshpande,Female,1969-05-12,57,Married,0,Post Graduate,Business Owner,Manufacturer,603700,Gurugram,Haryana,Family Owned,17,anjali.deshpande188@gmail.com,+91-7391524846,Verified,2016-03-24
CUST104672,Kritika,Deshpande,Female,1984-05-08,42,Single,0,Post Graduate,Salaried,Bank Officer,1116400,Hyderabad,Telangana,Rented,20,kritika.deshpande614@rediffmail.com,+91-8281139691,Verified,2019-12-11
CUST104673,Priya,Shah,Female,1982-09-26,43,Single,1,Graduate,Salaried,Teacher,736100,Nagpur,Maharashtra,Rented,15,priya.shah103@gmail.com,+91-8835847452,Verified,2017-11-08
CUST104674,Ishaan,Chopra,Male,1974-11-19,51,Single,0,Graduate,Salaried,Accountant,617300,Surat,Gujarat,Owned,16,ishaan.chopra295@outlook.com,+91-7661196734,Verified,2019-01-26
CUST104675,Aanya,Gupta,Female,1988-08-08,37,Married,3,Post Graduate,Salaried,Teacher,682500,Coimbatore,Tamil Nadu,Rented,16,aanya.gupta759@rediffmail.com,+91-7392132574,Pending,2022-04-04
CUST104676,Tanvi,Kapoor,Female,1990-08-22,35,Married,1,Graduate,Salaried,Nurse,1096300,Kochi,Kerala,Owned,10,tanvi.kapoor791@rediffmail.com,+91-8675335202,Verified,2013-12-02
CUST104677,Meera,Sheikh,Female,1987-02-10,39,Widowed,0,Diploma,Business Owner,Restaurant Owner,193800,Coimbatore,Tamil Nadu,Rented,1,meera.sheikh549@rediffmail.com,+91-9429478040,Verified,2022-05-17
CUST104678,Ishaan,Menon,Male,1979-02-14,47,Married,1,Graduate,Self-Employed,Freelance Designer,526900,Nagpur,Maharashtra,Owned,0,ishaan.menon754@gmail.com,+91-8953907744,Verified,2015-07-18
CUST104679,Aadhya,Reddy,Female,2002-01-19,24,Married,1,Graduate,Salaried,Teacher,456900,Hyderabad,Telangana,Mortgaged,6,aadhya.reddy880@gmail.com,+91-9658836894,Verified,2022-04-06
CUST104680,Ritu,Chowdhury,Female,1997-10-27,28,Married,2,Post Graduate,Salaried,Bank Officer,400600,Mysuru,Karnataka,Rented,1,ritu.chowdhury576@gmail.com,+91-7022481709,Verified,2023-04-07
CUST104681,Anil,Ahmed,Male,1987-04-12,39,Single,1,Post Graduate,Business Owner,Manufacturer,2099000,Kochi,Kerala,Owned,18,anil.ahmed369@gmail.com,+91-7030768905,Pending,2013-07-23
CUST104682,Karthik,Chowdhury,Male,1985-01-21,41,Married,1,Post Graduate,Self-Employed,Freelance Designer,1744800,Noida,Uttar Pradesh,Rented,22,karthik.chowdhury545@yahoo.in,+91-9372846927,Verified,2019-09-29
CUST104683,Tanvi,Sharma,Female,1976-09-26,49,Single,2,Post Graduate,Self-Employed,Architect,1068400,Noida,Uttar Pradesh,Mortgaged,9,tanvi.sharma698@outlook.com,+91-9021618191,Verified,2024-04-18
CUST104684,Amit,Rao,Male,1988-11-07,37,Married,1,Graduate,Self-Employed,Architect,295600,Ahmedabad,Gujarat,Rented,7,amit.rao579@outlook.com,+91-9439605422,Verified,2014-07-10
CUST104685,Rohan,Chowdhury,Male,1989-12-11,36,Married,0,Graduate,Retired,Retired Government Employee,266400,Bhopal,Madhya Pradesh,Owned,6,rohan.chowdhury211@yahoo.in,+91-9261703139,Verified,2013-08-30
CUST104686,Nikhil,Menon,Male,1987-05-03,39,Married,1,Graduate,Business Owner,Trader,898800,Surat,Gujarat,Owned,21,nikhil.menon130@gmail.com,+91-7945025382,Pending,2021-09-05
CUST104687,Meera,Nair,Female,1975-10-18,50,Married,1,Graduate,Salaried,Sales Executive,822400,Surat,Gujarat,Family Owned,22,meera.nair284@yahoo.in,+91-8549918317,Pending,2020-10-09
CUST104688,Fatima,Shah,Female,1986-09-18,39,Married,2,Graduate,Self-Employed,Architect,198500,Kochi,Kerala,Family Owned,7,fatima.shah914@rediffmail.com,+91-7226711867,Pending,2019-04-14
CUST104689,Arjun,Mehta,Male,1963-10-04,62,Single,3,Post Graduate,Salaried,Bank Officer,936000,Bhopal,Madhya Pradesh,Family Owned,10,arjun.mehta986@outlook.com,+91-9248418395,Verified,2020-10-01
CUST104690,Karthik,Bose,Male,1985-06-26,41,Single,5,High School,Salaried,Software Engineer,473300,Gurugram,Haryana,Mortgaged,16,karthik.bose169@outlook.com,+91-9818377491,Verified,2014-04-26
CUST104691,Aarohi,Mehta,Female,1995-07-06,30,Single,0,Post Graduate,Salaried,Software Engineer,1314000,Delhi,Delhi,Family Owned,1,aarohi.mehta106@yahoo.in,+91-8326920194,Verified,2013-09-03
CUST104692,Anjali,Ahmed,Female,1984-03-26,42,Married,0,Graduate,Business Owner,Manufacturer,615900,Kochi,Kerala,Mortgaged,23,anjali.ahmed811@outlook.com,+91-7376076717,Pending,2020-09-23
CUST104693,Harsh,Naidu,Male,1997-07-13,28,Married,1,Graduate,Self-Employed,Doctor (Practice),308900,Hyderabad,Telangana,Mortgaged,10,harsh.naidu410@rediffmail.com,+91-9446423071,Pending,2022-09-27
CUST104694,Aarav,Patel,Male,1979-02-01,47,Single,1,Graduate,Salaried,Accountant,140900,Delhi,Delhi,Rented,8,aarav.patel109@gmail.com,+91-8673058546,Verified,2023-11-10
CUST104695,Harsh,Reddy,Male,1987-11-06,38,Married,1,High School,Salaried,Bank Officer,614800,Pune,Maharashtra,Mortgaged,0,harsh.reddy350@yahoo.in,+91-7648330401,Verified,2015-01-13
CUST104696,Aditya,Iyer,Male,1987-11-22,38,Married,0,Professional Degree,Salaried,Accountant,984400,Nagpur,Maharashtra,Owned,19,aditya.iyer413@gmail.com,+91-7338618196,Pending,2015-03-17
CUST104697,Riya,Iyer,Female,1983-07-17,42,Married,5,Professional Degree,Salaried,Teacher,277700,Kolkata,West Bengal,Owned,19,riya.iyer75@rediffmail.com,+91-7275244016,Pending,2023-12-05
CUST104698,Deepika,Menon,Female,1987-10-08,38,Single,1,Graduate,Salaried,Teacher,442400,Chennai,Tamil Nadu,Owned,10,deepika.menon733@gmail.com,+91-7212230834,Verified,2020-12-06
CUST104699,Siddharth,Menon,Male,1992-05-09,34,Widowed,1,Post Graduate,Salaried,HR Manager,236500,Jaipur,Rajasthan,Owned,1,siddharth.menon862@rediffmail.com,+91-7446372698,Pending,2020-02-23
CUST104700,Kabir,Khan,Male,1980-09-16,45,Single,1,Diploma,Retired,Retired Private Sector,192900,Kochi,Kerala,Mortgaged,4,kabir.khan205@gmail.com,+91-8134960414,Verified,2018-06-08
CUST104701,Sana,Deshpande,Female,2001-09-25,24,Married,0,Diploma,Business Owner,Trader,861900,Noida,Uttar Pradesh,Rented,6,sana.deshpande952@rediffmail.com,+91-9593698285,Pending,2023-12-23
CUST104702,Sana,Gill,Female,1994-10-31,31,Single,2,Diploma,Business Owner,Trader,181400,Mysuru,Karnataka,Owned,8,sana.gill771@outlook.com,+91-8535810108,Verified,2019-07-18
CUST104703,Karthik,Nair,Male,1967-03-02,59,Married,0,High School,Salaried,Sales Executive,967600,Jaipur,Rajasthan,Owned,13,karthik.nair295@gmail.com,+91-8752162698,Verified,2013-08-19
CUST104704,Imran,Iyer,Male,1985-01-29,41,Married,2,Graduate,Self-Employed,Freelance Designer,1222900,Mysuru,Karnataka,Rented,6,imran.iyer580@yahoo.in,+91-9629350240,Pending,2013-07-15
CUST104705,Manish,Chopra,Male,1973-06-15,53,Married,1,High School,Salaried,Accountant,369700,Mysuru,Karnataka,Owned,0,manish.chopra677@outlook.com,+91-8699213584,Pending,2019-10-21
CUST104706,Aadhya,Menon,Female,1997-06-06,29,Married,0,Post Graduate,Salaried,Software Engineer,235400,Kolkata,West Bengal,Mortgaged,6,aadhya.menon814@yahoo.in,+91-9696132503,Verified,2016-06-30
CUST104707,Aadhya,Reddy,Female,1973-05-03,53,Single,2,Graduate,Salaried,Bank Officer,710400,Ahmedabad,Gujarat,Mortgaged,20,aadhya.reddy503@rediffmail.com,+91-8833581545,Pending,2022-11-22
CUST104708,Pranav,Verma,Male,1991-01-22,35,Married,0,Diploma,Salaried,Software Engineer,588100,Hyderabad,Telangana,Family Owned,12,pranav.verma394@rediffmail.com,+91-7974812524,Verified,2022-02-01
CUST104709,Ananya,Verma,Female,1976-06-30,50,Married,2,Graduate,Salaried,Nurse,222200,Mysuru,Karnataka,Mortgaged,0,ananya.verma506@outlook.com,+91-7561986127,Pending,2014-09-27
CUST104710,Ishaan,Malhotra,Male,1994-06-14,32,Married,2,Post Graduate,Salaried,Teacher,846400,Pune,Maharashtra,Family Owned,14,ishaan.malhotra92@gmail.com,+91-8490987505,Verified,2016-11-25
CUST104711,Riya,Kapoor,Female,1985-01-11,41,Divorced,3,Graduate,Business Owner,Manufacturer,814400,Nagpur,Maharashtra,Mortgaged,23,riya.kapoor248@yahoo.in,+91-7062176407,Verified,2023-12-08
CUST104712,Riya,Rao,Female,1992-09-02,33,Married,2,Diploma,Retired,Retired Government Employee,155800,Indore,Madhya Pradesh,Owned,9,riya.rao110@yahoo.in,+91-8657436527,Verified,2021-07-29
CUST104713,Ananya,Reddy,Female,1985-02-23,41,Married,3,Professional Degree,Self-Employed,Architect,742300,Chennai,Tamil Nadu,Mortgaged,0,ananya.reddy221@yahoo.in,+91-9221805600,Verified,2022-03-07
CUST104714,Aadhya,Mehta,Female,1971-10-15,54,Married,0,Post Graduate,Salaried,Analyst,585400,Nagpur,Maharashtra,Rented,8,aadhya.mehta577@gmail.com,+91-7236431617,Verified,2022-04-16
CUST104715,Manish,Rao,Male,1981-10-20,44,Married,4,Diploma,Salaried,Teacher,208100,Kolkata,West Bengal,Mortgaged,16,manish.rao520@rediffmail.com,+91-8329813098,Verified,2021-04-06
CUST104716,Aarohi,Ahmed,Female,1988-12-09,37,Divorced,0,Graduate,Salaried,HR Manager,383800,Chennai,Tamil Nadu,Rented,8,aarohi.ahmed688@outlook.com,+91-9072393948,Pending,2016-07-25
CUST104717,Pooja,Nair,Female,2002-07-23,23,Married,2,Post Graduate,Self-Employed,Chartered Accountant,368000,Bengaluru,Karnataka,Mortgaged,5,pooja.nair905@outlook.com,+91-8820553211,Verified,2022-05-21
CUST104718,Reyansh,Sharma,Male,1977-11-28,48,Married,2,Post Graduate,Salaried,Analyst,1613500,Jaipur,Rajasthan,Owned,12,reyansh.sharma158@outlook.com,+91-7818936338,Verified,2019-06-18
CUST104719,Anika,Banerjee,Female,1969-11-05,56,Married,2,Graduate,Salaried,Nurse,1261700,Lucknow,Uttar Pradesh,Owned,8,anika.banerjee395@gmail.com,+91-9086243293,Verified,2021-01-30
CUST104720,Zara,Rao,Female,1993-12-07,32,Single,1,Post Graduate,Salaried,HR Manager,567500,Pune,Maharashtra,Family Owned,14,zara.rao961@outlook.com,+91-8553029057,Verified,2022-10-07
CUST104721,Ishaan,Mehta,Male,1978-02-24,48,Married,1,Diploma,Retired,Pensioner,726600,Gurugram,Haryana,Owned,17,ishaan.mehta595@gmail.com,+91-8084180727,Pending,2015-07-27
CUST104722,Isha,Reddy,Female,2000-12-05,25,Single,1,High School,Salaried,Nurse,291000,Jaipur,Rajasthan,Rented,7,isha.reddy290@outlook.com,+91-8990051791,Verified,2024-01-15
CUST104723,Priya,Banerjee,Female,1975-08-09,50,Single,3,Graduate,Business Owner,Restaurant Owner,533300,Indore,Madhya Pradesh,Rented,18,priya.banerjee935@yahoo.in,+91-8747055216,Verified,2022-03-28
CUST104724,Anil,Kulkarni,Male,1999-05-16,27,Married,3,Post Graduate,Salaried,Sales Executive,1029000,Indore,Madhya Pradesh,Owned,9,anil.kulkarni462@rediffmail.com,+91-7934063433,Pending,2023-10-21
CUST104725,Farhan,Kapoor,Male,1985-07-06,40,Single,0,Post Graduate,Self-Employed,Lawyer,143900,Hyderabad,Telangana,Mortgaged,17,farhan.kapoor736@gmail.com,+91-8744189512,Pending,2020-07-17
CUST104726,Vihaan,Menon,Male,1985-03-03,41,Single,5,Post Graduate,Retired,Retired Private Sector,378200,Delhi,Delhi,Owned,10,vihaan.menon450@outlook.com,+91-7549000387,Pending,2013-10-06
CUST104727,Sneha,Menon,Female,1978-08-10,47,Married,3,Graduate,Business Owner,Restaurant Owner,2191300,Mysuru,Karnataka,Owned,21,sneha.menon262@yahoo.in,+91-8793686077,Verified,2016-02-13
CUST104728,Arjun,Khan,Male,2002-09-16,23,Single,3,Diploma,Self-Employed,Architect,310300,Bhopal,Madhya Pradesh,Family Owned,5,arjun.khan882@rediffmail.com,+91-9552673024,Verified,2020-09-08
CUST104729,Anika,Verma,Female,1995-08-22,30,Married,0,Diploma,Salaried,Software Engineer,209200,Chandigarh,Chandigarh,Rented,5,anika.verma537@rediffmail.com,+91-8189138934,Verified,2021-12-29
CUST104730,Priya,Banerjee,Female,1959-07-05,67,Single,2,High School,Salaried,Bank Officer,230400,Delhi,Delhi,Rented,7,priya.banerjee691@gmail.com,+91-7683538649,Verified,2023-09-17
CUST104731,Sandeep,Naidu,Male,1980-03-19,46,Married,0,High School,Salaried,Teacher,695500,Noida,Uttar Pradesh,Mortgaged,10,sandeep.naidu213@yahoo.in,+91-7239154582,Pending,2014-12-27
CUST104732,Harsh,Ahmed,Male,1971-06-02,55,Married,3,Post Graduate,Retired,Retired Private Sector,377400,Chennai,Tamil Nadu,Rented,24,harsh.ahmed446@outlook.com,+91-8743645917,Verified,2021-01-12
CUST104733,Karthik,Gill,Male,1989-08-17,36,Married,1,Diploma,Business Owner,Restaurant Owner,667900,Coimbatore,Tamil Nadu,Owned,18,karthik.gill1@rediffmail.com,+91-9259850543,Verified,2020-10-29
CUST104734,Swati,Nair,Female,2002-09-04,23,Married,0,Professional Degree,Self-Employed,Chartered Accountant,1276500,Indore,Madhya Pradesh,Family Owned,5,swati.nair548@yahoo.in,+91-9642929090,Verified,2020-12-28
CUST104735,Divya,Nair,Female,2004-06-24,22,Single,0,Graduate,Salaried,Analyst,123100,Ahmedabad,Gujarat,Family Owned,4,divya.nair753@yahoo.in,+91-8576986848,Verified,2023-01-21
CUST104736,Diya,Reddy,Female,1988-03-12,38,Married,5,Diploma,Salaried,Nurse,522400,Chennai,Tamil Nadu,Mortgaged,7,diya.reddy990@outlook.com,+91-9361456673,Verified,2023-02-01
CUST104737,Aarohi,Bose,Female,1985-08-18,40,Married,0,High School,Self-Employed,Freelance Designer,491400,Chennai,Tamil Nadu,Mortgaged,1,aarohi.bose785@gmail.com,+91-9058946555,Verified,2016-03-16
CUST104738,Isha,Naidu,Female,1988-09-13,37,Married,2,Graduate,Salaried,Nurse,293300,Bhopal,Madhya Pradesh,Owned,19,isha.naidu414@yahoo.in,+91-9458792015,Verified,2022-10-29
CUST104739,Nisha,Ahmed,Female,1983-07-01,43,Married,4,High School,Salaried,Software Engineer,572200,Surat,Gujarat,Rented,9,nisha.ahmed200@yahoo.in,+91-9675209867,Verified,2024-06-22
CUST104740,Siddharth,Kaur,Male,1984-11-26,41,Single,2,Graduate,Self-Employed,Consultant,729600,Bengaluru,Karnataka,Rented,16,siddharth.kaur253@outlook.com,+91-8947056026,Verified,2022-12-12
CUST104741,Sana,Singh,Female,1974-03-25,52,Single,3,Graduate,Business Owner,Retail Store Owner,1248100,Delhi,Delhi,Owned,4,sana.singh481@gmail.com,+91-9667048702,Verified,2021-02-03
CUST104742,Vihaan,Menon,Male,1990-06-05,36,Widowed,0,Graduate,Salaried,Bank Officer,355600,Kolkata,West Bengal,Owned,4,vihaan.menon951@rediffmail.com,+91-9765740788,Verified,2018-01-17
CUST104743,Harsh,Mukherjee,Male,1982-08-16,43,Married,1,Graduate,Salaried,Teacher,693900,Chennai,Tamil Nadu,Mortgaged,21,harsh.mukherjee333@rediffmail.com,+91-7451989416,Verified,2017-07-25
CUST104744,Arjun,Verma,Male,1995-10-15,30,Married,2,Post Graduate,Business Owner,Manufacturer,1515900,Ahmedabad,Gujarat,Mortgaged,3,arjun.verma427@gmail.com,+91-9186808518,Verified,2017-01-03
CUST104745,Ayaan,Patel,Male,1990-10-28,35,Divorced,0,Graduate,Business Owner,Manufacturer,1082900,Ahmedabad,Gujarat,Owned,3,ayaan.patel894@yahoo.in,+91-8744664167,Verified,2017-06-29
CUST104746,Farhan,Khan,Male,1992-10-19,33,Single,0,Graduate,Salaried,Accountant,378300,Delhi,Delhi,Family Owned,15,farhan.khan229@yahoo.in,+91-7592587564,Verified,2024-05-11
CUST104747,Diya,Rao,Female,1991-07-02,35,Married,2,Graduate,Salaried,Bank Officer,198500,Ahmedabad,Gujarat,Rented,2,diya.rao395@rediffmail.com,+91-9825866626,Verified,2020-09-09
CUST104748,Anika,Khan,Female,1993-12-09,32,Divorced,1,Post Graduate,Unemployed,Homemaker,163900,Nagpur,Maharashtra,Rented,14,anika.khan468@outlook.com,+91-8283501521,Pending,2015-10-17
CUST104749,Vikram,Kapoor,Male,1987-02-03,39,Married,0,Graduate,Salaried,HR Manager,155000,Bengaluru,Karnataka,Mortgaged,4,vikram.kapoor315@outlook.com,+91-7234604420,Pending,2022-10-16
CUST104750,Manish,Nair,Male,2004-10-14,21,Married,0,Diploma,Salaried,Nurse,875100,Chennai,Tamil Nadu,Rented,3,manish.nair238@outlook.com,+91-8423831700,Verified,2022-07-09
CUST104751,Sandeep,Naidu,Male,1989-11-14,36,Divorced,0,Graduate,Self-Employed,Architect,520100,Coimbatore,Tamil Nadu,Mortgaged,7,sandeep.naidu521@outlook.com,+91-8979559845,Pending,2021-08-04
CUST104752,Kritika,Malhotra,Female,1982-05-19,44,Married,0,Diploma,Salaried,Software Engineer,681900,Delhi,Delhi,Rented,24,kritika.malhotra201@yahoo.in,+91-8891617280,Verified,2017-10-23
CUST104753,Siddharth,Sharma,Male,1982-02-17,44,Single,2,Graduate,Salaried,Analyst,550500,Pune,Maharashtra,Mortgaged,23,siddharth.sharma771@outlook.com,+91-7030464556,Verified,2023-06-25
CUST104754,Sana,Mukherjee,Female,1993-08-22,32,Divorced,0,Professional Degree,Unemployed,Not Employed,120000,Bengaluru,Karnataka,Owned,14,sana.mukherjee7@outlook.com,+91-8439084545,Verified,2024-04-02
CUST104755,Vikram,Bose,Male,1976-03-29,50,Married,2,Post Graduate,Self-Employed,Lawyer,752900,Indore,Madhya Pradesh,Rented,0,vikram.bose429@gmail.com,+91-9053536488,Pending,2023-01-29
CUST104756,Anil,Nair,Male,1971-04-13,55,Married,1,Graduate,Unemployed,Student,260100,Chandigarh,Chandigarh,Owned,4,anil.nair892@yahoo.in,+91-9331751973,Verified,2016-11-19
CUST104757,Aarohi,Deshpande,Female,1983-08-09,42,Married,0,Graduate,Salaried,Nurse,1010000,Hyderabad,Telangana,Owned,4,aarohi.deshpande360@outlook.com,+91-8745578487,Verified,2016-09-09
CUST104758,Reyansh,Banerjee,Male,1984-10-23,41,Single,1,Post Graduate,Salaried,Nurse,487200,Bengaluru,Karnataka,Owned,11,reyansh.banerjee46@outlook.com,+91-7628793092,Verified,2021-04-20
CUST104759,Vikram,Das,Male,1978-05-02,48,Married,1,Post Graduate,Salaried,Nurse,355400,Gurugram,Haryana,Rented,14,vikram.das170@gmail.com,+91-9195069239,Verified,2018-09-17
CUST104760,Nisha,Kaur,Female,1984-12-13,41,Married,1,Professional Degree,Business Owner,Retail Store Owner,1001800,Pune,Maharashtra,Rented,21,nisha.kaur861@rediffmail.com,+91-7913279329,Verified,2021-12-02
CUST104761,Neha,Sharma,Female,1974-06-14,52,Married,2,Professional Degree,Business Owner,Restaurant Owner,933700,Gurugram,Haryana,Owned,11,neha.sharma867@outlook.com,+91-7265957135,Verified,2014-05-09
CUST104762,Divya,Verma,Female,1985-01-06,41,Married,1,Post Graduate,Salaried,Nurse,484400,Gurugram,Haryana,Rented,18,divya.verma621@gmail.com,+91-7285328010,Verified,2024-05-30
CUST104763,Kabir,Mehta,Male,2003-08-30,22,Married,0,Graduate,Retired,Pensioner,292100,Nagpur,Maharashtra,Owned,4,kabir.mehta843@rediffmail.com,+91-9465141979,Pending,2022-07-17
CUST104764,Harsh,Mehta,Male,1991-08-03,34,Single,3,Graduate,Salaried,Accountant,462600,Noida,Uttar Pradesh,Rented,16,harsh.mehta461@outlook.com,+91-9676512085,Verified,2016-07-11
CUST104765,Pranav,Nair,Male,1991-11-07,34,Married,4,Graduate,Salaried,Software Engineer,672800,Chennai,Tamil Nadu,Owned,16,pranav.nair898@outlook.com,+91-8472811391,Pending,2016-10-17
CUST104766,Harsh,Naidu,Male,1989-03-21,37,Single,1,Graduate,Retired,Retired Government Employee,376400,Surat,Gujarat,Owned,13,harsh.naidu480@outlook.com,+91-8230422229,Verified,2017-07-02
CUST104767,Pranav,Patel,Male,1982-06-26,44,Married,0,Graduate,Salaried,Bank Officer,206300,Noida,Uttar Pradesh,Rented,22,pranav.patel568@gmail.com,+91-7326686378,Pending,2013-09-20
CUST104768,Neha,Banerjee,Female,1986-11-28,39,Married,1,Post Graduate,Salaried,Nurse,730700,Chandigarh,Chandigarh,Owned,2,neha.banerjee952@rediffmail.com,+91-7779807203,Verified,2013-09-01
CUST104769,Krishna,Mukherjee,Male,2005-05-10,21,Single,1,High School,Business Owner,Restaurant Owner,195000,Bhopal,Madhya Pradesh,Family Owned,3,krishna.mukherjee954@outlook.com,+91-8411468253,Verified,2022-08-01
CUST104770,Yash,Patel,Male,1986-06-07,40,Divorced,2,Graduate,Unemployed,Not Employed,200400,Kochi,Kerala,Owned,18,yash.patel36@gmail.com,+91-9719028446,Verified,2015-04-27
CUST104771,Arjun,Nair,Male,1969-03-24,57,Married,2,Graduate,Salaried,Teacher,704700,Pune,Maharashtra,Rented,1,arjun.nair795@outlook.com,+91-8538297773,Verified,2023-12-22
CUST104772,Aanya,Rao,Female,1990-09-23,35,Married,1,Graduate,Business Owner,Manufacturer,380800,Indore,Madhya Pradesh,Rented,16,aanya.rao920@yahoo.in,+91-8747435297,Pending,2020-04-08
CUST104773,Aarohi,Gupta,Female,1977-12-22,48,Married,1,Graduate,Salaried,Nurse,165400,Lucknow,Uttar Pradesh,Owned,1,aarohi.gupta326@rediffmail.com,+91-7286997685,Verified,2021-02-23
CUST104774,Pranav,Mehta,Male,1994-02-14,32,Married,3,Professional Degree,Salaried,Sales Executive,697100,Kolkata,West Bengal,Family Owned,14,pranav.mehta147@rediffmail.com,+91-8636434609,Verified,2019-04-21
CUST104775,Amit,Menon,Male,1990-05-21,36,Single,2,Post Graduate,Business Owner,Restaurant Owner,1800100,Kolkata,West Bengal,Rented,6,amit.menon924@outlook.com,+91-7897470122,Verified,2020-02-11
CUST104776,Meera,Kapoor,Female,2005-02-24,21,Married,0,Post Graduate,Salaried,Sales Executive,981200,Bhopal,Madhya Pradesh,Rented,3,meera.kapoor210@rediffmail.com,+91-7570406364,Pending,2023-04-26
CUST104777,Ayaan,Kaur,Male,1985-01-26,41,Married,0,Post Graduate,Salaried,Sales Executive,458300,Coimbatore,Tamil Nadu,Owned,2,ayaan.kaur439@rediffmail.com,+91-8376736209,Verified,2014-07-05
CUST104778,Ritu,Verma,Female,1984-04-02,42,Single,2,Post Graduate,Salaried,Software Engineer,844100,Lucknow,Uttar Pradesh,Owned,16,ritu.verma241@rediffmail.com,+91-7371221180,Verified,2016-09-14
CUST104779,Isha,Iyer,Female,1999-03-01,27,Single,1,Graduate,Unemployed,Student,120000,Surat,Gujarat,Rented,9,isha.iyer725@gmail.com,+91-9774480588,Verified,2018-09-13
CUST104780,Nisha,Bhat,Female,1991-02-13,35,Single,2,Diploma,Retired,Pensioner,507900,Mysuru,Karnataka,Mortgaged,11,nisha.bhat906@outlook.com,+91-8935462493,Verified,2023-05-17
CUST104781,Priya,Naidu,Female,1995-01-15,31,Married,2,Professional Degree,Self-Employed,Freelance Designer,869700,Surat,Gujarat,Mortgaged,13,priya.naidu328@outlook.com,+91-7462342668,Verified,2016-08-31
CUST104782,Arjun,Verma,Male,2002-09-29,23,Married,1,Diploma,Retired,Pensioner,120000,Chennai,Tamil Nadu,Family Owned,4,arjun.verma293@outlook.com,+91-9884641713,Verified,2023-11-22
CUST104783,Yash,Sheikh,Male,1972-07-21,53,Married,1,Graduate,Self-Employed,Consultant,643200,Nagpur,Maharashtra,Rented,13,yash.sheikh531@outlook.com,+91-8710452285,Verified,2023-05-04
CUST104784,Karthik,Kulkarni,Male,2005-05-10,21,Divorced,0,Graduate,Business Owner,Restaurant Owner,772000,Mumbai,Maharashtra,Rented,3,karthik.kulkarni613@outlook.com,+91-9493145240,Verified,2022-07-26
CUST104785,Riya,Sheikh,Female,1984-07-01,42,Widowed,2,Post Graduate,Salaried,Sales Executive,708600,Bengaluru,Karnataka,Owned,21,riya.sheikh797@rediffmail.com,+91-8825679122,Verified,2021-11-21
CUST104786,Harsh,Nair,Male,2004-11-24,21,Married,0,High School,Unemployed,Not Employed,120000,Coimbatore,Tamil Nadu,Mortgaged,3,harsh.nair377@rediffmail.com,+91-8416812774,Pending,2023-07-21
CUST104787,Krishna,Bose,Male,2004-12-04,21,Married,1,Graduate,Salaried,Bank Officer,320200,Delhi,Delhi,Family Owned,3,krishna.bose702@rediffmail.com,+91-7486361372,Verified,2022-11-13
CUST104788,Divya,Naidu,Female,1969-07-29,56,Married,1,Graduate,Business Owner,Trader,1342900,Chennai,Tamil Nadu,Mortgaged,1,divya.naidu320@rediffmail.com,+91-7840121332,Verified,2020-09-12
CUST104789,Pranav,Mehta,Male,1989-03-12,37,Single,1,Graduate,Salaried,Teacher,513100,Surat,Gujarat,Mortgaged,13,pranav.mehta235@outlook.com,+91-7312457938,Verified,2019-05-10
CUST104790,Yash,Sharma,Male,1972-08-05,53,Single,1,Post Graduate,Salaried,Bank Officer,375500,Nagpur,Maharashtra,Owned,10,yash.sharma155@outlook.com,+91-8797103623,Verified,2017-09-03
CUST104791,Swati,Sharma,Female,1988-01-02,38,Widowed,2,Post Graduate,Salaried,Sales Executive,487700,Kochi,Kerala,Owned,15,swati.sharma325@rediffmail.com,+91-8567140737,Pending,2023-03-23
CUST104792,Deepika,Singh,Female,1997-09-24,28,Divorced,1,Graduate,Business Owner,Restaurant Owner,857300,Pune,Maharashtra,Rented,9,deepika.singh681@yahoo.in,+91-9159585781,Verified,2020-06-05
CUST104793,Suresh,Bhat,Male,1981-05-22,45,Single,0,Post Graduate,Salaried,Accountant,541100,Coimbatore,Tamil Nadu,Rented,13,suresh.bhat908@gmail.com,+91-7093497347,Verified,2017-02-10
CUST104794,Ishaan,Gupta,Male,1981-08-13,44,Single,0,Graduate,Salaried,Sales Executive,324500,Delhi,Delhi,Owned,7,ishaan.gupta456@gmail.com,+91-9452400484,Pending,2024-06-04
CUST104795,Ayaan,Mukherjee,Male,1970-12-20,55,Married,0,Graduate,Business Owner,Contractor,387100,Mumbai,Maharashtra,Owned,11,ayaan.mukherjee322@yahoo.in,+91-8449546294,Verified,2023-12-28
CUST104796,Karthik,Shah,Male,1997-05-15,29,Married,3,Professional Degree,Retired,Pensioner,534400,Pune,Maharashtra,Rented,11,karthik.shah397@rediffmail.com,+91-9282589109,Pending,2015-02-04
CUST104797,Fatima,Banerjee,Female,1986-06-07,40,Widowed,1,Diploma,Salaried,Nurse,518300,Surat,Gujarat,Rented,4,fatima.banerjee908@outlook.com,+91-9626649994,Verified,2020-12-14
CUST104798,Divya,Deshpande,Female,2004-08-13,21,Married,1,Graduate,Salaried,Bank Officer,314300,Chandigarh,Chandigarh,Rented,3,divya.deshpande502@outlook.com,+91-7966654508,Verified,2022-04-15
CUST104799,Amit,Menon,Male,1988-06-26,38,Married,2,High School,Salaried,Analyst,355700,Kolkata,West Bengal,Owned,20,amit.menon703@rediffmail.com,+91-9735201084,Verified,2016-09-25
CUST104800,Vihaan,Mukherjee,Male,1981-05-03,45,Single,1,Graduate,Salaried,Nurse,378800,Chandigarh,Chandigarh,Owned,11,vihaan.mukherjee99@outlook.com,+91-9154363572,Verified,2013-08-11
CUST104801,Vikram,Shah,Male,2004-10-16,21,Married,5,Graduate,Self-Employed,Chartered Accountant,178700,Kolkata,West Bengal,Rented,3,vikram.shah383@rediffmail.com,+91-8339941139,Verified,2024-03-28
CUST104802,Imran,Gill,Male,1970-09-11,55,Married,0,Graduate,Self-Employed,Chartered Accountant,894300,Chennai,Tamil Nadu,Owned,3,imran.gill759@rediffmail.com,+91-9266084094,Verified,2015-03-11
CUST104803,Aditya,Bhat,Male,1978-09-03,47,Married,5,Post Graduate,Salaried,Software Engineer,311000,Delhi,Delhi,Rented,3,aditya.bhat251@gmail.com,+91-9068531114,Verified,2015-03-15
CUST104804,Farhan,Chopra,Male,1977-06-17,49,Single,3,Post Graduate,Salaried,Software Engineer,1342400,Chandigarh,Chandigarh,Rented,14,farhan.chopra223@outlook.com,+91-7368275446,Verified,2018-11-12
CUST104805,Krishna,Kaur,Male,1998-03-08,28,Married,2,Professional Degree,Salaried,Teacher,293700,Kolkata,West Bengal,Owned,4,krishna.kaur959@yahoo.in,+91-7386108721,Pending,2022-01-02
CUST104806,Aanya,Bose,Female,2000-03-05,26,Divorced,2,Diploma,Salaried,Analyst,312800,Pune,Maharashtra,Family Owned,8,aanya.bose223@gmail.com,+91-9432142457,Pending,2021-09-13
CUST104807,Siddharth,Singh,Male,1986-08-03,39,Widowed,0,Graduate,Self-Employed,Consultant,273800,Indore,Madhya Pradesh,Owned,14,siddharth.singh685@yahoo.in,+91-9562938100,Verified,2024-03-19
CUST104808,Nisha,Naidu,Female,2005-04-23,21,Single,1,Graduate,Business Owner,Trader,148200,Hyderabad,Telangana,Owned,0,nisha.naidu10@outlook.com,+91-8662511566,Pending,2024-06-06
CUST104809,Ananya,Gupta,Female,1988-01-03,38,Married,2,Graduate,Salaried,Software Engineer,343800,Surat,Gujarat,Family Owned,20,ananya.gupta906@yahoo.in,+91-9270621427,Verified,2024-02-03
CUST104810,Rohan,Singh,Male,1970-06-15,56,Married,1,Graduate,Unemployed,Not Employed,120000,Jaipur,Rajasthan,Rented,11,rohan.singh405@rediffmail.com,+91-9690614004,Verified,2016-12-24
CUST104811,Vikram,Nair,Male,1997-01-09,29,Divorced,1,Professional Degree,Salaried,Analyst,1069700,Lucknow,Uttar Pradesh,Family Owned,5,vikram.nair592@yahoo.in,+91-7558358727,Verified,2021-11-06
CUST104812,Ritu,Chowdhury,Female,1983-10-06,42,Married,2,Diploma,Business Owner,Manufacturer,221800,Kochi,Kerala,Owned,23,ritu.chowdhury302@outlook.com,+91-7979208244,Pending,2014-02-07
CUST104813,Meera,Khan,Female,1967-04-26,59,Married,2,Post Graduate,Salaried,Nurse,527700,Hyderabad,Telangana,Family Owned,12,meera.khan993@gmail.com,+91-8026548189,Pending,2022-02-03
CUST104814,Riya,Shah,Female,2005-02-24,21,Widowed,1,Graduate,Business Owner,Restaurant Owner,271900,Delhi,Delhi,Owned,3,riya.shah703@gmail.com,+91-7081455975,Pending,2021-12-30
CUST104815,Amit,Patel,Male,2005-04-09,21,Married,2,Graduate,Salaried,Nurse,396800,Bengaluru,Karnataka,Rented,3,amit.patel694@gmail.com,+91-8153656169,Verified,2022-06-24
CUST104816,Kritika,Sheikh,Female,1989-01-23,37,Single,1,Graduate,Business Owner,Manufacturer,729800,Kochi,Kerala,Rented,5,kritika.sheikh140@rediffmail.com,+91-9595359812,Verified,2022-03-15
CUST104817,Kabir,Khan,Male,1997-10-04,28,Married,0,Post Graduate,Unemployed,Homemaker,126000,Jaipur,Rajasthan,Family Owned,1,kabir.khan746@gmail.com,+91-9595002986,Verified,2022-06-25
CUST104818,Ayaan,Joshi,Male,2004-07-22,21,Single,4,Post Graduate,Salaried,Nurse,250900,Chandigarh,Chandigarh,Owned,3,ayaan.joshi365@yahoo.in,+91-9131284757,Pending,2023-01-18
CUST104819,Aditya,Sheikh,Male,1988-04-27,38,Married,2,Post Graduate,Self-Employed,Consultant,1605300,Lucknow,Uttar Pradesh,Owned,4,aditya.sheikh545@rediffmail.com,+91-7139637880,Verified,2014-04-21
CUST104820,Amit,Bose,Male,1993-03-05,33,Married,2,Diploma,Business Owner,Manufacturer,246800,Lucknow,Uttar Pradesh,Family Owned,3,amit.bose411@yahoo.in,+91-7713462433,Verified,2021-03-03
CUST104821,Rajesh,Mukherjee,Male,1989-09-22,36,Married,1,High School,Business Owner,Trader,454900,Hyderabad,Telangana,Rented,18,rajesh.mukherjee138@outlook.com,+91-9819153471,Pending,2014-10-15
CUST104822,Reyansh,Reddy,Male,1991-08-25,34,Married,2,Professional Degree,Retired,Retired Government Employee,524300,Nagpur,Maharashtra,Mortgaged,10,reyansh.reddy926@yahoo.in,+91-8672525396,Verified,2014-01-09
CUST104823,Ayaan,Sheikh,Male,1990-06-19,36,Married,2,Graduate,Business Owner,Manufacturer,1790800,Ahmedabad,Gujarat,Family Owned,18,ayaan.sheikh955@rediffmail.com,+91-7715071585,Verified,2017-10-25
CUST104824,Aarav,Reddy,Male,1988-02-27,38,Divorced,1,High School,Salaried,Sales Executive,154600,Coimbatore,Tamil Nadu,Family Owned,3,aarav.reddy174@rediffmail.com,+91-7541450762,Pending,2020-11-08
CUST104825,Suresh,Ahmed,Male,1973-07-29,52,Single,1,Post Graduate,Salaried,Sales Executive,1288800,Chandigarh,Chandigarh,Rented,24,suresh.ahmed462@outlook.com,+91-7851132020,Pending,2021-05-23
CUST104826,Harsh,Joshi,Male,1989-10-12,36,Single,2,Professional Degree,Salaried,Software Engineer,683200,Noida,Uttar Pradesh,Rented,15,harsh.joshi478@outlook.com,+91-7536539956,Pending,2023-03-28
CUST104827,Sana,Iyer,Female,1994-07-11,31,Married,0,Post Graduate,Salaried,Sales Executive,1022800,Kochi,Kerala,Mortgaged,5,sana.iyer652@gmail.com,+91-8726879483,Pending,2015-12-12
CUST104828,Tanvi,Chopra,Female,1971-06-16,55,Single,1,Graduate,Salaried,Nurse,744400,Indore,Madhya Pradesh,Mortgaged,6,tanvi.chopra61@yahoo.in,+91-7978498074,Pending,2020-10-13
CUST104829,Rajesh,Naidu,Male,1998-07-29,27,Married,0,Graduate,Business Owner,Manufacturer,1011100,Kochi,Kerala,Rented,9,rajesh.naidu96@yahoo.in,+91-9581321890,Verified,2017-08-21
CUST104830,Amit,Kulkarni,Male,1975-12-16,50,Single,1,Post Graduate,Salaried,HR Manager,554000,Bengaluru,Karnataka,Rented,6,amit.kulkarni700@outlook.com,+91-8279836550,Verified,2018-04-10
CUST104831,Harsh,Kulkarni,Male,1996-08-07,29,Single,2,High School,Business Owner,Restaurant Owner,246300,Bengaluru,Karnataka,Rented,4,harsh.kulkarni828@yahoo.in,+91-9518471327,Verified,2022-03-12
CUST104832,Ayaan,Kulkarni,Male,1958-08-08,67,Divorced,0,Graduate,Self-Employed,Doctor (Practice),1088600,Jaipur,Rajasthan,Rented,23,ayaan.kulkarni218@outlook.com,+91-8254784326,Pending,2018-03-05
CUST104833,Sandeep,Mukherjee,Male,1986-07-21,39,Divorced,2,Graduate,Salaried,Teacher,1203800,Chandigarh,Chandigarh,Family Owned,4,sandeep.mukherjee418@yahoo.in,+91-9659302792,Verified,2018-07-03
CUST104834,Vikram,Ahmed,Male,1998-06-24,28,Married,0,Graduate,Salaried,Accountant,517600,Ahmedabad,Gujarat,Owned,10,vikram.ahmed274@rediffmail.com,+91-9894932250,Pending,2017-04-27
CUST104835,Manish,Ahmed,Male,1998-06-12,28,Married,2,Post Graduate,Salaried,Accountant,589900,Surat,Gujarat,Owned,10,manish.ahmed943@outlook.com,+91-9847351583,Pending,2016-09-25
CUST104836,Amit,Bose,Male,1970-05-14,56,Married,1,Post Graduate,Salaried,Sales Executive,503000,Coimbatore,Tamil Nadu,Owned,4,amit.bose437@yahoo.in,+91-7999078626,Verified,2014-08-15
CUST104837,Sneha,Chopra,Female,1969-03-23,57,Married,0,Graduate,Salaried,Teacher,604600,Kochi,Kerala,Rented,0,sneha.chopra440@gmail.com,+91-8378461518,Verified,2020-10-16
CUST104838,Karthik,Das,Male,1992-05-29,34,Single,2,Post Graduate,Unemployed,Homemaker,120000,Kochi,Kerala,Mortgaged,7,karthik.das491@outlook.com,+91-8092197827,Verified,2015-07-11
CUST104839,Ayesha,Mukherjee,Female,1984-08-21,41,Single,3,Post Graduate,Salaried,Teacher,542900,Noida,Uttar Pradesh,Rented,9,ayesha.mukherjee949@rediffmail.com,+91-7755145230,Verified,2017-10-23
CUST104840,Neha,Chopra,Female,1988-10-10,37,Widowed,2,Diploma,Self-Employed,Freelance Designer,527300,Gurugram,Haryana,Rented,18,neha.chopra873@gmail.com,+91-9486780063,Pending,2015-02-27
CUST104841,Imran,Kapoor,Male,1993-07-15,32,Married,4,High School,Salaried,Bank Officer,224700,Chandigarh,Chandigarh,Mortgaged,14,imran.kapoor576@rediffmail.com,+91-8913774503,Verified,2019-06-17
CUST104842,Reyansh,Ahmed,Male,1976-06-29,50,Married,2,Graduate,Self-Employed,Architect,441500,Ahmedabad,Gujarat,Mortgaged,14,reyansh.ahmed644@rediffmail.com,+91-8338602919,Pending,2013-09-13
CUST104843,Ayaan,Banerjee,Male,2001-10-06,24,Married,1,Post Graduate,Business Owner,Trader,2836700,Mysuru,Karnataka,Owned,6,ayaan.banerjee34@rediffmail.com,+91-8011588246,Verified,2024-06-12
CUST104844,Reyansh,Bose,Male,1974-10-14,51,Single,1,Professional Degree,Salaried,Analyst,1640800,Noida,Uttar Pradesh,Owned,16,reyansh.bose869@rediffmail.com,+91-9332214647,Pending,2014-07-31
CUST104845,Rahul,Rao,Male,2002-03-24,24,Married,3,Graduate,Unemployed,Student,243500,Pune,Maharashtra,Rented,6,rahul.rao280@outlook.com,+91-8469252516,Pending,2019-11-20
CUST104846,Anil,Sharma,Male,1984-10-03,41,Single,0,Graduate,Business Owner,Restaurant Owner,536600,Delhi,Delhi,Rented,18,anil.sharma778@rediffmail.com,+91-8893191425,Pending,2014-09-02
CUST104847,Riya,Singh,Female,1990-09-23,35,Single,2,Post Graduate,Self-Employed,Chartered Accountant,702000,Hyderabad,Telangana,Owned,6,riya.singh462@outlook.com,+91-9734944659,Verified,2015-03-06
CUST104848,Rahul,Chowdhury,Male,1996-04-10,30,Married,3,Graduate,Salaried,Software Engineer,334000,Indore,Madhya Pradesh,Family Owned,12,rahul.chowdhury340@yahoo.in,+91-7593264892,Verified,2023-06-15
CUST104849,Riya,Kapoor,Female,1981-09-18,44,Married,1,Graduate,Salaried,Software Engineer,798600,Delhi,Delhi,Owned,18,riya.kapoor278@gmail.com,+91-7695478015,Pending,2013-10-18
CUST104850,Sneha,Kulkarni,Female,1995-04-30,31,Married,2,Post Graduate,Salaried,Sales Executive,589800,Indore,Madhya Pradesh,Owned,12,sneha.kulkarni283@yahoo.in,+91-9881076996,Pending,2016-08-11
CUST104851,Rajesh,Kaur,Male,1994-08-23,31,Married,1,Professional Degree,Salaried,Teacher,1066200,Nagpur,Maharashtra,Rented,13,rajesh.kaur266@rediffmail.com,+91-8373547470,Verified,2017-07-13
CUST104852,Suresh,Malhotra,Male,2002-02-14,24,Married,0,High School,Self-Employed,Chartered Accountant,200200,Mysuru,Karnataka,Owned,1,suresh.malhotra719@outlook.com,+91-7160313515,Verified,2019-06-28
CUST104853,Anil,Menon,Male,1988-06-25,38,Married,1,Diploma,Self-Employed,Freelance Designer,607600,Noida,Uttar Pradesh,Rented,1,anil.menon604@outlook.com,+91-7913479447,Verified,2023-04-11
CUST104854,Vikram,Nair,Male,1984-06-24,42,Single,3,Post Graduate,Salaried,Software Engineer,769900,Chennai,Tamil Nadu,Mortgaged,0,vikram.nair945@yahoo.in,+91-7037290128,Verified,2016-11-12
CUST104855,Rahul,Patel,Male,1987-11-21,38,Single,2,Graduate,Self-Employed,Architect,840700,Bhopal,Madhya Pradesh,Rented,16,rahul.patel292@rediffmail.com,+91-8868154951,Verified,2023-10-17
CUST104856,Kavya,Gill,Female,1996-06-13,30,Single,2,Graduate,Salaried,Bank Officer,227200,Mysuru,Karnataka,Owned,0,kavya.gill361@yahoo.in,+91-7229775230,Verified,2014-10-08
CUST104857,Sandeep,Kulkarni,Male,1993-08-19,32,Widowed,1,Post Graduate,Unemployed,Student,206200,Bengaluru,Karnataka,Owned,14,sandeep.kulkarni617@yahoo.in,+91-7488613998,Verified,2021-09-13
CUST104858,Nikhil,Banerjee,Male,1974-01-01,52,Married,0,High School,Salaried,Analyst,836800,Ahmedabad,Gujarat,Rented,12,nikhil.banerjee407@yahoo.in,+91-7927666204,Verified,2019-09-06
CUST104859,Kritika,Malhotra,Female,1996-08-31,29,Single,1,Graduate,Self-Employed,Doctor (Practice),884900,Chandigarh,Chandigarh,Family Owned,11,kritika.malhotra280@gmail.com,+91-9636412349,Verified,2018-12-10
CUST104860,Fatima,Menon,Female,1966-04-26,60,Widowed,0,Professional Degree,Business Owner,Contractor,1131600,Kolkata,West Bengal,Rented,13,fatima.menon67@gmail.com,+91-9079142995,Pending,2016-02-24
CUST104861,Siddharth,Joshi,Male,2000-06-29,26,Single,1,Professional Degree,Salaried,Bank Officer,411600,Chandigarh,Chandigarh,Rented,0,siddharth.joshi256@rediffmail.com,+91-7296313143,Pending,2021-07-24
CUST104862,Zaid,Mukherjee,Male,1990-12-10,35,Widowed,0,Professional Degree,Unemployed,Not Employed,263700,Jaipur,Rajasthan,Rented,5,zaid.mukherjee462@rediffmail.com,+91-7678304108,Verified,2024-01-27
CUST104863,Imran,Banerjee,Male,1996-06-06,30,Married,0,Graduate,Business Owner,Contractor,461600,Bengaluru,Karnataka,Rented,12,imran.banerjee659@rediffmail.com,+91-8297838725,Verified,2019-05-26
CUST104864,Farhan,Gupta,Male,1982-07-27,43,Single,2,Graduate,Salaried,Nurse,773000,Delhi,Delhi,Family Owned,3,farhan.gupta616@yahoo.in,+91-8918154519,Pending,2017-11-13
CUST104865,Shreya,Banerjee,Female,1975-01-29,51,Married,0,Graduate,Salaried,Analyst,686600,Bengaluru,Karnataka,Mortgaged,12,shreya.banerjee384@gmail.com,+91-9028507857,Verified,2019-05-20
CUST104866,Ritu,Chowdhury,Female,1983-11-19,42,Married,0,Graduate,Salaried,Bank Officer,347000,Kochi,Kerala,Rented,7,ritu.chowdhury883@outlook.com,+91-7386882150,Pending,2016-07-03
CUST104867,Nikhil,Mehta,Male,1998-04-05,28,Married,2,High School,Salaried,Accountant,394300,Mysuru,Karnataka,Owned,10,nikhil.mehta475@yahoo.in,+91-7471201629,Pending,2015-11-14
CUST104868,Manish,Rao,Male,1986-11-09,39,Divorced,1,Graduate,Salaried,Analyst,292000,Chandigarh,Chandigarh,Owned,20,manish.rao483@gmail.com,+91-7370925669,Verified,2018-03-06
CUST104869,Rohan,Shah,Male,1973-04-03,53,Single,3,High School,Salaried,Bank Officer,160200,Mumbai,Maharashtra,Rented,12,rohan.shah22@outlook.com,+91-9512159132,Verified,2018-09-10
CUST104870,Rajesh,Singh,Male,1989-08-29,36,Married,0,Professional Degree,Self-Employed,Lawyer,2289700,Jaipur,Rajasthan,Mortgaged,6,rajesh.singh638@gmail.com,+91-9085392514,Verified,2017-06-17
CUST104871,Krishna,Das,Male,1958-03-31,68,Single,1,Diploma,Self-Employed,Chartered Accountant,370200,Chennai,Tamil Nadu,Rented,5,krishna.das739@yahoo.in,+91-8626974624,Pending,2020-07-19
CUST104872,Aadhya,Singh,Female,1987-07-21,38,Single,0,Graduate,Self-Employed,Freelance Designer,235900,Bhopal,Madhya Pradesh,Rented,20,aadhya.singh286@outlook.com,+91-9483615519,Pending,2022-08-02
CUST104873,Arjun,Rao,Male,1963-09-04,62,Married,2,Graduate,Salaried,Software Engineer,449700,Chennai,Tamil Nadu,Family Owned,13,arjun.rao39@rediffmail.com,+91-9715988389,Verified,2019-11-05
CUST104874,Sandeep,Chopra,Male,1995-07-27,30,Single,0,Graduate,Self-Employed,Freelance Designer,402400,Noida,Uttar Pradesh,Owned,12,sandeep.chopra678@yahoo.in,+91-8013886572,Verified,2019-03-15
CUST104875,Rohan,Reddy,Male,1989-08-01,36,Single,1,Graduate,Self-Employed,Consultant,907700,Gurugram,Haryana,Family Owned,3,rohan.reddy7@outlook.com,+91-8864134457,Pending,2017-05-23
CUST104876,Rajesh,Ahmed,Male,1979-12-20,46,Married,1,Post Graduate,Salaried,Accountant,1146900,Pune,Maharashtra,Mortgaged,7,rajesh.ahmed970@gmail.com,+91-9174753121,Verified,2013-08-14
CUST104877,Yash,Iyer,Male,1993-04-21,33,Married,3,Post Graduate,Salaried,Teacher,362800,Lucknow,Uttar Pradesh,Rented,15,yash.iyer458@gmail.com,+91-8776983878,Verified,2018-11-26
CUST104878,Nisha,Chopra,Female,1965-10-04,60,Divorced,1,Graduate,Salaried,HR Manager,949400,Bengaluru,Karnataka,Mortgaged,18,nisha.chopra146@outlook.com,+91-7636337463,Verified,2016-06-28
CUST104879,Kabir,Sharma,Male,1987-09-07,38,Single,3,Graduate,Salaried,Sales Executive,406500,Kolkata,West Bengal,Rented,6,kabir.sharma127@gmail.com,+91-9214736243,Pending,2015-11-25
CUST104880,Pooja,Nair,Female,1988-11-09,37,Divorced,1,Diploma,Unemployed,Student,120000,Indore,Madhya Pradesh,Family Owned,19,pooja.nair421@yahoo.in,+91-7166877179,Verified,2018-09-11
CUST104881,Ishaan,Gupta,Male,1993-09-30,32,Married,2,Professional Degree,Salaried,Teacher,594000,Delhi,Delhi,Mortgaged,5,ishaan.gupta311@rediffmail.com,+91-9369252325,Verified,2018-07-31
CUST104882,Aadhya,Kapoor,Female,1986-12-21,39,Married,0,Graduate,Business Owner,Contractor,265400,Pune,Maharashtra,Rented,10,aadhya.kapoor466@yahoo.in,+91-9399714360,Pending,2019-12-18
CUST104883,Anjali,Banerjee,Female,1985-04-29,41,Married,0,High School,Salaried,Accountant,238800,Coimbatore,Tamil Nadu,Owned,5,anjali.banerjee387@rediffmail.com,+91-7441946737,Verified,2018-08-14
CUST104884,Aarav,Ahmed,Male,1991-10-11,34,Married,0,Graduate,Salaried,Accountant,178400,Nagpur,Maharashtra,Owned,16,aarav.ahmed137@gmail.com,+91-9834355994,Pending,2019-03-24
CUST104885,Manish,Sheikh,Male,1977-11-17,48,Widowed,2,Post Graduate,Salaried,HR Manager,945200,Bhopal,Madhya Pradesh,Rented,24,manish.sheikh28@yahoo.in,+91-9831527927,Verified,2017-10-08
CUST104886,Suresh,Mehta,Male,1982-05-04,44,Married,2,High School,Salaried,Teacher,174100,Ahmedabad,Gujarat,Owned,11,suresh.mehta738@gmail.com,+91-9562444969,Verified,2017-01-31
CUST104887,Suresh,Khan,Male,1974-10-24,51,Married,2,Post Graduate,Salaried,Software Engineer,562200,Gurugram,Haryana,Owned,8,suresh.khan238@gmail.com,+91-9329848362,Pending,2020-12-12
CUST104888,Farhan,Nair,Male,1981-01-23,45,Married,2,Post Graduate,Self-Employed,Consultant,374000,Surat,Gujarat,Rented,9,farhan.nair941@outlook.com,+91-8838502238,Verified,2019-08-14
CUST104889,Aarohi,Bhat,Female,1996-02-09,30,Single,1,Diploma,Self-Employed,Doctor (Practice),244800,Chennai,Tamil Nadu,Family Owned,10,aarohi.bhat509@rediffmail.com,+91-9810054529,Verified,2014-09-08
CUST104890,Aarohi,Gill,Female,1980-06-04,46,Married,1,Graduate,Salaried,Analyst,266100,Noida,Uttar Pradesh,Rented,2,aarohi.gill11@yahoo.in,+91-7198977004,Verified,2015-02-17
CUST104891,Sneha,Das,Female,2004-09-19,21,Married,0,Professional Degree,Self-Employed,Consultant,1049700,Ahmedabad,Gujarat,Rented,3,sneha.das655@outlook.com,+91-8615312004,Verified,2021-08-08
CUST104892,Farhan,Gupta,Male,1991-07-28,34,Single,2,Graduate,Business Owner,Retail Store Owner,234000,Coimbatore,Tamil Nadu,Family Owned,16,farhan.gupta361@outlook.com,+91-7419825630,Verified,2020-05-27
CUST104893,Imran,Nair,Male,1979-12-22,46,Single,2,Post Graduate,Salaried,Sales Executive,1229800,Noida,Uttar Pradesh,Owned,9,imran.nair817@yahoo.in,+91-7342229211,Verified,2021-07-12
CUST104894,Zaid,Sheikh,Male,1968-10-18,57,Single,1,Post Graduate,Self-Employed,Chartered Accountant,820300,Mysuru,Karnataka,Mortgaged,5,zaid.sheikh652@rediffmail.com,+91-8296421781,Verified,2014-05-06
CUST104895,Ayaan,Kaur,Male,1991-04-06,35,Married,0,Graduate,Self-Employed,Freelance Designer,414900,Lucknow,Uttar Pradesh,Family Owned,17,ayaan.kaur429@rediffmail.com,+91-8595941205,Pending,2020-09-09
CUST104896,Farhan,Mukherjee,Male,1984-08-30,41,Married,1,Graduate,Salaried,HR Manager,550300,Kolkata,West Bengal,Rented,14,farhan.mukherjee843@yahoo.in,+91-9891421285,Verified,2022-01-29
CUST104897,Farhan,Mehta,Male,1980-08-13,45,Single,3,Diploma,Business Owner,Contractor,362800,Pune,Maharashtra,Family Owned,18,farhan.mehta796@yahoo.in,+91-9213867710,Pending,2021-08-18
CUST104898,Rajesh,Naidu,Male,1989-07-15,36,Married,1,Diploma,Self-Employed,Architect,426800,Delhi,Delhi,Family Owned,11,rajesh.naidu334@yahoo.in,+91-9369913128,Verified,2015-06-04
CUST104899,Rahul,Menon,Male,1990-08-21,35,Single,0,High School,Self-Employed,Doctor (Practice),356800,Ahmedabad,Gujarat,Rented,11,rahul.menon670@yahoo.in,+91-9447088038,Verified,2021-03-27
CUST104900,Dev,Nair,Male,1978-08-28,47,Single,1,Graduate,Business Owner,Restaurant Owner,165900,Lucknow,Uttar Pradesh,Owned,12,dev.nair243@gmail.com,+91-9158976477,Pending,2020-10-25
CUST104901,Aarav,Gupta,Male,2003-01-06,23,Married,0,Professional Degree,Salaried,Accountant,1294300,Hyderabad,Telangana,Mortgaged,5,aarav.gupta79@outlook.com,+91-9587782527,Verified,2023-06-18
CUST104902,Rahul,Gupta,Male,1998-10-18,27,Married,1,Professional Degree,Self-Employed,Lawyer,1080400,Kochi,Kerala,Rented,9,rahul.gupta837@gmail.com,+91-8814914815,Verified,2017-08-24
CUST104903,Ananya,Kaur,Female,2005-03-18,21,Divorced,0,High School,Business Owner,Manufacturer,377100,Delhi,Delhi,Rented,3,ananya.kaur773@outlook.com,+91-7418710627,Pending,2022-03-21
CUST104904,Yash,Patel,Male,1983-11-19,42,Married,0,Graduate,Salaried,Analyst,434700,Chandigarh,Chandigarh,Mortgaged,18,yash.patel127@outlook.com,+91-8994699137,Verified,2021-01-06
CUST104905,Divya,Kapoor,Female,1982-07-14,43,Single,0,Graduate,Salaried,HR Manager,646200,Indore,Madhya Pradesh,Owned,13,divya.kapoor595@gmail.com,+91-8040990160,Verified,2018-04-29
CUST104906,Ayaan,Das,Male,1993-04-04,33,Divorced,1,Post Graduate,Salaried,Teacher,1065500,Chandigarh,Chandigarh,Rented,11,ayaan.das124@rediffmail.com,+91-7874670617,Verified,2017-05-19
CUST104907,Saanvi,Joshi,Female,1986-08-26,39,Single,1,Post Graduate,Salaried,Analyst,1476300,Jaipur,Rajasthan,Owned,5,saanvi.joshi190@rediffmail.com,+91-9758953296,Verified,2016-10-27
CUST104908,Rahul,Das,Male,1982-02-09,44,Widowed,1,Graduate,Unemployed,Homemaker,152400,Bhopal,Madhya Pradesh,Rented,7,rahul.das298@yahoo.in,+91-7115266950,Pending,2015-10-04
CUST104909,Ayesha,Sheikh,Female,1990-03-07,36,Married,1,Professional Degree,Salaried,Bank Officer,750300,Pune,Maharashtra,Owned,18,ayesha.sheikh166@outlook.com,+91-8393511739,Verified,2022-06-12
CUST104910,Priya,Rao,Female,1964-03-11,62,Married,1,High School,Business Owner,Restaurant Owner,141900,Gurugram,Haryana,Family Owned,14,priya.rao263@rediffmail.com,+91-8681852887,Verified,2018-08-07
CUST104911,Lakshmi,Sharma,Female,1985-10-02,40,Married,3,Post Graduate,Self-Employed,Chartered Accountant,1522900,Noida,Uttar Pradesh,Rented,22,lakshmi.sharma984@rediffmail.com,+91-9492596813,Verified,2013-09-02
CUST104912,Karthik,Verma,Male,1986-11-16,39,Married,0,Diploma,Self-Employed,Freelance Designer,1105200,Jaipur,Rajasthan,Owned,3,karthik.verma554@outlook.com,+91-9242127648,Verified,2019-08-24
CUST104913,Saanvi,Gupta,Female,1986-02-05,40,Married,1,High School,Self-Employed,Doctor (Practice),233000,Delhi,Delhi,Owned,22,saanvi.gupta903@yahoo.in,+91-8762482919,Verified,2017-12-31
CUST104914,Suresh,Gupta,Male,1995-03-11,31,Single,1,Graduate,Salaried,Sales Executive,449700,Hyderabad,Telangana,Family Owned,0,suresh.gupta49@gmail.com,+91-7750660028,Verified,2021-10-30
CUST104915,Nikhil,Nair,Male,1973-11-13,52,Married,1,Post Graduate,Retired,Retired Private Sector,440100,Nagpur,Maharashtra,Owned,20,nikhil.nair968@gmail.com,+91-9434047970,Verified,2021-03-25
CUST104916,Krishna,Bhat,Male,1994-03-06,32,Married,2,Post Graduate,Salaried,Analyst,639200,Chandigarh,Chandigarh,Mortgaged,1,krishna.bhat935@outlook.com,+91-8542828572,Verified,2014-06-01
CUST104917,Ishaan,Gupta,Male,1987-02-27,39,Married,2,High School,Salaried,Nurse,476500,Delhi,Delhi,Rented,16,ishaan.gupta625@yahoo.in,+91-8854269249,Verified,2017-03-18
CUST104918,Anika,Bhat,Female,1990-10-07,35,Married,3,Post Graduate,Self-Employed,Doctor (Practice),802700,Coimbatore,Tamil Nadu,Owned,12,anika.bhat789@rediffmail.com,+91-7473974412,Pending,2021-05-02
CUST104919,Isha,Bhat,Female,1998-02-28,28,Divorced,1,Post Graduate,Retired,Retired Government Employee,342200,Gurugram,Haryana,Rented,10,isha.bhat668@outlook.com,+91-7430674714,Verified,2021-08-11
CUST104920,Ayesha,Kapoor,Female,1993-12-07,32,Single,2,High School,Unemployed,Student,120000,Delhi,Delhi,Family Owned,3,ayesha.kapoor748@yahoo.in,+91-9817934683,Pending,2024-04-20
CUST104921,Kavya,Sharma,Female,1979-09-30,46,Married,0,Graduate,Self-Employed,Chartered Accountant,638100,Kochi,Kerala,Rented,4,kavya.sharma236@yahoo.in,+91-7659956341,Verified,2022-08-04
CUST104922,Meera,Malhotra,Female,1979-11-02,46,Single,2,Graduate,Salaried,Software Engineer,674200,Delhi,Delhi,Rented,22,meera.malhotra59@rediffmail.com,+91-9424060953,Verified,2017-10-05
CUST104923,Deepak,Mukherjee,Male,1989-07-01,37,Married,2,High School,Business Owner,Trader,230800,Mysuru,Karnataka,Rented,8,deepak.mukherjee622@yahoo.in,+91-9426361539,Verified,2014-01-29
CUST104924,Vihaan,Iyer,Male,1964-01-10,62,Married,0,Diploma,Salaried,Bank Officer,497100,Gurugram,Haryana,Family Owned,13,vihaan.iyer209@outlook.com,+91-8755142754,Verified,2022-03-26
CUST104925,Pranav,Bhat,Male,1990-06-02,36,Single,1,Graduate,Salaried,Nurse,659500,Chennai,Tamil Nadu,Mortgaged,15,pranav.bhat387@rediffmail.com,+91-8564783552,Pending,2018-10-14
CUST104926,Aanya,Chopra,Female,1985-12-11,40,Single,4,Post Graduate,Business Owner,Contractor,1465100,Lucknow,Uttar Pradesh,Owned,8,aanya.chopra347@gmail.com,+91-8565402166,Verified,2023-10-15
CUST104927,Shreya,Gill,Female,2000-07-26,25,Married,3,Graduate,Self-Employed,Architect,446500,Kolkata,West Bengal,Owned,4,shreya.gill714@outlook.com,+91-7861643122,Pending,2018-11-02
CUST104928,Sana,Mukherjee,Female,2004-07-23,21,Married,1,Graduate,Self-Employed,Consultant,280000,Lucknow,Uttar Pradesh,Rented,3,sana.mukherjee890@gmail.com,+91-7010205507,Pending,2024-01-18
CUST104929,Amit,Shah,Male,1994-02-03,32,Married,2,Graduate,Salaried,Software Engineer,227800,Pune,Maharashtra,Owned,14,amit.shah917@yahoo.in,+91-9177673686,Pending,2017-11-09
CUST104930,Ayaan,Sharma,Male,1964-12-23,61,Single,1,Professional Degree,Self-Employed,Architect,1977200,Jaipur,Rajasthan,Rented,8,ayaan.sharma81@gmail.com,+91-7849047661,Pending,2018-04-03
CUST104931,Ritu,Malhotra,Female,1980-10-03,45,Married,1,Graduate,Salaried,Software Engineer,546100,Coimbatore,Tamil Nadu,Rented,1,ritu.malhotra575@rediffmail.com,+91-9446460193,Verified,2023-08-03
CUST104932,Kabir,Bose,Male,1984-07-15,41,Married,1,Graduate,Salaried,Software Engineer,350800,Ahmedabad,Gujarat,Rented,14,kabir.bose505@gmail.com,+91-7350314300,Pending,2018-02-21
CUST104933,Neha,Das,Female,2003-06-15,23,Single,2,Graduate,Self-Employed,Freelance Designer,561600,Bengaluru,Karnataka,Rented,5,neha.das565@gmail.com,+91-7320088981,Pending,2024-03-26
CUST104934,Zara,Rao,Female,2002-08-18,23,Married,1,Post Graduate,Business Owner,Trader,430600,Nagpur,Maharashtra,Mortgaged,1,zara.rao698@rediffmail.com,+91-7212849344,Verified,2022-10-13
CUST104935,Nikhil,Khan,Male,1995-06-26,31,Married,2,Graduate,Salaried,Software Engineer,196100,Noida,Uttar Pradesh,Rented,13,nikhil.khan474@gmail.com,+91-9063123893,Verified,2019-01-30
CUST104936,Sowmya,Rao,Female,2005-01-09,21,Married,0,Graduate,Self-Employed,Consultant,718500,Bengaluru,Karnataka,Owned,0,sowmya.rao829@outlook.com,+91-7240742018,Verified,2022-10-03
CUST104937,Imran,Reddy,Male,1970-01-03,56,Married,2,Post Graduate,Salaried,Sales Executive,647200,Coimbatore,Tamil Nadu,Owned,5,imran.reddy330@rediffmail.com,+91-8194500686,Pending,2014-08-31
CUST104938,Aarav,Chowdhury,Male,1983-03-02,43,Married,0,Diploma,Self-Employed,Chartered Accountant,1010500,Lucknow,Uttar Pradesh,Mortgaged,11,aarav.chowdhury575@yahoo.in,+91-7514955612,Verified,2016-06-11
CUST104939,Tanvi,Iyer,Female,1977-04-16,49,Married,2,Graduate,Unemployed,Homemaker,192100,Kolkata,West Bengal,Rented,24,tanvi.iyer53@gmail.com,+91-8871351889,Verified,2024-03-29
CUST104940,Reyansh,Menon,Male,1975-07-07,50,Married,1,Post Graduate,Unemployed,Homemaker,123000,Jaipur,Rajasthan,Family Owned,19,reyansh.menon828@gmail.com,+91-7993495620,Pending,2015-05-13
CUST104941,Deepak,Gupta,Male,1996-11-26,29,Married,1,Post Graduate,Salaried,HR Manager,603800,Delhi,Delhi,Family Owned,8,deepak.gupta603@yahoo.in,+91-9345033793,Verified,2018-04-04
CUST104942,Fatima,Kulkarni,Female,1989-05-28,37,Single,1,Graduate,Business Owner,Retail Store Owner,470800,Mysuru,Karnataka,Rented,12,fatima.kulkarni655@rediffmail.com,+91-8480260291,Verified,2016-08-25
CUST104943,Deepak,Sharma,Male,1996-08-04,29,Married,3,Graduate,Business Owner,Restaurant Owner,543100,Pune,Maharashtra,Rented,1,deepak.sharma389@rediffmail.com,+91-7738236076,Verified,2022-03-30
CUST104944,Yash,Nair,Male,2004-10-11,21,Single,0,Graduate,Unemployed,Not Employed,120000,Lucknow,Uttar Pradesh,Rented,3,yash.nair522@outlook.com,+91-8427031395,Verified,2023-10-11
CUST104945,Shreya,Nair,Female,1988-07-25,37,Divorced,5,Post Graduate,Self-Employed,Doctor (Practice),1583900,Gurugram,Haryana,Owned,17,shreya.nair425@gmail.com,+91-8013409662,Verified,2016-06-15
CUST104946,Meera,Ahmed,Female,1992-03-27,34,Married,0,Post Graduate,Salaried,Nurse,542600,Chennai,Tamil Nadu,Owned,2,meera.ahmed159@yahoo.in,+91-8021526750,Verified,2021-06-22
CUST104947,Aditya,Sharma,Male,1986-09-28,39,Married,3,Graduate,Salaried,Analyst,693300,Jaipur,Rajasthan,Mortgaged,16,aditya.sharma565@gmail.com,+91-8851933282,Verified,2016-10-14
CUST104948,Swati,Singh,Female,1987-11-21,38,Divorced,1,Graduate,Business Owner,Manufacturer,285600,Chennai,Tamil Nadu,Rented,17,swati.singh583@gmail.com,+91-8371666735,Verified,2016-09-07
CUST104949,Deepak,Verma,Male,1990-04-06,36,Widowed,1,Diploma,Salaried,Analyst,473000,Mysuru,Karnataka,Owned,6,deepak.verma759@gmail.com,+91-7846692947,Pending,2018-12-15
CUST104950,Kritika,Khan,Female,1975-06-13,51,Married,1,Diploma,Salaried,Nurse,657100,Mumbai,Maharashtra,Mortgaged,21,kritika.khan286@gmail.com,+91-7021328808,Verified,2013-10-26
CUST104951,Vihaan,Chopra,Male,1994-11-10,31,Married,1,Graduate,Retired,Pensioner,461000,Lucknow,Uttar Pradesh,Owned,13,vihaan.chopra657@outlook.com,+91-7710010579,Verified,2020-08-02
CUST104952,Ishaan,Gupta,Male,1982-11-25,43,Married,0,Post Graduate,Salaried,Bank Officer,468000,Mumbai,Maharashtra,Mortgaged,9,ishaan.gupta609@yahoo.in,+91-8993324836,Verified,2022-08-17
CUST104953,Aarav,Rao,Male,1969-12-29,56,Married,1,Diploma,Retired,Retired Government Employee,222100,Coimbatore,Tamil Nadu,Rented,7,aarav.rao853@rediffmail.com,+91-7265562687,Verified,2016-12-30
CUST104954,Rajesh,Singh,Male,1986-12-10,39,Divorced,2,Diploma,Salaried,Teacher,182200,Noida,Uttar Pradesh,Rented,0,rajesh.singh754@outlook.com,+91-9238947398,Pending,2023-05-11
CUST104955,Karthik,Mehta,Male,1992-08-03,33,Single,0,Graduate,Unemployed,Not Employed,120000,Indore,Madhya Pradesh,Mortgaged,15,karthik.mehta496@rediffmail.com,+91-8068607702,Pending,2021-07-14
CUST104956,Anil,Malhotra,Male,1987-08-31,38,Married,1,Diploma,Self-Employed,Chartered Accountant,249500,Jaipur,Rajasthan,Family Owned,18,anil.malhotra207@gmail.com,+91-7698760310,Verified,2021-10-29
CUST104957,Nikhil,Kulkarni,Male,2003-02-25,23,Single,1,Post Graduate,Salaried,Sales Executive,1789800,Kolkata,West Bengal,Family Owned,5,nikhil.kulkarni416@gmail.com,+91-8871023246,Verified,2019-07-26
CUST104958,Sowmya,Das,Female,1998-07-17,27,Single,0,High School,Salaried,Teacher,137700,Indore,Madhya Pradesh,Mortgaged,2,sowmya.das919@rediffmail.com,+91-8237702380,Pending,2016-09-30
CUST104959,Aditya,Menon,Male,1995-05-29,31,Single,2,High School,Self-Employed,Chartered Accountant,143200,Gurugram,Haryana,Owned,2,aditya.menon499@gmail.com,+91-9432028641,Verified,2021-04-25
CUST104960,Rajesh,Sheikh,Male,1970-04-08,56,Single,1,Diploma,Salaried,Bank Officer,271700,Bhopal,Madhya Pradesh,Family Owned,14,rajesh.sheikh730@rediffmail.com,+91-8685713283,Verified,2023-07-07
CUST104961,Anjali,Chopra,Female,1980-02-24,46,Single,0,Graduate,Self-Employed,Lawyer,1027300,Lucknow,Uttar Pradesh,Family Owned,15,anjali.chopra864@rediffmail.com,+91-8456754269,Verified,2020-10-11
CUST104962,Sowmya,Verma,Female,1986-08-01,39,Single,1,Graduate,Retired,Retired Private Sector,293700,Hyderabad,Telangana,Rented,17,sowmya.verma938@yahoo.in,+91-7158693491,Verified,2017-07-21
CUST104963,Yash,Gupta,Male,1989-10-22,36,Married,2,Post Graduate,Salaried,Software Engineer,570500,Indore,Madhya Pradesh,Owned,2,yash.gupta884@rediffmail.com,+91-8333529793,Verified,2013-07-13
CUST104964,Riya,Rao,Female,1983-08-07,42,Single,1,Post Graduate,Business Owner,Manufacturer,1186200,Kolkata,West Bengal,Family Owned,10,riya.rao83@outlook.com,+91-7032564505,Verified,2015-06-24
CUST104965,Vivaan,Gupta,Male,2001-02-11,25,Single,3,Diploma,Salaried,HR Manager,329800,Chennai,Tamil Nadu,Owned,7,vivaan.gupta463@gmail.com,+91-7987781940,Verified,2018-02-16
CUST104966,Swati,Kapoor,Female,1984-10-22,41,Married,0,Post Graduate,Business Owner,Contractor,869100,Indore,Madhya Pradesh,Family Owned,9,swati.kapoor139@outlook.com,+91-9264847385,Verified,2016-09-06
CUST104967,Nisha,Naidu,Female,1986-10-26,39,Single,2,Graduate,Business Owner,Manufacturer,388500,Bengaluru,Karnataka,Family Owned,14,nisha.naidu976@yahoo.in,+91-9249143131,Verified,2016-04-12
CUST104968,Riya,Sharma,Female,1989-11-04,36,Married,1,Professional Degree,Salaried,Sales Executive,1639100,Hyderabad,Telangana,Family Owned,18,riya.sharma28@yahoo.in,+91-8930403517,Pending,2015-03-10
CUST104969,Anjali,Bose,Female,1986-05-29,40,Single,2,Diploma,Business Owner,Contractor,709100,Mumbai,Maharashtra,Owned,18,anjali.bose835@gmail.com,+91-7082161737,Verified,2023-08-15
CUST104970,Shreya,Menon,Female,1985-05-09,41,Married,1,Graduate,Business Owner,Retail Store Owner,446600,Bhopal,Madhya Pradesh,Rented,0,shreya.menon562@rediffmail.com,+91-9559262907,Pending,2023-08-24
CUST104971,Amit,Patel,Male,1993-11-09,32,Married,2,Post Graduate,Salaried,Bank Officer,621800,Chandigarh,Chandigarh,Family Owned,9,amit.patel58@rediffmail.com,+91-7593220450,Pending,2020-07-30
CUST104972,Anika,Singh,Female,1994-01-02,32,Divorced,0,Professional Degree,Salaried,Teacher,627300,Noida,Uttar Pradesh,Rented,12,anika.singh448@outlook.com,+91-7932990330,Verified,2014-08-17
CUST104973,Aanya,Chowdhury,Female,1997-10-08,28,Single,2,Graduate,Salaried,HR Manager,411800,Mumbai,Maharashtra,Family Owned,5,aanya.chowdhury759@yahoo.in,+91-7270014903,Verified,2014-07-25
CUST104974,Arjun,Nair,Male,1992-10-19,33,Single,0,Graduate,Salaried,Sales Executive,1100600,Surat,Gujarat,Owned,15,arjun.nair886@gmail.com,+91-8433540742,Pending,2020-04-04
CUST104975,Arjun,Sharma,Male,1978-05-16,48,Married,1,Post Graduate,Business Owner,Restaurant Owner,2793900,Delhi,Delhi,Rented,22,arjun.sharma711@rediffmail.com,+91-8161811835,Verified,2014-04-10
CUST104976,Deepika,Reddy,Female,1996-03-26,30,Single,2,Professional Degree,Unemployed,Student,120000,Bhopal,Madhya Pradesh,Mortgaged,12,deepika.reddy804@rediffmail.com,+91-9530794374,Verified,2024-04-29
CUST104977,Dev,Kulkarni,Male,1992-09-12,33,Single,0,Graduate,Unemployed,Student,131700,Bhopal,Madhya Pradesh,Mortgaged,15,dev.kulkarni863@outlook.com,+91-8886805507,Verified,2023-07-13
CUST104978,Suresh,Khan,Male,1993-10-08,32,Married,0,Diploma,Self-Employed,Freelance Designer,231700,Delhi,Delhi,Owned,14,suresh.khan737@yahoo.in,+91-7196025966,Verified,2016-10-06
CUST104979,Anika,Singh,Female,1992-08-27,33,Married,0,High School,Salaried,Bank Officer,537500,Mysuru,Karnataka,Family Owned,15,anika.singh938@rediffmail.com,+91-8760662208,Verified,2019-07-26
CUST104980,Aadhya,Chopra,Female,1978-01-22,48,Married,1,High School,Retired,Retired Government Employee,275800,Jaipur,Rajasthan,Family Owned,20,aadhya.chopra574@rediffmail.com,+91-8612606571,Verified,2021-11-13
CUST104981,Tanvi,Joshi,Female,1987-08-26,38,Single,0,Post Graduate,Self-Employed,Freelance Designer,1671500,Kochi,Kerala,Rented,2,tanvi.joshi40@rediffmail.com,+91-7473420449,Pending,2020-04-29
CUST104982,Kavya,Deshpande,Female,1986-07-08,39,Divorced,1,Diploma,Self-Employed,Doctor (Practice),818000,Nagpur,Maharashtra,Rented,17,kavya.deshpande553@yahoo.in,+91-9627437636,Verified,2016-03-24
CUST104983,Sowmya,Bose,Female,1993-11-14,32,Married,3,Post Graduate,Salaried,HR Manager,489800,Mumbai,Maharashtra,Rented,8,sowmya.bose474@rediffmail.com,+91-8992640341,Verified,2020-05-30
CUST104984,Anjali,Rao,Female,1976-10-04,49,Single,2,Professional Degree,Salaried,Bank Officer,589300,Indore,Madhya Pradesh,Rented,18,anjali.rao284@outlook.com,+91-8739274215,Verified,2016-02-07
CUST104985,Kavya,Gupta,Female,2004-05-01,22,Married,1,Diploma,Salaried,Bank Officer,120000,Mumbai,Maharashtra,Owned,4,kavya.gupta222@yahoo.in,+91-7298533978,Pending,2021-02-06
CUST104986,Neha,Bhat,Female,1969-01-05,57,Married,2,Graduate,Self-Employed,Consultant,585500,Lucknow,Uttar Pradesh,Owned,24,neha.bhat314@gmail.com,+91-7467739267,Verified,2015-06-20
CUST104987,Vihaan,Verma,Male,1976-08-13,49,Married,1,Diploma,Self-Employed,Freelance Designer,1424800,Bhopal,Madhya Pradesh,Rented,10,vihaan.verma463@yahoo.in,+91-9667353292,Verified,2015-10-31
CUST104988,Aarav,Kulkarni,Male,1989-06-29,37,Married,0,Diploma,Business Owner,Manufacturer,568300,Nagpur,Maharashtra,Rented,19,aarav.kulkarni101@rediffmail.com,+91-8372280930,Verified,2017-03-14
CUST104989,Ayesha,Khan,Female,1990-08-25,35,Married,1,High School,Salaried,Bank Officer,131400,Bengaluru,Karnataka,Family Owned,17,ayesha.khan803@gmail.com,+91-8254950755,Verified,2013-08-13
CUST104990,Kabir,Joshi,Male,1975-02-09,51,Married,1,Post Graduate,Salaried,Bank Officer,740900,Coimbatore,Tamil Nadu,Mortgaged,18,kabir.joshi454@gmail.com,+91-7772956227,Verified,2016-11-05
CUST104991,Shreya,Singh,Female,2005-03-17,21,Married,2,Graduate,Self-Employed,Architect,518200,Pune,Maharashtra,Owned,3,shreya.singh811@rediffmail.com,+91-7119599633,Verified,2023-07-14
CUST104992,Manish,Joshi,Male,1994-02-25,32,Single,1,Graduate,Business Owner,Trader,131100,Delhi,Delhi,Rented,12,manish.joshi722@gmail.com,+91-9216427675,Verified,2023-05-22
CUST104993,Suresh,Chopra,Male,1994-08-16,31,Married,3,Graduate,Business Owner,Restaurant Owner,500300,Bhopal,Madhya Pradesh,Rented,13,suresh.chopra662@yahoo.in,+91-9033696939,Verified,2023-02-04
CUST104994,Kavya,Deshpande,Female,1992-01-13,34,Single,2,High School,Retired,Pensioner,255400,Gurugram,Haryana,Family Owned,0,kavya.deshpande308@rediffmail.com,+91-8559832275,Pending,2015-12-08
CUST104995,Anika,Gupta,Female,2003-12-14,22,Married,3,Graduate,Self-Employed,Consultant,350800,Gurugram,Haryana,Family Owned,4,anika.gupta938@outlook.com,+91-9795403434,Verified,2021-11-21
CUST104996,Deepika,Chowdhury,Female,1976-02-13,50,Married,1,Graduate,Salaried,HR Manager,308300,Chennai,Tamil Nadu,Owned,15,deepika.chowdhury589@gmail.com,+91-9471419368,Verified,2015-09-20
CUST104997,Zaid,Rao,Male,1972-12-07,53,Single,3,Graduate,Salaried,HR Manager,532000,Gurugram,Haryana,Family Owned,24,zaid.rao173@outlook.com,+91-8464402958,Verified,2018-10-06
CUST104998,Deepak,Kulkarni,Male,2005-02-02,21,Single,3,Graduate,Unemployed,Student,120000,Surat,Gujarat,Owned,3,deepak.kulkarni147@yahoo.in,+91-8622032650,Verified,2023-07-22
CUST104999,Imran,Chopra,Male,1979-06-07,47,Married,0,Diploma,Salaried,Nurse,217800,Ahmedabad,Gujarat,Mortgaged,24,imran.chopra283@outlook.com,+91-7238571036,Verified,2016-11-13
CUST105000,Kavya,Das,Female,1977-03-01,49,Single,2,Diploma,Unemployed,Not Employed,192300,Mysuru,Karnataka,Rented,24,kavya.das721@outlook.com,+91-7292304919,Verified,2019-05-22
