application_id,customer_id,application_date,loan_type,loan_purpose,requested_amount,loan_term_months,interest_rate,applicant_monthly_income,existing_emi,debt_to_income_ratio,collateral_flag,approval_status,approved_amount,decision_date,disbursed_flag,loan_default
APP800001,CUST101595,2022-12-20,Business,Equipment Purchase,6297000,84,15.25,48400,11600,2.769,0,Rejected,0,2022-12-27,0,
APP800002,CUST104584,2022-12-15,Home,Balance Transfer,6050000,24,10.07,149200,21700,2.017,1,Rejected,0,2022-12-31,0,
APP800003,CUST103833,2022-10-05,Business,Equipment Purchase,6441000,48,17.51,88500,13900,2.277,0,Rejected,0,2022-10-19,0,
APP800004,CUST103841,2022-08-29,Auto,Used Car,2498000,24,9.79,42300,14400,3.0,1,Rejected,0,2022-09-09,0,
APP800005,CUST100115,2024-05-22,Gold,Gold Loan,393000,24,12.86,47300,5200,0.505,1,Under Review,0,,0,
APP800006,CUST102505,2022-07-22,Personal,Wedding,838000,84,19.18,35200,4300,0.64,0,Approved,590000,2022-08-08,1,0
APP800007,CUST100805,2023-09-10,Home,Balance Transfer,3889000,180,9.1,72600,22400,0.856,1,Rejected,0,2023-09-30,0,
APP800008,CUST101394,2024-04-08,Auto,New Car,282000,24,10.43,38200,1800,0.39,1,Rejected,0,2024-04-11,0,
APP800009,CUST102299,2024-01-19,Gold,Gold Loan,137000,24,13.22,140600,15700,0.158,1,Approved,111000,2024-01-21,1,0
APP800010,CUST103569,2024-05-25,Personal,Travel,948000,36,19.76,33300,5700,1.225,0,Rejected,0,2024-06-12,0,
APP800011,CUST101028,2024-03-27,Education,Skill Certification,1041000,48,10.3,30800,6500,1.074,0,Approved,926000,2024-03-30,1,0
APP800012,CUST102620,2022-08-23,Auto,New Car,439000,60,12.96,17500,4600,0.833,1,Approved,316000,2022-08-28,1,1
APP800013,CUST102640,2022-08-22,Auto,Two Wheeler,2288000,48,10.55,11400,800,3.0,1,Rejected,0,2022-09-05,0,
APP800014,CUST101666,2022-12-26,Personal,Home Renovation,1247000,12,21.68,20400,6200,3.0,1,Rejected,0,2023-01-09,0,
APP800015,CUST102218,2023-01-09,Business,Working Capital,1694000,48,15.7,130900,8200,0.428,0,Rejected,0,2023-01-15,0,
APP800016,CUST102623,2024-05-03,Personal,Wedding,1337000,48,12.45,36600,10000,1.245,0,Rejected,0,2024-05-12,0,
APP800017,CUST101755,2022-10-23,Gold,Gold Loan,313000,12,12.52,10000,400,2.829,1,Rejected,0,2022-11-01,0,
APP800018,CUST103744,2024-04-14,Education,Skill Certification,1274000,12,9.49,10000,300,3.0,0,Rejected,0,2024-05-01,0,
APP800019,CUST102542,2022-09-13,Home,Home Purchase,2180000,240,9.07,40600,4700,0.601,1,Approved,1984000,2022-10-01,1,0
APP800020,CUST100604,2024-02-28,Education,Skill Certification,510000,84,10.35,84000,23000,0.376,0,Approved,436000,2024-03-05,1,0
APP800021,CUST104834,2023-08-13,Auto,New Car,719000,48,9.01,43100,3600,0.498,1,Approved,538000,2023-08-23,1,1
APP800022,CUST101020,2023-04-17,Gold,Gold Loan,220000,12,11.99,44800,6000,0.57,1,Approved,217000,2023-04-24,1,0
APP800023,CUST103865,2024-04-28,Gold,Gold Loan,302000,24,13.79,40200,8400,0.569,1,Approved,229000,2024-05-06,1,1
APP800024,CUST104882,2023-06-12,Personal,Travel,833000,60,11.59,22100,0,0.83,0,Rejected,0,2023-06-18,0,
APP800025,CUST101755,2022-10-25,Personal,Travel,1236000,48,19.29,10000,3200,3.0,0,Rejected,0,2022-10-27,0,
APP800026,CUST103746,2024-01-15,Gold,Gold Loan,181000,36,9.98,27700,1500,0.265,1,Rejected,0,2024-02-03,0,
APP800027,CUST103097,2022-11-22,Personal,Home Renovation,441000,60,12.34,50800,10700,0.406,0,Rejected,0,2022-11-25,0,
APP800028,CUST102225,2023-02-05,Home,Home Construction,2072000,240,9.06,24500,5700,0.996,1,Approved,1551000,2023-02-23,1,0
APP800029,CUST102212,2022-11-14,Business,Equipment Purchase,1929000,48,18.22,19900,2500,2.979,0,Rejected,0,2022-11-20,0,
APP800030,CUST100809,2024-05-01,Home,Home Purchase,10140000,84,8.95,58400,17800,3.0,1,Approved,9867000,2024-05-02,1,1
APP800031,CUST101390,2023-10-20,Auto,Used Car,922000,24,13.43,117100,11000,0.47,1,Approved,893000,2023-11-02,1,0
APP800032,CUST104315,2024-05-17,Gold,Gold Loan,678000,12,13.51,62200,19800,1.294,1,Rejected,0,2024-06-03,0,
APP800033,CUST100549,2022-07-16,Education,Study Abroad,1260000,24,11.53,23600,3300,2.637,0,Rejected,0,2022-07-30,0,
APP800034,CUST104615,2023-07-12,Personal,Home Renovation,533000,12,15.21,16600,3700,3.0,0,Rejected,0,2023-07-17,0,
APP800035,CUST102435,2024-02-11,Home,Plot Purchase,4916000,180,9.32,40200,6600,1.428,1,Rejected,0,2024-02-14,0,
APP800036,CUST103918,2023-08-22,Personal,Debt Consolidation,1379000,60,19.65,12100,500,3.0,0,Rejected,0,2023-09-11,0,
APP800037,CUST100392,2023-03-09,Personal,Medical Emergency,410000,84,22.51,123600,10000,0.16,0,Approved,391000,2023-03-25,1,0
APP800038,CUST101088,2022-12-02,Personal,Wedding,1256000,24,13.18,30200,200,1.988,0,Approved,1199000,2022-12-06,1,1
APP800039,CUST102151,2023-10-31,Personal,Debt Consolidation,1346000,36,22.78,39000,8200,1.543,1,Approved,968000,2023-11-10,1,1
APP800040,CUST104774,2023-09-30,Business,Business Expansion,1864000,48,16.61,58100,19600,1.257,0,Approved,1688000,2023-10-17,1,0
APP800041,CUST100457,2024-05-23,Home,Home Construction,6703000,60,10.34,23300,2400,3.0,1,Rejected,0,2024-05-31,0,
APP800042,CUST100207,2023-01-17,Education,Skill Certification,571000,12,11.58,21000,3900,2.601,0,Rejected,0,2023-01-23,0,
APP800043,CUST100926,2023-05-10,Home,Home Construction,9384000,48,8.95,26400,6600,3.0,1,Rejected,0,2023-05-24,0,
APP800044,CUST104717,2023-01-14,Personal,Debt Consolidation,1178000,36,12.65,30700,200,1.294,0,Rejected,0,2023-01-30,0,
APP800045,CUST104424,2023-08-10,Home,Plot Purchase,2184000,48,9.95,12600,3000,3.0,1,Rejected,0,2023-08-11,0,
APP800046,CUST102105,2023-01-05,Gold,Gold Loan,37000,24,13.9,43000,2300,0.095,1,Approved,29000,2023-01-11,1,0
APP800047,CUST101651,2022-07-26,Home,Home Construction,8741000,48,9.48,149400,4400,1.498,1,Approved,8114000,2022-08-12,1,0
APP800048,CUST103681,2023-04-17,Auto,New Car,803000,48,12.37,74800,1500,0.305,1,Approved,638000,2023-04-21,1,0
APP800049,CUST104088,2022-08-26,Education,Higher Studies India,1438000,12,10.54,50300,5000,2.618,0,Approved,1250000,2022-08-29,1,1
APP800050,CUST102535,2022-11-24,Personal,Wedding,1197000,12,17.35,10000,100,3.0,0,Rejected,0,2022-12-06,0,
APP800051,CUST100761,2023-09-16,Education,Higher Studies India,3432000,84,12.75,38800,900,1.62,0,Rejected,0,2023-09-26,0,
APP800052,CUST104458,2022-10-08,Business,Business Expansion,4316000,60,16.6,18200,4300,3.0,0,Rejected,0,2022-10-23,0,
APP800053,CUST103408,2024-03-30,Auto,New Car,810000,48,11.9,74400,4900,0.352,1,Approved,613000,2024-04-11,1,0
APP800054,CUST101680,2022-09-13,Personal,Medical Emergency,445000,84,12.98,14600,800,0.607,0,Rejected,0,2022-09-29,0,
APP800055,CUST102977,2024-01-29,Personal,Medical Emergency,1083000,84,12.64,76900,13000,0.422,1,Approved,885000,2024-02-04,1,0
APP800056,CUST100297,2023-05-19,Personal,Debt Consolidation,936000,48,15.84,100600,32700,0.588,0,Rejected,0,2023-05-21,0,
APP800057,CUST103776,2023-08-29,Personal,Travel,106000,36,13.49,59200,14700,0.309,0,Approved,93000,2023-09-13,1,0
APP800058,CUST103716,2024-03-20,Education,Skill Certification,451000,60,11.61,17900,1200,0.622,1,Rejected,0,2024-04-03,0,
APP800059,CUST104571,2024-03-17,Auto,Two Wheeler,938000,12,11.53,71900,16100,1.381,1,Rejected,0,2024-03-19,0,
APP800060,CUST102863,2024-05-27,Education,Higher Studies India,2879000,120,11.32,57000,10500,0.89,0,Approved,2298000,2024-06-01,1,0
APP800061,CUST102532,2024-03-29,Auto,Two Wheeler,1860000,36,9.13,10900,1300,3.0,1,Rejected,0,2024-04-08,0,
APP800062,CUST102448,2023-12-09,Auto,New Car,850000,84,13.19,51000,7800,0.458,1,Approved,831000,2023-12-19,1,0
APP800063,CUST104957,2023-03-06,Personal,Home Renovation,686000,48,18.43,149200,21100,0.278,0,Approved,644000,2023-03-14,1,0
APP800064,CUST104448,2023-11-02,Home,Balance Transfer,8039000,180,9.63,39500,12000,2.445,1,Rejected,0,2023-11-12,0,
APP800065,CUST103887,2023-04-12,Business,Working Capital,3527000,12,19.96,36300,1900,3.0,0,Rejected,0,2023-04-28,0,
APP800066,CUST104414,2023-10-08,Personal,Home Renovation,62000,36,19.93,124100,20000,0.18,0,Rejected,0,2023-10-21,0,
APP800067,CUST101216,2023-07-01,Auto,Two Wheeler,2272000,48,9.61,172000,48800,0.616,1,Approved,1664000,2023-07-15,1,0
APP800068,CUST103351,2024-05-03,Personal,Debt Consolidation,1322000,36,20.78,14500,2600,3.0,0,Rejected,0,2024-05-10,0,
APP800069,CUST104482,2022-10-03,Gold,Gold Loan,282000,24,11.07,42700,9600,0.533,1,Approved,229000,2022-10-15,1,0
APP800070,CUST104210,2023-10-22,Auto,Used Car,597000,84,13.35,20000,6800,0.889,1,Approved,488000,2023-11-06,1,0
APP800071,CUST100707,2024-05-29,Personal,Home Renovation,548000,48,14.54,28800,8400,0.817,0,Rejected,0,2024-06-01,0,
APP800072,CUST104521,2024-04-29,Home,Home Construction,2866000,84,9.91,37200,10100,1.546,1,Approved,2595000,2024-05-12,1,0
APP800073,CUST103780,2024-03-27,Education,Study Abroad,2643000,48,10.6,64600,2500,1.089,0,Rejected,0,2024-03-30,0,
APP800074,CUST104180,2023-04-21,Home,Plot Purchase,5653000,120,10.01,10000,2300,3.0,1,Rejected,0,2023-05-02,0,
APP800075,CUST103563,2023-10-16,Education,Skill Certification,1498000,48,11.3,18200,3800,2.35,0,Rejected,0,2023-10-18,0,
APP800076,CUST101132,2024-02-25,Auto,Used Car,1017000,36,12.5,23500,2000,1.534,1,Rejected,0,2024-02-28,0,
APP800077,CUST102355,2024-02-12,Home,Home Purchase,11880000,24,9.72,117900,38400,3.0,1,Approved,8325000,2024-03-02,1,0
APP800078,CUST103256,2024-01-05,Personal,Medical Emergency,1285000,84,13.91,102700,500,0.239,0,Approved,927000,2024-01-07,1,0
APP800079,CUST100932,2022-12-22,Home,Plot Purchase,4541000,84,9.32,80600,17700,1.135,1,Approved,4051000,2022-12-27,1,0
APP800080,CUST102322,2024-06-18,Business,Business Expansion,2970000,24,12.58,28300,5500,3.0,1,Under Review,0,,0,
APP800081,CUST101955,2023-02-12,Education,Skill Certification,1348000,12,11.24,125500,30100,1.191,0,Approved,1151000,2023-02-16,1,0
APP800082,CUST101952,2023-03-29,Personal,Home Renovation,1206000,36,11.53,14400,3800,3.0,0,Rejected,0,2023-04-10,0,
APP800083,CUST103933,2022-11-20,Personal,Travel,440000,12,23.52,19800,5600,2.381,0,Approved,424000,2022-12-07,1,0
APP800084,CUST103668,2023-03-28,Personal,Wedding,1429000,60,16.06,18500,5900,2.197,0,Rejected,0,2023-04-15,0,
APP800085,CUST101131,2023-11-05,Education,Higher Studies India,3608000,60,10.69,10000,1200,3.0,1,Rejected,0,2023-11-06,0,
APP800086,CUST101825,2024-06-02,Personal,Wedding,844000,36,19.52,37100,6500,1.016,0,Under Review,0,,0,
APP800087,CUST101171,2024-05-28,Home,Home Construction,3881000,60,9.64,34700,6300,2.536,1,Rejected,0,2024-06-15,0,
APP800088,CUST101005,2023-05-30,Personal,Travel,1414000,84,15.69,76100,25400,0.699,0,Approved,1276000,2023-06-06,1,0
APP800089,CUST101346,2024-01-12,Home,Home Construction,9925000,36,8.24,46400,15200,3.0,1,Rejected,0,2024-01-14,0,
APP800090,CUST102200,2023-07-24,Auto,Used Car,591000,12,9.65,41400,13800,1.586,1,Approved,535000,2023-07-30,1,0
APP800091,CUST101571,2023-03-28,Personal,Debt Consolidation,546000,60,12.76,68900,1100,0.195,0,Approved,534000,2023-03-29,1,0
APP800092,CUST101597,2022-12-30,Personal,Travel,1142000,84,22.32,16700,5400,1.935,0,Rejected,0,2023-01-06,0,
APP800093,CUST100555,2023-01-19,Business,Business Expansion,2072000,36,12.1,63200,14300,1.318,1,Approved,2036000,2023-02-03,1,1
APP800094,CUST102858,2023-06-02,Business,Equipment Purchase,4286000,36,19.13,20300,500,3.0,0,Approved,3850000,2023-06-11,1,0
APP800095,CUST102266,2023-04-07,Business,Business Expansion,3846000,36,12.45,33500,7600,3.0,0,Approved,2812000,2023-04-16,1,1
APP800096,CUST102880,2023-05-16,Education,Higher Studies India,2859000,60,10.8,277200,78800,0.507,0,Approved,2543000,2023-05-23,1,0
APP800097,CUST104944,2023-03-29,Personal,Medical Emergency,1396000,48,19.34,10000,900,3.0,0,Rejected,0,2023-04-14,0,
APP800098,CUST102935,2023-07-13,Home,Plot Purchase,8732000,240,8.58,51600,5300,1.578,1,Rejected,0,2023-07-23,0,
APP800099,CUST104909,2023-06-07,Home,Balance Transfer,3365000,48,8.12,62500,10200,1.48,1,Approved,2475000,2023-06-14,1,1
APP800100,CUST103488,2023-02-17,Personal,Medical Emergency,724000,24,22.09,20500,2100,1.938,1,Rejected,0,2023-02-24,0,
APP800101,CUST104194,2023-01-10,Home,Home Construction,2891000,60,10.08,21500,4600,3.0,1,Rejected,0,2023-01-18,0,
APP800102,CUST103317,2023-06-05,Gold,Gold Loan,432000,12,9.28,14800,4900,2.886,1,Rejected,0,2023-06-15,0,
APP800103,CUST103517,2023-05-12,Personal,Wedding,1434000,60,19.72,33800,900,1.144,0,Rejected,0,2023-05-27,0,
APP800104,CUST102821,2023-10-13,Education,Study Abroad,3736000,12,9.9,61100,10600,3.0,0,Rejected,0,2023-10-22,0,
APP800105,CUST103626,2022-08-20,Home,Balance Transfer,1895000,12,8.9,45600,15200,3.0,1,Rejected,0,2022-08-30,0,
APP800106,CUST104202,2023-04-27,Auto,Two Wheeler,1477000,24,9.54,35400,4200,2.035,1,Rejected,0,2023-05-14,0,
APP800107,CUST103430,2024-01-24,Personal,Travel,1061000,12,16.02,16400,3400,3.0,0,Rejected,0,2024-02-01,0,
APP800108,CUST100408,2022-11-12,Personal,Home Renovation,1241000,48,14.68,49700,700,0.704,0,Rejected,0,2022-11-17,0,
APP800109,CUST103098,2023-02-02,Home,Plot Purchase,2020000,24,8.02,43200,6400,2.262,1,Rejected,0,2023-02-13,0,
APP800110,CUST104179,2022-10-03,Business,Working Capital,5154000,36,13.86,54700,7100,3.0,0,Rejected,0,2022-10-16,0,
APP800111,CUST101791,2022-08-27,Education,Skill Certification,3516000,48,10.19,33700,6500,2.845,1,Rejected,0,2022-09-07,0,
APP800112,CUST102075,2022-10-24,Personal,Travel,825000,84,15.02,68800,15800,0.461,0,Approved,686000,2022-11-03,1,1
APP800113,CUST101486,2023-05-13,Personal,Medical Emergency,1189000,84,17.92,21800,5400,1.391,0,Rejected,0,2023-05-23,0,
APP800114,CUST100273,2023-04-27,Home,Home Purchase,2069000,180,9.77,29500,8100,1.02,1,Approved,2041000,2023-04-29,1,0
APP800115,CUST103265,2023-02-16,Personal,Wedding,1428000,12,20.22,16800,1400,3.0,0,Rejected,0,2023-02-20,0,
APP800116,CUST104551,2023-03-15,Auto,Used Car,577000,24,10.74,43100,4000,0.716,1,Approved,514000,2023-03-18,1,0
APP800117,CUST101147,2023-11-02,Gold,Gold Loan,248000,12,13.37,38200,2500,0.647,1,Rejected,0,2023-11-10,0,
APP800118,CUST102793,2022-09-06,Business,Business Expansion,6833000,36,17.34,20400,1300,3.0,0,Rejected,0,2022-09-08,0,
APP800119,CUST102648,2023-02-14,Business,Working Capital,1822000,24,14.0,49400,6200,1.897,1,Rejected,0,2023-02-19,0,
APP800120,CUST101569,2022-08-01,Personal,Home Renovation,161000,24,12.22,45300,8100,0.347,0,Approved,117000,2022-08-13,1,0
APP800121,CUST102529,2023-01-21,Home,Balance Transfer,8897000,84,9.59,22900,7600,3.0,1,Rejected,0,2023-02-03,0,
APP800122,CUST102276,2023-09-22,Auto,Used Car,417000,12,13.87,16100,3400,2.533,1,Approved,340000,2023-10-04,1,1
APP800123,CUST101051,2022-12-25,Business,Working Capital,4094000,60,16.51,24200,5900,3.0,0,Rejected,0,2023-01-03,0,
APP800124,CUST100418,2022-08-01,Auto,New Car,2100000,12,9.85,75700,6700,2.524,1,Rejected,0,2022-08-03,0,
APP800125,CUST103042,2022-08-07,Personal,Debt Consolidation,656000,36,20.09,85600,25100,0.579,0,Rejected,0,2022-08-22,0,
APP800126,CUST104342,2023-02-20,Personal,Home Renovation,1034000,12,23.65,49100,16300,2.319,0,Rejected,0,2023-02-25,0,
APP800127,CUST101315,2023-02-03,Auto,New Car,1869000,60,9.08,33000,9900,1.478,1,Approved,1726000,2023-02-11,1,0
APP800128,CUST102213,2023-02-13,Education,Skill Certification,3831000,120,10.26,73600,13300,0.876,1,Approved,2778000,2023-02-15,1,1
APP800129,CUST103022,2022-09-19,Business,Equipment Purchase,3336000,60,19.57,53800,14300,1.892,0,Rejected,0,2022-10-06,0,
APP800130,CUST104084,2022-08-25,Business,Working Capital,5802000,84,18.5,18900,5400,3.0,1,Rejected,0,2022-09-01,0,
APP800131,CUST100713,2022-09-19,Education,Skill Certification,2047000,60,10.61,20600,1500,2.212,0,Rejected,0,2022-10-04,0,
APP800132,CUST100335,2022-09-17,Personal,Wedding,1360000,84,18.2,64800,10600,0.607,0,Approved,1138000,2022-09-30,1,0
APP800133,CUST101022,2024-02-27,Home,Home Purchase,9290000,24,8.06,136700,24300,3.0,1,Rejected,0,2024-03-01,0,
APP800134,CUST104205,2023-11-13,Business,Working Capital,1011000,84,12.76,13000,3400,1.666,0,Approved,977000,2023-11-22,1,0
APP800135,CUST103038,2023-12-09,Home,Home Construction,9599000,12,9.57,12100,3600,3.0,1,Rejected,0,2023-12-10,0,
APP800136,CUST100052,2024-05-23,Auto,Two Wheeler,2117000,12,12.62,12600,3200,3.0,1,Rejected,0,2024-06-07,0,
APP800137,CUST104084,2023-07-13,Home,Home Purchase,8460000,24,8.55,18900,1200,3.0,1,Rejected,0,2023-07-26,0,
APP800138,CUST101956,2023-09-25,Auto,New Car,521000,24,10.44,21200,2700,1.265,1,Approved,509000,2023-10-15,1,0
APP800139,CUST100516,2023-10-01,Personal,Home Renovation,1465000,36,11.25,56300,7200,0.983,0,Approved,1323000,2023-10-12,1,0
APP800140,CUST100982,2023-01-25,Personal,Debt Consolidation,1018000,84,11.5,146900,19800,0.255,0,Approved,936000,2023-02-10,1,0
APP800141,CUST102156,2024-06-11,Auto,Two Wheeler,2310000,48,12.54,41900,12900,1.776,1,Rejected,0,2024-06-24,0,
APP800142,CUST102087,2023-03-11,Personal,Travel,1038000,60,18.0,40300,2500,0.717,0,Approved,880000,2023-03-19,1,0
APP800143,CUST101538,2024-01-04,Personal,Travel,1271000,24,21.85,27300,7100,2.674,0,Rejected,0,2024-01-05,0,
APP800144,CUST104102,2023-03-02,Gold,Gold Loan,475000,12,13.21,36300,2400,1.236,1,Rejected,0,2023-03-18,0,
APP800145,CUST100233,2024-06-28,Business,Equipment Purchase,1531000,36,18.09,23800,800,2.36,0,Rejected,0,2024-07-04,0,
APP800146,CUST103924,2023-09-13,Auto,Used Car,2321000,84,12.03,54200,6100,0.87,1,Approved,1705000,2023-09-29,1,1
APP800147,CUST104537,2023-10-30,Business,Business Expansion,4494000,12,13.2,65000,9200,3.0,0,Rejected,0,2023-11-15,0,
APP800148,CUST100424,2023-05-29,Gold,Gold Loan,179000,36,10.62,36300,9200,0.414,1,Approved,162000,2023-06-10,1,0
APP800149,CUST103528,2024-02-14,Personal,Travel,1160000,36,21.62,13400,1900,3.0,1,Rejected,0,2024-03-01,0,
APP800150,CUST101003,2024-01-05,Personal,Travel,315000,24,13.7,46400,12000,0.584,0,Approved,272000,2024-01-10,1,1
APP800151,CUST104903,2024-05-31,Business,Equipment Purchase,3876000,36,15.36,31400,700,3.0,0,Approved,2791000,2024-06-12,1,0
APP800152,CUST103324,2024-05-01,Gold,Gold Loan,420000,12,13.07,47400,10800,1.019,1,Approved,394000,2024-05-10,1,1
APP800153,CUST101051,2023-09-13,Personal,Wedding,1006000,84,15.52,24200,300,0.827,0,Rejected,0,2023-09-15,0,
APP800154,CUST102919,2023-08-03,Personal,Medical Emergency,873000,48,11.73,43200,10300,0.768,0,Approved,715000,2023-08-17,1,0
APP800155,CUST104267,2022-07-12,Gold,Gold Loan,700000,12,14.14,39200,2600,1.671,1,Rejected,0,2022-07-20,0,
APP800156,CUST101243,2023-11-14,Personal,Debt Consolidation,1155000,12,16.65,10000,1500,3.0,0,Rejected,0,2023-11-23,0,
APP800157,CUST102627,2023-04-14,Business,Equipment Purchase,2234000,60,18.49,10000,2300,3.0,0,Rejected,0,2023-05-02,0,
APP800158,CUST102571,2022-10-03,Home,Balance Transfer,10028000,180,8.91,18400,1900,3.0,1,Rejected,0,2022-10-12,0,
APP800159,CUST104370,2023-06-10,Home,Home Construction,5009000,12,8.29,40700,2400,3.0,1,Approved,4445000,2023-06-25,1,1
APP800160,CUST103994,2022-11-23,Personal,Debt Consolidation,108000,60,13.96,10000,2400,0.491,0,Approved,90000,2022-12-12,1,0
APP800161,CUST102639,2022-09-12,Personal,Debt Consolidation,717000,48,12.93,39400,5400,0.624,0,Approved,571000,2022-09-30,1,0
APP800162,CUST103040,2022-08-30,Personal,Home Renovation,86000,36,19.3,105300,27800,0.294,1,Approved,80000,2022-09-08,1,0
APP800163,CUST104858,2024-06-22,Gold,Gold Loan,317000,12,9.82,69700,22400,0.72,1,Approved,280000,2024-07-11,1,0
APP800164,CUST101863,2023-11-27,Education,Skill Certification,1258000,120,12.15,10000,1400,1.956,0,Rejected,0,2023-12-12,0,
APP800165,CUST104113,2022-07-22,Personal,Wedding,177000,24,20.45,38200,11700,0.543,0,Approved,171000,2022-08-04,1,1
APP800166,CUST100511,2023-07-19,Gold,Gold Loan,453000,36,11.73,120900,41600,0.468,1,Approved,342000,2023-07-31,1,0
APP800167,CUST101796,2022-12-10,Home,Home Purchase,6276000,120,8.2,26700,100,2.882,1,Rejected,0,2022-12-21,0,
APP800168,CUST102789,2023-02-27,Personal,Travel,245000,24,18.54,121800,16900,0.24,0,Approved,236000,2023-03-05,1,0
APP800169,CUST102167,2023-04-04,Business,Working Capital,5450000,84,16.28,50400,1900,2.201,1,Approved,4705000,2023-04-13,1,1
APP800170,CUST104545,2023-02-07,Personal,Debt Consolidation,1054000,12,16.04,26100,4200,3.0,0,Approved,944000,2023-02-16,1,0
APP800171,CUST103588,2023-05-08,Home,Home Construction,8220000,180,9.19,50400,1400,1.702,1,Approved,8104000,2023-05-17,1,0
APP800172,CUST103343,2023-03-23,Home,Home Construction,5413000,60,9.88,64200,19900,2.095,1,Approved,5138000,2023-04-08,1,1
APP800173,CUST102219,2023-12-22,Home,Plot Purchase,1592000,180,10.27,31500,10400,0.88,1,Approved,1171000,2023-12-30,1,0
APP800174,CUST100457,2023-07-12,Auto,Two Wheeler,1002000,12,11.51,23300,1600,3.0,1,Rejected,0,2023-07-22,0,
APP800175,CUST101780,2023-06-18,Personal,Home Renovation,1065000,24,18.28,43800,9600,1.435,0,Approved,869000,2023-07-02,1,1
APP800176,CUST101413,2024-04-09,Education,Skill Certification,3164000,24,12.07,36900,5000,3.0,0,Rejected,0,2024-04-18,0,
APP800177,CUST103753,2022-08-04,Education,Higher Studies India,1591000,24,9.81,100700,9100,0.818,0,Approved,1161000,2022-08-11,1,0
APP800178,CUST103922,2022-08-12,Personal,Medical Emergency,322000,36,18.08,35800,5600,0.482,0,Approved,253000,2022-08-26,1,0
APP800179,CUST101151,2024-01-21,Home,Home Purchase,3547000,240,8.53,58900,5300,0.614,1,Approved,3122000,2024-01-26,1,1
APP800180,CUST102801,2023-06-21,Gold,Gold Loan,453000,12,10.77,12600,800,3.0,1,Rejected,0,2023-07-02,0,
APP800181,CUST101133,2023-01-27,Auto,Two Wheeler,1807000,60,13.21,29000,3100,1.531,1,Rejected,0,2023-02-16,0,
APP800182,CUST100528,2024-04-13,Business,Working Capital,3647000,48,18.56,30900,2800,3.0,0,Rejected,0,2024-04-18,0,
APP800183,CUST101916,2022-07-22,Gold,Gold Loan,314000,12,13.59,171700,59400,0.51,1,Approved,251000,2022-07-26,1,0
APP800184,CUST104597,2022-11-25,Home,Balance Transfer,5212000,36,9.15,28500,900,3.0,1,Rejected,0,2022-12-06,0,
APP800185,CUST103814,2022-07-06,Personal,Home Renovation,168000,60,13.38,116700,3000,0.059,0,Approved,152000,2022-07-07,1,0
APP800186,CUST104781,2023-06-09,Auto,Two Wheeler,333000,84,10.06,72500,7300,0.177,1,Approved,299000,2023-06-14,1,0
APP800187,CUST103928,2023-02-28,Education,Skill Certification,2748000,84,11.66,28600,2500,1.769,0,Approved,2744000,2023-03-20,1,1
APP800188,CUST104175,2023-05-30,Home,Balance Transfer,10909000,120,8.46,31500,3200,3.0,1,Rejected,0,2023-06-07,0,
APP800189,CUST101777,2023-03-14,Personal,Medical Emergency,1126000,12,23.68,42800,11800,2.756,1,Rejected,0,2023-03-23,0,
APP800190,CUST103596,2023-12-09,Auto,Used Car,2303000,84,9.26,35800,3700,1.146,1,Approved,1792000,2023-12-27,1,0
APP800191,CUST101230,2023-05-04,Gold,Gold Loan,712000,36,14.32,40700,10600,0.861,1,Rejected,0,2023-05-13,0,
APP800192,CUST104911,2024-06-27,Gold,Gold Loan,538000,12,10.97,126900,43200,0.715,1,Approved,521000,2024-07-03,1,0
APP800193,CUST104300,2023-08-17,Personal,Wedding,359000,60,23.56,28500,4200,0.507,0,Approved,298000,2023-08-27,1,0
APP800194,CUST102153,2023-02-14,Business,Equipment Purchase,1748000,84,17.8,10000,3500,3.0,0,Rejected,0,2023-02-26,0,
APP800195,CUST100227,2023-06-08,Education,Skill Certification,940000,120,9.25,29600,6600,0.63,1,Rejected,0,2023-06-24,0,
APP800196,CUST102173,2024-02-25,Personal,Debt Consolidation,1474000,12,13.28,15100,900,3.0,0,Rejected,0,2024-02-28,0,
APP800197,CUST102540,2022-09-21,Business,Working Capital,2985000,48,17.42,33300,8800,2.874,0,Rejected,0,2022-09-27,0,
APP800198,CUST101552,2023-01-19,Personal,Home Renovation,751000,36,16.59,80000,7900,0.432,0,Approved,743000,2023-02-07,1,0
APP800199,CUST104231,2022-08-08,Business,Equipment Purchase,4752000,24,12.11,39700,11200,3.0,0,Rejected,0,2022-08-28,0,
APP800200,CUST103741,2023-09-29,Business,Equipment Purchase,1518000,12,16.17,19000,5900,3.0,0,Rejected,0,2023-10-16,0,
APP800201,CUST103516,2023-02-26,Auto,New Car,1079000,24,10.01,61000,17000,1.096,1,Approved,767000,2023-03-15,1,0
APP800202,CUST104327,2024-06-10,Home,Home Purchase,3701000,120,9.57,22000,2300,2.286,1,Under Review,0,,0,
APP800203,CUST100823,2024-06-11,Gold,Gold Loan,482000,12,12.47,30600,6600,1.619,1,Approved,476000,2024-06-30,1,1
APP800204,CUST103838,2022-10-15,Personal,Wedding,746000,84,11.14,55800,3100,0.285,0,Approved,699000,2022-11-02,1,0
APP800205,CUST104350,2023-09-01,Business,Working Capital,2850000,48,19.53,57400,9200,1.66,0,Approved,2570000,2023-09-06,1,0
APP800206,CUST102292,2024-01-03,Personal,Debt Consolidation,92000,24,17.09,51700,10700,0.295,0,Approved,91000,2024-01-13,1,0
APP800207,CUST102464,2022-10-20,Auto,Used Car,2282000,24,10.8,43400,8500,2.641,1,Rejected,0,2022-10-27,0,
APP800208,CUST100391,2022-07-17,Home,Plot Purchase,5120000,180,8.15,10200,2500,3.0,1,Rejected,0,2022-08-04,0,
APP800209,CUST101869,2023-05-22,Gold,Gold Loan,447000,12,14.54,29800,9200,1.662,1,Rejected,0,2023-05-29,0,
APP800210,CUST102051,2024-05-22,Personal,Travel,662000,48,14.04,41300,3300,0.518,0,Approved,612000,2024-05-31,1,0
APP800211,CUST103845,2022-08-18,Business,Equipment Purchase,4825000,24,19.67,58000,2000,3.0,0,Rejected,0,2022-09-03,0,
APP800212,CUST103331,2023-05-27,Gold,Gold Loan,316000,24,13.81,35700,6200,0.598,1,Approved,250000,2023-06-07,1,0
APP800213,CUST102524,2022-08-30,Gold,Gold Loan,124000,12,10.63,81100,26300,0.459,1,Approved,118000,2022-09-14,1,0
APP800214,CUST100377,2023-11-19,Auto,New Car,1570000,24,11.59,42400,0,1.736,1,Rejected,0,2023-11-24,0,
APP800215,CUST102984,2024-01-15,Education,Skill Certification,380000,48,10.36,50400,7000,0.332,0,Rejected,0,2024-01-25,0,
APP800216,CUST101319,2023-06-16,Auto,New Car,835000,24,9.62,50500,10200,0.963,1,Approved,628000,2023-06-30,1,0
APP800217,CUST104506,2023-12-23,Home,Plot Purchase,2199000,12,9.85,41100,10500,3.0,1,Rejected,0,2024-01-08,0,
APP800218,CUST103185,2023-01-01,Home,Home Purchase,7261000,84,10.01,15700,3900,3.0,1,Rejected,0,2023-01-20,0,
APP800219,CUST102348,2024-01-26,Personal,Travel,74000,60,15.7,36300,5100,0.19,0,Approved,68000,2024-01-29,1,0
APP800220,CUST102068,2024-01-13,Personal,Home Renovation,1056000,24,11.56,21700,3800,2.458,0,Approved,985000,2024-01-23,1,0
APP800221,CUST103601,2023-01-09,Personal,Debt Consolidation,536000,60,15.87,65100,14100,0.416,0,Approved,385000,2023-01-26,1,1
APP800222,CUST104604,2024-01-15,Auto,New Car,1765000,60,11.38,44400,2000,0.917,1,Rejected,0,2024-01-30,0,
APP800223,CUST101567,2024-03-16,Gold,Gold Loan,516000,36,9.09,44300,7900,0.55,1,Rejected,0,2024-03-25,0,
APP800224,CUST103853,2023-03-14,Home,Balance Transfer,3698000,60,8.2,37900,8200,2.206,1,Rejected,0,2023-03-19,0,
APP800225,CUST100194,2024-02-14,Personal,Travel,568000,48,21.61,43300,7600,0.586,0,Approved,423000,2024-03-01,1,0
APP800226,CUST104191,2022-10-18,Home,Balance Transfer,3148000,12,8.86,27100,3100,3.0,1,Rejected,0,2022-10-29,0,
APP800227,CUST100438,2024-04-15,Home,Home Construction,11768000,60,9.33,31000,1200,3.0,1,Rejected,0,2024-05-05,0,
APP800228,CUST102678,2022-08-29,Personal,Home Renovation,320000,36,13.02,12900,1600,0.963,0,Rejected,0,2022-09-11,0,
APP800229,CUST104133,2022-07-03,Education,Skill Certification,2470000,48,10.86,51100,10300,1.447,0,Rejected,0,2022-07-22,0,
APP800230,CUST100955,2024-03-26,Home,Plot Purchase,1625000,240,9.45,57200,6200,0.372,1,Approved,1544000,2024-04-09,1,0
APP800231,CUST103705,2024-04-30,Personal,Travel,717000,48,12.46,13200,2200,1.611,1,Rejected,0,2024-05-15,0,
APP800232,CUST100967,2023-05-04,Business,Working Capital,6474000,24,18.47,12200,800,3.0,1,Rejected,0,2023-05-11,0,
APP800233,CUST100276,2023-11-04,Business,Working Capital,2598000,48,16.74,36800,7800,2.24,0,Rejected,0,2023-11-10,0,
APP800234,CUST100039,2023-10-22,Business,Working Capital,2188000,60,19.72,15500,3900,3.0,0,Rejected,0,2023-10-28,0,
APP800235,CUST104432,2022-07-15,Personal,Travel,234000,48,13.91,98200,15500,0.223,0,Approved,178000,2022-08-04,1,0
APP800236,CUST104128,2023-06-01,Education,Skill Certification,311000,36,10.47,29900,2800,0.432,0,Rejected,0,2023-06-21,0,
APP800237,CUST102747,2023-09-30,Personal,Wedding,485000,12,14.33,20500,6400,2.444,0,Rejected,0,2023-10-01,0,
APP800238,CUST100597,2023-02-16,Gold,Gold Loan,430000,12,12.94,40300,6200,1.107,1,Rejected,0,2023-02-26,0,
APP800239,CUST103509,2023-07-12,Auto,New Car,1504000,60,12.39,10200,1300,3.0,1,Rejected,0,2023-07-21,0,
APP800240,CUST102146,2023-02-02,Personal,Medical Emergency,922000,36,23.71,63800,13800,0.781,1,Rejected,0,2023-02-20,0,
APP800241,CUST103046,2024-05-15,Home,Home Construction,3375000,120,8.64,82500,4600,0.566,1,Approved,2722000,2024-06-03,1,0
APP800242,CUST100991,2024-04-29,Personal,Home Renovation,1446000,12,12.89,67300,18500,2.193,1,Rejected,0,2024-05-03,0,
APP800243,CUST100627,2022-11-21,Personal,Wedding,780000,24,11.19,12000,3900,3.0,0,Rejected,0,2022-11-29,0,
APP800244,CUST102289,2024-04-26,Personal,Debt Consolidation,1376000,36,18.67,12300,3400,3.0,0,Rejected,0,2024-05-03,0,
APP800245,CUST100413,2024-01-05,Personal,Debt Consolidation,1457000,24,22.25,64200,20600,1.501,0,Rejected,0,2024-01-21,0,
APP800246,CUST102138,2023-12-27,Personal,Wedding,116000,48,18.06,52000,7600,0.212,0,Approved,82000,2024-01-12,1,0
APP800247,CUST100941,2023-10-13,Auto,Two Wheeler,1744000,36,10.11,116900,7800,0.549,1,Approved,1501000,2023-10-26,1,0
APP800248,CUST103973,2023-12-16,Auto,Two Wheeler,2434000,24,12.96,48800,8800,2.553,1,Rejected,0,2023-12-23,0,
APP800249,CUST102923,2023-04-17,Personal,Wedding,1346000,24,12.57,33900,10700,2.195,0,Rejected,0,2023-05-02,0,
APP800250,CUST103440,2022-07-06,Gold,Gold Loan,594000,36,9.56,91300,12900,0.35,1,Approved,490000,2022-07-12,1,0
APP800251,CUST101163,2023-10-10,Business,Business Expansion,5124000,24,16.16,17900,3100,3.0,0,Rejected,0,2023-10-13,0,
APP800252,CUST104496,2023-05-13,Auto,Used Car,1790000,12,13.32,81000,17400,2.192,1,Rejected,0,2023-06-02,0,
APP800253,CUST104641,2024-05-15,Personal,Debt Consolidation,1244000,84,22.24,19100,6300,1.867,1,Rejected,0,2024-05-20,0,
APP800254,CUST104893,2023-04-28,Education,Study Abroad,3566000,84,10.71,102500,32200,0.905,0,Approved,3032000,2023-04-29,1,1
APP800255,CUST100687,2023-01-13,Personal,Travel,1412000,48,23.07,14200,4700,3.0,1,Rejected,0,2023-02-01,0,
APP800256,CUST102173,2022-10-14,Auto,Two Wheeler,1197000,60,11.23,15100,800,1.783,1,Rejected,0,2022-10-23,0,
APP800257,CUST100231,2022-09-04,Home,Plot Purchase,6194000,180,8.97,49100,13300,1.548,1,Approved,4814000,2022-09-18,1,0
APP800258,CUST104168,2023-02-15,Personal,Medical Emergency,1388000,84,13.94,111600,27200,0.476,0,Approved,1374000,2023-02-27,1,0
APP800259,CUST104392,2023-09-17,Business,Equipment Purchase,3857000,36,14.19,25800,2300,3.0,0,Rejected,0,2023-09-28,0,
APP800260,CUST103466,2024-05-04,Business,Working Capital,2082000,36,16.26,149200,40100,0.761,0,Approved,1741000,2024-05-22,1,0
APP800261,CUST102718,2023-08-26,Gold,Gold Loan,377000,24,11.94,34200,1900,0.575,1,Approved,268000,2023-09-05,1,1
APP800262,CUST100295,2023-07-02,Auto,Two Wheeler,411000,60,9.47,14600,2200,0.741,1,Rejected,0,2023-07-17,0,
APP800263,CUST104237,2022-10-16,Personal,Medical Emergency,626000,48,23.03,58500,2100,0.379,1,Rejected,0,2022-10-30,0,
APP800264,CUST100243,2024-04-26,Home,Plot Purchase,11076000,48,9.79,115600,7100,2.481,1,Approved,10336000,2024-05-05,1,1
APP800265,CUST104761,2023-02-20,Auto,New Car,1863000,36,13.54,77800,2100,0.84,1,Rejected,0,2023-02-22,0,
APP800266,CUST104195,2023-05-13,Personal,Travel,1097000,12,20.53,32300,2100,3.0,0,Rejected,0,2023-05-23,0,
APP800267,CUST103780,2023-12-19,Personal,Medical Emergency,260000,12,12.92,64600,5800,0.449,0,Approved,233000,2024-01-01,1,0
APP800268,CUST101801,2022-12-25,Personal,Travel,394000,12,11.72,53000,9700,0.843,0,Approved,385000,2022-12-30,1,0
APP800269,CUST103174,2024-03-13,Home,Balance Transfer,8827000,48,8.61,43400,700,3.0,1,Rejected,0,2024-04-02,0,
APP800270,CUST103865,2022-12-21,Personal,Home Renovation,1055000,36,21.65,40200,8300,1.204,1,Approved,1013000,2023-01-08,1,1
APP800271,CUST100873,2023-10-13,Auto,New Car,799000,24,9.19,46100,4700,0.896,1,Approved,609000,2023-10-20,1,0
APP800272,CUST103708,2024-05-10,Auto,Two Wheeler,556000,12,13.66,94200,5700,0.59,1,Approved,536000,2024-05-11,1,1
APP800273,CUST100850,2023-11-08,Home,Home Purchase,10733000,240,10.03,50400,15900,2.374,1,Rejected,0,2023-11-13,0,
APP800274,CUST104263,2023-08-03,Auto,Used Car,1509000,60,10.27,20900,500,1.566,1,Rejected,0,2023-08-10,0,
APP800275,CUST100737,2024-05-15,Auto,New Car,1068000,24,9.17,77800,22100,0.913,1,Approved,908000,2024-05-21,1,0
APP800276,CUST102685,2022-11-27,Gold,Gold Loan,462000,36,14.85,51000,6200,0.435,1,Approved,406000,2022-12-09,1,0
APP800277,CUST102160,2023-08-18,Home,Home Construction,8911000,24,9.4,35700,2300,3.0,1,Rejected,0,2023-09-02,0,
APP800278,CUST104994,2023-12-14,Auto,Used Car,572000,60,13.51,21300,7200,0.957,1,Rejected,0,2024-01-01,0,
APP800279,CUST102880,2023-10-09,Gold,Gold Loan,563000,36,9.23,277200,70900,0.321,1,Approved,466000,2023-10-24,1,0
APP800280,CUST103432,2023-01-13,Gold,Gold Loan,580000,36,12.54,103300,8800,0.273,1,Approved,491000,2023-01-14,1,0
APP800281,CUST102916,2023-03-18,Home,Plot Purchase,11818000,180,9.99,88400,3500,1.476,1,Approved,11716000,2023-04-06,1,0
APP800282,CUST101109,2023-04-13,Auto,Two Wheeler,1849000,12,12.95,73900,16700,2.462,1,Approved,1712000,2023-04-15,1,0
APP800283,CUST102352,2024-06-06,Business,Business Expansion,2613000,84,14.99,29700,800,1.726,0,Approved,2325000,2024-06-08,1,1
APP800284,CUST100201,2022-08-31,Personal,Travel,1280000,12,19.9,34600,8200,3.0,0,Rejected,0,2022-09-06,0,
APP800285,CUST102889,2023-09-26,Personal,Home Renovation,798000,48,23.56,89600,21100,0.524,1,Approved,638000,2023-10-15,1,0
APP800286,CUST102237,2023-05-17,Home,Plot Purchase,8411000,48,8.01,159000,3200,1.311,1,Approved,6931000,2023-06-03,1,0
APP800287,CUST103880,2023-11-24,Education,Skill Certification,3343000,12,12.63,33400,11600,3.0,0,Rejected,0,2023-12-06,0,
APP800288,CUST102950,2022-07-08,Business,Equipment Purchase,6475000,48,17.18,40400,2100,3.0,0,Rejected,0,2022-07-12,0,
APP800289,CUST101641,2022-09-13,Auto,Two Wheeler,363000,48,11.5,17400,700,0.585,1,Rejected,0,2022-09-21,0,
APP800290,CUST102383,2023-02-28,Personal,Wedding,941000,12,11.24,13200,2400,3.0,0,Rejected,0,2023-03-20,0,
APP800291,CUST104201,2023-01-26,Auto,Two Wheeler,876000,84,12.01,66500,21900,0.562,1,Approved,863000,2023-01-27,1,0
APP800292,CUST102731,2022-07-14,Home,Home Construction,5909000,48,8.53,20700,5000,3.0,1,Approved,4403000,2022-07-22,1,1
APP800293,CUST102742,2023-08-27,Personal,Medical Emergency,908000,36,11.02,18400,5400,1.91,0,Rejected,0,2023-08-31,0,
APP800294,CUST102296,2022-09-08,Business,Equipment Purchase,2825000,12,15.07,10000,200,3.0,0,Rejected,0,2022-09-11,0,
APP800295,CUST104825,2023-01-20,Business,Equipment Purchase,5686000,12,16.93,107400,23700,3.0,0,Rejected,0,2023-02-04,0,
APP800296,CUST104597,2023-04-02,Auto,Two Wheeler,1906000,12,11.24,28500,6100,3.0,1,Rejected,0,2023-04-07,0,
APP800297,CUST100700,2024-02-09,Auto,Two Wheeler,2155000,48,12.59,43300,10300,1.564,1,Approved,1587000,2024-02-20,1,0
APP800298,CUST102696,2023-08-07,Personal,Debt Consolidation,1221000,60,16.56,38500,3500,0.871,0,Rejected,0,2023-08-12,0,
APP800299,CUST103118,2023-01-10,Business,Working Capital,5257000,24,13.88,30300,6600,3.0,0,Rejected,0,2023-01-25,0,
APP800300,CUST101439,2024-01-26,Personal,Debt Consolidation,1369000,12,20.85,26400,5600,3.0,0,Rejected,0,2024-02-08,0,
APP800301,CUST102240,2022-10-18,Personal,Home Renovation,1387000,36,13.39,22600,7500,2.416,0,Rejected,0,2022-11-03,0,
APP800302,CUST102174,2022-10-15,Personal,Travel,316000,12,20.38,20500,100,1.434,0,Rejected,0,2022-10-18,0,
APP800303,CUST103102,2022-12-14,Auto,Used Car,1658000,24,10.68,10000,2900,3.0,1,Rejected,0,2022-12-20,0,
APP800304,CUST102361,2022-10-18,Personal,Debt Consolidation,1416000,48,13.36,10000,2500,3.0,1,Rejected,0,2022-11-06,0,
APP800305,CUST104585,2023-04-01,Home,Balance Transfer,3036000,12,8.76,28800,800,3.0,1,Approved,2555000,2023-04-05,1,0
APP800306,CUST104040,2022-08-12,Personal,Debt Consolidation,1361000,60,13.05,14400,2600,2.325,1,Rejected,0,2022-08-20,0,
APP800307,CUST102798,2023-10-23,Auto,Used Car,2376000,48,12.87,61500,18700,1.339,1,Rejected,0,2023-10-24,0,
APP800308,CUST103893,2024-06-07,Personal,Travel,753000,36,21.56,47700,400,0.607,0,Rejected,0,2024-06-25,0,
APP800309,CUST103136,2023-08-18,Auto,Used Car,1487000,36,13.8,34900,11100,1.768,1,Rejected,0,2023-08-28,0,
APP800310,CUST103400,2024-02-27,Personal,Debt Consolidation,908000,24,13.68,48800,6400,1.021,0,Approved,801000,2024-03-06,1,0
APP800311,CUST101207,2023-06-05,Personal,Wedding,148000,60,21.34,14500,3300,0.505,0,Approved,118000,2023-06-07,1,1
APP800312,CUST101570,2023-09-08,Business,Equipment Purchase,601000,84,18.33,129100,32500,0.35,0,Approved,552000,2023-09-17,1,0
APP800313,CUST103816,2022-11-24,Personal,Travel,219000,36,20.55,52800,12800,0.398,0,Approved,194000,2022-12-09,1,0
APP800314,CUST100134,2022-10-24,Business,Working Capital,1629000,48,17.57,28900,3700,1.77,0,Approved,1256000,2022-10-31,1,0
APP800315,CUST102950,2022-12-18,Gold,Gold Loan,488000,36,14.95,40400,5300,0.55,1,Approved,383000,2022-12-22,1,0
APP800316,CUST103445,2023-12-11,Auto,New Car,1697000,84,9.33,38700,5700,0.86,1,Approved,1278000,2023-12-13,1,0
APP800317,CUST100656,2024-01-03,Auto,Two Wheeler,1712000,36,9.35,46800,2100,1.213,1,Rejected,0,2024-01-16,0,
APP800318,CUST100351,2023-02-13,Auto,Two Wheeler,770000,36,13.87,26300,1900,1.07,1,Rejected,0,2023-02-27,0,
APP800319,CUST104031,2023-04-06,Personal,Travel,274000,60,22.3,10000,2300,0.991,0,Rejected,0,2023-04-09,0,
APP800320,CUST100910,2022-08-06,Gold,Gold Loan,58000,24,13.3,27300,6900,0.354,1,Approved,48000,2022-08-11,1,0
APP800321,CUST101702,2024-04-10,Business,Business Expansion,5922000,84,19.84,68100,7400,2.033,0,Rejected,0,2024-04-23,0,
APP800322,CUST103150,2022-08-15,Home,Home Purchase,4026000,120,9.67,32700,6500,1.801,1,Approved,3483000,2022-08-30,1,1
APP800323,CUST102430,2022-07-18,Personal,Debt Consolidation,1420000,36,15.25,30900,2700,1.685,0,Rejected,0,2022-07-19,0,
APP800324,CUST104320,2023-03-29,Education,Study Abroad,2598000,84,10.36,48400,6800,1.043,0,Approved,2445000,2023-04-10,1,0
APP800325,CUST102243,2022-07-03,Gold,Gold Loan,157000,36,11.54,53100,12200,0.327,1,Approved,155000,2022-07-07,1,0
APP800326,CUST104126,2022-07-21,Personal,Wedding,239000,84,12.54,51600,13200,0.339,0,Rejected,0,2022-07-25,0,
APP800327,CUST104911,2024-05-06,Business,Business Expansion,5414000,12,13.97,126900,31200,3.0,0,Rejected,0,2024-05-10,0,
APP800328,CUST102169,2022-09-02,Personal,Wedding,1375000,12,12.38,31800,8600,3.0,0,Rejected,0,2022-09-08,0,
APP800329,CUST100642,2024-05-16,Home,Balance Transfer,6232000,60,9.85,48600,9600,2.911,1,Rejected,0,2024-05-19,0,
APP800330,CUST100077,2023-09-09,Personal,Home Renovation,1332000,24,22.52,15000,1400,3.0,0,Rejected,0,2023-09-22,0,
APP800331,CUST103948,2023-12-06,Auto,Two Wheeler,848000,24,10.65,29500,600,1.354,1,Approved,596000,2023-12-13,1,1
APP800332,CUST104321,2022-10-11,Auto,New Car,283000,24,13.41,103800,32300,0.441,1,Rejected,0,2022-10-15,0,
APP800333,CUST100585,2023-01-26,Personal,Home Renovation,715000,48,13.3,30200,6400,0.851,0,Approved,624000,2023-02-06,1,1
APP800334,CUST102502,2023-09-24,Personal,Debt Consolidation,316000,12,19.95,17700,2000,1.769,0,Approved,225000,2023-09-27,1,1
APP800335,CUST102221,2023-04-01,Auto,New Car,1538000,36,10.93,27100,6600,2.098,1,Approved,1295000,2023-04-15,1,0
APP800336,CUST100233,2024-04-25,Business,Working Capital,1894000,36,18.35,23800,7800,3.0,0,Rejected,0,2024-05-06,0,
APP800337,CUST101334,2022-12-26,Gold,Gold Loan,205000,12,11.68,23200,2200,0.88,1,Approved,198000,2023-01-12,1,0
APP800338,CUST101554,2023-08-22,Auto,Two Wheeler,849000,84,10.33,40500,14000,0.698,1,Approved,758000,2023-08-27,1,0
APP800339,CUST101827,2023-11-11,Personal,Wedding,1216000,24,15.06,27500,7000,2.398,0,Rejected,0,2023-11-25,0,
APP800340,CUST101759,2023-06-10,Business,Equipment Purchase,5627000,36,13.21,30200,1000,3.0,1,Rejected,0,2023-06-20,0,
APP800341,CUST102747,2022-09-05,Auto,Used Car,877000,48,13.98,20500,2800,1.307,1,Rejected,0,2022-09-15,0,
APP800342,CUST101159,2023-01-27,Personal,Medical Emergency,259000,36,12.1,10000,2200,1.081,0,Rejected,0,2023-01-31,0,
APP800343,CUST104298,2023-05-21,Personal,Travel,1364000,12,23.34,67900,2800,1.934,0,Rejected,0,2023-06-09,0,
APP800344,CUST104970,2023-04-19,Auto,Used Car,1984000,48,11.06,37200,4100,1.49,1,Rejected,0,2023-04-28,0,
APP800345,CUST101376,2023-09-25,Personal,Home Renovation,1459000,60,23.69,12600,1900,3.0,0,Rejected,0,2023-10-04,0,
APP800346,CUST103513,2024-02-14,Home,Plot Purchase,2930000,60,8.39,49200,9600,1.413,1,Approved,2838000,2024-02-19,1,1
APP800347,CUST100503,2024-06-04,Gold,Gold Loan,428000,36,10.65,14300,600,1.016,1,Approved,313000,2024-06-15,1,0
APP800348,CUST101087,2023-04-01,Home,Balance Transfer,3257000,84,10.13,56300,17900,1.282,1,Approved,2492000,2023-04-10,1,1
APP800349,CUST104737,2023-04-07,Personal,Medical Emergency,441000,36,19.6,41000,9500,0.63,0,Rejected,0,2023-04-23,0,
APP800350,CUST100550,2024-06-11,Personal,Debt Consolidation,1070000,84,19.71,11400,900,2.145,0,Under Review,0,,0,
APP800351,CUST104758,2024-05-30,Home,Plot Purchase,3341000,84,9.0,40600,5800,1.467,1,Approved,2985000,2024-06-14,1,0
APP800352,CUST102623,2022-09-02,Business,Business Expansion,6215000,36,18.98,36600,4900,3.0,1,Rejected,0,2022-09-12,0,
APP800353,CUST104132,2023-11-01,Business,Working Capital,5398000,36,13.56,57600,8000,3.0,0,Approved,5208000,2023-11-02,1,1
APP800354,CUST101113,2023-02-11,Auto,Two Wheeler,980000,84,13.78,59300,4000,0.375,1,Rejected,0,2023-02-22,0,
APP800355,CUST100860,2024-02-29,Gold,Gold Loan,406000,12,9.09,71000,9200,0.63,1,Approved,392000,2024-03-18,1,1
APP800356,CUST100860,2023-02-06,Education,Skill Certification,1885000,36,11.27,71000,4700,0.939,0,Approved,1816000,2023-02-22,1,0
APP800357,CUST100250,2022-12-30,Home,Plot Purchase,3741000,60,8.71,17500,200,3.0,1,Rejected,0,2023-01-13,0,
APP800358,CUST100582,2023-03-09,Gold,Gold Loan,38000,12,9.38,32700,11000,0.438,1,Rejected,0,2023-03-17,0,
APP800359,CUST102542,2022-11-04,Auto,Used Car,398000,84,9.99,40600,3900,0.259,1,Approved,338000,2022-11-15,1,1
APP800360,CUST102991,2022-07-08,Business,Equipment Purchase,6403000,24,17.25,24400,4700,3.0,0,Rejected,0,2022-07-21,0,
APP800361,CUST101352,2023-06-11,Personal,Debt Consolidation,751000,36,12.81,86500,27600,0.611,0,Approved,611000,2023-06-25,1,0
APP800362,CUST100053,2023-08-29,Personal,Travel,75000,36,14.21,23300,7200,0.42,0,Approved,70000,2023-09-17,1,1
APP800363,CUST102602,2022-12-15,Personal,Travel,1412000,48,21.84,10000,3300,3.0,0,Rejected,0,2022-12-18,0,
APP800364,CUST100442,2023-02-04,Auto,Two Wheeler,668000,60,9.35,31600,2900,0.534,1,Approved,539000,2023-02-23,1,0
APP800365,CUST102931,2023-11-05,Auto,New Car,2061000,12,11.89,42500,8500,3.0,1,Rejected,0,2023-11-15,0,
APP800366,CUST101531,2024-06-27,Education,Skill Certification,439000,24,10.33,54200,2300,0.417,0,Rejected,0,2024-07-07,0,
APP800367,CUST104230,2023-12-30,Personal,Debt Consolidation,490000,24,18.97,71700,7500,0.449,0,Approved,390000,2024-01-11,1,0
APP800368,CUST102417,2024-03-03,Gold,Gold Loan,178000,36,11.32,19300,4800,0.553,1,Approved,158000,2024-03-08,1,0
APP800369,CUST103130,2023-10-20,Business,Equipment Purchase,6401000,84,18.08,46000,13500,3.0,0,Rejected,0,2023-11-03,0,
APP800370,CUST104795,2023-11-25,Business,Business Expansion,904000,24,17.4,32300,500,1.406,1,Approved,822000,2023-12-05,1,0
APP800371,CUST104801,2023-10-05,Personal,Home Renovation,1341000,60,20.95,14900,400,2.46,0,Rejected,0,2023-10-22,0,
APP800372,CUST101579,2024-05-27,Personal,Wedding,833000,48,20.63,41100,5900,0.767,0,Approved,809000,2024-05-31,1,0
APP800373,CUST100756,2024-03-03,Education,Skill Certification,2294000,84,11.65,56900,9000,0.863,0,Approved,2042000,2024-03-05,1,0
APP800374,CUST102385,2022-08-18,Personal,Travel,946000,24,15.14,35800,6300,1.461,0,Rejected,0,2022-09-04,0,
APP800375,CUST103663,2023-07-17,Home,Home Purchase,4753000,36,8.94,55300,18900,3.0,1,Rejected,0,2023-07-18,0,
APP800376,CUST102833,2023-11-30,Business,Business Expansion,5809000,84,12.49,40000,12700,2.922,0,Rejected,0,2023-12-05,0,
APP800377,CUST100679,2024-01-11,Business,Business Expansion,3291000,12,17.3,21700,5500,3.0,0,Rejected,0,2024-01-18,0,
APP800378,CUST104117,2022-10-07,Personal,Wedding,169000,24,15.16,10000,3100,1.131,0,Rejected,0,2022-10-18,0,
APP800379,CUST104689,2022-09-20,Auto,Used Car,2420000,24,10.06,78000,17700,1.659,1,Approved,2173000,2022-10-04,1,0
APP800380,CUST104159,2023-10-06,Education,Skill Certification,484000,12,10.42,42200,13800,1.337,0,Approved,379000,2023-10-16,1,1
APP800381,CUST102085,2023-06-12,Auto,Used Car,874000,84,11.51,18600,3000,0.981,1,Approved,749000,2023-06-27,1,0
APP800382,CUST103210,2022-11-17,Auto,New Car,1617000,24,9.87,48100,8800,1.731,1,Approved,1364000,2022-11-29,1,0
APP800383,CUST104781,2023-11-01,Home,Home Construction,5299000,60,9.75,72500,2500,1.579,1,Rejected,0,2023-11-11,0,
APP800384,CUST104985,2023-10-14,Business,Equipment Purchase,1630000,24,14.11,10000,1800,3.0,0,Rejected,0,2023-10-17,0,
APP800385,CUST100491,2022-12-26,Home,Home Construction,10847000,240,9.18,26600,6300,3.0,1,Rejected,0,2023-01-12,0,
APP800386,CUST103917,2024-02-08,Personal,Debt Consolidation,77000,24,13.05,98600,1300,0.05,0,Approved,61000,2024-02-13,1,0
APP800387,CUST103500,2023-11-24,Gold,Gold Loan,422000,36,14.1,19200,900,0.798,1,Approved,338000,2023-12-10,1,0
APP800388,CUST100932,2024-05-29,Personal,Home Renovation,147000,24,17.35,80600,8600,0.197,0,Approved,119000,2024-06-17,1,0
APP800389,CUST102984,2022-11-29,Home,Home Construction,6090000,36,9.95,50400,11700,3.0,1,Rejected,0,2022-12-18,0,
APP800390,CUST104161,2023-05-19,Home,Plot Purchase,4867000,120,8.68,26800,6800,2.524,1,Rejected,0,2023-05-22,0,
APP800391,CUST101788,2023-05-21,Business,Working Capital,2827000,84,17.2,103200,4900,0.61,0,Approved,2273000,2023-05-25,1,0
APP800392,CUST104978,2023-01-14,Personal,Wedding,474000,60,19.04,19300,1200,0.7,0,Rejected,0,2023-02-03,0,
APP800393,CUST102036,2023-10-27,Personal,Medical Emergency,337000,60,18.9,37000,400,0.247,0,Approved,312000,2023-11-06,1,0
APP800394,CUST100790,2024-03-20,Personal,Home Renovation,1070000,12,14.67,86400,21800,1.369,1,Rejected,0,2024-03-26,0,
APP800395,CUST101985,2023-05-30,Home,Home Purchase,1694000,36,10.3,163100,48700,0.635,1,Approved,1397000,2023-06-13,1,0
APP800396,CUST104575,2023-10-16,Business,Working Capital,6949000,84,16.66,93200,29600,1.826,0,Approved,6579000,2023-10-21,1,0
APP800397,CUST101086,2024-05-20,Home,Home Purchase,10905000,24,9.69,48200,9900,3.0,1,Under Review,0,,0,
APP800398,CUST103401,2024-06-05,Home,Home Purchase,4281000,36,8.6,18800,5200,3.0,1,Rejected,0,2024-06-11,0,
APP800399,CUST103339,2022-11-17,Personal,Home Renovation,1295000,24,17.29,28700,4700,2.4,0,Rejected,0,2022-11-28,0,
APP800400,CUST102077,2023-11-30,Auto,Two Wheeler,1810000,12,12.46,130600,18100,1.373,1,Approved,1714000,2023-12-08,1,0
APP800401,CUST100744,2024-01-29,Auto,New Car,1920000,12,10.81,12500,1700,3.0,1,Rejected,0,2024-02-17,0,
APP800402,CUST102124,2022-08-07,Home,Home Purchase,3670000,12,8.78,67200,19600,3.0,1,Rejected,0,2022-08-13,0,
APP800403,CUST103233,2023-12-14,Auto,New Car,227000,12,9.5,29000,6600,0.913,1,Approved,178000,2023-12-16,1,0
APP800404,CUST102557,2023-12-09,Business,Equipment Purchase,3845000,84,15.82,47600,2000,1.638,0,Approved,2838000,2023-12-15,1,0
APP800405,CUST100608,2023-05-20,Gold,Gold Loan,662000,12,14.36,60100,9200,1.143,1,Approved,630000,2023-05-31,1,1
APP800406,CUST100990,2023-04-11,Personal,Debt Consolidation,856000,12,22.42,48600,11300,1.883,0,Rejected,0,2023-04-15,0,
APP800407,CUST101928,2023-03-15,Personal,Medical Emergency,681000,84,12.51,40900,700,0.316,0,Approved,676000,2023-03-18,1,1
APP800408,CUST101427,2023-02-25,Personal,Wedding,396000,36,14.88,16300,4100,1.09,0,Approved,328000,2023-03-08,1,0
APP800409,CUST102387,2023-03-13,Home,Plot Purchase,6664000,48,9.04,86100,21300,2.174,1,Approved,6196000,2023-03-30,1,0
APP800410,CUST104244,2023-05-12,Auto,New Car,1353000,12,10.65,51800,10000,2.496,1,Approved,1263000,2023-05-26,1,0
APP800411,CUST101444,2024-02-01,Personal,Wedding,344000,36,16.2,52300,12100,0.464,0,Approved,276000,2024-02-09,1,0
APP800412,CUST101107,2023-05-30,Personal,Travel,1494000,60,15.46,29000,3200,1.349,0,Approved,1412000,2023-06-15,1,1
APP800413,CUST104290,2023-04-05,Home,Plot Purchase,10176000,12,9.05,10400,3500,3.0,1,Rejected,0,2023-04-21,0,
APP800414,CUST104758,2023-01-09,Personal,Debt Consolidation,1435000,48,21.25,40600,12700,1.412,0,Rejected,0,2023-01-21,0,
APP800415,CUST104679,2022-09-19,Personal,Medical Emergency,634000,84,22.03,38100,9000,0.627,0,Approved,456000,2022-10-07,1,0
APP800416,CUST103202,2024-06-14,Personal,Home Renovation,94000,60,15.15,53000,2700,0.093,0,Under Review,0,,0,
APP800417,CUST101764,2022-10-04,Education,Skill Certification,2220000,120,12.36,31700,6700,1.232,0,Rejected,0,2022-10-08,0,
APP800418,CUST100895,2023-11-11,Education,Higher Studies India,2013000,24,12.74,42000,13000,2.582,1,Approved,1622000,2023-11-29,1,0
APP800419,CUST103490,2023-03-25,Home,Home Construction,2867000,48,10.33,185500,45400,0.639,1,Approved,2724000,2023-03-26,1,0
APP800420,CUST100271,2023-09-30,Personal,Home Renovation,660000,12,11.09,58600,8600,1.143,0,Approved,518000,2023-10-17,1,0
APP800421,CUST101030,2022-10-10,Auto,Used Car,1439000,12,12.53,36600,1900,3.0,1,Rejected,0,2022-10-28,0,
APP800422,CUST100919,2022-09-25,Auto,New Car,2100000,12,12.87,18000,500,3.0,1,Rejected,0,2022-09-27,0,
APP800423,CUST103643,2023-09-28,Home,Home Purchase,11427000,60,9.19,23600,5600,3.0,1,Rejected,0,2023-10-17,0,
APP800424,CUST103492,2024-04-01,Business,Business Expansion,4878000,48,17.42,35100,400,3.0,0,Rejected,0,2024-04-13,0,
APP800425,CUST100834,2024-06-27,Personal,Wedding,1306000,24,13.97,24900,5800,2.751,1,Rejected,0,2024-06-30,0,
APP800426,CUST102391,2023-05-08,Auto,Two Wheeler,1163000,24,13.04,11800,400,3.0,1,Rejected,0,2023-05-27,0,
APP800427,CUST103491,2023-03-10,Personal,Travel,1432000,48,11.18,36200,500,1.041,0,Approved,1335000,2023-03-21,1,0
APP800428,CUST102734,2022-07-20,Auto,Used Car,2075000,12,11.83,42200,9100,3.0,1,Approved,2005000,2022-07-29,1,1
APP800429,CUST101308,2023-06-29,Business,Equipment Purchase,6714000,36,14.94,155500,12700,1.577,0,Approved,6008000,2023-07-18,1,0
APP800430,CUST101121,2023-08-25,Home,Balance Transfer,7099000,60,8.58,83700,2800,1.776,1,Rejected,0,2023-08-30,0,
APP800431,CUST100907,2022-07-18,Gold,Gold Loan,136000,12,13.91,39000,4200,0.42,1,Approved,121000,2022-07-24,1,0
APP800432,CUST103363,2023-11-08,Business,Working Capital,3029000,48,19.14,23500,2800,3.0,0,Rejected,0,2023-11-13,0,
APP800433,CUST102957,2023-09-06,Personal,Wedding,937000,60,14.6,236600,43300,0.276,0,Approved,720000,2023-09-11,1,0
APP800434,CUST103252,2023-03-20,Personal,Home Renovation,1409000,36,15.13,50700,17400,1.309,0,Approved,1241000,2023-03-23,1,0
APP800435,CUST101809,2023-04-18,Personal,Wedding,272000,84,13.35,28200,5400,0.369,0,Rejected,0,2023-04-23,0,
APP800436,CUST103484,2023-07-23,Auto,Two Wheeler,1583000,24,13.36,22800,300,3.0,1,Rejected,0,2023-07-24,0,
APP800437,CUST100581,2023-01-20,Auto,Two Wheeler,2420000,12,10.12,10000,2000,3.0,1,Rejected,0,2023-02-09,0,
APP800438,CUST104173,2024-03-16,Auto,Two Wheeler,1955000,48,10.85,99900,18800,0.692,1,Rejected,0,2024-04-02,0,
APP800439,CUST104938,2022-10-20,Education,Higher Studies India,1423000,24,10.19,84200,28200,1.116,0,Approved,1159000,2022-11-09,1,1
APP800440,CUST100122,2024-03-21,Business,Business Expansion,5080000,48,15.87,10000,1700,3.0,0,Rejected,0,2024-04-04,0,
APP800441,CUST101779,2022-10-20,Personal,Debt Consolidation,1452000,36,22.57,39700,4200,1.512,0,Approved,1177000,2022-10-23,1,1
APP800442,CUST100280,2022-11-04,Business,Equipment Purchase,4063000,84,14.77,10000,2100,3.0,1,Rejected,0,2022-11-12,0,
APP800443,CUST101329,2024-06-01,Auto,Two Wheeler,1135000,36,12.94,23200,1400,1.705,1,Under Review,0,,0,
APP800444,CUST102339,2024-05-05,Business,Business Expansion,963000,36,19.22,68300,3400,0.569,0,Approved,771000,2024-05-24,1,0
APP800445,CUST104698,2023-01-06,Personal,Medical Emergency,1254000,24,20.48,36900,9900,2.008,0,Approved,1080000,2023-01-10,1,0
APP800446,CUST100467,2024-02-13,Auto,Two Wheeler,1374000,48,9.07,11100,2700,3.0,1,Rejected,0,2024-02-16,0,
APP800447,CUST104601,2023-02-22,Personal,Medical Emergency,791000,48,13.46,41200,5800,0.659,0,Approved,582000,2023-03-11,1,0
APP800448,CUST104268,2023-07-14,Home,Plot Purchase,6064000,60,8.04,27500,2500,3.0,1,Approved,5750000,2023-07-27,1,0
APP800449,CUST100134,2022-12-06,Home,Plot Purchase,11513000,180,8.7,28900,500,3.0,1,Rejected,0,2022-12-15,0,
APP800450,CUST101403,2022-12-01,Personal,Debt Consolidation,784000,36,12.25,29500,6200,1.098,0,Approved,765000,2022-12-16,1,0
APP800451,CUST103719,2022-08-13,Gold,Gold Loan,163000,36,9.52,31500,7800,0.413,1,Approved,162000,2022-08-27,1,0
APP800452,CUST102850,2024-04-19,Business,Working Capital,509000,36,18.91,11600,2000,1.772,0,Rejected,0,2024-05-04,0,
APP800453,CUST103681,2023-04-08,Home,Plot Purchase,3344000,240,8.87,74800,24200,0.722,1,Approved,3008000,2023-04-17,1,0
APP800454,CUST100920,2024-01-01,Home,Home Purchase,10848000,36,9.69,105600,28600,3.0,1,Rejected,0,2024-01-19,0,
APP800455,CUST101780,2022-09-05,Education,Study Abroad,1359000,84,10.14,43800,7600,0.69,0,Approved,983000,2022-09-13,1,0
APP800456,CUST103328,2022-09-28,Business,Business Expansion,6970000,12,12.01,65800,16900,3.0,0,Rejected,0,2022-10-05,0,
APP800457,CUST102687,2022-08-09,Business,Business Expansion,5088000,24,18.21,49200,16100,3.0,0,Rejected,0,2022-08-14,0,
APP800458,CUST101413,2023-04-02,Education,Higher Studies India,951000,60,11.89,36900,1300,0.607,0,Approved,777000,2023-04-10,1,1
APP800459,CUST101632,2023-06-24,Business,Equipment Purchase,2943000,36,14.16,29200,3100,3.0,0,Rejected,0,2023-07-05,0,
APP800460,CUST104926,2023-04-14,Personal,Home Renovation,1430000,48,11.62,122100,32700,0.574,0,Approved,1356000,2023-04-19,1,0
APP800461,CUST104825,2023-01-09,Auto,New Car,2372000,48,11.41,107400,800,0.583,1,Approved,1817000,2023-01-16,1,0
APP800462,CUST100938,2022-09-04,Education,Skill Certification,731000,12,9.32,24400,4600,2.814,0,Rejected,0,2022-09-22,0,
APP800463,CUST101431,2023-07-24,Business,Business Expansion,1353000,60,17.07,27200,4700,1.411,0,Rejected,0,2023-08-02,0,
APP800464,CUST101385,2023-03-05,Personal,Debt Consolidation,553000,24,22.26,66100,10500,0.594,0,Approved,501000,2023-03-22,1,0
APP800465,CUST102488,2023-06-18,Auto,Used Car,2024000,60,12.76,124500,25800,0.575,1,Approved,1737000,2023-06-24,1,0
APP800466,CUST101703,2022-12-20,Education,Study Abroad,530000,48,12.45,32700,8900,0.703,0,Rejected,0,2022-12-31,0,
APP800467,CUST103781,2022-10-06,Personal,Home Renovation,1496000,24,16.4,48100,6700,1.669,0,Approved,1048000,2022-10-18,1,1
APP800468,CUST101235,2022-09-30,Business,Equipment Purchase,6766000,60,18.69,33000,6800,3.0,0,Rejected,0,2022-10-19,0,
APP800469,CUST103046,2023-07-31,Auto,Used Car,1386000,24,9.73,82500,25900,1.087,1,Approved,1300000,2023-08-16,1,1
APP800470,CUST104706,2023-02-06,Personal,Wedding,467000,36,14.02,19600,3900,1.013,1,Rejected,0,2023-02-16,0,
APP800471,CUST101790,2024-02-26,Personal,Home Renovation,85000,36,14.07,29600,8200,0.375,0,Approved,75000,2024-03-12,1,0
APP800472,CUST101643,2024-05-27,Home,Home Construction,6895000,180,9.68,57000,11400,1.477,1,Under Review,0,,0,
APP800473,CUST104143,2022-08-18,Gold,Gold Loan,440000,12,11.78,24100,3300,1.755,1,Rejected,0,2022-09-03,0,
APP800474,CUST100283,2023-08-27,Home,Balance Transfer,8702000,24,9.72,100600,16900,3.0,1,Rejected,0,2023-09-01,0,
APP800475,CUST101218,2022-11-07,Gold,Gold Loan,397000,12,13.3,10000,3200,3.0,1,Rejected,0,2022-11-24,0,
APP800476,CUST104533,2023-07-12,Business,Working Capital,1497000,36,19.03,38900,6600,1.58,0,Approved,1458000,2023-07-20,1,1
APP800477,CUST103082,2024-06-18,Business,Business Expansion,2005000,60,18.91,46200,16100,1.471,0,Under Review,0,,0,
APP800478,CUST101134,2024-05-28,Home,Home Construction,11518000,180,9.96,47700,7100,2.736,1,Rejected,0,2024-06-04,0,
APP800479,CUST100049,2022-11-10,Gold,Gold Loan,33000,36,9.8,25600,7300,0.327,1,Approved,27000,2022-11-25,1,0
APP800480,CUST102566,2023-11-26,Auto,New Car,290000,36,13.32,43000,6600,0.382,1,Approved,249000,2023-12-09,1,0
APP800481,CUST104670,2023-08-04,Auto,New Car,435000,36,10.87,64800,22300,0.563,1,Approved,408000,2023-08-14,1,0
APP800482,CUST104644,2024-03-16,Gold,Gold Loan,595000,12,14.31,64000,19000,1.133,1,Approved,444000,2024-03-27,1,0
APP800483,CUST103518,2023-08-30,Auto,Used Car,2142000,48,13.92,36100,3200,1.707,1,Approved,1537000,2023-09-13,1,0
APP800484,CUST104238,2022-08-12,Auto,Two Wheeler,2262000,84,11.53,47200,8900,1.022,1,Approved,2125000,2022-09-01,1,0
APP800485,CUST101837,2023-12-08,Personal,Debt Consolidation,318000,60,18.1,16600,3300,0.685,0,Rejected,0,2023-12-23,0,
APP800486,CUST104259,2024-02-29,Home,Plot Purchase,8692000,36,8.16,14000,2100,3.0,1,Rejected,0,2024-03-06,0,
APP800487,CUST103000,2024-03-26,Personal,Home Renovation,1309000,12,14.93,27300,3900,3.0,0,Rejected,0,2024-03-29,0,
APP800488,CUST100459,2022-10-13,Education,Higher Studies India,1278000,120,10.34,43000,2300,0.451,0,Approved,1225000,2022-10-27,1,0
APP800489,CUST102673,2024-06-07,Home,Plot Purchase,4465000,120,9.16,18000,1000,3.0,1,Under Review,0,,0,
APP800490,CUST100774,2022-11-02,Education,Study Abroad,3580000,60,9.14,63000,3500,1.239,1,Approved,3501000,2022-11-07,1,0
APP800491,CUST100635,2023-10-07,Education,Higher Studies India,3678000,60,10.92,45100,6200,1.906,0,Approved,3566000,2023-10-23,1,1
APP800492,CUST103289,2022-09-15,Personal,Medical Emergency,671000,48,16.71,47100,13400,0.694,0,Approved,602000,2022-09-26,1,0
APP800493,CUST101171,2022-09-20,Auto,Used Car,883000,24,9.79,34700,8300,1.41,1,Approved,714000,2022-09-30,1,0
APP800494,CUST100371,2023-11-29,Personal,Wedding,220000,12,14.06,50300,17500,0.741,0,Approved,167000,2023-12-09,1,0
APP800495,CUST100069,2022-09-08,Personal,Medical Emergency,408000,48,15.55,19800,2200,0.691,0,Rejected,0,2022-09-15,0,
APP800496,CUST103702,2023-06-15,Auto,New Car,1127000,48,9.57,43600,1400,0.682,1,Rejected,0,2023-06-21,0,
APP800497,CUST102247,2023-08-01,Business,Equipment Purchase,2676000,12,19.93,78100,16600,3.0,0,Rejected,0,2023-08-10,0,
APP800498,CUST102828,2024-04-15,Home,Plot Purchase,8754000,60,9.45,38100,13100,3.0,1,Rejected,0,2024-05-05,0,
APP800499,CUST103055,2023-10-25,Gold,Gold Loan,618000,36,10.65,65500,2400,0.344,1,Approved,511000,2023-11-05,1,0
APP800500,CUST101453,2023-08-21,Home,Plot Purchase,6243000,240,9.36,23300,5000,2.69,1,Rejected,0,2023-08-29,0,
APP800501,CUST102233,2024-06-02,Personal,Wedding,665000,48,14.19,10800,2000,1.868,0,Rejected,0,2024-06-09,0,
APP800502,CUST104315,2024-03-16,Personal,Wedding,1450000,60,22.38,62200,9600,0.803,0,Rejected,0,2024-03-25,0,
APP800503,CUST101925,2022-09-05,Business,Working Capital,2733000,24,17.31,32800,11100,3.0,1,Rejected,0,2022-09-08,0,
APP800504,CUST104474,2022-10-04,Gold,Gold Loan,525000,12,9.02,91600,7500,0.583,1,Approved,502000,2022-10-23,1,0
APP800505,CUST102717,2024-01-26,Personal,Medical Emergency,1031000,60,17.51,21600,600,1.225,0,Rejected,0,2024-02-09,0,
APP800506,CUST100927,2023-03-25,Personal,Wedding,781000,60,17.83,30000,700,0.681,0,Approved,601000,2023-03-26,1,0
APP800507,CUST104016,2024-04-16,Personal,Home Renovation,283000,60,14.91,36900,5600,0.334,0,Approved,256000,2024-04-30,1,0
APP800508,CUST103346,2023-01-28,Auto,Used Car,666000,36,9.08,31100,6000,0.875,1,Approved,547000,2023-02-11,1,0
APP800509,CUST103706,2024-01-02,Home,Home Purchase,8692000,36,8.14,63900,12900,3.0,1,Rejected,0,2024-01-18,0,
APP800510,CUST104910,2023-03-23,Auto,New Car,2080000,36,12.2,11800,1900,3.0,1,Rejected,0,2023-04-03,0,
APP800511,CUST104576,2023-12-30,Education,Higher Studies India,2370000,120,12.17,11700,2800,3.0,0,Rejected,0,2024-01-03,0,
APP800512,CUST103212,2022-10-16,Business,Equipment Purchase,6948000,60,16.57,33300,11200,3.0,0,Rejected,0,2022-11-03,0,
APP800513,CUST104673,2023-08-05,Business,Business Expansion,1881000,24,16.93,61300,9000,1.662,0,Approved,1695000,2023-08-10,1,0
APP800514,CUST101129,2023-09-20,Personal,Medical Emergency,1147000,84,14.43,35500,9400,0.879,0,Approved,918000,2023-10-10,1,0
APP800515,CUST104280,2023-04-09,Auto,Used Car,1749000,48,11.09,74700,17900,0.845,1,Approved,1234000,2023-04-28,1,0
APP800516,CUST102729,2022-10-07,Auto,New Car,1227000,48,12.58,10000,400,3.0,1,Rejected,0,2022-10-23,0,
APP800517,CUST100879,2024-06-05,Home,Home Purchase,11369000,24,8.06,32200,8900,3.0,1,Rejected,0,2024-06-15,0,
APP800518,CUST104167,2022-10-01,Personal,Debt Consolidation,61000,48,22.51,41800,5700,0.183,0,Approved,54000,2022-10-14,1,0
APP800519,CUST103863,2023-04-25,Personal,Debt Consolidation,227000,48,21.49,28700,1900,0.313,0,Approved,176000,2023-05-12,1,0
APP800520,CUST101060,2023-08-27,Business,Business Expansion,3196000,24,13.21,22500,5600,3.0,0,Rejected,0,2023-09-13,0,
APP800521,CUST102820,2024-05-29,Business,Working Capital,1786000,60,13.06,28200,1800,1.505,0,Approved,1385000,2024-05-31,1,0
APP800522,CUST100014,2023-03-14,Education,Higher Studies India,237000,84,12.91,14500,1700,0.415,0,Rejected,0,2023-04-02,0,
APP800523,CUST102379,2022-07-24,Home,Plot Purchase,2337000,24,8.15,37900,800,2.816,1,Rejected,0,2022-08-09,0,
APP800524,CUST102952,2022-07-01,Personal,Wedding,427000,84,21.89,13400,300,0.767,0,Approved,367000,2022-07-04,1,0
APP800525,CUST104108,2023-02-23,Gold,Gold Loan,284000,12,12.11,94800,22600,0.505,1,Approved,277000,2023-03-14,1,0
APP800526,CUST103760,2022-08-26,Personal,Travel,746000,48,23.68,46000,8100,0.702,0,Approved,679000,2022-09-10,1,0
APP800527,CUST100994,2024-05-17,Business,Working Capital,4696000,24,12.99,27100,4700,3.0,1,Rejected,0,2024-06-04,0,
APP800528,CUST103434,2024-01-05,Home,Plot Purchase,4718000,240,8.54,21200,4100,2.133,1,Rejected,0,2024-01-06,0,
APP800529,CUST102303,2023-08-22,Business,Working Capital,5474000,60,16.29,35400,10200,3.0,0,Rejected,0,2023-09-06,0,
APP800530,CUST101442,2023-02-06,Business,Equipment Purchase,1602000,12,12.93,33100,1000,3.0,0,Approved,1309000,2023-02-13,1,0
APP800531,CUST101609,2023-11-05,Personal,Medical Emergency,442000,12,21.38,88600,11400,0.594,1,Approved,316000,2023-11-19,1,0
APP800532,CUST102787,2024-02-16,Personal,Debt Consolidation,1020000,24,13.75,45000,13500,1.386,0,Rejected,0,2024-03-02,0,
APP800533,CUST103078,2023-10-03,Personal,Wedding,284000,12,21.74,117500,32100,0.499,0,Approved,240000,2023-10-20,1,0
APP800534,CUST103322,2023-11-07,Education,Skill Certification,1508000,36,12.19,40000,8000,1.454,0,Rejected,0,2023-11-27,0,
APP800535,CUST101038,2023-07-19,Home,Balance Transfer,3719000,180,8.5,10000,3400,3.0,1,Rejected,0,2023-07-22,0,
APP800536,CUST102003,2022-10-12,Education,Higher Studies India,2004000,84,10.39,13000,3300,2.85,1,Rejected,0,2022-10-22,0,
APP800537,CUST103783,2022-08-18,Home,Plot Purchase,5216000,12,10.25,58800,18200,3.0,1,Rejected,0,2022-09-02,0,
APP800538,CUST101691,2022-08-24,Gold,Gold Loan,270000,36,11.49,38800,11600,0.529,1,Approved,247000,2022-08-28,1,0
APP800539,CUST101689,2023-07-02,Personal,Home Renovation,188000,24,22.27,58800,18100,0.474,1,Approved,178000,2023-07-10,1,0
APP800540,CUST101156,2023-02-09,Personal,Medical Emergency,344000,48,15.71,23700,5500,0.641,0,Approved,329000,2023-02-27,1,1
APP800541,CUST101645,2024-03-25,Business,Business Expansion,2232000,48,14.55,19700,1800,3.0,0,Rejected,0,2024-04-06,0,
APP800542,CUST100355,2022-11-02,Personal,Wedding,1170000,36,11.36,107200,2700,0.384,0,Approved,1081000,2022-11-20,1,0
APP800543,CUST101891,2023-05-28,Personal,Debt Consolidation,844000,84,22.08,10000,2900,2.271,0,Rejected,0,2023-06-03,0,
APP800544,CUST100188,2023-07-02,Home,Plot Purchase,2562000,36,8.49,154900,37700,0.766,1,Approved,2514000,2023-07-03,1,0
APP800545,CUST104730,2023-10-14,Auto,Two Wheeler,423000,60,10.04,19200,6200,0.791,1,Approved,415000,2023-10-27,1,1
APP800546,CUST101105,2022-09-09,Home,Balance Transfer,8778000,84,10.07,23700,2000,3.0,1,Rejected,0,2022-09-26,0,
APP800547,CUST101892,2023-01-27,Home,Home Purchase,3695000,48,8.06,42200,5700,2.276,1,Rejected,0,2023-01-31,0,
APP800548,CUST104690,2023-02-25,Personal,Travel,591000,12,19.23,39400,11400,1.672,0,Rejected,0,2023-03-12,0,
APP800549,CUST101545,2024-03-20,Personal,Medical Emergency,484000,48,20.33,32900,10800,0.779,0,Rejected,0,2024-03-22,0,
APP800550,CUST104260,2023-04-06,Personal,Debt Consolidation,507000,12,11.89,28200,600,1.62,0,Rejected,0,2023-04-15,0,
APP800551,CUST103748,2023-09-13,Gold,Gold Loan,115000,36,11.85,19700,2200,0.305,1,Approved,107000,2023-09-29,1,1
APP800552,CUST103666,2023-05-01,Personal,Wedding,285000,24,21.38,17100,4900,1.146,0,Rejected,0,2023-05-20,0,
APP800553,CUST102318,2023-02-07,Auto,Used Car,1620000,36,10.43,54700,2000,0.999,1,Rejected,0,2023-02-14,0,
APP800554,CUST104097,2024-01-19,Personal,Medical Emergency,409000,36,11.46,62200,8700,0.356,1,Approved,374000,2024-01-21,1,1
APP800555,CUST102749,2023-07-23,Auto,New Car,1543000,12,9.35,35700,10400,3.0,1,Rejected,0,2023-07-24,0,
APP800556,CUST100200,2022-09-14,Gold,Gold Loan,256000,24,11.22,46700,13200,0.539,1,Approved,186000,2022-10-03,1,0
APP800557,CUST102421,2023-01-26,Personal,Travel,409000,12,18.17,57300,1600,0.682,0,Approved,312000,2023-01-27,1,0
APP800558,CUST100382,2023-12-20,Auto,New Car,1838000,48,10.54,14700,3100,3.0,1,Rejected,0,2023-12-21,0,
APP800559,CUST101296,2024-04-02,Business,Equipment Purchase,319000,84,17.3,29600,700,0.246,0,Approved,249000,2024-04-07,1,0
APP800560,CUST103499,2024-06-26,Personal,Home Renovation,669000,24,11.87,54600,300,0.582,0,Under Review,0,,0,
APP800561,CUST104185,2023-08-26,Personal,Home Renovation,950000,60,17.12,103800,700,0.235,0,Approved,667000,2023-08-29,1,0
APP800562,CUST100374,2023-08-08,Auto,Two Wheeler,798000,24,12.47,18900,5400,2.284,1,Rejected,0,2023-08-09,0,
APP800563,CUST103421,2023-03-25,Personal,Debt Consolidation,1127000,60,23.3,65500,16600,0.742,0,Approved,840000,2023-04-02,1,0
APP800564,CUST101100,2023-10-02,Personal,Travel,1105000,84,16.96,18000,5100,1.533,1,Rejected,0,2023-10-11,0,
APP800565,CUST104570,2023-01-08,Personal,Wedding,758000,84,13.41,29800,1900,0.531,0,Approved,552000,2023-01-11,1,0
APP800566,CUST104131,2022-12-11,Home,Plot Purchase,10164000,180,9.25,22900,1700,3.0,1,Rejected,0,2022-12-31,0,
APP800567,CUST100795,2024-01-12,Education,Skill Certification,226000,48,10.0,69500,21700,0.395,1,Approved,190000,2024-01-20,1,0
APP800568,CUST100935,2024-05-28,Personal,Travel,1020000,48,20.9,82600,23600,0.667,0,Under Review,0,,0,
APP800569,CUST104242,2023-09-08,Personal,Travel,337000,60,23.79,68500,11300,0.306,0,Approved,240000,2023-09-24,1,0
APP800570,CUST103925,2023-12-16,Auto,New Car,1835000,24,11.89,106500,16500,0.965,1,Approved,1465000,2023-12-22,1,0
APP800571,CUST102189,2022-12-27,Personal,Travel,117000,12,13.89,39100,9500,0.511,0,Approved,100000,2023-01-16,1,0
APP800572,CUST103731,2024-01-09,Personal,Home Renovation,675000,60,20.57,14400,1200,1.338,0,Rejected,0,2024-01-21,0,
APP800573,CUST102585,2023-10-05,Business,Business Expansion,845000,24,12.59,28800,5200,1.567,0,Rejected,0,2023-10-22,0,
APP800574,CUST101049,2023-12-14,Auto,New Car,1330000,60,12.4,40400,1800,0.784,1,Rejected,0,2024-01-01,0,
APP800575,CUST101170,2022-11-05,Auto,New Car,1327000,60,10.4,58000,11500,0.688,1,Rejected,0,2022-11-11,0,
APP800576,CUST104613,2024-03-10,Home,Plot Purchase,2736000,180,9.0,25800,2600,1.177,1,Rejected,0,2024-03-18,0,
APP800577,CUST103720,2024-04-26,Personal,Debt Consolidation,960000,84,12.39,20300,2900,0.986,1,Rejected,0,2024-05-11,0,
APP800578,CUST102216,2023-05-26,Gold,Gold Loan,299000,36,14.06,27800,1600,0.426,1,Approved,293000,2023-06-10,1,1
APP800579,CUST101834,2023-04-04,Home,Plot Purchase,7760000,180,8.58,51500,8300,1.653,1,Approved,6435000,2023-04-23,1,0
APP800580,CUST104455,2024-03-17,Education,Study Abroad,298000,48,10.93,38000,10100,0.469,0,Rejected,0,2024-03-27,0,
APP800581,CUST102353,2023-12-20,Education,Skill Certification,779000,84,12.08,42600,2900,0.392,0,Approved,660000,2024-01-03,1,0
APP800582,CUST100046,2024-02-11,Personal,Home Renovation,892000,24,21.86,11300,500,3.0,0,Rejected,0,2024-02-29,0,
APP800583,CUST100278,2022-10-14,Gold,Gold Loan,567000,36,12.05,47600,600,0.408,1,Approved,467000,2022-10-19,1,0
APP800584,CUST104204,2024-05-31,Home,Balance Transfer,5930000,12,8.69,22700,6600,3.0,1,Rejected,0,2024-06-09,0,
APP800585,CUST101995,2024-02-24,Gold,Gold Loan,529000,36,10.61,65600,2200,0.296,1,Rejected,0,2024-03-08,0,
APP800586,CUST104110,2023-12-03,Business,Working Capital,571000,60,16.31,22200,5800,0.89,0,Approved,492000,2023-12-12,1,1
APP800587,CUST101268,2024-02-12,Auto,New Car,754000,48,12.61,34500,9700,0.863,1,Approved,653000,2024-02-18,1,0
APP800588,CUST102310,2023-07-04,Personal,Debt Consolidation,1139000,84,20.76,10000,1200,2.702,0,Rejected,0,2023-07-06,0,
APP800589,CUST103833,2024-05-21,Auto,Two Wheeler,1203000,12,9.79,88500,2000,1.217,1,Under Review,0,,0,
APP800590,CUST101418,2024-02-18,Auto,Two Wheeler,1074000,60,13.58,44600,10100,0.781,1,Approved,1047000,2024-03-05,1,0
APP800591,CUST104580,2024-03-27,Auto,Two Wheeler,476000,12,9.02,54700,700,0.773,1,Rejected,0,2024-04-12,0,
APP800592,CUST104395,2023-10-11,Personal,Debt Consolidation,1383000,24,22.05,26000,2800,2.87,0,Rejected,0,2023-10-20,0,
APP800593,CUST104064,2023-10-28,Education,Skill Certification,3809000,36,11.57,114600,14300,1.222,0,Rejected,0,2023-11-11,0,
APP800594,CUST103659,2024-04-28,Personal,Wedding,670000,48,17.33,35700,3700,0.648,0,Approved,653000,2024-04-29,1,1
APP800595,CUST103130,2023-12-29,Personal,Wedding,974000,24,13.29,46000,14500,1.324,0,Rejected,0,2024-01-16,0,
APP800596,CUST102955,2023-01-16,Education,Study Abroad,261000,60,9.89,78000,26700,0.413,0,Approved,247000,2023-01-19,1,0
APP800597,CUST100596,2023-12-24,Business,Working Capital,6408000,48,13.85,49600,3200,3.0,0,Rejected,0,2024-01-04,0,
APP800598,CUST101757,2024-03-31,Business,Equipment Purchase,6521000,60,15.38,65700,0,2.383,0,Rejected,0,2024-04-16,0,
APP800599,CUST103410,2022-08-24,Personal,Travel,1436000,12,20.6,70500,2400,1.926,0,Approved,1396000,2022-08-26,1,0
APP800600,CUST102145,2023-08-01,Home,Home Construction,11356000,60,9.16,10700,2100,3.0,1,Rejected,0,2023-08-02,0,
APP800601,CUST100019,2024-05-19,Business,Business Expansion,4467000,24,13.98,45600,9300,3.0,0,Rejected,0,2024-06-05,0,
APP800602,CUST100470,2024-06-24,Personal,Wedding,314000,12,22.87,28200,8600,1.353,0,Under Review,0,,0,
APP800603,CUST102501,2024-02-25,Personal,Travel,695000,84,23.15,58000,1600,0.317,0,Approved,542000,2024-02-27,1,0
APP800604,CUST101260,2022-10-28,Personal,Travel,335000,12,11.16,25400,3300,1.299,0,Approved,286000,2022-11-13,1,1
APP800605,CUST102487,2024-02-29,Personal,Wedding,1311000,12,15.27,13200,1000,3.0,0,Rejected,0,2024-03-07,0,
APP800606,CUST102072,2024-02-27,Home,Plot Purchase,11792000,84,8.92,12900,4400,3.0,1,Rejected,0,2024-03-01,0,
APP800607,CUST100664,2023-08-29,Personal,Wedding,1482000,12,11.21,51200,16400,2.88,0,Rejected,0,2023-09-14,0,
APP800608,CUST100138,2023-08-08,Business,Equipment Purchase,3886000,48,12.06,79800,14000,1.459,0,Approved,2951000,2023-08-16,1,0
APP800609,CUST104049,2023-08-18,Personal,Wedding,1420000,12,21.85,64200,17800,2.345,0,Approved,1246000,2023-09-01,1,0
APP800610,CUST103396,2024-01-09,Auto,Two Wheeler,801000,24,9.28,35000,8900,1.301,1,Approved,777000,2024-01-19,1,0
APP800611,CUST100742,2023-10-29,Home,Plot Purchase,1817000,240,8.21,31200,2000,0.56,1,Approved,1769000,2023-11-10,1,0
APP800612,CUST103712,2022-09-13,Business,Equipment Purchase,6353000,12,16.62,45600,15500,3.0,0,Rejected,0,2022-09-28,0,
APP800613,CUST103280,2022-10-11,Auto,Used Car,402000,24,11.64,41500,7700,0.64,1,Approved,322000,2022-10-28,1,0
APP800614,CUST101978,2022-10-08,Business,Working Capital,460000,84,19.8,56100,700,0.194,0,Approved,362000,2022-10-23,1,0
APP800615,CUST101695,2022-10-07,Auto,Used Car,1838000,36,10.14,82600,5800,0.79,1,Approved,1809000,2022-10-22,1,1
APP800616,CUST104387,2023-01-05,Personal,Debt Consolidation,218000,36,21.92,69400,24100,0.467,1,Approved,216000,2023-01-25,1,0
APP800617,CUST103357,2024-05-19,Personal,Wedding,555000,48,22.76,12500,2800,1.647,1,Rejected,0,2024-06-07,0,
APP800618,CUST101184,2022-07-07,Personal,Wedding,1282000,12,19.42,46400,7300,2.707,0,Rejected,0,2022-07-11,0,
APP800619,CUST102194,2024-01-19,Gold,Gold Loan,576000,36,14.14,21800,1300,0.965,1,Approved,455000,2024-01-26,1,1
APP800620,CUST102470,2023-02-21,Personal,Wedding,277000,84,18.43,73300,10500,0.224,0,Approved,258000,2023-02-28,1,0
APP800621,CUST102076,2023-12-05,Auto,Two Wheeler,1587000,84,11.22,63100,12800,0.636,1,Rejected,0,2023-12-11,0,
APP800622,CUST103719,2024-02-24,Auto,Used Car,1679000,60,9.13,31500,4900,1.264,1,Approved,1637000,2024-02-27,1,0
APP800623,CUST101815,2024-02-19,Gold,Gold Loan,537000,24,12.9,51200,8800,0.671,1,Rejected,0,2024-02-22,0,
APP800624,CUST102938,2023-02-17,Auto,New Car,1303000,48,9.01,10000,1300,3.0,1,Rejected,0,2023-03-04,0,
APP800625,CUST104517,2022-07-10,Education,Higher Studies India,1058000,48,12.83,143000,7100,0.248,1,Rejected,0,2022-07-28,0,
APP800626,CUST102571,2022-09-23,Business,Business Expansion,2218000,84,19.16,18400,3700,2.813,0,Rejected,0,2022-09-30,0,
APP800627,CUST102141,2024-01-09,Auto,Two Wheeler,1251000,36,9.35,25500,1500,1.629,1,Rejected,0,2024-01-16,0,
APP800628,CUST103981,2022-09-21,Education,Skill Certification,1075000,36,11.57,29100,2900,1.318,0,Rejected,0,2022-09-23,0,
APP800629,CUST101584,2023-07-10,Personal,Debt Consolidation,905000,60,21.88,29200,2800,0.949,1,Approved,640000,2023-07-27,1,1
APP800630,CUST103950,2023-08-22,Business,Business Expansion,3061000,24,15.82,32600,5800,3.0,0,Rejected,0,2023-08-26,0,
APP800631,CUST102298,2024-01-05,Personal,Wedding,645000,12,19.27,25800,8000,2.616,0,Rejected,0,2024-01-07,0,
APP800632,CUST100344,2023-01-05,Personal,Wedding,923000,84,14.7,11500,2400,1.745,0,Rejected,0,2023-01-25,0,
APP800633,CUST102162,2023-01-17,Auto,Two Wheeler,400000,84,9.92,38500,4300,0.284,1,Approved,377000,2023-01-19,1,0
APP800634,CUST100518,2024-04-02,Auto,Two Wheeler,228000,12,9.42,44000,13000,0.75,1,Approved,191000,2024-04-22,1,0
APP800635,CUST103122,2024-01-18,Auto,New Car,1061000,48,10.5,55800,9100,0.65,1,Approved,918000,2024-01-31,1,0
APP800636,CUST104728,2022-07-18,Home,Home Construction,4768000,24,9.76,25900,4400,3.0,1,Rejected,0,2022-07-26,0,
APP800637,CUST103944,2024-02-22,Education,Skill Certification,2122000,120,11.49,75700,900,0.406,0,Approved,1783000,2024-02-27,1,1
APP800638,CUST103502,2023-06-22,Personal,Debt Consolidation,599000,24,15.35,40100,4900,0.849,0,Approved,473000,2023-07-01,1,1
APP800639,CUST100385,2023-07-17,Auto,Used Car,1274000,24,13.61,45900,6100,1.461,1,Approved,983000,2023-07-19,1,0
APP800640,CUST104841,2022-07-27,Gold,Gold Loan,483000,36,14.23,18700,1100,0.943,1,Approved,459000,2022-08-04,1,0
APP800641,CUST100479,2022-08-20,Business,Equipment Purchase,5789000,48,14.81,41200,13600,3.0,1,Approved,5756000,2022-08-26,1,1
APP800642,CUST103119,2024-04-29,Business,Working Capital,1965000,36,14.23,37900,4900,1.909,0,Approved,1930000,2024-05-11,1,1
APP800643,CUST104207,2023-06-18,Personal,Debt Consolidation,1163000,84,23.33,62600,2400,0.489,0,Approved,1139000,2023-06-28,1,0
APP800644,CUST102731,2023-09-10,Home,Home Construction,3589000,84,8.77,20700,5800,3.0,1,Rejected,0,2023-09-18,0,
APP800645,CUST103492,2022-11-02,Gold,Gold Loan,110000,24,11.79,35100,3400,0.244,1,Approved,78000,2022-11-20,1,0
APP800646,CUST102753,2023-06-18,Auto,Two Wheeler,2147000,84,12.8,24100,5600,1.843,1,Approved,2032000,2023-06-23,1,0
APP800647,CUST101079,2023-11-16,Home,Home Construction,10063000,180,10.4,27500,6300,3.0,1,Rejected,0,2023-12-04,0,
APP800648,CUST104611,2023-04-23,Personal,Debt Consolidation,868000,84,17.12,10000,200,1.8,0,Rejected,0,2023-04-27,0,
APP800649,CUST100240,2023-03-25,Business,Equipment Purchase,5308000,48,18.88,52100,16200,3.0,0,Rejected,0,2023-03-26,0,
APP800650,CUST104939,2024-05-12,Personal,Debt Consolidation,861000,60,12.58,16000,5200,1.537,1,Rejected,0,2024-05-15,0,
APP800651,CUST101906,2022-07-22,Personal,Medical Emergency,1408000,36,16.4,70800,7600,0.81,1,Approved,1301000,2022-07-25,1,0
APP800652,CUST101796,2023-05-01,Home,Balance Transfer,8474000,60,8.32,26700,2600,3.0,1,Rejected,0,2023-05-11,0,
APP800653,CUST102987,2023-09-29,Auto,Two Wheeler,775000,84,10.85,47700,5000,0.382,1,Approved,669000,2023-10-09,1,0
APP800654,CUST103779,2023-10-19,Home,Plot Purchase,9819000,180,10.16,28300,7700,3.0,1,Rejected,0,2023-11-06,0,
APP800655,CUST100103,2022-12-17,Education,Study Abroad,2397000,12,11.04,10000,2200,3.0,0,Rejected,0,2022-12-20,0,
APP800656,CUST104360,2023-12-05,Personal,Medical Emergency,300000,84,15.03,53100,5100,0.205,0,Approved,259000,2023-12-13,1,0
APP800657,CUST103190,2023-06-20,Home,Home Purchase,9504000,120,10.13,28200,1400,3.0,1,Rejected,0,2023-07-07,0,
APP800658,CUST102444,2024-02-29,Home,Home Purchase,6275000,120,9.15,41400,2100,1.982,1,Rejected,0,2024-03-02,0,
APP800659,CUST100235,2023-02-27,Auto,Used Car,2322000,60,10.64,17800,2700,2.965,1,Rejected,0,2023-03-15,0,
APP800660,CUST102486,2023-12-21,Personal,Travel,89000,12,13.0,44800,9800,0.396,1,Rejected,0,2023-12-31,0,
APP800661,CUST103197,2023-05-01,Gold,Gold Loan,369000,12,9.08,46800,9800,0.9,1,Rejected,0,2023-05-05,0,
APP800662,CUST104010,2023-03-14,Personal,Home Renovation,1173000,36,23.49,49200,15400,1.241,0,Approved,1001000,2023-03-29,1,0
APP800663,CUST102818,2023-03-16,Personal,Home Renovation,954000,60,17.97,110600,22400,0.421,0,Approved,899000,2023-03-19,1,0
APP800664,CUST100892,2023-05-16,Personal,Medical Emergency,536000,60,11.78,25400,5200,0.671,1,Approved,520000,2023-05-23,1,0
APP800665,CUST103186,2023-09-15,Personal,Home Renovation,1058000,84,20.76,175300,27500,0.294,0,Approved,1049000,2023-09-24,1,0
APP800666,CUST104484,2022-10-15,Business,Business Expansion,2664000,24,18.51,52500,3100,2.605,0,Rejected,0,2022-10-16,0,
APP800667,CUST102986,2022-10-17,Personal,Medical Emergency,301000,12,11.14,17800,200,1.503,0,Rejected,0,2022-10-21,0,
APP800668,CUST100004,2024-05-01,Personal,Debt Consolidation,1494000,36,14.22,22900,2800,2.356,0,Rejected,0,2024-05-13,0,
APP800669,CUST104704,2023-11-03,Auto,New Car,1428000,12,9.87,101900,34000,1.565,1,Rejected,0,2023-11-21,0,
APP800670,CUST103378,2024-01-11,Auto,New Car,250000,24,12.46,54600,300,0.222,1,Rejected,0,2024-01-23,0,
APP800671,CUST104744,2024-04-10,Auto,New Car,1058000,24,13.34,126300,44200,0.749,1,Approved,884000,2024-04-11,1,0
APP800672,CUST101499,2022-11-03,Business,Equipment Purchase,1274000,12,19.96,18100,5500,3.0,0,Rejected,0,2022-11-20,0,
APP800673,CUST103203,2024-06-11,Auto,Used Car,1466000,60,10.6,93400,3600,0.377,1,Under Review,0,,0,
APP800674,CUST103704,2024-03-24,Home,Home Purchase,8271000,240,8.26,11600,500,3.0,1,Rejected,0,2024-04-07,0,
APP800675,CUST102281,2023-10-03,Business,Business Expansion,1380000,36,15.48,28200,7000,1.954,0,Approved,1149000,2023-10-04,1,1
APP800676,CUST101164,2023-01-25,Gold,Gold Loan,500000,36,14.21,12400,3400,1.652,1,Rejected,0,2023-02-12,0,
APP800677,CUST103117,2023-03-12,Personal,Home Renovation,721000,24,20.17,49200,16800,1.088,1,Approved,648000,2023-03-26,1,0
APP800678,CUST100401,2022-07-21,Personal,Home Renovation,1206000,36,20.63,17300,5600,2.94,0,Rejected,0,2022-08-07,0,
APP800679,CUST102933,2023-11-16,Personal,Wedding,678000,24,13.65,13600,1300,2.482,0,Rejected,0,2023-12-04,0,
APP800680,CUST104321,2022-10-31,Education,Study Abroad,818000,84,9.92,103800,10900,0.235,1,Approved,605000,2022-11-14,1,0
APP800681,CUST100737,2023-09-14,Personal,Home Renovation,484000,84,11.78,77800,16800,0.325,0,Approved,458000,2023-10-04,1,0
APP800682,CUST102505,2022-10-08,Personal,Debt Consolidation,577000,12,12.43,35200,4100,1.578,1,Rejected,0,2022-10-23,0,
APP800683,CUST102117,2022-10-22,Auto,Used Car,1390000,60,11.49,58100,500,0.535,1,Approved,1053000,2022-11-06,1,0
APP800684,CUST104759,2022-07-17,Business,Business Expansion,787000,24,19.32,29600,7100,1.583,1,Rejected,0,2022-08-02,0,
APP800685,CUST101495,2023-11-05,Auto,New Car,670000,48,9.95,14800,1500,1.25,1,Rejected,0,2023-11-07,0,
APP800686,CUST104758,2024-05-16,Home,Balance Transfer,1988000,120,8.24,40600,8400,0.807,1,Approved,1722000,2024-05-18,1,0
APP800687,CUST104508,2023-11-24,Home,Home Purchase,11040000,12,8.6,77700,17700,3.0,1,Rejected,0,2023-12-13,0,
APP800688,CUST101034,2022-11-05,Personal,Debt Consolidation,168000,36,13.39,39800,13600,0.485,1,Approved,148000,2022-11-24,1,0
APP800689,CUST103587,2023-01-06,Auto,Two Wheeler,1783000,84,11.7,58400,14800,0.788,1,Approved,1702000,2023-01-07,1,0
APP800690,CUST102468,2023-01-03,Auto,New Car,1383000,48,13.08,31600,10000,1.494,1,Approved,1271000,2023-01-23,1,0
APP800691,CUST102660,2023-09-20,Business,Working Capital,4009000,24,17.74,71400,13400,2.983,0,Rejected,0,2023-09-29,0,
APP800692,CUST102989,2023-02-10,Auto,Two Wheeler,1687000,84,12.09,195100,39000,0.353,1,Approved,1526000,2023-02-26,1,0
APP800693,CUST101591,2023-05-01,Education,Skill Certification,651000,120,11.67,44600,1700,0.245,0,Approved,456000,2023-05-05,1,1
APP800694,CUST102542,2023-05-12,Education,Higher Studies India,3830000,84,11.98,40600,11100,1.936,0,Approved,3109000,2023-05-23,1,1
APP800695,CUST103883,2022-10-24,Personal,Debt Consolidation,687000,84,21.21,78000,5200,0.269,1,Approved,524000,2022-11-13,1,0
APP800696,CUST104297,2023-05-02,Auto,Used Car,606000,84,11.87,10000,2500,1.316,1,Rejected,0,2023-05-13,0,
APP800697,CUST102139,2022-08-16,Gold,Gold Loan,41000,24,9.86,41700,2800,0.112,1,Approved,32000,2022-09-04,1,0
APP800698,CUST103625,2023-02-26,Home,Balance Transfer,2920000,60,8.9,74500,20300,1.084,1,Approved,2080000,2023-03-13,1,1
APP800699,CUST100779,2023-01-30,Home,Home Construction,5880000,36,8.86,10000,1500,3.0,1,Rejected,0,2023-02-05,0,
APP800700,CUST102011,2023-11-15,Personal,Wedding,552000,36,11.97,38400,5200,0.613,0,Rejected,0,2023-12-02,0,
APP800701,CUST100939,2024-04-13,Home,Plot Purchase,5753000,60,8.96,54500,1600,2.22,1,Approved,5358000,2024-05-02,1,0
APP800702,CUST101435,2023-07-11,Auto,Used Car,533000,12,9.33,96500,24800,0.741,1,Approved,398000,2023-07-19,1,0
APP800703,CUST102960,2023-11-13,Business,Equipment Purchase,3993000,24,19.14,15900,3800,3.0,0,Approved,3205000,2023-11-28,1,1
APP800704,CUST103059,2022-08-27,Home,Home Construction,1969000,240,8.83,54800,4000,0.392,1,Approved,1704000,2022-08-31,1,0
APP800705,CUST102514,2022-12-28,Home,Home Purchase,5117000,48,10.27,34200,11000,3.0,1,Rejected,0,2023-01-11,0,
APP800706,CUST100189,2023-01-11,Personal,Debt Consolidation,741000,84,22.93,34500,900,0.542,0,Approved,531000,2023-01-27,1,1
APP800707,CUST100088,2024-05-02,Gold,Gold Loan,447000,36,13.91,90300,26200,0.459,1,Approved,382000,2024-05-13,1,0
APP800708,CUST100141,2024-04-07,Personal,Travel,1177000,84,23.55,27500,8900,1.366,1,Rejected,0,2024-04-26,0,
APP800709,CUST104480,2023-12-14,Home,Balance Transfer,1925000,24,10.12,24300,200,3.0,1,Rejected,0,2024-01-03,0,
APP800710,CUST104667,2023-02-08,Personal,Medical Emergency,489000,60,13.04,91900,18700,0.325,0,Approved,351000,2023-02-17,1,0
APP800711,CUST101155,2023-09-27,Personal,Debt Consolidation,792000,60,18.7,55100,9000,0.534,0,Approved,662000,2023-10-14,1,0
APP800712,CUST103382,2024-06-18,Home,Balance Transfer,8732000,36,8.96,26600,2700,3.0,1,Under Review,0,,0,
APP800713,CUST101233,2024-06-18,Business,Business Expansion,2685000,48,17.56,55200,14000,1.671,1,Approved,2315000,2024-07-05,1,0
APP800714,CUST100106,2024-04-21,Personal,Medical Emergency,1372000,12,11.61,15000,3300,3.0,1,Rejected,0,2024-04-22,0,
APP800715,CUST101836,2022-11-02,Home,Home Purchase,10490000,240,9.56,63500,10100,1.704,1,Approved,10024000,2022-11-09,1,0
APP800716,CUST103209,2023-05-03,Personal,Debt Consolidation,1199000,24,14.1,258800,65200,0.475,0,Approved,1032000,2023-05-11,1,0
APP800717,CUST103805,2024-03-26,Auto,Two Wheeler,456000,24,9.19,51300,14700,0.694,1,Approved,421000,2024-04-07,1,1
APP800718,CUST102875,2022-10-12,Home,Plot Purchase,11155000,84,8.65,29000,9600,3.0,1,Rejected,0,2022-10-24,0,
APP800719,CUST100995,2022-08-18,Education,Higher Studies India,2227000,84,10.24,67400,21000,0.864,0,Rejected,0,2022-09-02,0,
APP800720,CUST104727,2023-10-15,Personal,Home Renovation,1406000,84,14.41,182600,53400,0.438,0,Approved,1232000,2023-11-04,1,1
APP800721,CUST100502,2023-10-29,Education,Higher Studies India,2573000,48,11.05,32600,5300,2.206,0,Approved,1801000,2023-11-17,1,0
APP800722,CUST100196,2022-07-17,Personal,Medical Emergency,463000,84,17.78,16600,200,0.595,0,Rejected,0,2022-08-03,0,
APP800723,CUST101188,2022-08-20,Personal,Travel,182000,48,13.59,49600,12000,0.341,0,Approved,140000,2022-08-29,1,1
APP800724,CUST100181,2023-02-04,Gold,Gold Loan,391000,24,9.16,64200,1700,0.305,1,Approved,370000,2023-02-17,1,0
APP800725,CUST104353,2023-03-24,Home,Home Construction,2208000,240,8.81,13200,2200,1.655,1,Rejected,0,2023-04-13,0,
APP800726,CUST100390,2022-09-12,Personal,Travel,1492000,60,18.08,116800,6200,0.378,0,Approved,1370000,2022-09-22,1,0
APP800727,CUST103208,2022-09-26,Home,Plot Purchase,5653000,180,8.84,61100,1500,0.955,1,Rejected,0,2022-10-03,0,
APP800728,CUST103913,2023-10-11,Auto,New Car,1284000,24,10.21,11900,1200,3.0,1,Rejected,0,2023-10-22,0,
APP800729,CUST104052,2024-02-24,Gold,Gold Loan,44000,24,9.8,161200,45700,0.296,1,Approved,43000,2024-03-09,1,0
APP800730,CUST100758,2023-10-22,Education,Study Abroad,781000,120,11.15,71700,12600,0.327,0,Approved,688000,2023-11-04,1,0
APP800731,CUST101765,2022-11-17,Personal,Wedding,1146000,60,19.22,33400,3200,0.991,0,Approved,1011000,2022-11-28,1,0
APP800732,CUST100102,2024-01-31,Education,Skill Certification,814000,48,11.95,22200,6800,1.274,1,Rejected,0,2024-02-19,0,
APP800733,CUST101263,2023-06-17,Personal,Home Renovation,1466000,36,11.5,30700,3600,1.693,0,Approved,1280000,2023-06-21,1,1
APP800734,CUST103668,2022-08-12,Personal,Home Renovation,587000,12,17.11,18500,1100,2.951,0,Rejected,0,2022-08-29,0,
APP800735,CUST103006,2023-04-17,Auto,New Car,1226000,36,9.79,59700,2700,0.705,1,Rejected,0,2023-05-02,0,
APP800736,CUST101127,2023-03-13,Gold,Gold Loan,215000,12,10.98,69100,8200,0.394,1,Approved,180000,2023-03-18,1,0
APP800737,CUST104880,2023-09-05,Education,Study Abroad,512000,36,11.96,10000,2300,1.93,0,Rejected,0,2023-09-19,0,
APP800738,CUST103297,2022-07-05,Business,Equipment Purchase,725000,84,17.62,19500,4900,1.026,1,Rejected,0,2022-07-12,0,
APP800739,CUST103264,2023-11-22,Business,Business Expansion,501000,84,15.41,43400,11600,0.493,0,Approved,390000,2023-12-04,1,1
APP800740,CUST103558,2023-08-07,Home,Balance Transfer,7685000,24,9.0,97600,19200,3.0,1,Rejected,0,2023-08-16,0,
APP800741,CUST103391,2023-05-10,Personal,Wedding,225000,12,14.32,42500,11200,0.74,0,Rejected,0,2023-05-23,0,
APP800742,CUST104469,2024-01-27,Personal,Home Renovation,139000,36,19.29,61500,2900,0.13,1,Approved,112000,2024-01-31,1,0
APP800743,CUST102342,2023-07-30,Gold,Gold Loan,639000,12,9.15,10000,3200,3.0,1,Rejected,0,2023-08-15,0,
APP800744,CUST100858,2023-11-12,Personal,Debt Consolidation,1217000,36,15.84,43800,10100,1.204,1,Approved,981000,2023-11-17,1,0
APP800745,CUST102562,2023-10-24,Home,Plot Purchase,5721000,36,8.31,127100,18600,1.564,1,Approved,5233000,2023-11-02,1,0
APP800746,CUST102485,2024-01-30,Auto,Two Wheeler,1579000,84,10.63,19600,2900,1.51,1,Rejected,0,2024-02-09,0,
APP800747,CUST103010,2024-03-26,Auto,New Car,1301000,60,13.76,30500,8200,1.258,1,Approved,929000,2024-04-06,1,0
APP800748,CUST100298,2022-09-03,Auto,New Car,930000,12,10.04,50100,1700,1.667,1,Rejected,0,2022-09-10,0,
APP800749,CUST103655,2023-12-18,Home,Home Construction,3235000,240,9.34,22500,7200,1.645,1,Rejected,0,2024-01-02,0,
APP800750,CUST100770,2022-09-18,Auto,New Car,1994000,24,13.14,116300,26700,1.046,1,Approved,1802000,2022-10-03,1,0
APP800751,CUST103892,2023-05-05,Auto,Two Wheeler,847000,12,12.17,53500,12400,1.639,1,Rejected,0,2023-05-08,0,
APP800752,CUST100996,2024-06-17,Education,Higher Studies India,2055000,48,10.95,67400,14500,1.002,0,Approved,1666000,2024-06-21,1,1
APP800753,CUST101721,2023-06-23,Education,Higher Studies India,1042000,24,9.49,25800,1200,1.9,0,Rejected,0,2023-07-13,0,
APP800754,CUST101227,2022-10-30,Gold,Gold Loan,443000,24,9.01,39000,11400,0.81,1,Approved,381000,2022-11-05,1,0
APP800755,CUST104543,2023-07-24,Business,Equipment Purchase,1759000,12,18.67,24000,1600,3.0,0,Rejected,0,2023-07-25,0,
APP800756,CUST102172,2022-10-04,Home,Plot Purchase,6925000,48,8.07,31600,4500,3.0,1,Approved,6564000,2022-10-18,1,1
APP800757,CUST100176,2023-01-30,Home,Home Purchase,8291000,36,9.48,38400,10500,3.0,1,Rejected,0,2023-02-17,0,
APP800758,CUST101047,2023-06-12,Personal,Travel,756000,84,22.21,23700,5500,0.983,0,Rejected,0,2023-06-27,0,
APP800759,CUST103783,2022-09-17,Personal,Debt Consolidation,572000,48,14.75,58800,5900,0.37,0,Approved,471000,2022-09-19,1,0
APP800760,CUST103158,2023-07-08,Personal,Travel,270000,60,21.61,47600,9400,0.353,0,Approved,205000,2023-07-22,1,0
APP800761,CUST103936,2023-11-19,Auto,Used Car,732000,24,10.13,21800,3200,1.701,1,Rejected,0,2023-11-25,0,
APP800762,CUST103383,2023-01-20,Auto,New Car,1190000,36,13.63,127400,40800,0.638,1,Rejected,0,2023-01-25,0,
APP800763,CUST102220,2022-08-15,Home,Home Purchase,2311000,60,8.19,42000,10600,1.375,1,Rejected,0,2022-09-03,0,
APP800764,CUST104056,2022-11-17,Education,Higher Studies India,1022000,60,12.17,17500,3400,1.496,0,Approved,762000,2022-12-07,1,1
APP800765,CUST103735,2024-03-16,Personal,Home Renovation,1121000,60,21.67,36900,12000,1.159,0,Approved,945000,2024-03-18,1,0
APP800766,CUST100723,2023-10-07,Personal,Home Renovation,1034000,60,11.37,69500,12700,0.509,0,Approved,794000,2023-10-21,1,0
APP800767,CUST102065,2023-08-09,Home,Home Purchase,8890000,180,8.97,77600,21300,1.433,1,Rejected,0,2023-08-22,0,
APP800768,CUST101245,2024-02-21,Business,Equipment Purchase,5166000,24,17.43,18900,800,3.0,0,Rejected,0,2024-03-04,0,
APP800769,CUST103687,2022-09-04,Personal,Wedding,548000,84,22.29,38000,9400,0.588,0,Approved,422000,2022-09-07,1,0
APP800770,CUST103428,2023-01-19,Business,Working Capital,4738000,12,19.86,10600,3400,3.0,1,Rejected,0,2023-01-23,0,
APP800771,CUST104491,2023-07-22,Education,Study Abroad,2213000,84,11.57,44300,13300,1.171,0,Approved,2081000,2023-08-01,1,0
APP800772,CUST104861,2023-10-15,Home,Home Purchase,8619000,12,9.73,34300,9400,3.0,1,Rejected,0,2023-10-30,0,
APP800773,CUST104727,2023-12-19,Personal,Medical Emergency,1277000,36,15.9,182600,41800,0.474,0,Approved,1070000,2023-12-26,1,0
APP800774,CUST102431,2023-12-19,Education,Higher Studies India,2359000,36,12.95,36500,6700,2.357,0,Approved,1751000,2024-01-08,1,0
APP800775,CUST101177,2023-10-11,Home,Balance Transfer,3116000,84,8.08,63500,21100,1.099,1,Approved,2534000,2023-10-18,1,0
APP800776,CUST102295,2024-06-07,Education,Skill Certification,2476000,12,12.51,92000,26100,2.682,0,Rejected,0,2024-06-14,0,
APP800777,CUST100860,2023-09-29,Business,Equipment Purchase,6204000,84,15.49,71000,15400,1.928,0,Approved,5799000,2023-10-01,1,0
APP800778,CUST102019,2024-01-29,Auto,Two Wheeler,1736000,84,10.39,15400,4700,2.201,1,Rejected,0,2024-02-02,0,
APP800779,CUST102280,2022-07-09,Personal,Home Renovation,1205000,48,15.66,40500,11800,1.128,0,Approved,1033000,2022-07-27,1,0
APP800780,CUST103433,2023-03-10,Personal,Medical Emergency,1051000,84,13.01,88700,17200,0.409,0,Rejected,0,2023-03-13,0,
APP800781,CUST100476,2024-03-21,Business,Working Capital,4834000,12,19.13,31700,10300,3.0,0,Approved,4512000,2024-04-06,1,1
APP800782,CUST104088,2024-04-24,Auto,New Car,1414000,36,11.22,50300,4600,1.014,1,Approved,1253000,2024-05-07,1,0
APP800783,CUST102480,2023-01-13,Personal,Medical Emergency,1120000,36,23.13,29100,7200,1.741,0,Rejected,0,2023-01-20,0,
APP800784,CUST102891,2024-02-04,Gold,Gold Loan,344000,12,9.88,41300,900,0.753,1,Rejected,0,2024-02-16,0,
APP800785,CUST103585,2022-12-03,Home,Home Construction,6095000,48,9.22,114100,100,1.336,1,Approved,5182000,2022-12-04,1,0
APP800786,CUST101699,2023-03-07,Auto,New Car,586000,48,12.73,123800,13100,0.232,1,Approved,534000,2023-03-23,1,0
APP800787,CUST101484,2023-10-17,Gold,Gold Loan,762000,24,9.0,24600,5600,1.639,1,Approved,761000,2023-11-02,1,1
APP800788,CUST102761,2023-09-04,Auto,New Car,1156000,12,12.11,23100,900,3.0,1,Rejected,0,2023-09-14,0,
APP800789,CUST102949,2024-04-20,Business,Working Capital,1922000,36,14.04,51600,10700,1.481,0,Rejected,0,2024-04-24,0,
APP800790,CUST102849,2022-10-20,Home,Plot Purchase,6845000,84,10.41,84800,25800,1.662,1,Rejected,0,2022-11-06,0,
APP800791,CUST100763,2023-11-26,Business,Business Expansion,6165000,24,17.38,118700,16400,2.716,0,Rejected,0,2023-12-13,0,
APP800792,CUST102580,2023-12-25,Personal,Debt Consolidation,1230000,24,16.71,24300,4300,2.669,0,Rejected,0,2024-01-06,0,
APP800793,CUST101328,2023-04-28,Home,Plot Purchase,10595000,60,8.18,130500,31200,1.892,1,Approved,8128000,2023-05-13,1,1
APP800794,CUST102753,2023-05-31,Personal,Medical Emergency,1463000,84,20.86,24100,7700,1.699,0,Approved,1200000,2023-06-15,1,0
APP800795,CUST104772,2023-04-22,Personal,Medical Emergency,1025000,84,20.83,31700,7900,0.982,1,Rejected,0,2023-04-26,0,
APP800796,CUST102242,2023-11-16,Auto,Used Car,1083000,48,11.85,19700,2800,1.586,1,Approved,1030000,2023-11-18,1,0
APP800797,CUST101491,2022-08-05,Personal,Wedding,138000,36,13.68,19500,3100,0.399,0,Approved,126000,2022-08-25,1,0
APP800798,CUST103262,2022-09-03,Personal,Wedding,184000,60,23.29,86200,11700,0.196,0,Approved,183000,2022-09-09,1,0
APP800799,CUST103105,2022-08-04,Personal,Home Renovation,338000,12,13.0,15000,4400,2.306,0,Rejected,0,2022-08-11,0,
APP800800,CUST101942,2023-10-13,Gold,Gold Loan,755000,36,14.93,186900,36900,0.337,1,Approved,633000,2023-10-23,1,0
APP800801,CUST101106,2024-02-03,Gold,Gold Loan,613000,24,14.94,100100,28900,0.586,1,Approved,512000,2024-02-19,1,0
APP800802,CUST104835,2024-04-10,Business,Business Expansion,3602000,24,15.9,49200,10700,3.0,0,Rejected,0,2024-04-12,0,
APP800803,CUST101426,2024-04-23,Personal,Medical Emergency,1375000,36,16.69,17800,1300,2.819,0,Rejected,0,2024-05-12,0,
APP800804,CUST101438,2022-09-05,Education,Study Abroad,3958000,60,11.91,19200,6600,3.0,1,Rejected,0,2022-09-10,0,
APP800805,CUST101644,2024-03-21,Auto,New Car,1633000,48,12.53,14300,1600,3.0,1,Rejected,0,2024-04-06,0,
APP800806,CUST103571,2022-08-10,Home,Home Purchase,10988000,60,10.47,14400,4600,3.0,1,Rejected,0,2022-08-12,0,
APP800807,CUST102982,2024-06-19,Auto,Two Wheeler,765000,84,11.47,49300,16600,0.606,1,Under Review,0,,0,
APP800808,CUST103365,2023-07-03,Education,Study Abroad,2939000,12,12.44,14700,700,3.0,1,Rejected,0,2023-07-17,0,
APP800809,CUST104998,2023-07-04,Auto,New Car,2281000,36,13.9,10000,2800,3.0,1,Rejected,0,2023-07-19,0,
APP800810,CUST102281,2022-07-03,Personal,Travel,1257000,12,15.47,28200,400,3.0,0,Approved,990000,2022-07-13,1,1
APP800811,CUST100053,2023-03-29,Personal,Debt Consolidation,257000,84,16.17,23300,300,0.233,1,Approved,218000,2023-04-14,1,0
APP800812,CUST102577,2023-04-21,Personal,Travel,1076000,24,11.35,10000,700,3.0,0,Rejected,0,2023-04-26,0,
APP800813,CUST101921,2023-08-05,Auto,New Car,2275000,12,12.94,11300,3800,3.0,1,Rejected,0,2023-08-09,0,
APP800814,CUST100349,2024-02-23,Personal,Travel,617000,36,19.89,80700,5400,0.35,0,Approved,562000,2024-03-07,1,0
APP800815,CUST100388,2023-01-16,Personal,Debt Consolidation,207000,48,22.16,12800,3000,0.743,1,Rejected,0,2023-01-26,0,
APP800816,CUST101570,2023-03-26,Personal,Debt Consolidation,1294000,84,17.4,129100,34300,0.473,0,Approved,1270000,2023-03-29,1,1
APP800817,CUST100864,2023-05-23,Home,Balance Transfer,9087000,36,8.92,23200,1100,3.0,1,Rejected,0,2023-05-31,0,
APP800818,CUST102672,2022-08-29,Business,Equipment Purchase,3572000,84,19.52,30300,500,2.6,0,Rejected,0,2022-09-18,0,
APP800819,CUST101661,2023-09-23,Home,Balance Transfer,9553000,240,8.16,35900,2800,2.328,1,Rejected,0,2023-09-27,0,
APP800820,CUST103969,2024-04-07,Personal,Travel,1254000,36,15.75,26100,6000,1.915,0,Rejected,0,2024-04-25,0,
APP800821,CUST102459,2023-09-17,Education,Skill Certification,1121000,48,12.58,54400,6700,0.672,0,Approved,1116000,2023-09-22,1,1
APP800822,CUST103843,2023-08-24,Personal,Wedding,61000,84,19.98,74600,8800,0.136,0,Approved,50000,2023-09-09,1,0
APP800823,CUST104346,2023-06-02,Home,Plot Purchase,3776000,48,8.14,61400,4400,1.576,1,Approved,3523000,2023-06-09,1,1
APP800824,CUST103892,2023-08-03,Personal,Home Renovation,1305000,48,11.32,53500,12500,0.867,0,Rejected,0,2023-08-21,0,
APP800825,CUST103998,2024-01-20,Business,Business Expansion,4581000,12,17.07,88000,6500,3.0,1,Rejected,0,2024-02-01,0,
APP800826,CUST103883,2024-03-29,Business,Business Expansion,5954000,36,17.68,78000,14600,2.936,0,Approved,4917000,2024-04-06,1,0
APP800827,CUST102538,2023-12-27,Home,Home Purchase,7427000,12,8.65,110300,8400,3.0,1,Rejected,0,2024-01-15,0,
APP800828,CUST102011,2024-02-24,Business,Equipment Purchase,2970000,84,12.35,38400,9600,1.631,0,Rejected,0,2024-03-09,0,
APP800829,CUST103447,2022-10-21,Auto,Two Wheeler,1966000,48,10.56,30500,9100,1.952,1,Rejected,0,2022-11-03,0,
APP800830,CUST102677,2023-08-29,Home,Balance Transfer,10277000,36,9.25,27400,1300,3.0,1,Rejected,0,2023-09-17,0,
APP800831,CUST104424,2023-07-18,Personal,Debt Consolidation,226000,48,22.44,12600,1000,0.649,0,Approved,185000,2023-07-24,1,1
APP800832,CUST104876,2023-07-09,Personal,Home Renovation,1092000,12,15.31,95600,29300,1.339,0,Approved,937000,2023-07-16,1,0
APP800833,CUST103021,2022-10-22,Education,Skill Certification,1326000,48,10.66,74200,700,0.468,1,Approved,930000,2022-11-03,1,0
APP800834,CUST101411,2023-10-29,Personal,Home Renovation,1223000,84,11.31,79700,7500,0.359,0,Rejected,0,2023-11-03,0,
APP800835,CUST102580,2024-04-03,Personal,Debt Consolidation,352000,36,23.04,24300,0,0.56,0,Rejected,0,2024-04-07,0,
APP800836,CUST103112,2023-01-14,Personal,Travel,344000,48,19.88,84200,19900,0.36,0,Approved,344000,2023-01-30,1,0
APP800837,CUST102066,2023-11-15,Education,Skill Certification,2850000,84,9.47,38900,3500,1.287,0,Rejected,0,2023-11-18,0,
APP800838,CUST101366,2023-04-09,Education,Study Abroad,2733000,84,12.22,64500,4300,0.82,0,Approved,2730000,2023-04-20,1,0
APP800839,CUST102486,2023-07-22,Personal,Wedding,340000,60,14.79,44800,8000,0.359,0,Approved,264000,2023-07-30,1,0
APP800840,CUST101140,2022-07-22,Auto,Two Wheeler,1446000,60,13.65,11600,4000,3.0,1,Rejected,0,2022-08-02,0,
APP800841,CUST104403,2022-07-21,Personal,Home Renovation,475000,24,11.48,117100,3700,0.221,1,Rejected,0,2022-08-09,0,
APP800842,CUST100322,2022-09-13,Business,Business Expansion,3856000,12,13.45,27600,2700,3.0,0,Rejected,0,2022-09-24,0,
APP800843,CUST103737,2023-03-28,Personal,Wedding,726000,60,21.83,17600,4000,1.365,0,Rejected,0,2023-04-02,0,
APP800844,CUST102160,2022-09-20,Business,Working Capital,3579000,12,17.3,35700,5100,3.0,0,Rejected,0,2022-10-01,0,
APP800845,CUST103135,2023-01-06,Personal,Travel,1161000,84,23.5,58400,19800,0.823,0,Rejected,0,2023-01-24,0,
APP800846,CUST101712,2023-01-11,Business,Working Capital,1125000,84,17.04,72300,21800,0.62,0,Approved,858000,2023-01-24,1,1
APP800847,CUST103774,2024-05-08,Personal,Medical Emergency,1405000,12,22.88,69600,17600,2.151,0,Rejected,0,2024-05-14,0,
APP800848,CUST102763,2022-10-10,Home,Home Purchase,10778000,180,9.56,16500,3000,3.0,1,Rejected,0,2022-10-11,0,
APP800849,CUST102535,2023-03-18,Personal,Medical Emergency,1446000,84,11.91,10000,900,2.636,0,Rejected,0,2023-04-04,0,
APP800850,CUST103947,2022-07-06,Education,Higher Studies India,1864000,120,11.31,62300,19200,0.725,0,Rejected,0,2022-07-20,0,
APP800851,CUST101384,2023-07-12,Personal,Wedding,864000,12,20.01,47100,7600,1.862,0,Rejected,0,2023-07-23,0,
APP800852,CUST102144,2022-10-18,Gold,Gold Loan,307000,12,11.14,37200,4600,0.853,1,Approved,239000,2022-10-27,1,1
APP800853,CUST103084,2022-12-22,Auto,Two Wheeler,2348000,12,10.38,55600,11400,3.0,1,Rejected,0,2022-12-24,0,
APP800854,CUST102035,2023-12-21,Auto,Two Wheeler,2112000,12,13.8,119200,8500,1.66,1,Approved,1615000,2023-12-24,1,0
APP800855,CUST101468,2022-07-01,Gold,Gold Loan,583000,24,11.43,52700,7600,0.662,1,Rejected,0,2022-07-11,0,
APP800856,CUST102238,2023-12-10,Business,Equipment Purchase,1340000,48,12.86,41400,4000,0.962,0,Rejected,0,2023-12-24,0,
APP800857,CUST102326,2023-12-29,Gold,Gold Loan,498000,24,10.17,20500,6100,1.423,1,Rejected,0,2023-12-31,0,
APP800858,CUST103231,2022-09-18,Personal,Medical Emergency,239000,36,19.84,45300,2300,0.246,1,Approved,193000,2022-10-03,1,0
APP800859,CUST100722,2022-10-13,Home,Balance Transfer,3486000,24,9.71,16400,1100,3.0,1,Rejected,0,2022-10-17,0,
APP800860,CUST102958,2023-07-10,Personal,Travel,1202000,24,12.08,31200,3800,1.938,0,Rejected,0,2023-07-19,0,
APP800861,CUST100010,2023-10-02,Auto,Used Car,499000,12,11.89,58400,18600,1.077,1,Rejected,0,2023-10-15,0,
APP800862,CUST103259,2023-05-31,Home,Balance Transfer,6329000,24,9.31,20700,2800,3.0,1,Rejected,0,2023-06-08,0,
APP800863,CUST100369,2023-06-10,Auto,Used Car,2259000,24,12.97,30800,10500,3.0,1,Rejected,0,2023-06-30,0,
APP800864,CUST102234,2022-08-09,Personal,Home Renovation,393000,60,21.73,22100,0,0.488,0,Approved,282000,2022-08-13,1,1
APP800865,CUST100793,2022-08-12,Home,Home Construction,1787000,84,8.97,64300,15500,0.688,1,Rejected,0,2022-08-22,0,
APP800866,CUST101541,2023-09-12,Home,Home Purchase,5733000,48,8.73,47900,12300,3.0,1,Rejected,0,2023-09-23,0,
APP800867,CUST101371,2022-12-23,Personal,Medical Emergency,547000,48,14.46,34000,2800,0.526,0,Rejected,0,2023-01-01,0,
APP800868,CUST103572,2023-07-24,Personal,Medical Emergency,951000,60,15.25,59300,18800,0.701,1,Rejected,0,2023-07-28,0,
APP800869,CUST104339,2024-03-16,Auto,Two Wheeler,1923000,12,11.81,77100,7400,2.311,1,Rejected,0,2024-03-26,0,
APP800870,CUST103342,2022-10-03,Auto,New Car,2382000,24,10.98,47300,14600,2.658,1,Rejected,0,2022-10-07,0,
APP800871,CUST100568,2022-07-17,Home,Home Construction,5402000,120,8.12,32200,5500,2.219,1,Approved,5078000,2022-07-28,1,1
APP800872,CUST102257,2023-01-30,Auto,New Car,2047000,48,11.26,41600,6500,1.434,1,Approved,1498000,2023-02-01,1,0
APP800873,CUST103206,2022-10-24,Personal,Home Renovation,1344000,60,12.89,47400,10400,0.863,0,Rejected,0,2022-11-04,0,
APP800874,CUST103423,2023-04-12,Home,Home Construction,6293000,48,8.75,60300,700,2.594,1,Approved,5988000,2023-04-30,1,1
APP800875,CUST103708,2023-01-20,Home,Home Purchase,11764000,60,8.6,94200,24600,2.831,1,Rejected,0,2023-02-05,0,
APP800876,CUST104776,2023-11-22,Home,Home Construction,2731000,12,9.77,81800,15100,3.0,1,Rejected,0,2023-12-09,0,
APP800877,CUST103441,2024-06-24,Personal,Wedding,309000,24,16.35,14400,4200,1.341,1,Under Review,0,,0,
APP800878,CUST100334,2023-06-05,Personal,Travel,611000,36,19.73,26200,6500,1.114,0,Approved,546000,2023-06-23,1,1
APP800879,CUST104054,2022-08-08,Education,Study Abroad,3198000,84,9.81,39500,800,1.358,0,Rejected,0,2022-08-27,0,
APP800880,CUST103252,2024-03-05,Auto,Used Car,759000,48,9.87,50700,12100,0.618,1,Approved,755000,2024-03-15,1,0
APP800881,CUST102336,2023-05-05,Business,Working Capital,3164000,12,15.67,48600,1000,3.0,0,Rejected,0,2023-05-18,0,
APP800882,CUST102039,2024-04-22,Personal,Wedding,112000,12,23.51,81200,22400,0.406,0,Approved,92000,2024-04-30,1,0
APP800883,CUST100174,2024-04-24,Business,Equipment Purchase,842000,24,17.04,104800,8800,0.481,0,Approved,660000,2024-05-06,1,0
APP800884,CUST102551,2022-08-22,Personal,Medical Emergency,389000,24,15.74,70700,3700,0.321,1,Approved,339000,2022-08-28,1,0
APP800885,CUST101147,2023-03-16,Auto,Used Car,1937000,36,13.05,38200,7600,1.911,1,Approved,1799000,2023-03-24,1,1
APP800886,CUST104363,2024-05-05,Personal,Home Renovation,830000,12,14.39,20800,2700,3.0,0,Rejected,0,2024-05-23,0,
APP800887,CUST103542,2023-07-11,Personal,Debt Consolidation,1078000,84,19.22,79900,13800,0.466,0,Approved,1002000,2023-07-29,1,0
APP800888,CUST101178,2023-07-30,Personal,Medical Emergency,1079000,48,15.8,60200,3800,0.569,0,Approved,1013000,2023-08-12,1,1
APP800889,CUST103740,2024-01-16,Personal,Travel,577000,36,22.33,48400,7000,0.602,0,Approved,429000,2024-02-05,1,0
APP800890,CUST100579,2022-11-09,Personal,Home Renovation,1016000,60,20.26,35000,7500,0.988,0,Approved,964000,2022-11-20,1,0
APP800891,CUST102179,2024-04-28,Education,Higher Studies India,3697000,36,9.14,10000,2800,3.0,0,Rejected,0,2024-05-12,0,
APP800892,CUST101599,2022-12-05,Personal,Debt Consolidation,1032000,12,23.81,114200,24700,1.07,0,Approved,831000,2022-12-07,1,0
APP800893,CUST103174,2022-09-18,Auto,Used Car,1890000,24,12.1,43400,15000,2.397,1,Rejected,0,2022-09-29,0,
APP800894,CUST100308,2023-07-12,Business,Working Capital,3750000,48,17.78,32400,1800,3.0,0,Rejected,0,2023-07-13,0,
APP800895,CUST101713,2024-02-01,Personal,Home Renovation,959000,84,22.44,55300,10600,0.602,0,Approved,752000,2024-02-13,1,0
APP800896,CUST102527,2022-08-01,Auto,Two Wheeler,1224000,60,13.0,50500,14100,0.83,1,Approved,1167000,2022-08-03,1,0
APP800897,CUST100736,2022-12-03,Personal,Home Renovation,1445000,12,15.46,10000,2400,3.0,0,Rejected,0,2022-12-20,0,
APP800898,CUST103243,2023-02-04,Auto,New Car,2275000,60,11.09,194800,66500,0.596,1,Approved,2256000,2023-02-07,1,0
APP800899,CUST104564,2023-12-26,Education,Skill Certification,1575000,120,10.57,66700,14900,0.543,0,Rejected,0,2024-01-15,0,
APP800900,CUST102900,2024-06-11,Auto,New Car,742000,84,13.03,29600,4400,0.605,1,Rejected,0,2024-06-16,0,
APP800901,CUST101460,2023-11-06,Education,Study Abroad,2806000,48,9.79,15800,1300,3.0,0,Rejected,0,2023-11-08,0,
APP800902,CUST104590,2023-05-22,Auto,New Car,1387000,84,9.54,49400,6900,0.599,1,Approved,1168000,2023-06-07,1,0
APP800903,CUST102117,2024-02-18,Personal,Medical Emergency,686000,84,20.0,58100,16600,0.548,0,Approved,680000,2024-02-29,1,0
APP800904,CUST101552,2023-07-01,Personal,Travel,1439000,48,13.44,80000,1300,0.503,0,Approved,1366000,2023-07-07,1,0
APP800905,CUST103916,2022-07-21,Auto,Used Car,2167000,36,13.55,117600,26100,0.848,1,Rejected,0,2022-08-08,0,
APP800906,CUST104382,2024-04-14,Personal,Medical Emergency,1202000,48,13.45,22000,6000,1.753,0,Rejected,0,2024-04-25,0,
APP800907,CUST102576,2022-10-22,Business,Business Expansion,3804000,12,17.49,34000,8800,3.0,0,Approved,2795000,2022-10-26,1,0
APP800908,CUST102780,2023-05-22,Personal,Wedding,359000,24,18.98,34800,6400,0.704,0,Rejected,0,2023-05-31,0,
APP800909,CUST101201,2023-11-13,Personal,Debt Consolidation,663000,24,19.98,37700,7800,1.101,0,Rejected,0,2023-11-17,0,
APP800910,CUST102940,2022-08-16,Home,Home Purchase,4749000,84,9.86,10000,900,3.0,1,Rejected,0,2022-09-01,0,
APP800911,CUST101357,2024-03-11,Home,Balance Transfer,11125000,36,8.51,87100,3500,3.0,1,Rejected,0,2024-03-22,0,
APP800912,CUST102782,2023-05-10,Home,Plot Purchase,2653000,12,9.44,30800,9300,3.0,1,Rejected,0,2023-05-22,0,
APP800913,CUST100015,2023-11-19,Home,Plot Purchase,5826000,24,9.93,19700,400,3.0,1,Rejected,0,2023-12-03,0,
APP800914,CUST102286,2024-01-25,Business,Equipment Purchase,5131000,12,19.79,28500,6800,3.0,0,Approved,4883000,2024-02-02,1,0
APP800915,CUST104710,2024-01-31,Home,Balance Transfer,8427000,120,9.44,70500,18700,1.807,1,Rejected,0,2024-02-02,0,
APP800916,CUST103519,2023-03-25,Home,Home Purchase,11616000,120,9.53,77000,12800,2.12,1,Rejected,0,2023-04-10,0,
APP800917,CUST101338,2022-07-26,Home,Home Construction,9491000,84,8.07,16600,5300,3.0,1,Rejected,0,2022-07-27,0,
APP800918,CUST101897,2023-12-27,Business,Working Capital,3095000,48,12.04,85100,16200,1.148,0,Rejected,0,2024-01-04,0,
APP800919,CUST104170,2023-05-12,Auto,New Car,311000,60,9.59,93900,6000,0.134,1,Rejected,0,2023-05-26,0,
APP800920,CUST103379,2022-08-01,Business,Business Expansion,3451000,60,17.47,71500,4500,1.275,0,Rejected,0,2022-08-03,0,
APP800921,CUST101723,2024-04-11,Business,Business Expansion,792000,24,17.26,17000,4800,2.589,0,Rejected,0,2024-04-25,0,
APP800922,CUST104641,2024-06-25,Auto,Two Wheeler,1504000,84,9.31,19100,500,1.307,1,Rejected,0,2024-07-07,0,
APP800923,CUST104585,2023-12-07,Auto,Used Car,2386000,24,11.49,28800,9300,3.0,1,Rejected,0,2023-12-10,0,
APP800924,CUST102892,2022-11-25,Auto,Two Wheeler,623000,36,13.87,28200,5100,0.934,1,Rejected,0,2022-12-12,0,
APP800925,CUST103881,2023-06-04,Personal,Home Renovation,1460000,24,17.37,56500,15200,1.551,0,Approved,1246000,2023-06-05,1,1
APP800926,CUST104213,2024-01-26,Gold,Gold Loan,799000,24,9.93,30000,4700,1.385,1,Rejected,0,2024-02-09,0,
APP800927,CUST102450,2024-06-15,Auto,Used Car,1720000,24,10.59,62500,18800,1.579,1,Approved,1289000,2024-06-20,1,1
APP800928,CUST100790,2023-11-30,Business,Working Capital,2521000,84,12.19,86400,6700,0.596,0,Approved,2443000,2023-12-07,1,0
APP800929,CUST103171,2024-01-02,Home,Home Construction,1827000,120,10.29,144700,35300,0.413,1,Approved,1341000,2024-01-17,1,0
APP800930,CUST101559,2023-05-21,Gold,Gold Loan,114000,24,13.9,37500,7800,0.354,1,Approved,85000,2023-06-10,1,0
APP800931,CUST103801,2022-07-28,Business,Equipment Purchase,4956000,48,14.77,118800,13500,1.27,0,Approved,4837000,2022-08-15,1,0
APP800932,CUST102436,2022-09-06,Education,Study Abroad,1408000,36,12.27,59200,2500,0.835,0,Approved,1171000,2022-09-16,1,1
APP800933,CUST102287,2022-07-19,Gold,Gold Loan,295000,12,11.55,38600,7400,0.87,1,Rejected,0,2022-07-30,0,
APP800934,CUST102761,2022-12-19,Education,Skill Certification,3314000,84,12.94,23100,900,2.639,1,Rejected,0,2022-12-29,0,
APP800935,CUST102414,2023-08-25,Personal,Travel,1012000,36,17.04,182200,5100,0.226,0,Approved,992000,2023-09-05,1,0
APP800936,CUST102819,2023-02-12,Gold,Gold Loan,397000,36,10.13,10000,1100,1.393,1,Rejected,0,2023-02-18,0,
APP800937,CUST102524,2023-07-08,Business,Equipment Purchase,4568000,48,15.39,81100,25900,1.898,1,Approved,4018000,2023-07-24,1,0
APP800938,CUST104488,2022-10-17,Personal,Home Renovation,1161000,24,11.73,91600,4400,0.643,0,Approved,1125000,2022-10-28,1,0
APP800939,CUST101232,2023-01-12,Business,Working Capital,5994000,24,18.51,47300,1200,3.0,0,Rejected,0,2023-01-14,0,
APP800940,CUST102829,2023-06-06,Gold,Gold Loan,280000,36,14.21,20500,3000,0.613,1,Approved,244000,2023-06-20,1,0
APP800941,CUST104711,2024-06-11,Auto,Two Wheeler,748000,48,13.29,67900,0,0.297,1,Approved,636000,2024-06-15,1,1
APP800942,CUST104534,2022-11-14,Personal,Medical Emergency,92000,48,18.2,58700,5100,0.133,0,Approved,71000,2022-11-16,1,0
APP800943,CUST103073,2022-11-25,Auto,Two Wheeler,2073000,36,13.77,43900,10700,1.852,1,Approved,2018000,2022-11-29,1,0
APP800944,CUST103309,2022-08-12,Education,Skill Certification,2316000,36,12.89,92000,17300,1.035,1,Approved,1912000,2022-09-01,1,0
APP800945,CUST101408,2023-08-14,Personal,Debt Consolidation,1348000,24,14.62,15000,4800,3.0,0,Rejected,0,2023-09-03,0,
APP800946,CUST104340,2023-08-30,Education,Skill Certification,1121000,12,11.66,32300,10900,3.0,0,Rejected,0,2023-09-05,0,
APP800947,CUST101502,2022-07-02,Home,Plot Purchase,7364000,36,9.44,29200,900,3.0,1,Rejected,0,2022-07-21,0,
APP800948,CUST102028,2022-09-22,Personal,Wedding,1278000,60,15.45,21700,2000,1.51,0,Approved,1116000,2022-10-05,1,0
APP800949,CUST102514,2023-01-25,Personal,Home Renovation,901000,48,21.18,34200,300,0.827,0,Rejected,0,2023-02-12,0,
APP800950,CUST102323,2023-07-31,Auto,New Car,1558000,24,9.91,141400,37700,0.775,1,Approved,1282000,2023-08-03,1,0
APP800951,CUST104938,2022-08-16,Gold,Gold Loan,223000,24,9.1,84200,16100,0.312,1,Approved,201000,2022-09-05,1,1
APP800952,CUST102190,2023-08-06,Auto,New Car,2497000,12,13.63,21700,6300,3.0,1,Approved,2262000,2023-08-15,1,1
APP800953,CUST101514,2023-04-21,Auto,Two Wheeler,542000,48,11.35,14600,3400,1.202,1,Rejected,0,2023-04-29,0,
APP800954,CUST100720,2023-03-15,Personal,Medical Emergency,591000,60,21.77,29200,1500,0.608,0,Approved,507000,2023-03-16,1,0
APP800955,CUST100343,2023-05-11,Personal,Home Renovation,75000,60,19.14,27900,7800,0.35,0,Approved,58000,2023-05-14,1,0
APP800956,CUST102455,2023-01-25,Home,Plot Purchase,8889000,48,9.84,46000,8200,3.0,1,Rejected,0,2023-01-28,0,
APP800957,CUST100411,2024-04-14,Home,Balance Transfer,3870000,180,9.17,41300,11500,1.24,1,Approved,3308000,2024-04-27,1,1
APP800958,CUST101993,2022-07-08,Gold,Gold Loan,302000,12,12.18,27800,400,0.979,1,Approved,267000,2022-07-16,1,0
APP800959,CUST101034,2022-07-06,Home,Home Construction,1781000,24,10.29,39800,7400,2.259,1,Approved,1761000,2022-07-25,1,0
APP800960,CUST101018,2024-01-10,Auto,Used Car,1892000,48,12.54,84400,16600,0.793,1,Rejected,0,2024-01-27,0,
APP800961,CUST103004,2024-01-06,Gold,Gold Loan,537000,36,12.76,28500,400,0.646,1,Approved,498000,2024-01-24,1,1
APP800962,CUST101727,2023-12-07,Personal,Home Renovation,1191000,60,18.77,41600,4200,0.84,0,Rejected,0,2023-12-20,0,
APP800963,CUST103542,2023-01-31,Auto,Two Wheeler,1858000,60,11.41,79900,16200,0.713,1,Approved,1476000,2023-02-05,1,0
APP800964,CUST104026,2023-11-23,Auto,New Car,1262000,84,12.08,28700,2000,0.849,1,Rejected,0,2023-11-29,0,
APP800965,CUST102792,2024-01-20,Gold,Gold Loan,625000,36,13.11,43600,13900,0.803,1,Approved,463000,2024-01-23,1,0
APP800966,CUST104925,2022-09-06,Auto,Two Wheeler,1071000,48,11.06,55000,10300,0.692,1,Approved,783000,2022-09-17,1,0
APP800967,CUST102160,2022-09-26,Business,Business Expansion,5528000,48,18.64,35700,9300,3.0,1,Rejected,0,2022-10-04,0,
APP800968,CUST100853,2022-08-23,Auto,New Car,1739000,48,10.76,41700,13900,1.405,1,Rejected,0,2022-08-27,0,
APP800969,CUST101413,2023-02-13,Auto,New Car,664000,48,12.66,36900,600,0.496,1,Approved,647000,2023-02-26,1,0
APP800970,CUST103268,2022-08-08,Personal,Debt Consolidation,1074000,12,12.98,18100,400,3.0,0,Rejected,0,2022-08-15,0,
APP800971,CUST104940,2023-12-30,Personal,Travel,413000,12,15.83,10200,1700,3.0,0,Rejected,0,2024-01-03,0,
APP800972,CUST103720,2022-07-03,Personal,Wedding,1002000,24,22.75,20300,5200,2.829,0,Rejected,0,2022-07-05,0,
APP800973,CUST102835,2022-11-28,Home,Balance Transfer,10747000,12,9.67,60100,17300,3.0,1,Rejected,0,2022-12-14,0,
APP800974,CUST101631,2024-06-06,Education,Study Abroad,1681000,36,11.79,43000,2000,1.341,0,Approved,1600000,2024-06-09,1,1
APP800975,CUST101394,2024-04-05,Personal,Home Renovation,96000,48,19.39,38200,12700,0.409,0,Rejected,0,2024-04-11,0,
APP800976,CUST103939,2022-12-27,Personal,Home Renovation,1238000,48,22.51,137700,24300,0.462,0,Approved,910000,2022-12-28,1,0
APP800977,CUST104517,2024-05-24,Personal,Home Renovation,328000,48,16.82,143000,16200,0.179,0,Approved,292000,2024-06-10,1,0
APP800978,CUST104863,2024-01-19,Personal,Home Renovation,90000,60,23.64,38500,2100,0.121,0,Rejected,0,2024-02-07,0,
APP800979,CUST104533,2023-06-21,Personal,Medical Emergency,495000,24,13.67,38900,9800,0.86,0,Approved,358000,2023-06-27,1,0
APP800980,CUST101429,2023-07-15,Education,Skill Certification,2201000,48,11.56,74100,21700,1.069,0,Approved,2193000,2023-07-23,1,1
APP800981,CUST104672,2023-12-03,Education,Study Abroad,480000,48,9.6,93000,20900,0.355,0,Approved,391000,2023-12-05,1,0
APP800982,CUST103132,2023-05-15,Personal,Home Renovation,533000,48,18.47,53800,9300,0.466,0,Approved,398000,2023-05-28,1,0
APP800983,CUST103129,2023-07-21,Auto,Used Car,575000,36,9.79,111200,17000,0.319,1,Approved,499000,2023-07-31,1,0
APP800984,CUST100459,2024-04-20,Education,Study Abroad,1228000,36,11.89,43000,4600,1.053,0,Approved,1113000,2024-04-21,1,1
APP800985,CUST103448,2024-04-07,Business,Business Expansion,3576000,48,15.12,10000,2800,3.0,0,Rejected,0,2024-04-17,0,
APP800986,CUST101495,2023-03-06,Personal,Debt Consolidation,1092000,12,19.14,14800,800,3.0,1,Rejected,0,2023-03-20,0,
APP800987,CUST102183,2023-06-03,Auto,New Car,1671000,84,9.76,46900,8400,0.767,1,Approved,1258000,2023-06-11,1,0
APP800988,CUST103631,2023-02-24,Gold,Gold Loan,189000,12,14.46,90700,19500,0.402,1,Approved,168000,2023-03-02,1,0
APP800989,CUST103326,2024-06-22,Personal,Travel,217000,24,22.02,94700,200,0.121,1,Approved,156000,2024-07-10,1,0
APP800990,CUST104852,2023-12-03,Auto,Two Wheeler,1176000,84,13.15,16700,1800,1.396,1,Rejected,0,2023-12-21,0,
APP800991,CUST102971,2024-01-28,Business,Working Capital,5728000,60,13.55,43400,4700,3.0,0,Rejected,0,2024-02-04,0,
APP800992,CUST103399,2023-11-11,Business,Equipment Purchase,6950000,36,16.16,18200,5800,3.0,0,Rejected,0,2023-11-29,0,
APP800993,CUST103408,2023-08-17,Auto,New Car,2182000,12,10.65,74400,21500,2.878,1,Rejected,0,2023-08-29,0,
APP800994,CUST102742,2023-11-23,Home,Balance Transfer,7930000,84,10.21,18400,4300,3.0,1,Rejected,0,2023-12-03,0,
APP800995,CUST101370,2023-09-21,Personal,Wedding,524000,12,22.39,54600,4000,0.974,0,Approved,462000,2023-10-02,1,0
APP800996,CUST102925,2023-01-04,Personal,Medical Emergency,585000,48,16.08,45200,6500,0.511,0,Rejected,0,2023-01-15,0,
APP800997,CUST101337,2023-09-05,Personal,Medical Emergency,447000,60,17.4,70100,23400,0.493,0,Approved,354000,2023-09-14,1,0
APP800998,CUST103200,2022-11-13,Auto,Used Car,830000,24,13.78,91000,4400,0.485,1,Approved,589000,2022-11-25,1,0
APP800999,CUST104979,2023-07-05,Home,Balance Transfer,7651000,84,9.55,44800,5600,2.921,1,Rejected,0,2023-07-25,0,
APP801000,CUST103794,2023-09-06,Home,Plot Purchase,8574000,180,9.93,73600,2800,1.285,1,Approved,6735000,2023-09-21,1,0
APP801001,CUST102866,2023-08-07,Business,Working Capital,6632000,36,18.33,10000,1200,3.0,0,Rejected,0,2023-08-22,0,
APP801002,CUST103513,2023-05-12,Personal,Travel,1354000,36,12.05,49200,8400,1.085,1,Approved,1043000,2023-05-31,1,0
APP801003,CUST103989,2023-08-11,Personal,Medical Emergency,1266000,48,19.17,39400,13200,1.299,0,Approved,1081000,2023-08-27,1,0
APP801004,CUST100010,2023-04-23,Auto,Two Wheeler,210000,60,13.77,58400,3300,0.14,1,Approved,170000,2023-05-10,1,0
APP801005,CUST101251,2023-03-11,Personal,Debt Consolidation,1177000,12,12.69,31600,8400,3.0,0,Rejected,0,2023-03-21,0,
APP801006,CUST101715,2022-09-12,Personal,Wedding,766000,60,23.99,22000,6400,1.292,0,Rejected,0,2022-09-14,0,
APP801007,CUST100472,2024-04-10,Business,Equipment Purchase,3742000,60,18.51,31600,4000,3.0,0,Rejected,0,2024-04-15,0,
APP801008,CUST100216,2023-06-29,Home,Balance Transfer,3005000,60,10.18,47800,11800,1.587,1,Rejected,0,2023-07-01,0,
APP801009,CUST102752,2023-01-11,Business,Working Capital,2042000,84,15.14,47800,16400,1.171,0,Approved,1808000,2023-01-26,1,0
APP801010,CUST103093,2022-10-11,Personal,Travel,1147000,60,19.33,55000,13800,0.796,0,Approved,901000,2022-10-14,1,0
APP801011,CUST101028,2024-01-21,Gold,Gold Loan,36000,36,12.09,30800,7600,0.286,1,Approved,29000,2024-01-30,1,0
APP801012,CUST101831,2024-04-26,Auto,Two Wheeler,1107000,36,10.4,92700,17100,0.572,1,Approved,806000,2024-04-29,1,0
APP801013,CUST102789,2024-03-10,Home,Balance Transfer,11145000,48,10.46,121800,20700,2.51,1,Approved,10401000,2024-03-14,1,0
APP801014,CUST103788,2022-11-26,Personal,Home Renovation,1496000,24,18.89,59400,17000,1.554,1,Approved,1237000,2022-12-11,1,1
APP801015,CUST100824,2022-08-12,Auto,Used Car,2320000,84,10.0,11000,2900,3.0,1,Rejected,0,2022-08-19,0,
APP801016,CUST102606,2023-06-09,Personal,Travel,941000,48,15.96,29100,1800,0.977,0,Approved,744000,2023-06-14,1,0
APP801017,CUST100014,2022-11-18,Auto,Two Wheeler,1728000,24,11.02,14500,1100,3.0,1,Rejected,0,2022-11-20,0,
APP801018,CUST103291,2022-12-07,Personal,Medical Emergency,1140000,12,15.02,27800,1300,3.0,0,Rejected,0,2022-12-21,0,
APP801019,CUST104891,2023-09-14,Auto,Used Car,1169000,24,12.56,87500,4900,0.689,1,Approved,942000,2023-10-02,1,0
APP801020,CUST103915,2023-03-24,Auto,Used Car,1362000,12,10.61,51100,6900,2.485,1,Rejected,0,2023-04-08,0,
APP801021,CUST101885,2023-03-23,Gold,Gold Loan,325000,12,12.28,79400,15900,0.564,1,Approved,301000,2023-04-03,1,0
APP801022,CUST101307,2023-11-08,Personal,Travel,1319000,36,23.14,21200,1200,2.469,1,Rejected,0,2023-11-09,0,
APP801023,CUST102390,2023-12-21,Education,Skill Certification,2738000,60,11.39,18100,1500,3.0,0,Rejected,0,2024-01-01,0,
APP801024,CUST101083,2022-08-16,Education,Skill Certification,2536000,48,10.7,108900,12800,0.716,0,Approved,2234000,2022-08-28,1,0
APP801025,CUST101581,2024-02-08,Personal,Home Renovation,220000,84,21.33,29400,8800,0.472,0,Approved,188000,2024-02-16,1,0
APP801026,CUST104789,2022-10-28,Personal,Wedding,587000,84,23.72,42800,5100,0.456,1,Rejected,0,2022-11-02,0,
APP801027,CUST103639,2023-10-16,Personal,Wedding,324000,84,19.53,74400,21400,0.383,1,Rejected,0,2023-10-23,0,
APP801028,CUST104366,2024-01-25,Business,Equipment Purchase,1254000,12,13.05,61700,11000,1.994,1,Approved,932000,2024-02-09,1,0
APP801029,CUST101617,2024-04-29,Education,Higher Studies India,1147000,84,9.56,69200,14400,0.479,0,Approved,1007000,2024-05-02,1,0
APP801030,CUST101924,2024-04-02,Personal,Travel,843000,24,21.5,33900,3100,1.377,1,Approved,830000,2024-04-18,1,0
APP801031,CUST100186,2023-04-02,Auto,Two Wheeler,1274000,24,11.97,35000,11500,2.042,1,Rejected,0,2023-04-08,0,
APP801032,CUST100856,2022-07-11,Personal,Travel,424000,24,21.98,34300,5600,0.805,0,Rejected,0,2022-07-19,0,
APP801033,CUST100096,2023-06-07,Auto,Two Wheeler,568000,48,13.84,386400,108200,0.32,1,Approved,512000,2023-06-08,1,0
APP801034,CUST103816,2022-12-28,Personal,Medical Emergency,610000,60,16.79,52800,5300,0.386,0,Approved,543000,2023-01-05,1,0
APP801035,CUST101738,2023-08-11,Personal,Home Renovation,1335000,84,12.41,37900,1400,0.666,0,Approved,1234000,2023-08-20,1,0
APP801036,CUST100966,2022-12-28,Personal,Home Renovation,563000,60,19.39,59900,6700,0.358,0,Approved,428000,2022-12-29,1,0
APP801037,CUST103591,2022-10-20,Education,Higher Studies India,1801000,84,9.11,29300,2000,1.06,0,Approved,1569000,2022-10-30,1,0
APP801038,CUST103088,2023-08-13,Auto,Two Wheeler,1639000,12,11.83,76300,5500,1.98,1,Approved,1401000,2023-08-30,1,0
APP801039,CUST101044,2023-10-16,Home,Balance Transfer,9353000,24,9.16,47900,3700,3.0,1,Approved,6852000,2023-10-26,1,0
APP801040,CUST102720,2022-08-04,Home,Home Purchase,1522000,120,8.54,29300,7000,0.884,1,Rejected,0,2022-08-24,0,
APP801041,CUST102468,2023-04-04,Personal,Travel,812000,12,23.27,31600,1500,2.47,1,Rejected,0,2023-04-10,0,
APP801042,CUST103504,2023-01-15,Auto,Two Wheeler,1221000,84,9.41,43100,4200,0.559,1,Approved,1002000,2023-02-03,1,1
APP801043,CUST103343,2022-11-11,Home,Home Purchase,5423000,24,10.44,64200,10700,3.0,1,Rejected,0,2022-11-23,0,
APP801044,CUST101250,2023-01-06,Home,Balance Transfer,5379000,48,9.72,51000,6100,2.781,1,Rejected,0,2023-01-20,0,
APP801045,CUST100669,2023-04-27,Personal,Wedding,672000,36,16.23,21800,400,1.106,0,Rejected,0,2023-04-30,0,
APP801046,CUST101647,2023-03-25,Auto,Two Wheeler,904000,60,9.51,62300,16900,0.576,1,Approved,851000,2023-04-02,1,0
APP801047,CUST101971,2024-05-29,Home,Plot Purchase,2910000,84,9.18,36300,12300,1.634,1,Rejected,0,2024-06-08,0,
APP801048,CUST104353,2023-07-27,Home,Plot Purchase,7607000,84,9.2,13200,3000,3.0,1,Rejected,0,2023-08-09,0,
APP801049,CUST104044,2022-09-19,Personal,Travel,664000,48,11.23,59600,4700,0.368,0,Approved,486000,2022-09-21,1,0
APP801050,CUST100109,2024-02-17,Education,Higher Studies India,3117000,120,10.49,39900,1900,1.101,1,Approved,2986000,2024-02-23,1,0
APP801051,CUST104065,2023-06-09,Home,Balance Transfer,6355000,84,9.56,18200,3100,3.0,1,Rejected,0,2023-06-13,0,
APP801052,CUST101951,2023-01-25,Home,Home Construction,2662000,180,8.3,10000,3300,2.92,1,Rejected,0,2023-02-12,0,
APP801053,CUST103590,2023-10-13,Gold,Gold Loan,130000,36,14.26,102500,29200,0.328,1,Approved,120000,2023-10-23,1,1
APP801054,CUST100736,2024-04-25,Auto,Two Wheeler,1112000,60,10.38,10000,900,2.474,1,Rejected,0,2024-04-30,0,
APP801055,CUST104323,2024-05-23,Education,Study Abroad,2466000,84,11.08,61000,20900,1.036,0,Approved,2069000,2024-05-29,1,0
APP801056,CUST102809,2023-07-23,Home,Balance Transfer,10428000,36,9.03,20800,1100,3.0,1,Rejected,0,2023-08-09,0,
APP801057,CUST103844,2023-09-27,Auto,Used Car,1127000,48,11.5,75500,24400,0.713,1,Rejected,0,2023-09-30,0,
APP801058,CUST102021,2023-10-17,Personal,Wedding,944000,36,22.88,29500,5700,1.429,1,Rejected,0,2023-10-23,0,
APP801059,CUST101289,2024-01-29,Personal,Debt Consolidation,82000,36,22.73,84700,28000,0.368,0,Approved,73000,2024-02-13,1,0
APP801060,CUST101626,2023-04-24,Business,Business Expansion,2915000,48,14.18,54800,3800,1.527,0,Approved,2519000,2023-05-10,1,0
APP801061,CUST103886,2024-01-01,Gold,Gold Loan,66000,36,9.1,37600,2100,0.112,1,Approved,52000,2024-01-16,1,0
APP801062,CUST100668,2023-02-08,Personal,Travel,1061000,48,23.81,13100,300,2.646,0,Rejected,0,2023-02-21,0,
APP801063,CUST100990,2023-08-06,Business,Working Capital,6408000,48,17.57,48600,7600,3.0,0,Rejected,0,2023-08-12,0,
APP801064,CUST100153,2022-11-08,Home,Plot Purchase,10748000,24,8.02,18300,5400,3.0,1,Rejected,0,2022-11-19,0,
APP801065,CUST102927,2022-07-31,Auto,Two Wheeler,583000,84,9.3,70400,24600,0.484,1,Approved,566000,2022-08-01,1,0
APP801066,CUST104759,2023-12-01,Auto,New Car,641000,84,9.47,29600,3300,0.465,1,Approved,534000,2023-12-11,1,0
APP801067,CUST102539,2023-03-31,Home,Home Purchase,11402000,60,10.09,12300,3700,3.0,1,Rejected,0,2023-04-02,0,
APP801068,CUST102357,2024-03-09,Personal,Medical Emergency,950000,84,21.56,24300,4000,1.07,1,Rejected,0,2024-03-11,0,
APP801069,CUST100017,2023-09-02,Personal,Wedding,180000,36,22.48,20600,900,0.38,0,Approved,159000,2023-09-16,1,0
APP801070,CUST102989,2022-09-01,Gold,Gold Loan,655000,12,12.08,195100,60300,0.607,1,Approved,639000,2022-09-07,1,0
APP801071,CUST101474,2024-04-01,Personal,Debt Consolidation,866000,36,16.11,42700,14400,1.051,0,Approved,821000,2024-04-04,1,0
APP801072,CUST102292,2023-10-03,Personal,Medical Emergency,738000,12,18.01,51700,10300,1.509,0,Rejected,0,2023-10-11,0,
APP801073,CUST100524,2023-10-21,Personal,Wedding,1156000,48,20.16,38800,200,0.916,0,Rejected,0,2023-10-30,0,
APP801074,CUST101233,2023-10-03,Auto,Two Wheeler,447000,24,12.45,55200,6000,0.491,1,Approved,405000,2023-10-10,1,0
APP801075,CUST104382,2023-02-17,Education,Higher Studies India,663000,36,9.79,22000,2200,1.071,0,Rejected,0,2023-03-09,0,
APP801076,CUST101067,2024-06-12,Auto,New Car,1485000,36,13.26,37700,9400,1.58,1,Rejected,0,2024-06-25,0,
APP801077,CUST101797,2023-03-31,Personal,Debt Consolidation,1443000,48,12.77,20200,1600,1.992,1,Rejected,0,2023-04-09,0,
APP801078,CUST100326,2023-09-04,Personal,Home Renovation,220000,24,21.82,26000,7500,0.726,0,Rejected,0,2023-09-17,0,
APP801079,CUST101245,2023-08-14,Auto,Two Wheeler,565000,60,13.55,18900,300,0.704,1,Approved,412000,2023-08-17,1,1
APP801080,CUST100100,2024-03-19,Business,Equipment Purchase,1350000,60,13.58,56800,8300,0.694,0,Approved,1087000,2024-03-21,1,0
APP801081,CUST103502,2024-03-14,Auto,Used Car,1378000,84,9.12,40100,5900,0.702,1,Rejected,0,2024-03-23,0,
APP801082,CUST103643,2023-09-21,Gold,Gold Loan,69000,12,11.53,23600,7400,0.572,1,Rejected,0,2023-09-25,0,
APP801083,CUST101381,2023-05-26,Auto,Used Car,1601000,84,12.34,10000,1900,3.0,1,Rejected,0,2023-06-02,0,
APP801084,CUST101419,2024-02-23,Home,Plot Purchase,5601000,84,8.03,19900,1900,3.0,1,Approved,4404000,2024-02-28,1,1
APP801085,CUST103386,2023-03-26,Home,Home Construction,10935000,84,10.17,59700,18700,3.0,1,Rejected,0,2023-04-05,0,
APP801086,CUST102785,2022-09-29,Gold,Gold Loan,250000,12,10.82,30100,6900,0.962,1,Approved,233000,2022-10-14,1,1
APP801087,CUST101585,2022-08-07,Personal,Wedding,55000,84,12.14,46600,10700,0.251,0,Approved,55000,2022-08-22,1,0
APP801088,CUST104528,2024-01-04,Gold,Gold Loan,262000,36,9.91,39000,300,0.224,1,Rejected,0,2024-01-17,0,
APP801089,CUST101148,2023-04-09,Personal,Travel,417000,84,11.89,28600,1600,0.312,0,Approved,355000,2023-04-20,1,1
APP801090,CUST102141,2022-08-01,Auto,New Car,1122000,24,12.45,25500,300,2.095,1,Rejected,0,2022-08-05,0,
APP801091,CUST102071,2024-02-05,Auto,Used Car,2335000,60,13.2,59400,17800,1.198,1,Approved,2055000,2024-02-20,1,0
APP801092,CUST104930,2024-02-11,Gold,Gold Loan,516000,24,14.92,164800,18300,0.263,1,Approved,424000,2024-02-14,1,0
APP801093,CUST102415,2022-12-03,Home,Home Construction,11964000,84,9.86,31000,6700,3.0,1,Rejected,0,2022-12-18,0,
APP801094,CUST104295,2022-10-03,Gold,Gold Loan,562000,36,11.88,66800,21900,0.607,1,Approved,435000,2022-10-18,1,0
APP801095,CUST101817,2023-05-02,Auto,New Car,897000,24,11.25,21600,5300,2.189,1,Rejected,0,2023-05-18,0,
APP801096,CUST100855,2023-01-23,Gold,Gold Loan,268000,24,12.05,58400,17600,0.518,1,Approved,223000,2023-01-31,1,0
APP801097,CUST104885,2023-12-07,Auto,Two Wheeler,2368000,36,11.89,78800,9000,1.111,1,Approved,1962000,2023-12-22,1,0
APP801098,CUST104692,2022-12-05,Gold,Gold Loan,394000,12,13.76,51300,4600,0.778,1,Approved,290000,2022-12-09,1,1
APP801099,CUST104764,2024-04-03,Auto,New Car,1496000,60,10.69,38600,900,0.861,1,Approved,1060000,2024-04-22,1,1
APP801100,CUST104849,2022-09-20,Home,Balance Transfer,4368000,60,9.52,66600,5400,1.46,1,Approved,3160000,2022-09-26,1,0
APP801101,CUST100961,2023-11-01,Auto,Two Wheeler,1776000,48,12.75,45500,2700,1.102,1,Approved,1730000,2023-11-12,1,0
APP801102,CUST102668,2023-01-22,Business,Equipment Purchase,333000,36,16.17,24200,8300,0.826,0,Approved,246000,2023-02-07,1,0
APP801103,CUST104622,2023-10-27,Personal,Home Renovation,918000,48,12.13,46400,300,0.528,0,Rejected,0,2023-11-10,0,
APP801104,CUST101794,2023-01-26,Gold,Gold Loan,302000,24,12.71,13000,2100,1.258,1,Approved,255000,2023-02-03,1,1
APP801105,CUST104507,2023-06-03,Personal,Wedding,1352000,12,14.7,10000,3000,3.0,0,Rejected,0,2023-06-08,0,
APP801106,CUST102918,2023-04-06,Gold,Gold Loan,775000,12,11.18,21300,300,3.0,1,Rejected,0,2023-04-22,0,
APP801107,CUST103496,2023-05-27,Personal,Debt Consolidation,1482000,24,23.6,30200,10100,2.922,0,Rejected,0,2023-06-02,0,
APP801108,CUST103246,2023-06-03,Home,Balance Transfer,9545000,12,8.43,65500,3500,3.0,1,Rejected,0,2023-06-12,0,
APP801109,CUST100916,2023-08-21,Personal,Home Renovation,340000,48,18.23,105900,18800,0.272,0,Approved,251000,2023-08-27,1,0
APP801110,CUST102430,2023-10-24,Personal,Wedding,157000,84,13.26,30900,9100,0.387,0,Rejected,0,2023-11-07,0,
APP801111,CUST100224,2024-05-28,Personal,Home Renovation,329000,24,11.91,157200,48800,0.409,0,Approved,263000,2024-06-02,1,0
APP801112,CUST102018,2023-08-25,Business,Equipment Purchase,4488000,60,16.65,25100,7500,3.0,0,Rejected,0,2023-08-31,0,
APP801113,CUST103932,2022-08-05,Personal,Travel,381000,84,19.19,106200,25900,0.322,0,Approved,318000,2022-08-16,1,0
APP801114,CUST104345,2023-05-26,Business,Equipment Purchase,3961000,24,18.32,26000,8400,3.0,0,Rejected,0,2023-06-03,0,
APP801115,CUST102510,2023-10-24,Auto,Used Car,1887000,48,12.83,77700,19200,0.897,1,Approved,1358000,2023-10-30,1,0
APP801116,CUST101337,2023-07-08,Personal,Travel,161000,60,22.21,70100,11200,0.223,0,Approved,136000,2023-07-26,1,0
APP801117,CUST100219,2024-05-08,Education,Study Abroad,3861000,84,10.75,19400,6700,3.0,1,Rejected,0,2024-05-28,0,
APP801118,CUST102366,2022-12-27,Personal,Travel,1453000,24,17.97,41700,1600,1.776,0,Approved,1155000,2023-01-15,1,0
APP801119,CUST100064,2022-12-28,Home,Home Construction,10740000,84,10.16,26400,8400,3.0,1,Rejected,0,2023-01-05,0,
APP801120,CUST103281,2023-07-09,Business,Equipment Purchase,5877000,36,18.28,73800,17800,3.0,0,Rejected,0,2023-07-25,0,
APP801121,CUST100017,2023-06-16,Auto,New Car,1620000,24,10.93,20600,5700,3.0,1,Approved,1490000,2023-06-22,1,0
APP801122,CUST101067,2024-05-19,Personal,Medical Emergency,658000,12,12.8,37700,5600,1.704,0,Under Review,0,,0,
APP801123,CUST104267,2023-08-03,Auto,New Car,2325000,12,9.55,39200,12800,3.0,1,Rejected,0,2023-08-20,0,
APP801124,CUST102984,2024-06-25,Personal,Travel,1103000,48,14.91,50400,11900,0.845,0,Under Review,0,,0,
APP801125,CUST100753,2023-11-20,Auto,Used Car,1544000,24,10.16,53100,15000,1.626,1,Approved,1253000,2023-12-07,1,0
APP801126,CUST103478,2022-08-09,Personal,Wedding,296000,60,14.4,18200,5900,0.706,0,Approved,252000,2022-08-27,1,1
APP801127,CUST104092,2023-12-24,Personal,Wedding,899000,60,18.22,20100,800,1.183,0,Approved,865000,2023-12-25,1,0
APP801128,CUST102727,2023-04-16,Business,Equipment Purchase,6420000,48,16.34,43400,7100,3.0,1,Rejected,0,2023-04-18,0,
APP801129,CUST103690,2024-04-01,Gold,Gold Loan,157000,12,13.11,28000,3700,0.634,1,Approved,140000,2024-04-11,1,0
APP801130,CUST100951,2022-10-24,Business,Equipment Purchase,2637000,36,18.13,17200,3700,3.0,1,Rejected,0,2022-10-26,0,
APP801131,CUST103457,2022-12-17,Auto,Used Car,1145000,12,12.23,22100,100,3.0,1,Rejected,0,2022-12-21,0,
APP801132,CUST104755,2022-10-21,Auto,Two Wheeler,1647000,60,9.2,62700,18700,0.846,1,Approved,1469000,2022-10-26,1,1
APP801133,CUST102980,2023-11-10,Auto,Used Car,341000,60,11.31,42900,1000,0.197,1,Approved,273000,2023-11-22,1,0
APP801134,CUST102592,2024-01-01,Personal,Home Renovation,820000,12,12.81,115400,500,0.639,0,Approved,582000,2024-01-03,1,0
APP801135,CUST102998,2023-05-03,Personal,Debt Consolidation,587000,84,21.11,113000,2700,0.143,0,Approved,535000,2023-05-23,1,0
APP801136,CUST101815,2022-11-08,Auto,New Car,2044000,84,12.54,51200,16400,1.038,1,Rejected,0,2022-11-09,0,
APP801137,CUST103079,2023-01-24,Education,Skill Certification,1670000,24,10.89,12000,1500,3.0,0,Rejected,0,2023-01-31,0,
APP801138,CUST104383,2023-08-25,Business,Business Expansion,2258000,24,13.77,55400,6600,2.072,0,Rejected,0,2023-09-04,0,
APP801139,CUST104169,2022-07-16,Personal,Travel,362000,24,14.03,63600,5500,0.36,1,Approved,321000,2022-07-22,1,0
APP801140,CUST103666,2024-05-19,Personal,Debt Consolidation,534000,36,23.58,17100,4500,1.481,0,Under Review,0,,0,
APP801141,CUST104267,2024-06-08,Personal,Wedding,1025000,60,15.22,39200,5700,0.771,0,Approved,872000,2024-06-20,1,0
APP801142,CUST103208,2023-03-22,Auto,Two Wheeler,1001000,36,10.13,61100,1500,0.555,1,Approved,702000,2023-04-08,1,0
APP801143,CUST102763,2022-10-02,Business,Equipment Purchase,5664000,84,15.22,16500,4600,3.0,0,Rejected,0,2022-10-07,0,
APP801144,CUST103094,2023-08-30,Auto,Used Car,2295000,24,11.77,119200,25500,1.118,1,Approved,1865000,2023-09-04,1,0
APP801145,CUST101870,2023-03-14,Auto,Two Wheeler,1485000,84,13.29,150100,3800,0.207,1,Approved,1128000,2023-03-16,1,0
APP801146,CUST102993,2024-01-30,Personal,Home Renovation,641000,12,22.86,165900,49400,0.661,0,Approved,529000,2024-02-17,1,0
APP801147,CUST102238,2022-10-05,Auto,New Car,2012000,84,9.58,41400,100,0.798,1,Approved,1534000,2022-10-06,1,0
APP801148,CUST101538,2022-10-03,Auto,Two Wheeler,2114000,48,13.67,27300,2300,2.19,1,Rejected,0,2022-10-11,0,
APP801149,CUST103926,2024-04-06,Home,Home Purchase,4995000,24,9.24,67500,10600,3.0,1,Rejected,0,2024-04-26,0,
APP801150,CUST100590,2024-03-30,Auto,Two Wheeler,887000,24,12.92,38100,100,1.108,1,Rejected,0,2024-04-02,0,
APP801151,CUST101829,2023-01-15,Home,Home Purchase,1913000,60,9.16,43700,13000,1.21,1,Approved,1443000,2023-01-18,1,1
APP801152,CUST104814,2023-12-13,Home,Balance Transfer,6507000,48,8.24,22700,2400,3.0,1,Rejected,0,2023-12-16,0,
APP801153,CUST103930,2022-07-10,Personal,Debt Consolidation,400000,36,12.04,43500,9800,0.531,0,Rejected,0,2022-07-27,0,
APP801154,CUST102633,2023-11-08,Home,Balance Transfer,4377000,120,9.45,146800,14200,0.482,1,Approved,3552000,2023-11-17,1,0
APP801155,CUST100430,2023-01-04,Business,Equipment Purchase,2496000,24,17.84,28300,3600,3.0,0,Rejected,0,2023-01-23,0,
APP801156,CUST102884,2023-11-15,Home,Plot Purchase,2722000,180,9.83,64500,1800,0.477,1,Rejected,0,2023-11-24,0,
APP801157,CUST104388,2024-02-03,Auto,Two Wheeler,482000,48,11.39,33500,4300,0.503,1,Rejected,0,2024-02-21,0,
APP801158,CUST101307,2023-08-24,Personal,Travel,661000,24,20.16,21200,0,1.589,0,Rejected,0,2023-09-07,0,
APP801159,CUST103320,2023-03-07,Personal,Home Renovation,643000,84,19.22,66800,22000,0.539,0,Rejected,0,2023-03-26,0,
APP801160,CUST100638,2023-07-13,Personal,Travel,449000,36,23.78,88300,25600,0.489,0,Approved,326000,2023-07-18,1,0
APP801161,CUST104945,2023-02-14,Personal,Medical Emergency,291000,24,19.54,132000,23700,0.291,0,Rejected,0,2023-03-01,0,
APP801162,CUST104431,2023-05-27,Home,Home Construction,5967000,180,8.91,28200,3800,2.274,1,Rejected,0,2023-05-31,0,
APP801163,CUST100924,2024-05-07,Gold,Gold Loan,290000,12,13.71,26200,1600,1.052,1,Approved,248000,2024-05-16,1,1
APP801164,CUST103842,2023-05-05,Home,Plot Purchase,11526000,48,8.22,60400,13700,3.0,1,Rejected,0,2023-05-10,0,
APP801165,CUST100429,2024-01-09,Personal,Home Renovation,206000,12,17.11,35700,2400,0.594,0,Approved,204000,2024-01-29,1,0
APP801166,CUST101303,2023-05-24,Personal,Home Renovation,1016000,12,11.43,26200,6000,3.0,1,Rejected,0,2023-05-27,0,
APP801167,CUST104117,2024-06-21,Business,Equipment Purchase,2845000,60,12.65,10000,400,3.0,0,Under Review,0,,0,
APP801168,CUST104666,2022-07-25,Home,Home Purchase,10109000,24,10.0,58900,1100,3.0,1,Rejected,0,2022-08-04,0,
APP801169,CUST100171,2024-04-22,Home,Home Purchase,5860000,120,9.46,48900,9900,1.75,1,Approved,5107000,2024-04-29,1,0
APP801170,CUST103695,2023-09-11,Auto,Used Car,1502000,24,9.16,67000,1100,1.042,1,Rejected,0,2023-09-20,0,
APP801171,CUST100208,2024-04-05,Auto,New Car,1544000,48,11.99,111400,18000,0.526,1,Approved,1238000,2024-04-24,1,0
APP801172,CUST100747,2024-02-25,Business,Working Capital,989000,36,18.98,41400,2200,0.927,1,Rejected,0,2024-03-04,0,
APP801173,CUST101684,2022-09-25,Personal,Wedding,470000,60,14.23,73000,5900,0.231,0,Approved,430000,2022-10-06,1,0
APP801174,CUST104487,2022-12-31,Auto,New Car,368000,60,11.73,19300,5900,0.726,1,Rejected,0,2023-01-03,0,
APP801175,CUST101097,2022-11-09,Personal,Debt Consolidation,91000,12,16.46,39300,12400,0.526,0,Approved,66000,2022-11-16,1,0
APP801176,CUST104961,2022-10-20,Personal,Travel,469000,36,15.26,85600,17400,0.394,0,Approved,348000,2022-10-26,1,0
APP801177,CUST104048,2023-05-28,Education,Higher Studies India,3759000,60,9.65,31600,10200,2.83,0,Rejected,0,2023-06-17,0,
APP801178,CUST100580,2023-01-03,Home,Home Purchase,1613000,240,9.87,31100,1700,0.55,1,Approved,1247000,2023-01-11,1,0
APP801179,CUST101897,2023-03-26,Education,Higher Studies India,3097000,36,11.59,85100,23000,1.471,0,Rejected,0,2023-04-06,0,
APP801180,CUST100558,2023-03-10,Education,Skill Certification,975000,48,11.29,34400,10200,1.034,0,Approved,725000,2023-03-18,1,0
APP801181,CUST104541,2023-09-15,Education,Skill Certification,3052000,24,11.32,13800,900,3.0,0,Approved,2308000,2023-09-21,1,1
APP801182,CUST103531,2022-08-20,Auto,New Car,1707000,84,12.23,63600,3200,0.527,1,Approved,1476000,2022-08-27,1,0
APP801183,CUST102367,2023-11-13,Education,Study Abroad,1207000,48,9.22,23200,3400,1.446,0,Approved,1135000,2023-11-15,1,1
APP801184,CUST100182,2024-06-02,Home,Home Purchase,10341000,240,8.84,115500,35300,1.102,1,Approved,9732000,2024-06-03,1,1
APP801185,CUST103611,2022-11-18,Personal,Wedding,1303000,48,13.84,20000,2400,1.893,1,Rejected,0,2022-11-19,0,
APP801186,CUST103339,2023-10-12,Personal,Home Renovation,1444000,60,22.41,28700,3400,1.519,0,Approved,1217000,2023-10-16,1,0
APP801187,CUST102045,2024-05-23,Personal,Medical Emergency,320000,12,18.5,40000,10300,0.992,1,Under Review,0,,0,
APP801188,CUST101966,2024-03-25,Business,Equipment Purchase,2048000,84,12.83,43500,7300,1.019,1,Rejected,0,2024-04-09,0,
APP801189,CUST102500,2023-06-16,Home,Home Construction,7466000,180,8.54,27000,9400,3.0,1,Rejected,0,2023-06-28,0,
APP801190,CUST100267,2023-12-12,Personal,Home Renovation,601000,48,12.21,22000,7100,1.043,0,Approved,507000,2023-12-24,1,1
APP801191,CUST104935,2023-09-13,Home,Home Purchase,3757000,240,10.07,16300,300,2.248,1,Rejected,0,2023-09-27,0,
APP801192,CUST103588,2023-08-13,Auto,New Car,1501000,48,12.72,50400,3300,0.861,1,Approved,1476000,2023-08-22,1,0
APP801193,CUST101859,2024-04-18,Auto,Used Car,350000,48,10.0,34300,8300,0.501,1,Approved,333000,2024-04-25,1,1
APP801194,CUST102845,2023-08-27,Personal,Wedding,576000,60,15.66,28800,8700,0.784,0,Approved,574000,2023-09-12,1,1
APP801195,CUST100637,2022-07-10,Home,Balance Transfer,2172000,48,10.33,21900,3800,2.707,1,Rejected,0,2022-07-27,0,
APP801196,CUST103684,2022-08-15,Auto,New Car,414000,84,13.76,57200,1100,0.154,1,Approved,410000,2022-08-17,1,0
APP801197,CUST104389,2023-12-03,Gold,Gold Loan,249000,24,9.16,22900,4400,0.691,1,Approved,237000,2023-12-14,1,1
APP801198,CUST100132,2023-10-02,Auto,Used Car,707000,60,12.65,37300,4500,0.548,1,Approved,701000,2023-10-14,1,0
APP801199,CUST101140,2022-10-24,Business,Business Expansion,5056000,48,17.21,11600,2500,3.0,0,Rejected,0,2022-11-02,0,
APP801200,CUST103304,2023-04-06,Personal,Travel,594000,24,13.11,28400,7300,1.254,0,Rejected,0,2023-04-21,0,
APP801201,CUST101670,2023-10-03,Business,Working Capital,2064000,24,15.49,69600,13300,1.637,0,Rejected,0,2023-10-09,0,
APP801202,CUST100871,2023-05-20,Auto,New Car,522000,48,12.93,21600,2400,0.758,1,Approved,515000,2023-05-24,1,0
APP801203,CUST102088,2023-07-22,Education,Skill Certification,3399000,60,11.89,10000,600,3.0,0,Rejected,0,2023-08-03,0,
APP801204,CUST103726,2024-02-11,Personal,Home Renovation,624000,12,20.57,15600,5100,3.0,0,Rejected,0,2024-02-23,0,
APP801205,CUST104040,2024-06-10,Auto,Two Wheeler,1504000,84,11.79,14400,2700,2.013,1,Rejected,0,2024-06-25,0,
APP801206,CUST102234,2024-06-27,Business,Working Capital,5293000,24,14.59,22100,3500,3.0,1,Rejected,0,2024-07-10,0,
APP801207,CUST103127,2023-01-15,Home,Home Purchase,2893000,120,8.67,18700,700,1.971,1,Approved,2192000,2023-01-16,1,1
APP801208,CUST104782,2022-07-29,Home,Balance Transfer,10678000,84,8.2,10000,2000,3.0,1,Rejected,0,2022-08-14,0,
APP801209,CUST102591,2022-10-29,Gold,Gold Loan,799000,24,14.67,29300,8700,1.614,1,Approved,603000,2022-11-10,1,0
APP801210,CUST103191,2023-03-08,Gold,Gold Loan,143000,24,13.39,133500,21700,0.214,1,Approved,129000,2023-03-15,1,1
APP801211,CUST100565,2024-03-03,Home,Plot Purchase,6118000,84,8.2,79600,9200,1.322,1,Rejected,0,2024-03-08,0,
APP801212,CUST102561,2023-07-11,Home,Home Construction,1544000,84,9.84,103300,8900,0.333,1,Approved,1158000,2023-07-28,1,0
APP801213,CUST102395,2023-01-31,Home,Home Purchase,10583000,120,9.76,10000,2200,3.0,1,Rejected,0,2023-02-07,0,
APP801214,CUST103932,2024-02-07,Personal,Home Renovation,1447000,36,21.45,106200,19600,0.701,0,Approved,1396000,2024-02-22,1,0
APP801215,CUST104087,2022-10-22,Personal,Travel,1068000,12,15.77,13600,100,3.0,0,Rejected,0,2022-11-02,0,
APP801216,CUST100115,2022-12-11,Education,Study Abroad,1345000,48,9.91,47300,15400,1.046,0,Rejected,0,2022-12-27,0,
APP801217,CUST100037,2023-03-10,Personal,Wedding,954000,48,15.03,49000,2900,0.601,0,Approved,698000,2023-03-23,1,0
APP801218,CUST103308,2023-04-15,Home,Home Purchase,1632000,180,8.08,79200,19700,0.447,1,Rejected,0,2023-04-28,0,
APP801219,CUST103583,2024-06-16,Home,Balance Transfer,4328000,36,8.81,87300,19600,1.797,1,Approved,3947000,2024-06-27,1,0
APP801220,CUST100643,2023-12-14,Personal,Wedding,328000,36,21.91,105600,33100,0.432,0,Approved,269000,2023-12-21,1,0
APP801221,CUST104460,2023-05-30,Gold,Gold Loan,349000,36,11.25,42600,5000,0.386,1,Approved,308000,2023-06-14,1,0
APP801222,CUST101054,2022-07-22,Auto,Used Car,587000,36,13.5,19200,400,1.056,1,Approved,554000,2022-07-29,1,0
APP801223,CUST104105,2024-06-08,Home,Plot Purchase,7495000,12,8.27,37000,1700,3.0,1,Under Review,0,,0,
APP801224,CUST103871,2023-10-07,Gold,Gold Loan,540000,24,9.55,75100,4100,0.385,1,Approved,406000,2023-10-27,1,0
APP801225,CUST104366,2023-09-29,Personal,Wedding,1282000,24,22.63,61700,6200,1.185,0,Approved,1232000,2023-10-02,1,0
APP801226,CUST102362,2024-05-31,Personal,Home Renovation,1497000,36,14.53,64300,21400,1.135,1,Under Review,0,,0,
APP801227,CUST100057,2022-08-19,Personal,Wedding,1147000,24,18.74,13300,4400,3.0,1,Rejected,0,2022-08-25,0,
APP801228,CUST100735,2022-11-26,Auto,Used Car,1222000,24,10.74,41200,7700,1.564,1,Rejected,0,2022-11-30,0,
APP801229,CUST102967,2023-04-18,Home,Home Purchase,6429000,60,9.13,30200,700,3.0,1,Rejected,0,2023-04-22,0,
APP801230,CUST103484,2023-12-25,Business,Working Capital,6302000,84,16.42,22800,6100,3.0,0,Rejected,0,2023-12-28,0,
APP801231,CUST100619,2022-07-12,Auto,New Car,506000,48,9.15,10000,2600,1.523,1,Rejected,0,2022-07-23,0,
APP801232,CUST104628,2024-01-07,Auto,Two Wheeler,818000,12,9.3,44900,500,1.608,1,Approved,633000,2024-01-24,1,1
APP801233,CUST100617,2022-12-27,Auto,New Car,946000,24,9.73,51900,3600,0.907,1,Approved,903000,2023-01-06,1,0
APP801234,CUST103275,2023-05-09,Home,Balance Transfer,10951000,60,10.44,22800,300,3.0,1,Rejected,0,2023-05-19,0,
APP801235,CUST101370,2023-09-05,Auto,Two Wheeler,1268000,48,12.72,54600,10100,0.806,1,Approved,970000,2023-09-22,1,1
APP801236,CUST102070,2024-06-02,Personal,Medical Emergency,357000,24,20.56,18600,1800,1.082,0,Rejected,0,2024-06-18,0,
APP801237,CUST102044,2024-02-06,Personal,Travel,1408000,60,11.21,39200,9100,1.017,0,Approved,1127000,2024-02-13,1,0
APP801238,CUST103611,2023-03-06,Personal,Home Renovation,119000,48,18.95,20000,2100,0.282,0,Approved,90000,2023-03-11,1,0
APP801239,CUST101106,2023-06-11,Auto,Used Car,615000,36,9.62,100100,34500,0.542,1,Approved,449000,2023-07-01,1,0
APP801240,CUST101663,2023-02-09,Gold,Gold Loan,267000,24,11.49,59100,19900,0.548,1,Approved,193000,2023-02-10,1,0
APP801241,CUST103555,2022-12-23,Gold,Gold Loan,432000,12,9.39,57600,18900,0.986,1,Approved,373000,2022-12-30,1,0
APP801242,CUST103077,2023-07-23,Education,Higher Studies India,1192000,48,9.83,129700,19500,0.383,0,Approved,1055000,2023-08-03,1,0
APP801243,CUST102062,2022-08-12,Personal,Wedding,917000,84,20.01,29800,4500,0.833,1,Approved,808000,2022-08-14,1,0
APP801244,CUST100057,2023-02-21,Education,Study Abroad,1988000,24,9.37,13300,4300,3.0,0,Rejected,0,2023-02-25,0,
APP801245,CUST101270,2023-04-22,Auto,Used Car,1010000,12,13.65,43100,9500,2.32,1,Rejected,0,2023-05-01,0,
APP801246,CUST103149,2022-08-04,Business,Equipment Purchase,377000,36,16.2,28600,8400,0.758,0,Approved,316000,2022-08-11,1,0
APP801247,CUST100291,2023-09-18,Business,Equipment Purchase,4435000,24,13.81,94000,1000,2.272,0,Rejected,0,2023-09-23,0,
APP801248,CUST102871,2024-04-26,Education,Study Abroad,811000,36,12.01,75400,17400,0.588,0,Rejected,0,2024-04-29,0,
APP801249,CUST104972,2023-11-02,Auto,New Car,1211000,24,10.86,52300,11400,1.296,1,Rejected,0,2023-11-04,0,
APP801250,CUST104569,2024-02-19,Gold,Gold Loan,115000,12,9.62,40400,1500,0.287,1,Approved,96000,2024-03-08,1,0
APP801251,CUST102479,2023-11-07,Auto,New Car,1186000,84,13.84,29000,5100,0.939,1,Approved,985000,2023-11-16,1,0
APP801252,CUST104894,2023-09-01,Personal,Travel,1380000,36,20.38,68400,16300,0.993,0,Approved,1215000,2023-09-12,1,1
APP801253,CUST102255,2023-11-13,Home,Plot Purchase,4053000,84,10.13,22700,4400,3.0,1,Rejected,0,2023-11-21,0,
APP801254,CUST100724,2022-09-14,Home,Plot Purchase,9635000,24,9.65,29200,6900,3.0,1,Rejected,0,2022-09-27,0,
APP801255,CUST101460,2024-04-21,Business,Working Capital,3053000,60,14.12,15800,2700,3.0,0,Rejected,0,2024-05-08,0,
APP801256,CUST103723,2024-02-20,Gold,Gold Loan,469000,36,10.67,48100,11800,0.563,1,Rejected,0,2024-03-11,0,
APP801257,CUST100362,2022-07-09,Auto,Two Wheeler,2176000,84,11.81,73100,2000,0.55,1,Approved,1994000,2022-07-14,1,0
APP801258,CUST104486,2023-07-22,Business,Business Expansion,4591000,48,15.32,39200,900,3.0,0,Rejected,0,2023-08-05,0,
APP801259,CUST100720,2023-10-21,Personal,Debt Consolidation,1485000,24,14.62,29200,10200,2.805,0,Rejected,0,2023-10-31,0,
APP801260,CUST101868,2023-07-03,Gold,Gold Loan,520000,36,9.2,31100,10900,0.884,1,Approved,483000,2023-07-15,1,0
APP801261,CUST104777,2023-04-13,Home,Home Construction,9969000,12,9.29,38200,6300,3.0,1,Rejected,0,2023-04-24,0,
APP801262,CUST101667,2024-01-04,Personal,Debt Consolidation,1208000,12,21.36,15800,4000,3.0,1,Rejected,0,2024-01-16,0,
APP801263,CUST101430,2022-10-04,Personal,Medical Emergency,308000,60,12.64,73000,22400,0.402,0,Approved,251000,2022-10-19,1,0
APP801264,CUST102794,2023-02-11,Gold,Gold Loan,62000,24,11.87,41700,5500,0.202,1,Approved,59000,2023-02-24,1,1
APP801265,CUST103879,2023-04-27,Business,Equipment Purchase,5531000,12,13.88,47400,12200,3.0,1,Approved,5272000,2023-04-28,1,1
APP801266,CUST100991,2024-02-06,Auto,New Car,675000,48,10.74,67300,23200,0.603,1,Approved,581000,2024-02-19,1,0
APP801267,CUST101429,2024-02-19,Auto,New Car,1391000,12,9.31,74100,6700,1.736,1,Rejected,0,2024-02-23,0,
APP801268,CUST100253,2023-01-26,Education,Skill Certification,2296000,60,12.02,60400,2200,0.882,0,Approved,2111000,2023-02-03,1,0
APP801269,CUST101544,2023-04-22,Education,Higher Studies India,1561000,60,12.83,31100,6900,1.361,0,Rejected,0,2023-04-25,0,
APP801270,CUST104670,2023-05-24,Personal,Medical Emergency,1436000,60,15.07,64800,8700,0.662,0,Approved,1415000,2023-06-02,1,0
APP801271,CUST104774,2024-02-04,Business,Equipment Purchase,4360000,36,17.36,58100,12100,2.898,0,Approved,3629000,2024-02-22,1,0
APP801272,CUST101437,2024-02-03,Personal,Home Renovation,808000,60,21.68,17000,4300,1.554,1,Rejected,0,2024-02-16,0,
APP801273,CUST102198,2022-10-31,Personal,Travel,1418000,36,11.91,83000,13000,0.724,0,Approved,1055000,2022-11-13,1,1
APP801274,CUST104953,2022-12-14,Home,Balance Transfer,5141000,120,8.69,18500,6000,3.0,1,Rejected,0,2022-12-16,0,
APP801275,CUST102553,2023-10-17,Auto,Used Car,2357000,60,10.72,52800,1900,1.001,1,Approved,1846000,2023-10-24,1,0
APP801276,CUST102294,2022-10-02,Personal,Debt Consolidation,643000,24,23.83,14900,2600,2.446,0,Rejected,0,2022-10-07,0,
APP801277,CUST102891,2023-01-31,Personal,Home Renovation,1256000,36,20.57,41300,7900,1.329,0,Rejected,0,2023-02-20,0,
APP801278,CUST103996,2023-12-13,Home,Plot Purchase,4383000,24,10.38,48700,11900,3.0,1,Rejected,0,2023-12-16,0,
APP801279,CUST100868,2023-09-20,Personal,Debt Consolidation,1384000,36,19.38,75400,9300,0.8,1,Approved,1231000,2023-10-07,1,0
APP801280,CUST103587,2024-06-01,Personal,Home Renovation,1361000,36,19.32,58400,18900,1.182,0,Approved,1114000,2024-06-02,1,0
APP801281,CUST104115,2023-12-02,Gold,Gold Loan,515000,24,14.25,200400,13800,0.193,1,Approved,442000,2023-12-18,1,0
APP801282,CUST102314,2022-09-19,Auto,Used Car,2072000,24,10.78,128000,4500,0.788,1,Approved,2012000,2022-09-29,1,0
APP801283,CUST104076,2022-08-29,Home,Home Construction,11148000,60,9.53,49000,14500,3.0,1,Rejected,0,2022-09-13,0,
APP801284,CUST103362,2023-09-15,Auto,Used Car,1188000,48,10.65,10000,1400,3.0,1,Rejected,0,2023-09-21,0,
APP801285,CUST100109,2023-01-14,Business,Business Expansion,2346000,60,16.76,39900,13100,1.782,0,Rejected,0,2023-01-24,0,
APP801286,CUST102639,2024-02-28,Auto,Two Wheeler,2262000,84,9.1,39400,5600,1.068,1,Rejected,0,2024-02-29,0,
APP801287,CUST104787,2022-11-06,Business,Working Capital,3007000,12,17.24,26700,8100,3.0,0,Approved,2175000,2022-11-08,1,0
APP801288,CUST102081,2022-11-06,Gold,Gold Loan,83000,12,9.19,43800,8300,0.356,1,Approved,74000,2022-11-10,1,1
APP801289,CUST101227,2024-06-19,Home,Plot Purchase,1979000,24,8.91,39000,300,2.321,1,Approved,1419000,2024-07-07,1,0
APP801290,CUST100134,2023-09-12,Auto,Two Wheeler,637000,24,9.77,28900,2900,1.114,1,Approved,616000,2023-09-22,1,0
APP801291,CUST103848,2023-10-11,Home,Home Purchase,4904000,36,9.59,93400,20900,1.907,1,Approved,4787000,2023-10-13,1,0
APP801292,CUST101291,2023-04-11,Auto,Two Wheeler,1025000,12,10.6,55000,1500,1.672,1,Approved,935000,2023-04-17,1,0
APP801293,CUST103168,2023-10-12,Personal,Debt Consolidation,815000,60,11.1,22800,6900,1.084,0,Rejected,0,2023-10-31,0,
APP801294,CUST100113,2022-09-28,Auto,Used Car,392000,36,10.02,41300,12000,0.597,1,Rejected,0,2022-10-08,0,
APP801295,CUST101889,2023-06-05,Personal,Travel,335000,24,22.69,52900,15700,0.627,0,Approved,235000,2023-06-08,1,0
APP801296,CUST104916,2022-07-17,Business,Business Expansion,4981000,60,16.54,53300,12500,2.536,0,Rejected,0,2022-07-29,0,
APP801297,CUST104759,2023-03-31,Personal,Medical Emergency,174000,48,22.18,29600,4000,0.321,0,Approved,153000,2023-04-11,1,1
APP801298,CUST102102,2023-12-27,Auto,Two Wheeler,1823000,24,12.74,104400,5100,0.876,1,Approved,1515000,2024-01-16,1,0
APP801299,CUST101078,2022-07-16,Education,Study Abroad,352000,36,11.54,56500,9900,0.381,1,Approved,248000,2022-07-19,1,1
APP801300,CUST103506,2022-12-26,Personal,Travel,1365000,48,15.66,22600,5800,1.961,0,Rejected,0,2023-01-14,0,
APP801301,CUST100448,2023-03-26,Personal,Debt Consolidation,191000,84,22.91,16600,3400,0.481,0,Rejected,0,2023-04-14,0,
APP801302,CUST103961,2024-06-12,Auto,Two Wheeler,2251000,12,10.0,122800,32900,1.879,1,Under Review,0,,0,
APP801303,CUST102441,2023-05-09,Business,Equipment Purchase,630000,36,17.03,101100,18900,0.409,0,Approved,522000,2023-05-21,1,0
APP801304,CUST102246,2023-05-02,Personal,Wedding,721000,36,13.74,33800,8300,0.971,0,Approved,518000,2023-05-04,1,0
APP801305,CUST100652,2023-10-11,Gold,Gold Loan,408000,36,14.51,65400,19100,0.507,1,Approved,356000,2023-10-18,1,0
APP801306,CUST102697,2023-10-31,Personal,Home Renovation,1448000,84,13.61,69200,12200,0.564,0,Approved,1262000,2023-11-13,1,0
APP801307,CUST101013,2023-06-21,Personal,Debt Consolidation,946000,36,12.46,56900,16300,0.842,0,Rejected,0,2023-06-29,0,
APP801308,CUST102465,2024-01-27,Personal,Medical Emergency,413000,60,14.38,43600,10900,0.472,1,Approved,355000,2024-02-16,1,0
APP801309,CUST102698,2022-07-27,Home,Home Construction,11984000,12,9.28,22000,1200,3.0,1,Rejected,0,2022-08-03,0,
APP801310,CUST100336,2024-02-24,Home,Home Construction,6543000,48,10.42,97200,17500,1.901,1,Approved,6407000,2024-03-11,1,1
APP801311,CUST102662,2022-12-15,Education,Study Abroad,3189000,120,11.62,152500,46500,0.601,0,Rejected,0,2022-12-24,0,
APP801312,CUST101182,2022-11-23,Auto,New Car,1456000,36,11.67,21000,6700,2.617,1,Rejected,0,2022-11-29,0,
APP801313,CUST103132,2022-08-14,Education,Study Abroad,1900000,60,9.23,53800,1000,0.755,0,Approved,1598000,2022-08-30,1,0
APP801314,CUST102107,2023-01-13,Personal,Medical Emergency,283000,36,17.82,25800,3900,0.547,0,Approved,266000,2023-01-17,1,0
APP801315,CUST103154,2023-02-13,Auto,New Car,2211000,24,13.58,24600,600,3.0,1,Rejected,0,2023-02-19,0,
APP801316,CUST100385,2023-11-14,Auto,New Car,1749000,48,13.02,45900,5900,1.152,1,Approved,1412000,2023-11-30,1,0
APP801317,CUST100379,2023-01-04,Home,Home Purchase,9358000,84,8.98,119000,7100,1.324,1,Approved,8081000,2023-01-12,1,1
APP801318,CUST103545,2023-05-24,Home,Home Construction,11347000,180,9.25,27200,3100,3.0,1,Rejected,0,2023-06-04,0,
APP801319,CUST102866,2023-04-20,Auto,Used Car,1670000,24,13.94,10000,2700,3.0,1,Rejected,0,2023-04-27,0,
APP801320,CUST103253,2024-04-05,Education,Study Abroad,2104000,12,10.43,28400,1400,3.0,0,Rejected,0,2024-04-13,0,
APP801321,CUST102463,2023-05-13,Gold,Gold Loan,591000,24,12.97,17900,400,1.595,1,Rejected,0,2023-05-29,0,
APP801322,CUST103142,2024-05-04,Gold,Gold Loan,109000,36,9.52,41500,1100,0.111,1,Approved,99000,2024-05-15,1,0
APP801323,CUST101398,2023-01-12,Business,Equipment Purchase,2757000,60,17.46,38200,6900,1.99,0,Rejected,0,2023-01-26,0,
APP801324,CUST100043,2023-11-04,Personal,Travel,750000,24,23.2,45000,12600,1.153,0,Approved,733000,2023-11-19,1,0
APP801325,CUST104246,2022-12-28,Auto,Used Car,818000,48,11.53,55300,15800,0.671,1,Rejected,0,2022-12-31,0,
APP801326,CUST101305,2024-05-27,Auto,Used Car,1715000,24,10.96,67300,4700,1.256,1,Under Review,0,,0,
APP801327,CUST103676,2023-06-10,Gold,Gold Loan,280000,36,11.37,19800,500,0.49,1,Rejected,0,2023-06-30,0,
APP801328,CUST104347,2023-11-26,Business,Equipment Purchase,5793000,24,17.8,16400,2200,3.0,0,Rejected,0,2023-12-02,0,
APP801329,CUST104711,2023-10-14,Education,Higher Studies India,316000,36,11.46,67900,12100,0.332,0,Approved,310000,2023-10-19,1,0
APP801330,CUST101750,2022-12-16,Education,Skill Certification,3770000,24,9.1,21600,2600,3.0,0,Rejected,0,2023-01-02,0,
APP801331,CUST102238,2023-11-26,Auto,New Car,620000,36,12.04,41400,7800,0.686,1,Approved,603000,2023-12-06,1,1
APP801332,CUST100173,2024-03-14,Personal,Travel,234000,84,21.96,33100,5600,0.335,0,Approved,226000,2024-03-17,1,1
APP801333,CUST100113,2024-01-08,Home,Plot Purchase,10050000,120,8.09,41300,8800,3.0,1,Rejected,0,2024-01-13,0,
APP801334,CUST103040,2022-07-27,Home,Plot Purchase,6294000,60,8.08,105300,15600,1.363,1,Approved,4980000,2022-08-02,1,1
APP801335,CUST102278,2022-08-09,Education,Higher Studies India,1893000,84,10.01,48500,10700,0.868,0,Rejected,0,2022-08-22,0,
APP801336,CUST102141,2023-03-25,Education,Higher Studies India,2817000,36,10.47,25500,6700,3.0,0,Rejected,0,2023-03-28,0,
APP801337,CUST104138,2022-09-01,Home,Balance Transfer,8521000,12,8.32,115700,4600,3.0,1,Rejected,0,2022-09-04,0,
APP801338,CUST104067,2022-12-07,Personal,Medical Emergency,143000,12,20.41,44500,14200,0.617,1,Approved,112000,2022-12-18,1,0
APP801339,CUST104955,2024-02-10,Home,Plot Purchase,2712000,240,9.0,10000,2000,2.64,1,Rejected,0,2024-02-18,0,
APP801340,CUST103082,2023-03-31,Personal,Home Renovation,208000,60,16.8,46200,16000,0.457,0,Approved,173000,2023-04-09,1,0
APP801341,CUST100979,2023-10-21,Gold,Gold Loan,165000,24,10.19,89900,29700,0.415,1,Approved,120000,2023-11-04,1,0
APP801342,CUST100953,2022-11-21,Auto,Two Wheeler,1405000,60,13.98,27300,3200,1.315,1,Approved,1083000,2022-11-27,1,0
APP801343,CUST100481,2024-03-02,Personal,Medical Emergency,732000,84,17.89,10000,500,1.584,1,Rejected,0,2024-03-06,0,
APP801344,CUST101230,2023-10-04,Personal,Debt Consolidation,1089000,24,18.79,40700,12400,1.65,0,Approved,1005000,2023-10-07,1,0
APP801345,CUST103740,2023-09-22,Personal,Travel,1309000,24,12.12,48400,3400,1.346,0,Approved,1100000,2023-10-05,1,0
APP801346,CUST102283,2023-04-18,Auto,Used Car,2221000,36,9.5,76200,24500,1.255,1,Approved,1969000,2023-04-30,1,1
APP801347,CUST103909,2023-04-18,Business,Equipment Purchase,3589000,12,13.32,37600,12000,3.0,0,Rejected,0,2023-04-19,0,
APP801348,CUST102334,2023-02-21,Personal,Wedding,650000,48,15.81,72100,15000,0.463,0,Approved,466000,2023-03-11,1,0
APP801349,CUST101410,2023-07-05,Personal,Travel,920000,48,20.99,50800,5900,0.677,0,Approved,696000,2023-07-07,1,0
APP801350,CUST102388,2022-07-17,Business,Working Capital,2388000,36,13.83,31400,600,2.612,1,Rejected,0,2022-07-30,0,
APP801351,CUST101704,2024-01-29,Business,Business Expansion,352000,36,16.53,40400,13800,0.651,0,Approved,272000,2024-02-13,1,0
APP801352,CUST103699,2023-06-19,Home,Plot Purchase,11484000,48,8.21,12000,4000,3.0,1,Rejected,0,2023-07-01,0,
APP801353,CUST104867,2022-11-14,Home,Plot Purchase,8281000,60,8.7,32900,6900,3.0,1,Rejected,0,2022-12-04,0,
APP801354,CUST101030,2023-06-07,Personal,Medical Emergency,562000,84,14.64,36600,11000,0.593,0,Approved,547000,2023-06-11,1,1
APP801355,CUST102823,2023-12-12,Personal,Home Renovation,514000,36,19.0,116500,19900,0.332,0,Approved,371000,2023-12-13,1,0
APP801356,CUST100375,2023-03-07,Personal,Medical Emergency,603000,24,19.54,36200,12600,1.193,1,Rejected,0,2023-03-16,0,
APP801357,CUST104267,2023-08-13,Home,Home Construction,3604000,180,9.75,39200,1100,1.002,1,Rejected,0,2023-08-20,0,
APP801358,CUST104926,2022-07-07,Education,Higher Studies India,245000,12,9.61,122100,18300,0.326,0,Approved,200000,2022-07-20,1,0
APP801359,CUST102164,2023-12-08,Home,Home Construction,2820000,120,10.49,154000,21000,0.383,1,Approved,2096000,2023-12-09,1,0
APP801360,CUST101030,2022-11-09,Personal,Debt Consolidation,582000,48,17.13,36600,12500,0.801,0,Rejected,0,2022-11-22,0,
APP801361,CUST100041,2024-06-25,Personal,Travel,984000,24,15.17,15200,4400,3.0,1,Rejected,0,2024-07-04,0,
APP801362,CUST103968,2022-10-10,Home,Plot Purchase,4970000,60,8.17,15000,1500,3.0,1,Rejected,0,2022-10-28,0,
APP801363,CUST104074,2023-12-23,Education,Skill Certification,1313000,24,9.68,53300,1000,1.152,0,Rejected,0,2023-12-26,0,
APP801364,CUST102410,2023-07-30,Gold,Gold Loan,215000,12,13.35,25900,1700,0.808,1,Approved,200000,2023-08-19,1,0
APP801365,CUST103667,2024-06-05,Personal,Travel,721000,60,16.02,49300,15900,0.678,1,Rejected,0,2024-06-20,0,
APP801366,CUST101471,2023-01-25,Personal,Home Renovation,446000,36,16.63,31000,4600,0.66,1,Rejected,0,2023-02-02,0,
APP801367,CUST100543,2022-08-29,Gold,Gold Loan,316000,36,14.56,92500,3800,0.159,1,Approved,255000,2022-09-13,1,0
APP801368,CUST101918,2023-11-12,Education,Skill Certification,1018000,36,12.53,26000,6400,1.555,0,Rejected,0,2023-11-15,0,
APP801369,CUST101402,2024-01-23,Personal,Debt Consolidation,663000,36,21.83,48600,4400,0.61,0,Approved,622000,2024-02-02,1,0
APP801370,CUST102387,2022-10-02,Personal,Debt Consolidation,1246000,48,17.4,86100,9800,0.534,0,Approved,1123000,2022-10-13,1,0
APP801371,CUST103745,2022-11-18,Auto,New Car,626000,12,10.15,27300,8300,2.324,1,Rejected,0,2022-12-08,0,
APP801372,CUST104031,2024-06-18,Auto,Two Wheeler,425000,24,9.65,10000,2900,2.244,1,Rejected,0,2024-06-21,0,
APP801373,CUST101310,2023-11-03,Personal,Debt Consolidation,282000,84,11.81,59100,13600,0.314,0,Approved,268000,2023-11-14,1,0
APP801374,CUST103432,2023-07-07,Personal,Home Renovation,230000,36,12.82,103300,28800,0.354,0,Approved,164000,2023-07-22,1,0
APP801375,CUST102453,2022-07-29,Business,Working Capital,2776000,36,16.8,35300,2300,2.861,0,Rejected,0,2022-08-09,0,
APP801376,CUST103092,2023-01-31,Auto,Two Wheeler,2285000,24,14.0,47400,11800,2.564,1,Approved,1640000,2023-02-05,1,1
APP801377,CUST102864,2022-11-24,Personal,Wedding,1353000,48,16.18,27800,7000,1.638,1,Rejected,0,2022-12-03,0,
APP801378,CUST101649,2023-09-14,Personal,Wedding,363000,24,23.74,26600,4800,0.9,0,Rejected,0,2023-09-30,0,
APP801379,CUST103659,2022-11-13,Personal,Debt Consolidation,594000,12,22.93,35700,1000,1.592,1,Approved,488000,2022-11-22,1,1
APP801380,CUST101863,2023-02-08,Auto,Two Wheeler,1784000,84,9.97,10000,400,2.999,1,Rejected,0,2023-02-18,0,
APP801381,CUST101977,2024-06-03,Business,Equipment Purchase,3664000,60,19.67,28400,9000,3.0,0,Rejected,0,2024-06-23,0,
APP801382,CUST102440,2024-01-27,Auto,Two Wheeler,2331000,24,12.87,51400,11500,2.376,1,Approved,2191000,2024-02-08,1,1
APP801383,CUST101194,2024-05-18,Home,Home Construction,11646000,24,9.42,102600,28100,3.0,1,Under Review,0,,0,
APP801384,CUST100412,2023-06-14,Auto,Used Car,1741000,60,13.72,26000,2800,1.657,1,Rejected,0,2023-06-19,0,
APP801385,CUST102269,2022-11-15,Gold,Gold Loan,708000,12,14.44,39600,7800,1.807,1,Rejected,0,2022-11-25,0,
APP801386,CUST102342,2023-02-02,Personal,Travel,352000,36,15.7,10000,1500,1.382,1,Rejected,0,2023-02-08,0,
APP801387,CUST103611,2022-08-20,Home,Balance Transfer,10285000,24,9.71,20000,5300,3.0,1,Rejected,0,2022-08-26,0,
APP801388,CUST104964,2023-07-06,Gold,Gold Loan,400000,24,14.65,98800,11900,0.316,1,Approved,389000,2023-07-15,1,1
APP801389,CUST104111,2023-01-05,Business,Equipment Purchase,3027000,48,15.08,109300,4100,0.81,1,Approved,2321000,2023-01-11,1,1
APP801390,CUST100813,2022-10-31,Education,Skill Certification,3062000,24,11.12,83200,9500,1.831,0,Rejected,0,2022-11-01,0,
APP801391,CUST101545,2024-03-22,Personal,Home Renovation,1285000,36,18.19,32900,9200,1.697,0,Rejected,0,2024-04-09,0,
APP801392,CUST101346,2022-09-10,Business,Working Capital,5002000,84,18.25,46400,12600,2.553,0,Rejected,0,2022-09-28,0,
APP801393,CUST102885,2024-06-26,Personal,Travel,739000,48,23.1,19500,3800,1.413,0,Approved,550000,2024-07-08,1,1
APP801394,CUST103417,2023-01-14,Personal,Medical Emergency,802000,36,18.82,35100,9300,1.101,0,Approved,733000,2023-01-23,1,1
APP801395,CUST100322,2022-10-30,Auto,Two Wheeler,1766000,24,12.16,27600,6600,3.0,1,Rejected,0,2022-11-18,0,
APP801396,CUST101233,2023-12-19,Auto,Two Wheeler,1670000,48,11.37,55200,7500,0.923,1,Approved,1430000,2023-12-20,1,0
APP801397,CUST101585,2022-12-23,Business,Business Expansion,1162000,48,13.5,46600,6400,0.813,0,Approved,833000,2023-01-11,1,0
APP801398,CUST100459,2023-07-13,Auto,New Car,2148000,48,10.54,43000,12100,1.56,1,Rejected,0,2023-07-19,0,
APP801399,CUST103805,2024-01-21,Auto,New Car,2045000,48,13.98,51300,2400,1.136,1,Approved,1864000,2024-01-24,1,0
APP801400,CUST104809,2022-09-26,Auto,Used Car,1590000,60,11.56,28600,5700,1.421,1,Rejected,0,2022-10-15,0,
APP801401,CUST102987,2023-04-16,Personal,Medical Emergency,569000,24,22.4,47700,500,0.632,0,Approved,544000,2023-05-01,1,0
APP801402,CUST100265,2023-09-10,Auto,Used Car,1293000,24,13.11,29700,9900,2.408,1,Rejected,0,2023-09-25,0,
APP801403,CUST100650,2022-10-12,Education,Study Abroad,3549000,36,9.22,80200,1400,1.428,0,Rejected,0,2022-11-01,0,
APP801404,CUST102060,2023-01-31,Personal,Debt Consolidation,1365000,36,15.41,68100,23500,1.044,0,Approved,1291000,2023-02-15,1,0
APP801405,CUST101967,2023-07-29,Home,Balance Transfer,11770000,24,10.39,34400,5600,3.0,1,Rejected,0,2023-08-11,0,
APP801406,CUST104752,2023-12-10,Education,Study Abroad,259000,48,10.18,56800,5100,0.206,0,Approved,194000,2023-12-27,1,0
APP801407,CUST104003,2022-11-17,Education,Higher Studies India,2106000,48,12.23,52000,15600,1.371,1,Approved,1645000,2022-12-03,1,0
APP801408,CUST104966,2024-05-23,Personal,Wedding,1416000,60,13.87,72400,11500,0.612,1,Approved,1241000,2024-05-25,1,0
APP801409,CUST103603,2023-06-02,Personal,Wedding,1220000,84,12.85,45400,5700,0.612,0,Approved,862000,2023-06-10,1,0
APP801410,CUST100143,2023-09-05,Education,Higher Studies India,2376000,24,10.8,106500,20900,1.234,0,Approved,2297000,2023-09-11,1,0
APP801411,CUST104388,2024-06-10,Auto,New Car,247000,84,12.61,33500,7100,0.344,1,Approved,243000,2024-06-15,1,0
APP801412,CUST104525,2023-12-08,Home,Home Construction,5081000,36,9.01,94400,17400,1.896,1,Rejected,0,2023-12-11,0,
APP801413,CUST101238,2024-04-29,Personal,Wedding,1452000,84,19.85,92200,21300,0.58,0,Approved,1185000,2024-05-12,1,1
APP801414,CUST101955,2024-03-21,Auto,New Car,580000,84,12.66,125500,23100,0.267,1,Rejected,0,2024-03-31,0,
APP801415,CUST101692,2023-04-07,Personal,Home Renovation,1247000,12,23.07,27600,8900,3.0,0,Approved,1079000,2023-04-15,1,1
APP801416,CUST102185,2023-12-20,Personal,Debt Consolidation,1066000,48,17.86,15000,4200,2.366,0,Rejected,0,2024-01-02,0,
APP801417,CUST101833,2022-12-07,Personal,Travel,318000,12,23.25,27400,8100,1.389,0,Approved,284000,2022-12-23,1,0
APP801418,CUST103093,2024-03-18,Auto,Two Wheeler,1225000,48,11.46,55000,3000,0.636,1,Approved,903000,2024-04-07,1,0
APP801419,CUST102181,2022-09-26,Education,Study Abroad,611000,48,11.55,11800,1100,1.45,0,Approved,488000,2022-10-12,1,1
APP801420,CUST102079,2022-08-12,Business,Business Expansion,5331000,60,16.89,18100,4500,3.0,0,Rejected,0,2022-08-24,0,
APP801421,CUST103938,2022-11-12,Business,Equipment Purchase,5097000,60,16.16,71800,7000,1.829,0,Approved,4006000,2022-11-21,1,0
APP801422,CUST102140,2024-03-24,Personal,Travel,769000,24,23.22,94100,26300,0.709,0,Approved,649000,2024-04-07,1,0
APP801423,CUST102217,2022-10-27,Home,Home Construction,11885000,48,9.75,40500,4100,3.0,1,Rejected,0,2022-11-12,0,
APP801424,CUST104404,2023-10-02,Home,Home Purchase,5856000,180,9.34,50700,2300,1.24,1,Approved,5294000,2023-10-22,1,0
APP801425,CUST101524,2022-09-20,Business,Working Capital,6436000,48,18.76,30100,9800,3.0,0,Rejected,0,2022-10-07,0,
APP801426,CUST101169,2023-10-14,Home,Home Construction,4524000,60,9.5,35800,6700,2.845,1,Rejected,0,2023-10-26,0,
APP801427,CUST100518,2022-10-16,Gold,Gold Loan,676000,36,9.89,44000,5800,0.627,1,Approved,586000,2022-10-31,1,1
APP801428,CUST101162,2022-09-21,Home,Home Construction,5582000,24,9.34,78000,16400,3.0,1,Rejected,0,2022-09-26,0,
APP801429,CUST104736,2023-02-01,Gold,Gold Loan,740000,12,12.82,43500,5300,1.639,1,Rejected,0,2023-02-10,0,
APP801430,CUST100130,2022-12-02,Personal,Debt Consolidation,813000,12,17.84,40200,700,1.868,0,Rejected,0,2022-12-11,0,
APP801431,CUST100445,2023-08-13,Gold,Gold Loan,135000,12,12.88,10000,2700,1.469,1,Approved,122000,2023-08-28,1,0
APP801432,CUST104964,2024-02-09,Personal,Home Renovation,933000,36,14.4,98800,32800,0.656,0,Approved,694000,2024-02-22,1,0
APP801433,CUST101931,2023-01-02,Personal,Wedding,1408000,48,13.5,116700,39500,0.665,0,Rejected,0,2023-01-09,0,
APP801434,CUST101902,2023-08-01,Home,Balance Transfer,8794000,240,9.77,14900,4400,3.0,1,Rejected,0,2023-08-08,0,
APP801435,CUST104280,2024-06-14,Education,Skill Certification,2429000,24,11.8,74700,2400,1.559,0,Under Review,0,,0,
APP801436,CUST100830,2022-11-20,Business,Working Capital,3186000,24,12.17,13200,2600,3.0,0,Rejected,0,2022-11-21,0,
APP801437,CUST103941,2022-11-22,Education,Study Abroad,2338000,120,12.3,44200,11800,1.035,0,Approved,1732000,2022-11-23,1,0
APP801438,CUST104155,2022-12-19,Personal,Home Renovation,370000,24,15.23,17000,3600,1.269,0,Approved,354000,2022-12-21,1,0
APP801439,CUST104567,2023-12-26,Education,Skill Certification,3140000,48,9.45,63700,3300,1.289,1,Approved,2928000,2023-12-30,1,0
APP801440,CUST102430,2023-05-04,Home,Home Purchase,6196000,24,8.48,30900,3400,3.0,1,Rejected,0,2023-05-07,0,
APP801441,CUST104283,2022-12-06,Personal,Home Renovation,1319000,24,17.32,19700,4200,3.0,0,Rejected,0,2022-12-20,0,
APP801442,CUST102201,2022-08-06,Business,Equipment Purchase,6861000,12,16.99,10000,2600,3.0,0,Rejected,0,2022-08-21,0,
APP801443,CUST102338,2022-12-08,Auto,Used Car,2247000,12,12.8,27700,1900,3.0,1,Rejected,0,2022-12-28,0,
APP801444,CUST103384,2024-02-01,Personal,Home Renovation,1473000,24,19.16,24000,4900,3.0,0,Rejected,0,2024-02-18,0,
APP801445,CUST100629,2023-07-08,Auto,Used Car,643000,48,9.7,19900,1900,0.912,1,Approved,497000,2023-07-15,1,0
APP801446,CUST101743,2023-07-30,Auto,New Car,1239000,48,9.61,43000,5100,0.844,1,Rejected,0,2023-07-31,0,
APP801447,CUST102622,2022-10-16,Auto,Used Car,320000,84,12.73,38400,7400,0.343,1,Approved,249000,2022-10-30,1,0
APP801448,CUST102741,2023-05-24,Personal,Debt Consolidation,120000,36,17.79,37900,9900,0.375,0,Rejected,0,2023-05-29,0,
APP801449,CUST102747,2022-10-19,Home,Home Construction,11913000,36,9.57,20500,2800,3.0,1,Rejected,0,2022-11-04,0,
APP801450,CUST101955,2023-09-18,Personal,Medical Emergency,1166000,24,15.71,125500,3000,0.478,0,Approved,1107000,2023-10-08,1,0
APP801451,CUST103312,2023-03-04,Home,Home Construction,2133000,24,8.24,70400,20700,1.667,1,Rejected,0,2023-03-16,0,
APP801452,CUST102326,2022-09-29,Personal,Travel,1330000,36,20.75,20500,2700,2.572,0,Rejected,0,2022-10-19,0,
APP801453,CUST101099,2024-05-17,Personal,Debt Consolidation,682000,84,17.36,55900,7200,0.381,0,Approved,591000,2024-05-30,1,0
APP801454,CUST103273,2023-07-04,Business,Working Capital,6577000,84,15.03,37100,12700,3.0,0,Rejected,0,2023-07-13,0,
APP801455,CUST102011,2024-04-27,Auto,Used Car,1625000,48,9.26,38400,7200,1.247,1,Rejected,0,2024-05-11,0,
APP801456,CUST101087,2023-10-11,Education,Study Abroad,2316000,12,11.64,56300,3200,3.0,0,Rejected,0,2023-10-14,0,
APP801457,CUST100280,2023-10-17,Gold,Gold Loan,417000,24,12.31,10000,3100,2.279,1,Rejected,0,2023-10-18,0,
APP801458,CUST103979,2022-08-17,Home,Home Purchase,11502000,84,8.44,17500,1100,3.0,1,Rejected,0,2022-08-23,0,
APP801459,CUST100786,2023-01-01,Personal,Travel,929000,12,23.91,25600,6200,3.0,0,Rejected,0,2023-01-15,0,
APP801460,CUST100057,2023-02-15,Education,Skill Certification,2523000,36,10.06,13300,2300,3.0,0,Rejected,0,2023-02-16,0,
APP801461,CUST101155,2022-10-12,Gold,Gold Loan,718000,12,13.23,55100,5700,1.27,1,Rejected,0,2022-10-15,0,
APP801462,CUST101388,2023-06-05,Personal,Medical Emergency,1346000,12,11.34,48900,6100,2.564,0,Rejected,0,2023-06-13,0,
APP801463,CUST101628,2023-10-22,Personal,Home Renovation,467000,36,14.27,29500,1000,0.577,0,Rejected,0,2023-11-09,0,
APP801464,CUST104883,2024-01-06,Personal,Wedding,945000,36,15.3,19900,5300,1.919,0,Rejected,0,2024-01-16,0,
APP801465,CUST104601,2024-06-29,Gold,Gold Loan,339000,36,14.46,41200,13700,0.615,1,Approved,312000,2024-07-16,1,0
APP801466,CUST100284,2023-03-03,Business,Business Expansion,5374000,60,17.44,36300,1800,3.0,0,Rejected,0,2023-03-08,0,
APP801467,CUST100548,2022-12-03,Personal,Home Renovation,370000,60,23.64,10000,3100,1.367,0,Rejected,0,2022-12-08,0,
APP801468,CUST101091,2023-12-09,Business,Business Expansion,1754000,36,13.92,42500,11300,1.675,0,Rejected,0,2023-12-20,0,
APP801469,CUST103557,2023-07-08,Personal,Home Renovation,503000,12,21.05,53900,1400,0.896,0,Approved,443000,2023-07-14,1,0
APP801470,CUST104304,2023-09-08,Auto,Used Car,272000,48,9.44,34100,10700,0.514,1,Rejected,0,2023-09-25,0,
APP801471,CUST100376,2023-03-01,Auto,Used Car,570000,24,12.75,75100,4100,0.414,1,Approved,562000,2023-03-07,1,0
APP801472,CUST104486,2023-06-22,Home,Home Purchase,4342000,240,9.45,39200,13500,1.374,1,Rejected,0,2023-06-28,0,
APP801473,CUST104218,2022-11-14,Personal,Home Renovation,1082000,84,21.65,13500,1200,1.953,0,Approved,932000,2022-12-02,1,0
APP801474,CUST104072,2022-07-03,Home,Home Construction,10372000,12,10.27,109700,6500,3.0,1,Approved,7985000,2022-07-13,1,1
APP801475,CUST101619,2022-11-06,Education,Skill Certification,3418000,12,9.44,98000,26900,3.0,0,Rejected,0,2022-11-24,0,
APP801476,CUST101665,2022-10-23,Personal,Home Renovation,1297000,36,13.78,62100,4700,0.787,1,Approved,943000,2022-10-25,1,0
APP801477,CUST100079,2023-04-29,Personal,Debt Consolidation,1214000,60,18.51,93700,13600,0.478,0,Approved,1029000,2023-05-05,1,0
APP801478,CUST104510,2024-05-08,Education,Skill Certification,1335000,48,10.44,94800,30900,0.686,0,Approved,1167000,2024-05-10,1,0
APP801479,CUST100125,2022-07-18,Home,Plot Purchase,5133000,180,8.25,11800,2000,3.0,1,Rejected,0,2022-07-21,0,
APP801480,CUST103997,2022-09-25,Personal,Medical Emergency,375000,84,21.25,10000,100,0.871,0,Rejected,0,2022-10-14,0,
APP801481,CUST101609,2023-12-18,Personal,Home Renovation,917000,24,13.0,88600,16700,0.681,0,Approved,904000,2024-01-03,1,0
APP801482,CUST104194,2024-03-21,Personal,Wedding,1430000,60,20.54,21500,1800,1.864,0,Rejected,0,2024-03-31,0,
APP801483,CUST104755,2024-02-02,Personal,Debt Consolidation,1307000,36,18.47,62700,1000,0.774,0,Approved,1273000,2024-02-22,1,0
APP801484,CUST101423,2022-12-10,Education,Skill Certification,1634000,12,9.01,53100,11100,2.898,0,Rejected,0,2022-12-25,0,
APP801485,CUST103042,2022-12-08,Personal,Home Renovation,956000,24,15.25,85600,11600,0.679,0,Approved,837000,2022-12-24,1,1
APP801486,CUST100005,2022-10-20,Personal,Home Renovation,1221000,48,17.07,32100,400,1.113,0,Approved,890000,2022-11-02,1,0
APP801487,CUST102455,2023-06-01,Gold,Gold Loan,436000,12,11.9,46000,13200,1.129,1,Approved,429000,2023-06-13,1,0
APP801488,CUST102220,2023-04-06,Personal,Home Renovation,265000,12,12.63,42000,8600,0.768,1,Approved,259000,2023-04-20,1,0
APP801489,CUST100005,2023-11-19,Auto,Used Car,639000,60,10.42,32100,5000,0.584,1,Approved,449000,2023-12-06,1,0
APP801490,CUST102268,2023-01-05,Auto,New Car,544000,48,13.93,57700,11000,0.448,1,Approved,541000,2023-01-18,1,0
APP801491,CUST104761,2023-04-12,Business,Business Expansion,3337000,60,15.36,77800,4800,1.09,0,Rejected,0,2023-04-29,0,
APP801492,CUST103745,2022-12-20,Gold,Gold Loan,432000,24,10.14,27300,8200,1.033,1,Approved,413000,2022-12-30,1,0
APP801493,CUST100155,2024-01-30,Auto,New Car,1067000,84,13.15,45100,13100,0.723,1,Approved,1041000,2024-02-11,1,0
APP801494,CUST104509,2023-01-21,Business,Working Capital,2300000,48,17.36,21400,300,3.0,1,Rejected,0,2023-01-26,0,
APP801495,CUST101379,2023-04-01,Personal,Medical Emergency,300000,12,22.77,40600,3600,0.783,1,Rejected,0,2023-04-13,0,
APP801496,CUST100519,2022-08-11,Auto,Used Car,1544000,24,13.79,34400,11800,2.494,1,Rejected,0,2022-08-21,0,
APP801497,CUST101516,2023-07-26,Personal,Home Renovation,1327000,60,15.44,91300,3500,0.387,0,Approved,952000,2023-07-27,1,0
APP801498,CUST102935,2023-06-14,Personal,Wedding,1266000,36,14.94,51600,15300,1.145,0,Approved,1117000,2023-07-02,1,0
APP801499,CUST103438,2022-10-11,Auto,Used Car,2185000,48,9.22,42600,5300,1.405,1,Approved,2053000,2022-10-24,1,1
APP801500,CUST104571,2024-02-02,Personal,Medical Emergency,1055000,48,13.54,71900,15500,0.613,0,Rejected,0,2024-02-21,0,
APP801501,CUST104441,2022-12-30,Education,Higher Studies India,3270000,36,11.88,112500,21200,1.152,0,Approved,2350000,2023-01-04,1,1
APP801502,CUST103050,2024-04-15,Personal,Travel,877000,36,20.23,31900,3300,1.127,0,Rejected,0,2024-05-03,0,
APP801503,CUST100163,2022-11-01,Auto,Used Car,1530000,36,13.92,68800,200,0.762,1,Approved,1283000,2022-11-08,1,0
APP801504,CUST100493,2022-07-10,Auto,Two Wheeler,2434000,48,12.82,27000,8800,2.741,1,Rejected,0,2022-07-12,0,
APP801505,CUST102508,2024-06-27,Personal,Medical Emergency,1466000,48,14.88,48300,10600,1.063,0,Rejected,0,2024-07-04,0,
APP801506,CUST104226,2024-03-18,Personal,Travel,1335000,24,15.56,97400,6100,0.731,0,Approved,1093000,2024-03-25,1,0
APP801507,CUST101599,2022-10-03,Home,Balance Transfer,9319000,24,9.82,114200,1600,3.0,1,Approved,8744000,2022-10-11,1,1
APP801508,CUST103698,2023-07-08,Gold,Gold Loan,89000,24,12.31,10000,700,0.49,1,Rejected,0,2023-07-20,0,
APP801509,CUST100143,2022-12-09,Education,Skill Certification,1834000,48,11.86,106500,31300,0.746,0,Approved,1417000,2022-12-16,1,0
APP801510,CUST100302,2023-07-13,Home,Balance Transfer,11191000,180,8.86,66400,2000,1.727,1,Approved,8513000,2023-08-01,1,0
APP801511,CUST104028,2023-08-26,Personal,Travel,1211000,84,11.51,40200,4300,0.631,0,Approved,1101000,2023-08-29,1,0
APP801512,CUST104417,2023-02-17,Auto,New Car,2155000,12,12.73,56800,10500,3.0,1,Rejected,0,2023-03-04,0,
APP801513,CUST102685,2023-11-25,Personal,Medical Emergency,1337000,84,22.99,51000,11400,0.854,0,Approved,974000,2023-11-26,1,0
APP801514,CUST101330,2023-05-22,Personal,Travel,53000,24,22.79,38900,3900,0.172,0,Approved,39000,2023-06-04,1,0
APP801515,CUST101616,2024-03-02,Business,Equipment Purchase,6247000,24,12.72,47600,11000,3.0,0,Rejected,0,2024-03-17,0,
APP801516,CUST101583,2022-07-26,Home,Home Construction,10182000,240,9.28,14400,4500,3.0,1,Rejected,0,2022-08-02,0,
APP801517,CUST103850,2022-10-11,Gold,Gold Loan,787000,36,14.01,59800,16800,0.731,1,Rejected,0,2022-10-30,0,
APP801518,CUST102283,2023-12-16,Personal,Wedding,281000,48,21.19,76200,19200,0.367,0,Approved,230000,2024-01-05,1,0
APP801519,CUST102514,2024-01-15,Auto,New Car,1652000,36,13.28,34200,8500,1.883,1,Rejected,0,2024-01-21,0,
APP801520,CUST102644,2023-04-23,Business,Business Expansion,2510000,12,15.23,71800,9300,3.0,1,Rejected,0,2023-04-29,0,
APP801521,CUST103619,2023-07-10,Personal,Travel,209000,36,22.94,97800,10500,0.19,1,Approved,165000,2023-07-28,1,1
APP801522,CUST104866,2023-05-20,Auto,Used Car,1544000,84,12.04,28900,5900,1.148,1,Approved,1148000,2023-06-04,1,1
APP801523,CUST104047,2022-10-14,Auto,New Car,1477000,12,12.46,34700,10400,3.0,1,Rejected,0,2022-11-02,0,
APP801524,CUST100851,2024-02-07,Business,Working Capital,4660000,12,14.82,35900,12000,3.0,0,Rejected,0,2024-02-21,0,
APP801525,CUST103870,2023-01-02,Home,Plot Purchase,10031000,36,9.19,22900,4900,3.0,1,Rejected,0,2023-01-12,0,
APP801526,CUST104640,2023-09-08,Personal,Home Renovation,1063000,84,14.96,58300,100,0.353,0,Rejected,0,2023-09-10,0,
APP801527,CUST101541,2023-06-24,Home,Home Purchase,7400000,36,8.93,47900,2300,3.0,1,Rejected,0,2023-06-28,0,
APP801528,CUST103986,2023-06-11,Home,Balance Transfer,2350000,36,9.18,50200,2400,1.54,1,Rejected,0,2023-06-23,0,
APP801529,CUST103915,2023-01-05,Personal,Home Renovation,118000,60,15.26,51100,1800,0.09,0,Rejected,0,2023-01-17,0,
APP801530,CUST100058,2023-10-23,Education,Skill Certification,3578000,48,12.47,342800,83600,0.521,0,Approved,2650000,2023-10-27,1,0
APP801531,CUST101816,2022-11-07,Personal,Travel,242000,36,12.18,65300,13400,0.329,1,Approved,233000,2022-11-15,1,0
APP801532,CUST100454,2022-09-01,Personal,Travel,1404000,12,12.97,154100,28000,0.995,0,Approved,1369000,2022-09-13,1,0
APP801533,CUST102925,2022-07-07,Home,Balance Transfer,11040000,36,9.37,45200,2000,3.0,1,Rejected,0,2022-07-14,0,
APP801534,CUST102973,2024-03-15,Business,Equipment Purchase,3610000,60,15.02,24100,2600,3.0,0,Rejected,0,2024-03-25,0,
APP801535,CUST103204,2022-08-29,Personal,Medical Emergency,1332000,60,12.15,19800,6100,1.808,0,Approved,1119000,2022-09-13,1,1
APP801536,CUST100068,2022-10-20,Personal,Medical Emergency,779000,60,15.54,63500,10900,0.467,0,Rejected,0,2022-11-05,0,
APP801537,CUST102586,2022-12-13,Business,Equipment Purchase,2255000,48,17.45,17400,4800,3.0,0,Rejected,0,2022-12-26,0,
APP801538,CUST103428,2024-02-15,Personal,Medical Emergency,417000,24,15.48,10600,1200,2.023,0,Rejected,0,2024-03-06,0,
APP801539,CUST104684,2023-03-04,Gold,Gold Loan,504000,36,11.92,24600,1400,0.736,1,Rejected,0,2023-03-20,0,
APP801540,CUST100707,2023-05-04,Personal,Travel,390000,60,23.38,28800,1400,0.433,0,Approved,321000,2023-05-20,1,0
APP801541,CUST101155,2023-06-07,Gold,Gold Loan,280000,24,10.73,55100,11000,0.436,1,Approved,278000,2023-06-11,1,1
APP801542,CUST104663,2023-08-05,Business,Working Capital,1483000,60,18.63,10000,3100,3.0,0,Rejected,0,2023-08-06,0,
APP801543,CUST102337,2024-04-30,Home,Home Purchase,4106000,180,9.3,101200,6700,0.485,1,Approved,2975000,2024-05-06,1,0
APP801544,CUST103631,2022-12-30,Home,Plot Purchase,9146000,240,8.41,90700,22800,1.12,1,Rejected,0,2023-01-01,0,
APP801545,CUST103562,2023-09-22,Gold,Gold Loan,469000,24,9.21,26300,4100,0.972,1,Approved,340000,2023-09-26,1,0
APP801546,CUST103772,2023-11-24,Personal,Medical Emergency,917000,36,17.19,36800,8500,1.123,0,Rejected,0,2023-12-07,0,
APP801547,CUST103531,2023-04-03,Gold,Gold Loan,569000,24,13.39,63600,14200,0.65,1,Approved,408000,2023-04-14,1,0
APP801548,CUST104606,2023-11-21,Home,Home Purchase,4534000,240,8.61,61600,10600,0.817,1,Approved,3479000,2023-11-22,1,0
APP801549,CUST102944,2023-02-05,Auto,New Car,1840000,84,9.31,19000,2300,1.69,1,Rejected,0,2023-02-15,0,
APP801550,CUST101323,2024-01-04,Personal,Debt Consolidation,656000,12,14.32,76000,7700,0.877,0,Approved,598000,2024-01-19,1,0
APP801551,CUST103417,2023-05-13,Personal,Wedding,264000,24,21.35,35100,2800,0.468,0,Rejected,0,2023-05-16,0,
APP801552,CUST103085,2022-09-13,Business,Business Expansion,2603000,60,12.38,16200,800,3.0,0,Rejected,0,2022-09-23,0,
APP801553,CUST104534,2024-05-23,Home,Home Construction,4694000,240,8.44,58700,11100,0.88,1,Under Review,0,,0,
APP801554,CUST101848,2023-01-27,Personal,Home Renovation,227000,48,16.35,57100,19300,0.451,0,Approved,199000,2023-02-07,1,0
APP801555,CUST103538,2023-09-28,Auto,New Car,404000,36,11.24,15600,5400,1.2,1,Approved,295000,2023-10-17,1,0
APP801556,CUST102068,2023-08-31,Personal,Medical Emergency,1085000,84,11.0,21700,5600,1.115,0,Rejected,0,2023-09-03,0,
APP801557,CUST104637,2022-08-16,Home,Plot Purchase,9280000,240,9.36,60700,8500,1.551,1,Approved,6702000,2022-08-19,1,0
APP801558,CUST104424,2023-03-24,Business,Equipment Purchase,5071000,24,17.62,12600,2600,3.0,0,Rejected,0,2023-04-11,0,
APP801559,CUST101308,2022-09-11,Business,Equipment Purchase,3118000,36,19.89,155500,21400,0.881,1,Approved,2995000,2022-09-18,1,0
APP801560,CUST102792,2022-10-07,Personal,Wedding,693000,84,20.66,43600,10200,0.593,0,Approved,627000,2022-10-13,1,0
APP801561,CUST103597,2023-10-24,Auto,Used Car,857000,48,9.4,10000,1300,2.279,1,Rejected,0,2023-10-28,0,
APP801562,CUST103748,2022-10-13,Personal,Home Renovation,151000,48,22.19,19700,4700,0.48,0,Rejected,0,2022-10-29,0,
APP801563,CUST101752,2023-07-16,Personal,Home Renovation,1274000,24,21.25,62500,8800,1.191,0,Approved,1161000,2023-07-28,1,0
APP801564,CUST104536,2022-07-30,Auto,Two Wheeler,1303000,60,9.5,10100,3100,3.0,1,Rejected,0,2022-08-19,0,
APP801565,CUST102181,2024-02-12,Personal,Home Renovation,1011000,84,23.8,11800,600,2.162,0,Rejected,0,2024-02-21,0,
APP801566,CUST100558,2022-09-20,Auto,Two Wheeler,1386000,36,10.81,34400,10900,1.633,1,Rejected,0,2022-10-08,0,
APP801567,CUST100315,2023-02-06,Gold,Gold Loan,480000,12,14.86,112800,15300,0.519,1,Approved,438000,2023-02-24,1,1
APP801568,CUST100562,2023-08-09,Gold,Gold Loan,683000,36,14.7,42000,12200,0.852,1,Approved,670000,2023-08-18,1,1
APP801569,CUST102775,2023-07-22,Auto,New Car,2001000,84,12.97,24700,5900,1.711,1,Approved,1468000,2023-07-31,1,1
APP801570,CUST102913,2023-10-11,Personal,Wedding,401000,60,22.1,35100,5200,0.465,0,Rejected,0,2023-10-26,0,
APP801571,CUST102713,2022-11-09,Gold,Gold Loan,723000,12,10.89,71800,15900,1.11,1,Rejected,0,2022-11-28,0,
APP801572,CUST104175,2024-01-08,Auto,New Car,251000,24,11.98,31500,1800,0.432,1,Approved,229000,2024-01-15,1,0
APP801573,CUST102550,2023-03-04,Home,Plot Purchase,5588000,36,9.93,50700,1700,3.0,1,Rejected,0,2023-03-06,0,
APP801574,CUST103966,2023-09-29,Personal,Medical Emergency,61000,48,14.95,16300,4000,0.349,0,Approved,61000,2023-10-18,1,0
APP801575,CUST103646,2023-10-30,Home,Balance Transfer,10917000,24,9.68,68400,15500,3.0,1,Rejected,0,2023-11-01,0,
APP801576,CUST101935,2023-07-31,Business,Equipment Purchase,6693000,60,14.48,49100,13000,3.0,0,Rejected,0,2023-08-08,0,
APP801577,CUST102690,2023-11-04,Personal,Medical Emergency,1292000,48,11.66,59400,5300,0.658,0,Approved,994000,2023-11-06,1,0
APP801578,CUST100334,2023-10-03,Auto,Used Car,367000,48,9.19,26200,4400,0.519,1,Rejected,0,2023-10-08,0,
APP801579,CUST102804,2022-11-15,Education,Study Abroad,687000,36,11.18,51800,8200,0.594,0,Rejected,0,2022-11-17,0,
APP801580,CUST101664,2023-11-11,Business,Business Expansion,6924000,60,17.01,23000,300,3.0,0,Rejected,0,2023-11-12,0,
APP801581,CUST104109,2023-02-19,Personal,Wedding,1451000,84,15.49,35200,4500,0.935,0,Approved,1172000,2023-02-25,1,0
APP801582,CUST102747,2022-08-17,Personal,Home Renovation,712000,12,11.17,20500,2600,3.0,1,Rejected,0,2022-08-22,0,
APP801583,CUST104830,2024-06-11,Personal,Travel,85000,36,18.77,46200,5500,0.186,0,Approved,68000,2024-06-22,1,0
APP801584,CUST100323,2024-03-17,Personal,Home Renovation,1385000,84,15.36,26500,2600,1.118,0,Rejected,0,2024-03-24,0,
APP801585,CUST103651,2023-01-06,Gold,Gold Loan,476000,36,14.26,81900,19600,0.439,1,Approved,470000,2023-01-10,1,0
APP801586,CUST103104,2023-11-30,Education,Study Abroad,593000,24,9.63,38300,1100,0.741,0,Approved,571000,2023-12-15,1,0
APP801587,CUST104245,2022-07-30,Auto,Used Car,1907000,48,11.42,77100,9000,0.761,1,Approved,1460000,2022-08-17,1,0
APP801588,CUST100641,2023-11-28,Personal,Wedding,1429000,12,14.48,77400,13900,1.84,0,Approved,1400000,2023-11-30,1,0
APP801589,CUST104859,2023-04-22,Personal,Home Renovation,949000,24,21.74,73700,1600,0.688,0,Approved,905000,2023-05-05,1,0
APP801590,CUST102340,2023-01-22,Personal,Travel,1400000,48,22.76,65400,8000,0.806,0,Approved,1277000,2023-02-04,1,0
APP801591,CUST103610,2023-01-13,Personal,Medical Emergency,488000,24,19.28,10000,3500,2.817,0,Rejected,0,2023-01-23,0,
APP801592,CUST101763,2024-03-31,Education,Skill Certification,2776000,120,9.79,34000,1100,1.102,1,Approved,2724000,2024-04-13,1,0
APP801593,CUST101740,2022-12-28,Personal,Travel,283000,24,12.71,40600,1600,0.37,0,Approved,277000,2023-01-15,1,1
APP801594,CUST104208,2023-05-15,Business,Working Capital,5593000,48,15.37,20900,1500,3.0,1,Rejected,0,2023-05-26,0,
APP801595,CUST101092,2024-03-25,Personal,Home Renovation,174000,36,21.51,24000,6500,0.546,0,Rejected,0,2024-03-29,0,
APP801596,CUST104988,2022-09-05,Personal,Wedding,960000,24,11.13,47400,6700,1.087,0,Rejected,0,2022-09-07,0,
APP801597,CUST102290,2023-02-21,Personal,Debt Consolidation,884000,84,19.88,10000,500,2.007,0,Rejected,0,2023-02-23,0,
APP801598,CUST103909,2023-01-14,Education,Study Abroad,982000,60,9.64,37600,5400,0.695,0,Approved,826000,2023-01-26,1,0
APP801599,CUST104712,2022-08-13,Personal,Travel,1075000,36,15.17,13000,3900,3.0,0,Rejected,0,2022-09-02,0,
APP801600,CUST100241,2023-09-03,Personal,Home Renovation,836000,24,23.67,56800,8800,0.93,0,Approved,602000,2023-09-16,1,0
APP801601,CUST101182,2024-02-07,Business,Business Expansion,2029000,36,17.9,21000,4900,3.0,0,Rejected,0,2024-02-21,0,
APP801602,CUST103781,2022-08-07,Personal,Medical Emergency,122000,24,12.25,48100,2300,0.168,0,Approved,118000,2022-08-11,1,0
APP801603,CUST103327,2023-10-25,Personal,Debt Consolidation,165000,60,17.07,26800,4000,0.302,0,Approved,158000,2023-11-14,1,0
APP801604,CUST103219,2023-07-20,Home,Home Construction,10666000,36,9.55,29900,3500,3.0,1,Rejected,0,2023-07-29,0,
APP801605,CUST100940,2022-10-06,Education,Higher Studies India,3752000,12,12.69,33100,1900,3.0,0,Rejected,0,2022-10-20,0,
APP801606,CUST104864,2022-08-04,Gold,Gold Loan,241000,24,13.4,64400,21100,0.506,1,Approved,207000,2022-08-17,1,0
APP801607,CUST101344,2022-07-10,Gold,Gold Loan,197000,24,13.89,22700,4500,0.613,1,Approved,155000,2022-07-23,1,0
APP801608,CUST101149,2023-08-13,Personal,Home Renovation,1156000,36,13.83,41800,12400,1.24,0,Rejected,0,2023-08-28,0,
APP801609,CUST100906,2022-07-19,Personal,Wedding,332000,48,12.73,34300,9400,0.532,0,Approved,245000,2022-08-01,1,0
APP801610,CUST102850,2023-09-17,Gold,Gold Loan,606000,36,14.82,11600,2000,1.972,1,Rejected,0,2023-09-21,0,
APP801611,CUST102656,2022-10-23,Business,Equipment Purchase,4591000,84,17.63,18600,2300,3.0,0,Rejected,0,2022-11-06,0,
APP801612,CUST101440,2022-10-10,Auto,Used Car,1586000,12,9.25,34300,400,3.0,1,Rejected,0,2022-10-28,0,
APP801613,CUST104953,2023-12-12,Auto,New Car,1954000,36,11.45,18500,6200,3.0,1,Rejected,0,2023-12-13,0,
APP801614,CUST104484,2024-03-03,Business,Working Capital,361000,60,15.4,52500,9300,0.342,1,Approved,264000,2024-03-20,1,1
APP801615,CUST101992,2022-10-17,Gold,Gold Loan,377000,12,10.12,21800,7500,1.865,1,Rejected,0,2022-10-25,0,
APP801616,CUST100831,2023-03-28,Auto,Used Car,1924000,24,10.88,39900,800,2.263,1,Approved,1590000,2023-04-16,1,0
APP801617,CUST104844,2022-08-08,Auto,Two Wheeler,1464000,84,12.42,136700,6000,0.235,1,Approved,1251000,2022-08-25,1,0
APP801618,CUST104873,2023-10-10,Business,Equipment Purchase,3162000,36,14.01,37500,11100,3.0,0,Approved,2290000,2023-10-11,1,1
APP801619,CUST104825,2023-09-03,Business,Equipment Purchase,4717000,60,19.46,107400,4300,1.19,1,Approved,3635000,2023-09-16,1,0
APP801620,CUST104123,2022-11-02,Personal,Wedding,1111000,84,17.12,58100,6200,0.498,0,Rejected,0,2022-11-08,0,
APP801621,CUST104106,2024-05-17,Personal,Wedding,1081000,36,21.27,17200,5900,2.714,0,Rejected,0,2024-05-21,0,
APP801622,CUST101099,2023-04-01,Personal,Travel,1250000,36,23.52,55900,4200,0.947,0,Approved,911000,2023-04-05,1,0
APP801623,CUST102943,2023-12-27,Gold,Gold Loan,234000,24,9.24,80600,6800,0.217,1,Approved,210000,2024-01-14,1,0
APP801624,CUST104266,2023-08-05,Gold,Gold Loan,664000,12,10.18,26800,5700,2.394,1,Rejected,0,2023-08-24,0,
APP801625,CUST102636,2024-06-22,Business,Working Capital,4817000,36,16.6,47900,500,3.0,0,Under Review,0,,0,
APP801626,CUST101111,2024-03-29,Personal,Wedding,258000,24,12.14,54500,13400,0.469,0,Approved,191000,2024-04-18,1,0
APP801627,CUST102523,2023-09-11,Auto,Used Car,1053000,12,12.87,51500,13300,2.083,1,Rejected,0,2023-09-19,0,
APP801628,CUST100936,2022-09-05,Personal,Debt Consolidation,413000,24,15.6,10000,2100,2.224,0,Rejected,0,2022-09-06,0,
APP801629,CUST103669,2023-07-16,Education,Study Abroad,2274000,48,10.31,24800,6300,2.59,0,Approved,1736000,2023-07-21,1,0
APP801630,CUST102849,2023-09-23,Personal,Medical Emergency,91000,84,17.67,84800,8700,0.125,1,Approved,66000,2023-09-30,1,0
APP801631,CUST101788,2024-06-22,Education,Higher Studies India,2084000,36,9.62,103200,10300,0.748,0,Approved,1855000,2024-07-11,1,0
APP801632,CUST101881,2024-03-08,Personal,Home Renovation,1407000,48,20.39,36800,3700,1.273,0,Rejected,0,2024-03-25,0,
APP801633,CUST100704,2022-12-12,Auto,Two Wheeler,2347000,36,9.43,25300,500,2.984,1,Rejected,0,2022-12-17,0,
APP801634,CUST103215,2023-09-23,Personal,Wedding,859000,36,18.92,12200,3200,2.844,1,Rejected,0,2023-09-25,0,
APP801635,CUST100260,2023-07-29,Personal,Travel,561000,36,20.01,40200,9600,0.757,0,Rejected,0,2023-08-02,0,
APP801636,CUST103945,2023-02-26,Home,Home Construction,9560000,84,9.86,18800,1500,3.0,1,Rejected,0,2023-03-13,0,
APP801637,CUST103242,2023-06-17,Gold,Gold Loan,760000,24,12.02,31900,1400,1.167,1,Rejected,0,2023-07-06,0,
APP801638,CUST104100,2023-02-10,Personal,Medical Emergency,681000,36,21.03,16400,3200,1.76,0,Rejected,0,2023-02-15,0,
APP801639,CUST101413,2023-12-27,Personal,Travel,660000,48,16.89,36900,9800,0.781,0,Rejected,0,2024-01-02,0,
APP801640,CUST104197,2024-04-17,Auto,Two Wheeler,1880000,24,11.53,28900,9400,3.0,1,Rejected,0,2024-04-28,0,
APP801641,CUST100787,2023-12-15,Business,Business Expansion,983000,12,14.62,20300,5700,3.0,0,Rejected,0,2023-12-22,0,
APP801642,CUST100714,2023-06-24,Personal,Debt Consolidation,1024000,12,15.63,71700,21900,1.599,0,Rejected,0,2023-06-27,0,
APP801643,CUST101387,2022-09-23,Personal,Wedding,1117000,36,20.32,22600,7600,2.179,0,Rejected,0,2022-09-30,0,
APP801644,CUST104311,2023-07-06,Personal,Medical Emergency,542000,60,16.81,18600,600,0.752,0,Approved,478000,2023-07-11,1,1
APP801645,CUST104757,2024-03-26,Personal,Medical Emergency,337000,36,20.48,84200,20800,0.397,0,Approved,317000,2024-04-10,1,0
APP801646,CUST102709,2022-07-11,Personal,Home Renovation,1139000,24,14.96,64200,16100,1.111,0,Approved,841000,2022-07-25,1,0
APP801647,CUST100345,2023-08-07,Education,Study Abroad,1507000,36,10.45,40700,8400,1.409,1,Rejected,0,2023-08-11,0,
APP801648,CUST104862,2022-08-16,Gold,Gold Loan,769000,36,12.05,22000,2700,1.286,1,Rejected,0,2022-08-24,0,
APP801649,CUST100072,2022-10-21,Auto,New Car,1160000,48,13.95,48300,3900,0.737,1,Approved,1103000,2022-10-22,1,0
APP801650,CUST101005,2022-11-02,Business,Equipment Purchase,698000,84,14.13,76100,26200,0.517,0,Approved,496000,2022-11-10,1,1
APP801651,CUST103271,2024-02-14,Auto,Used Car,782000,84,11.44,20200,4900,0.917,1,Rejected,0,2024-02-25,0,
APP801652,CUST103259,2024-02-12,Auto,Two Wheeler,1981000,84,12.59,20700,7000,2.06,1,Approved,1600000,2024-02-26,1,0
APP801653,CUST104881,2022-08-30,Personal,Debt Consolidation,178000,60,14.37,49500,16600,0.42,1,Approved,174000,2022-09-03,1,0
APP801654,CUST101781,2023-10-25,Education,Study Abroad,2973000,84,10.1,50700,13300,1.239,1,Rejected,0,2023-11-05,0,
APP801655,CUST103023,2023-08-01,Auto,Two Wheeler,813000,24,13.94,50100,8000,0.938,1,Rejected,0,2023-08-19,0,
APP801656,CUST104881,2022-10-30,Education,Higher Studies India,3941000,36,9.93,49500,2500,2.617,1,Approved,3145000,2022-11-15,1,1
APP801657,CUST100276,2024-06-29,Auto,Used Car,371000,12,9.03,36800,10500,1.167,1,Under Review,0,,0,
APP801658,CUST103669,2024-02-02,Personal,Wedding,585000,48,23.45,24800,4400,0.938,0,Approved,581000,2024-02-10,1,0
APP801659,CUST104079,2023-10-09,Personal,Medical Emergency,702000,48,21.76,16400,800,1.39,0,Rejected,0,2023-10-28,0,
APP801660,CUST104784,2023-11-10,Personal,Debt Consolidation,809000,36,23.89,64300,15300,0.73,0,Approved,606000,2023-11-11,1,1
APP801661,CUST100527,2023-04-15,Business,Working Capital,2226000,60,18.06,34000,6800,1.867,0,Rejected,0,2023-05-01,0,
APP801662,CUST102390,2023-06-01,Auto,Two Wheeler,1284000,48,12.51,18100,4600,2.145,1,Rejected,0,2023-06-21,0,
APP801663,CUST100208,2023-11-19,Home,Plot Purchase,9583000,12,9.02,111400,22700,3.0,1,Rejected,0,2023-11-22,0,
APP801664,CUST102668,2023-06-27,Personal,Travel,359000,12,17.88,24200,3800,1.514,0,Rejected,0,2023-06-29,0,
APP801665,CUST100309,2024-03-23,Business,Equipment Purchase,4381000,60,12.47,126400,9300,0.853,0,Approved,3527000,2024-03-26,1,0
APP801666,CUST100622,2024-05-15,Home,Balance Transfer,3832000,240,8.62,38400,4300,0.984,1,Approved,3689000,2024-06-01,1,1
APP801667,CUST103330,2024-01-02,Auto,New Car,708000,84,13.23,35600,8200,0.595,1,Approved,540000,2024-01-15,1,0
APP801668,CUST102544,2023-03-16,Auto,Two Wheeler,278000,36,10.45,29000,1300,0.356,1,Approved,217000,2023-03-31,1,0
APP801669,CUST104669,2023-05-22,Education,Skill Certification,1817000,84,9.86,19200,800,1.604,0,Rejected,0,2023-06-09,0,
APP801670,CUST102945,2022-08-17,Business,Equipment Purchase,4699000,12,14.21,40500,9900,3.0,0,Rejected,0,2022-08-19,0,
APP801671,CUST101839,2022-11-18,Personal,Medical Emergency,1497000,12,22.32,49200,11500,3.0,0,Rejected,0,2022-12-03,0,
APP801672,CUST101409,2022-10-22,Business,Equipment Purchase,2835000,24,19.22,54200,18400,2.983,0,Rejected,0,2022-10-24,0,
APP801673,CUST100829,2023-11-30,Personal,Travel,1349000,48,11.23,63700,20700,0.875,0,Rejected,0,2023-12-15,0,
APP801674,CUST101508,2022-08-10,Personal,Travel,1353000,84,22.86,30900,900,1.077,0,Rejected,0,2022-08-13,0,
APP801675,CUST103636,2024-02-23,Personal,Travel,1272000,36,12.75,98300,13700,0.574,0,Approved,1188000,2024-02-28,1,0
APP801676,CUST103051,2023-03-12,Business,Working Capital,2769000,48,15.8,37800,9200,2.309,0,Rejected,0,2023-03-15,0,
APP801677,CUST102091,2023-03-31,Business,Equipment Purchase,6466000,48,12.67,60500,12000,3.0,0,Rejected,0,2023-04-13,0,
APP801678,CUST100248,2024-06-21,Personal,Medical Emergency,846000,84,23.44,46700,13000,0.72,0,Under Review,0,,0,
APP801679,CUST104927,2023-08-01,Auto,Used Car,1153000,12,9.15,37200,2400,2.777,1,Rejected,0,2023-08-07,0,
APP801680,CUST100864,2023-09-22,Auto,Used Car,432000,24,13.32,23200,3200,1.027,1,Approved,418000,2023-10-08,1,0
APP801681,CUST101274,2023-04-03,Home,Home Construction,9670000,24,9.91,57900,13200,3.0,1,Rejected,0,2023-04-12,0,
APP801682,CUST104345,2023-10-07,Business,Business Expansion,3852000,24,14.47,26000,5900,3.0,0,Rejected,0,2023-10-11,0,
APP801683,CUST103540,2022-12-24,Personal,Travel,858000,84,16.28,64200,0,0.268,0,Rejected,0,2022-12-26,0,
APP801684,CUST104296,2022-12-06,Auto,Two Wheeler,2028000,60,11.62,75100,7900,0.701,1,Approved,1643000,2022-12-18,1,0
APP801685,CUST100169,2023-02-06,Business,Business Expansion,5585000,24,13.65,70200,8200,3.0,1,Rejected,0,2023-02-09,0,
APP801686,CUST103226,2023-12-04,Business,Equipment Purchase,4367000,12,19.07,19800,6900,3.0,0,Rejected,0,2023-12-09,0,
APP801687,CUST101198,2024-05-22,Personal,Travel,1046000,48,13.08,31700,6700,1.097,0,Under Review,0,,0,
APP801688,CUST102750,2022-12-14,Personal,Home Renovation,264000,36,14.59,27600,2000,0.401,0,Approved,239000,2022-12-21,1,0
APP801689,CUST102152,2023-03-08,Business,Equipment Purchase,4821000,24,17.8,45300,3300,3.0,0,Approved,4532000,2023-03-25,1,1
APP801690,CUST100239,2022-07-04,Home,Home Purchase,4346000,48,9.53,81500,26300,1.662,1,Approved,4163000,2022-07-06,1,0
APP801691,CUST103439,2022-08-11,Auto,Two Wheeler,1457000,60,13.69,38500,7500,1.07,1,Rejected,0,2022-08-14,0,
APP801692,CUST102789,2022-08-08,Personal,Wedding,1135000,60,22.82,121800,29600,0.505,0,Approved,960000,2022-08-14,1,0
APP801693,CUST103013,2024-04-30,Education,Skill Certification,893000,60,12.42,37600,2000,0.586,1,Approved,859000,2024-05-06,1,0
APP801694,CUST101456,2023-07-05,Personal,Wedding,924000,12,13.76,70700,300,1.176,0,Approved,675000,2023-07-17,1,1
APP801695,CUST104286,2023-01-28,Home,Balance Transfer,9658000,60,9.79,67400,23100,3.0,1,Rejected,0,2023-01-30,0,
APP801696,CUST100867,2022-10-02,Auto,Two Wheeler,1041000,48,13.08,29300,5900,1.156,1,Rejected,0,2022-10-03,0,
APP801697,CUST104038,2023-04-21,Business,Working Capital,2999000,24,19.54,29900,900,3.0,0,Rejected,0,2023-05-04,0,
APP801698,CUST104763,2023-05-01,Auto,Two Wheeler,927000,36,12.29,24300,3200,1.402,1,Approved,678000,2023-05-08,1,1
APP801699,CUST103703,2022-12-07,Home,Balance Transfer,4266000,240,8.24,136000,16100,0.385,1,Approved,3257000,2022-12-26,1,0
APP801700,CUST100023,2023-05-07,Business,Business Expansion,6459000,48,13.67,37200,10400,3.0,0,Rejected,0,2023-05-27,0,
APP801701,CUST101875,2023-08-18,Home,Plot Purchase,11676000,180,8.69,39400,4400,3.0,1,Rejected,0,2023-09-05,0,
APP801702,CUST101279,2024-01-04,Personal,Medical Emergency,1168000,60,13.01,119500,5900,0.272,0,Approved,849000,2024-01-23,1,0
APP801703,CUST102818,2022-11-06,Personal,Travel,111000,60,13.22,110600,30500,0.299,0,Approved,111000,2022-11-10,1,0
APP801704,CUST104799,2022-12-09,Personal,Travel,60000,48,14.41,29600,4100,0.194,0,Approved,52000,2022-12-10,1,0
APP801705,CUST104054,2022-11-22,Personal,Medical Emergency,1366000,12,13.38,39500,1100,3.0,0,Approved,1134000,2022-12-11,1,1
APP801706,CUST100986,2023-12-06,Personal,Medical Emergency,1331000,36,22.57,19400,3200,2.798,0,Rejected,0,2023-12-25,0,
APP801707,CUST104855,2024-02-08,Personal,Travel,313000,12,18.5,70100,5900,0.495,1,Approved,269000,2024-02-09,1,1
APP801708,CUST103603,2024-05-01,Personal,Travel,192000,60,21.3,45400,4500,0.214,1,Approved,166000,2024-05-15,1,1
APP801709,CUST103859,2023-02-04,Auto,New Car,912000,84,11.12,93300,27200,0.459,1,Approved,741000,2023-02-23,1,0
APP801710,CUST100864,2022-10-29,Auto,Two Wheeler,2174000,48,11.9,23200,1700,2.54,1,Rejected,0,2022-11-09,0,
APP801711,CUST100602,2023-08-19,Auto,Two Wheeler,1023000,48,12.75,36700,11200,1.049,1,Approved,854000,2023-08-31,1,0
APP801712,CUST103975,2022-10-20,Personal,Wedding,724000,24,22.95,63500,10100,0.756,1,Rejected,0,2022-10-24,0,
APP801713,CUST101397,2022-12-12,Gold,Gold Loan,595000,12,12.82,29400,4500,1.96,1,Approved,478000,2022-12-19,1,0
APP801714,CUST102201,2023-12-03,Personal,Medical Emergency,314000,60,20.08,10000,1300,0.963,1,Approved,239000,2023-12-14,1,0
APP801715,CUST104940,2023-11-01,Gold,Gold Loan,153000,24,12.26,10200,1200,0.822,1,Rejected,0,2023-11-09,0,
APP801716,CUST104107,2023-10-15,Home,Home Purchase,7837000,240,8.8,110800,23800,0.842,1,Approved,6413000,2023-10-18,1,1
APP801717,CUST101049,2023-08-03,Gold,Gold Loan,458000,36,14.09,40400,4400,0.497,1,Approved,361000,2023-08-05,1,0
APP801718,CUST103004,2023-01-12,Personal,Home Renovation,150000,36,22.66,28500,7700,0.473,0,Rejected,0,2023-01-26,0,
APP801719,CUST101306,2024-03-01,Gold,Gold Loan,93000,36,13.91,35600,6400,0.269,1,Approved,87000,2024-03-14,1,0
APP801720,CUST101243,2023-02-16,Education,Skill Certification,1207000,24,10.83,10000,100,3.0,1,Rejected,0,2023-03-03,0,
APP801721,CUST103345,2024-05-15,Personal,Home Renovation,212000,24,15.31,35300,4000,0.406,0,Approved,198000,2024-05-16,1,1
APP801722,CUST104479,2023-01-27,Personal,Home Renovation,532000,24,20.33,24000,7900,1.464,0,Rejected,0,2023-02-08,0,
APP801723,CUST103216,2023-11-12,Home,Home Construction,3454000,36,8.33,132100,500,0.827,1,Rejected,0,2023-11-28,0,
APP801724,CUST102582,2023-02-10,Business,Working Capital,1187000,36,18.4,54400,5800,0.901,0,Approved,1136000,2023-02-12,1,1
APP801725,CUST101690,2023-03-23,Personal,Wedding,1218000,36,14.64,67000,15400,0.857,0,Approved,1180000,2023-04-09,1,0
APP801726,CUST103053,2022-09-27,Auto,Used Car,695000,84,9.34,43200,10900,0.514,1,Rejected,0,2022-10-12,0,
APP801727,CUST102523,2023-08-07,Home,Balance Transfer,4897000,120,10.45,51500,2400,1.327,1,Rejected,0,2023-08-09,0,
APP801728,CUST100299,2023-01-24,Home,Home Purchase,3794000,48,10.15,17600,6100,3.0,1,Rejected,0,2023-02-04,0,
APP801729,CUST103560,2023-11-28,Auto,Used Car,693000,24,12.03,84000,16400,0.584,1,Approved,501000,2023-11-29,1,0
APP801730,CUST102065,2024-01-05,Personal,Home Renovation,1104000,48,17.44,77600,10600,0.55,0,Approved,780000,2024-01-11,1,0
APP801731,CUST100189,2023-05-30,Business,Business Expansion,6849000,48,13.5,34500,3100,3.0,0,Rejected,0,2023-06-18,0,
APP801732,CUST102682,2024-05-16,Auto,Used Car,461000,84,11.52,34200,10900,0.554,1,Under Review,0,,0,
APP801733,CUST103767,2023-08-12,Personal,Debt Consolidation,724000,84,14.61,32500,2600,0.504,0,Approved,519000,2023-08-19,1,1
APP801734,CUST100112,2023-12-19,Gold,Gold Loan,794000,12,13.94,24600,7200,3.0,1,Rejected,0,2024-01-02,0,
APP801735,CUST101167,2023-08-24,Business,Equipment Purchase,5665000,84,15.75,76500,4900,1.525,0,Rejected,0,2023-09-02,0,
APP801736,CUST100196,2023-10-07,Gold,Gold Loan,403000,24,10.51,16600,4400,1.392,1,Approved,315000,2023-10-10,1,0
APP801737,CUST104283,2023-09-01,Auto,Used Car,1221000,84,11.91,19700,4000,1.293,1,Rejected,0,2023-09-08,0,
APP801738,CUST101658,2022-11-15,Business,Working Capital,6000000,36,13.58,37700,8100,3.0,1,Rejected,0,2022-11-20,0,
APP801739,CUST100066,2023-12-05,Education,Skill Certification,3340000,24,12.34,33200,5300,3.0,0,Rejected,0,2023-12-25,0,
APP801740,CUST103247,2022-07-31,Education,Study Abroad,3670000,60,9.74,66500,1900,1.194,1,Rejected,0,2022-08-16,0,
APP801741,CUST103025,2022-11-21,Personal,Medical Emergency,1429000,36,23.06,56000,8100,1.133,0,Approved,1249000,2022-12-02,1,0
APP801742,CUST100268,2024-02-09,Home,Plot Purchase,11937000,240,9.49,20000,5500,3.0,1,Rejected,0,2024-02-16,0,
APP801743,CUST102160,2022-11-04,Home,Plot Purchase,6075000,240,8.65,35700,5700,1.651,1,Rejected,0,2022-11-09,0,
APP801744,CUST101987,2022-10-19,Personal,Home Renovation,992000,24,16.91,26500,7500,2.13,0,Rejected,0,2022-10-22,0,
APP801745,CUST102744,2022-11-10,Home,Balance Transfer,10256000,60,8.06,49200,9000,3.0,1,Rejected,0,2022-11-26,0,
APP801746,CUST102116,2022-10-17,Home,Plot Purchase,6978000,180,8.57,55200,9700,1.426,1,Approved,5244000,2022-10-30,1,0
APP801747,CUST100521,2023-03-23,Auto,New Car,1787000,36,13.44,25700,2000,2.438,1,Rejected,0,2023-03-30,0,
APP801748,CUST104599,2024-01-18,Education,Skill Certification,1232000,84,10.74,117200,2800,0.202,0,Approved,1222000,2024-02-01,1,0
APP801749,CUST102139,2023-03-12,Personal,Travel,972000,60,12.57,41700,1400,0.559,0,Rejected,0,2023-03-17,0,
APP801750,CUST104331,2024-05-19,Home,Home Purchase,7250000,60,9.07,39500,7100,3.0,1,Rejected,0,2024-05-29,0,
APP801751,CUST103982,2023-01-22,Auto,Used Car,648000,60,11.25,39300,1300,0.393,1,Approved,562000,2023-01-23,1,0
APP801752,CUST104662,2024-02-27,Business,Working Capital,4533000,84,17.31,50900,9200,2.016,0,Approved,4457000,2024-03-14,1,0
APP801753,CUST102253,2023-04-05,Gold,Gold Loan,480000,36,12.51,34700,1700,0.511,1,Rejected,0,2023-04-16,0,
APP801754,CUST102150,2022-07-30,Personal,Debt Consolidation,1187000,36,21.2,77200,500,0.587,0,Approved,1133000,2022-08-13,1,0
APP801755,CUST104194,2024-06-08,Home,Plot Purchase,6146000,24,9.74,21500,1200,3.0,1,Rejected,0,2024-06-21,0,
APP801756,CUST101874,2023-01-28,Personal,Travel,272000,84,16.48,30400,2400,0.26,0,Approved,245000,2023-02-11,1,0
APP801757,CUST103265,2022-09-04,Auto,Used Car,338000,36,12.52,16800,4400,0.934,1,Approved,305000,2022-09-20,1,1
APP801758,CUST103507,2023-01-13,Business,Working Capital,1301000,12,12.54,91200,19100,1.48,0,Rejected,0,2023-01-25,0,
APP801759,CUST100066,2023-08-01,Home,Home Construction,4100000,180,9.21,33200,6500,1.465,1,Approved,3186000,2023-08-05,1,1
APP801760,CUST100522,2023-12-31,Home,Home Purchase,7307000,24,8.78,70000,21500,3.0,1,Rejected,0,2024-01-08,0,
APP801761,CUST104742,2023-06-09,Education,Study Abroad,1331000,12,11.77,29600,9500,3.0,0,Rejected,0,2023-06-16,0,
APP801762,CUST104417,2023-04-17,Gold,Gold Loan,677000,24,11.39,56800,15700,0.834,1,Rejected,0,2023-04-30,0,
APP801763,CUST102023,2023-07-11,Auto,New Car,1789000,60,12.7,43500,13600,1.241,1,Approved,1424000,2023-07-27,1,0
APP801764,CUST100885,2022-09-13,Personal,Debt Consolidation,1312000,84,13.92,60800,10500,0.576,0,Approved,992000,2022-09-25,1,0
APP801765,CUST101473,2023-01-30,Education,Study Abroad,2480000,60,12.58,67200,2500,0.868,0,Rejected,0,2023-02-06,0,
APP801766,CUST100702,2022-11-28,Personal,Home Renovation,605000,36,22.58,34100,10700,0.996,0,Approved,446000,2022-12-14,1,0
APP801767,CUST102386,2023-08-22,Personal,Home Renovation,410000,12,20.32,64800,200,0.59,0,Approved,363000,2023-08-24,1,0
APP801768,CUST102195,2023-06-13,Home,Plot Purchase,3848000,12,9.36,28200,2000,3.0,1,Rejected,0,2023-06-14,0,
APP801769,CUST102447,2024-05-31,Auto,Used Car,2033000,24,13.79,30900,1300,3.0,1,Rejected,0,2024-06-04,0,
APP801770,CUST102461,2024-04-24,Business,Business Expansion,5453000,12,17.2,25500,4600,3.0,0,Rejected,0,2024-04-25,0,
APP801771,CUST103101,2023-10-05,Gold,Gold Loan,129000,12,9.7,30100,5200,0.55,1,Approved,90000,2023-10-08,1,0
APP801772,CUST101955,2022-09-03,Auto,Two Wheeler,482000,60,9.12,125500,27400,0.298,1,Approved,452000,2022-09-04,1,0
APP801773,CUST100236,2023-12-20,Education,Study Abroad,2723000,36,12.21,101500,35100,1.239,1,Approved,2386000,2024-01-06,1,0
APP801774,CUST103837,2023-09-26,Home,Balance Transfer,8670000,12,8.72,37100,5700,3.0,1,Rejected,0,2023-10-09,0,
APP801775,CUST100567,2024-06-09,Personal,Home Renovation,1042000,60,17.36,10900,2700,2.646,0,Under Review,0,,0,
APP801776,CUST104014,2023-12-24,Personal,Home Renovation,597000,24,19.3,49800,8800,0.783,0,Approved,426000,2024-01-07,1,0
APP801777,CUST103879,2023-11-22,Education,Skill Certification,1448000,48,10.39,47400,12800,1.051,1,Approved,1403000,2023-11-28,1,0
APP801778,CUST102962,2023-02-26,Personal,Debt Consolidation,1196000,84,16.84,36800,2300,0.724,0,Approved,867000,2023-03-01,1,0
APP801779,CUST104702,2022-10-18,Business,Business Expansion,6876000,12,19.9,15100,2200,3.0,0,Rejected,0,2022-11-01,0,
APP801780,CUST100931,2023-01-02,Auto,Used Car,2339000,84,11.58,44800,1600,0.946,1,Rejected,0,2023-01-13,0,
APP801781,CUST104103,2023-08-02,Home,Plot Purchase,7482000,24,9.09,36800,8600,3.0,1,Rejected,0,2023-08-07,0,
APP801782,CUST100284,2023-03-08,Personal,Home Renovation,473000,48,13.69,36300,7600,0.563,0,Approved,367000,2023-03-23,1,1
APP801783,CUST103919,2024-02-20,Education,Skill Certification,459000,24,9.47,16700,5700,1.603,0,Approved,344000,2024-03-05,1,1
APP801784,CUST102787,2022-08-08,Personal,Debt Consolidation,230000,12,18.55,45000,2600,0.528,0,Approved,172000,2022-08-12,1,0
APP801785,CUST102329,2024-04-22,Auto,Used Car,2069000,24,10.13,34800,3600,2.85,1,Rejected,0,2024-05-01,0,
APP801786,CUST101050,2024-05-11,Personal,Medical Emergency,995000,48,22.92,36200,9000,1.13,0,Rejected,0,2024-05-18,0,
APP801787,CUST104839,2024-04-02,Personal,Debt Consolidation,944000,48,22.19,45200,3000,0.726,0,Approved,721000,2024-04-04,1,0
APP801788,CUST102499,2023-07-07,Personal,Wedding,1280000,84,21.49,43800,1100,0.701,0,Approved,1221000,2023-07-19,1,0
APP801789,CUST100884,2023-12-25,Gold,Gold Loan,628000,24,11.48,101400,35100,0.636,1,Approved,441000,2024-01-03,1,0
APP801790,CUST100735,2022-11-18,Auto,New Car,651000,12,11.43,41200,4500,1.507,1,Rejected,0,2022-11-23,0,
APP801791,CUST104606,2023-02-03,Auto,Two Wheeler,2132000,24,12.85,61600,1600,1.67,1,Approved,2073000,2023-02-20,1,1
APP801792,CUST100942,2022-07-20,Business,Business Expansion,3303000,48,17.28,76300,13700,1.435,0,Approved,2934000,2022-07-30,1,0
APP801793,CUST101212,2023-04-13,Personal,Home Renovation,1385000,84,18.99,51800,2300,0.622,0,Approved,1213000,2023-04-25,1,0
APP801794,CUST102946,2023-10-17,Personal,Medical Emergency,519000,12,13.28,58000,16900,1.093,0,Rejected,0,2023-10-30,0,
APP801795,CUST100225,2023-09-30,Auto,New Car,626000,84,12.0,69100,11300,0.323,1,Approved,523000,2023-10-13,1,0
APP801796,CUST102625,2023-06-07,Education,Skill Certification,3454000,24,9.82,38700,5700,3.0,0,Rejected,0,2023-06-17,0,
APP801797,CUST102404,2023-05-23,Gold,Gold Loan,129000,24,12.41,146900,7000,0.089,1,Approved,119000,2023-05-25,1,1
APP801798,CUST102894,2022-11-02,Education,Higher Studies India,2546000,84,9.89,34100,2100,1.298,0,Rejected,0,2022-11-19,0,
APP801799,CUST100633,2023-08-21,Auto,Two Wheeler,1013000,48,10.92,12800,2100,2.208,1,Rejected,0,2023-09-04,0,
APP801800,CUST104903,2024-04-11,Personal,Home Renovation,647000,60,13.45,31400,6000,0.664,0,Approved,645000,2024-04-30,1,0
APP801801,CUST101997,2023-03-08,Education,Skill Certification,3906000,36,10.04,71000,2400,1.809,1,Approved,3829000,2023-03-17,1,0
APP801802,CUST102284,2024-02-16,Auto,Two Wheeler,1496000,84,12.34,29700,2300,0.976,1,Rejected,0,2024-02-17,0,
APP801803,CUST102747,2023-07-18,Auto,New Car,1836000,48,12.57,20500,700,2.422,1,Rejected,0,2023-08-02,0,
APP801804,CUST100267,2022-07-02,Personal,Wedding,479000,36,14.22,22000,5000,0.972,0,Approved,386000,2022-07-20,1,0
APP801805,CUST103876,2022-08-21,Gold,Gold Loan,638000,12,14.98,19700,2400,3.0,1,Rejected,0,2022-09-03,0,
APP801806,CUST102184,2024-02-17,Business,Business Expansion,3906000,48,13.81,32000,7300,3.0,0,Approved,3110000,2024-03-04,1,1
APP801807,CUST101023,2023-04-01,Business,Equipment Purchase,1935000,12,15.4,27900,5400,3.0,0,Rejected,0,2023-04-16,0,
APP801808,CUST104242,2022-10-07,Home,Home Construction,8241000,84,9.51,68500,7700,2.081,1,Approved,6233000,2022-10-10,1,1
APP801809,CUST101527,2023-09-21,Auto,Two Wheeler,1691000,60,12.47,39600,7600,1.152,1,Rejected,0,2023-09-30,0,
APP801810,CUST103857,2023-09-14,Gold,Gold Loan,237000,12,11.43,190400,32000,0.278,1,Approved,172000,2023-09-29,1,0
APP801811,CUST104576,2023-10-26,Auto,Used Car,2172000,12,10.14,11700,3300,3.0,1,Rejected,0,2023-11-09,0,
APP801812,CUST104020,2024-03-01,Gold,Gold Loan,360000,36,12.17,69700,17100,0.417,1,Rejected,0,2024-03-06,0,
APP801813,CUST103036,2023-05-29,Business,Working Capital,4251000,48,13.67,30700,2600,3.0,0,Rejected,0,2023-06-13,0,
APP801814,CUST101225,2023-04-14,Home,Home Construction,6233000,36,8.19,26400,6000,3.0,1,Rejected,0,2023-04-29,0,
APP801815,CUST100831,2023-08-16,Business,Equipment Purchase,1051000,60,15.06,39900,9200,0.857,1,Approved,971000,2023-08-25,1,0
APP801816,CUST104101,2023-12-22,Personal,Medical Emergency,1423000,48,20.15,44800,12000,1.237,0,Approved,1291000,2023-12-28,1,0
APP801817,CUST104210,2023-07-07,Education,Skill Certification,1053000,60,10.37,20000,1100,1.183,0,Rejected,0,2023-07-11,0,
APP801818,CUST101265,2024-04-28,Personal,Medical Emergency,833000,48,19.75,22700,700,1.141,0,Rejected,0,2024-05-06,0,
APP801819,CUST103766,2024-05-20,Personal,Medical Emergency,1067000,24,22.13,68600,23900,1.157,0,Approved,818000,2024-05-27,1,0
APP801820,CUST101762,2023-09-27,Business,Business Expansion,2785000,60,14.86,41000,1900,1.658,0,Rejected,0,2023-10-03,0,
APP801821,CUST102652,2023-01-22,Personal,Debt Consolidation,982000,84,12.22,64000,14900,0.505,0,Approved,961000,2023-02-07,1,0
APP801822,CUST104268,2022-11-19,Business,Business Expansion,747000,48,19.32,27500,2500,0.909,1,Approved,538000,2022-12-04,1,0
APP801823,CUST104070,2024-06-15,Personal,Medical Emergency,761000,84,12.41,116500,31400,0.386,0,Approved,554000,2024-07-02,1,1
APP801824,CUST103945,2023-06-21,Home,Plot Purchase,8720000,60,8.27,18800,4600,3.0,1,Rejected,0,2023-07-04,0,
APP801825,CUST104720,2024-01-27,Home,Home Purchase,1910000,84,8.83,47300,8200,0.82,1,Approved,1820000,2024-02-12,1,0
APP801826,CUST104697,2022-11-01,Home,Plot Purchase,10225000,60,9.01,23100,500,3.0,1,Rejected,0,2022-11-12,0,
APP801827,CUST102453,2022-08-12,Business,Business Expansion,5331000,24,19.25,35300,1800,3.0,0,Rejected,0,2022-08-23,0,
APP801828,CUST103296,2023-12-15,Gold,Gold Loan,493000,36,14.95,62400,6400,0.376,1,Approved,404000,2023-12-22,1,0
APP801829,CUST104959,2023-08-28,Personal,Medical Emergency,1309000,12,19.41,11900,2100,3.0,0,Rejected,0,2023-09-12,0,
APP801830,CUST103048,2022-12-07,Gold,Gold Loan,77000,24,11.65,23600,8200,0.5,1,Rejected,0,2022-12-27,0,
APP801831,CUST102220,2024-03-21,Education,Skill Certification,3431000,24,11.09,42000,4600,3.0,0,Rejected,0,2024-04-03,0,
APP801832,CUST102621,2024-05-16,Personal,Travel,884000,24,17.86,45000,12600,1.259,0,Rejected,0,2024-05-18,0,
APP801833,CUST104022,2023-02-05,Education,Higher Studies India,944000,60,9.97,17200,4400,1.418,0,Rejected,0,2023-02-18,0,
APP801834,CUST103502,2022-11-18,Education,Study Abroad,1829000,36,12.96,40100,7700,1.728,1,Approved,1425000,2022-11-23,1,0
APP801835,CUST100271,2023-09-21,Personal,Debt Consolidation,475000,48,16.87,58600,2000,0.268,0,Approved,421000,2023-09-23,1,0
APP801836,CUST101075,2024-03-10,Personal,Wedding,358000,48,23.55,40800,600,0.298,1,Approved,296000,2024-03-17,1,0
APP801837,CUST102196,2022-08-07,Personal,Home Renovation,1292000,60,21.87,92800,5200,0.439,0,Approved,921000,2022-08-22,1,0
APP801838,CUST103574,2023-06-04,Home,Home Purchase,9127000,84,9.28,80200,16100,2.048,1,Rejected,0,2023-06-20,0,
APP801839,CUST101041,2022-10-01,Auto,Two Wheeler,1852000,36,13.93,71300,1200,0.903,1,Rejected,0,2022-10-14,0,
APP801840,CUST102560,2022-12-16,Personal,Debt Consolidation,643000,36,20.63,69900,4800,0.413,0,Approved,507000,2022-12-24,1,0
APP801841,CUST102940,2023-05-22,Auto,New Car,622000,36,12.34,10000,2900,2.366,1,Rejected,0,2023-06-05,0,
APP801842,CUST100384,2024-04-01,Business,Business Expansion,3190000,48,13.49,56100,10600,1.728,0,Approved,2310000,2024-04-20,1,0
APP801843,CUST104040,2023-10-29,Auto,New Car,1217000,84,10.14,14400,1400,1.501,1,Rejected,0,2023-11-11,0,
APP801844,CUST101635,2022-08-14,Home,Balance Transfer,6165000,240,8.24,84400,11200,0.754,1,Rejected,0,2022-09-03,0,
APP801845,CUST101551,2022-10-22,Personal,Home Renovation,146000,48,12.09,38000,5400,0.243,0,Approved,130000,2022-10-31,1,0
APP801846,CUST104791,2023-05-03,Education,Study Abroad,866000,84,11.8,40600,1700,0.416,0,Approved,645000,2023-05-11,1,0
APP801847,CUST100812,2024-06-08,Home,Home Construction,10054000,36,10.44,19300,6100,3.0,1,Under Review,0,,0,
APP801848,CUST100815,2023-10-02,Personal,Debt Consolidation,972000,12,11.61,50800,15900,2.011,0,Approved,830000,2023-10-18,1,0
APP801849,CUST103833,2022-12-22,Auto,New Car,2377000,36,9.62,88500,3900,0.906,1,Rejected,0,2022-12-29,0,
APP801850,CUST100511,2023-06-25,Personal,Wedding,132000,84,16.73,120900,8200,0.09,0,Approved,115000,2023-07-03,1,0
APP801851,CUST104890,2022-09-01,Auto,Two Wheeler,2095000,36,13.77,22200,3600,3.0,1,Rejected,0,2022-09-21,0,
APP801852,CUST102517,2023-12-09,Personal,Medical Emergency,732000,60,18.95,62000,9700,0.462,0,Approved,514000,2023-12-19,1,0
APP801853,CUST102099,2022-10-14,Home,Home Purchase,2662000,180,8.85,44400,0,0.603,1,Rejected,0,2022-10-28,0,
APP801854,CUST100113,2023-10-24,Education,Study Abroad,656000,12,10.56,41300,11600,1.683,1,Rejected,0,2023-11-01,0,
APP801855,CUST101558,2023-06-04,Personal,Medical Emergency,240000,84,23.52,17200,700,0.38,0,Rejected,0,2023-06-11,0,
APP801856,CUST104756,2023-11-13,Personal,Home Renovation,145000,84,21.19,21700,6600,0.458,1,Approved,125000,2023-12-01,1,0
APP801857,CUST100776,2023-10-02,Personal,Debt Consolidation,1338000,24,19.93,37500,11400,2.12,0,Rejected,0,2023-10-07,0,
APP801858,CUST100796,2022-08-21,Personal,Medical Emergency,1423000,48,20.42,28000,5800,1.766,0,Rejected,0,2022-08-24,0,
APP801859,CUST100139,2024-02-12,Personal,Travel,1050000,60,19.2,11500,200,2.405,0,Rejected,0,2024-02-16,0,
APP801860,CUST100934,2022-12-04,Home,Plot Purchase,11215000,60,9.89,26800,1100,3.0,1,Approved,10089000,2022-12-12,1,0
APP801861,CUST101215,2023-11-03,Personal,Travel,1156000,48,15.65,41600,9400,1.009,0,Approved,832000,2023-11-07,1,0
APP801862,CUST103477,2023-12-01,Education,Study Abroad,247000,48,9.56,82500,23900,0.365,0,Approved,179000,2023-12-12,1,0
APP801863,CUST101408,2023-12-16,Personal,Home Renovation,748000,24,16.94,15000,1300,2.551,0,Rejected,0,2024-01-01,0,
APP801864,CUST104585,2024-04-26,Education,Skill Certification,2399000,120,11.66,28800,1700,1.237,0,Approved,1885000,2024-05-13,1,1
APP801865,CUST102241,2024-01-11,Personal,Home Renovation,604000,60,19.12,50300,1400,0.34,0,Approved,452000,2024-01-21,1,0
APP801866,CUST100216,2023-10-19,Home,Home Construction,8673000,180,10.32,47800,10900,2.212,1,Rejected,0,2023-10-29,0,
APP801867,CUST103528,2022-07-29,Auto,Two Wheeler,496000,36,10.49,13400,400,1.23,1,Rejected,0,2022-08-09,0,
APP801868,CUST103346,2022-08-06,Personal,Debt Consolidation,482000,60,22.87,31100,9800,0.751,0,Rejected,0,2022-08-26,0,
APP801869,CUST102191,2022-10-21,Personal,Home Renovation,501000,84,21.33,68700,3900,0.225,0,Approved,397000,2022-10-27,1,0
APP801870,CUST102624,2024-05-23,Business,Working Capital,1793000,12,12.26,27700,5800,3.0,1,Under Review,0,,0,
APP801871,CUST102022,2024-01-07,Business,Equipment Purchase,5231000,24,19.45,10000,800,3.0,0,Rejected,0,2024-01-17,0,
APP801872,CUST104326,2024-02-26,Personal,Medical Emergency,348000,48,19.62,36300,10400,0.576,0,Approved,278000,2024-03-12,1,0
APP801873,CUST100960,2024-03-02,Auto,New Car,1293000,84,10.3,44100,2100,0.539,1,Rejected,0,2024-03-08,0,
APP801874,CUST101752,2023-10-04,Auto,New Car,599000,84,13.36,62500,10500,0.344,1,Approved,522000,2023-10-08,1,0
APP801875,CUST104944,2024-04-22,Personal,Wedding,93000,48,23.99,10000,2100,0.513,1,Approved,76000,2024-05-05,1,1
APP801876,CUST101435,2024-06-05,Business,Working Capital,3874000,60,14.68,96500,19600,1.151,0,Approved,3727000,2024-06-06,1,0
APP801877,CUST104222,2023-01-30,Personal,Debt Consolidation,776000,12,15.45,24400,7800,3.0,0,Rejected,0,2023-02-18,0,
APP801878,CUST101691,2023-08-11,Education,Higher Studies India,3577000,48,10.43,38800,4600,2.477,0,Approved,3049000,2023-08-26,1,1
APP801879,CUST104256,2023-12-20,Auto,Used Car,1005000,24,9.28,78100,17700,0.816,1,Approved,966000,2024-01-08,1,0
APP801880,CUST102057,2023-08-05,Home,Balance Transfer,12000000,36,9.07,13900,3900,3.0,1,Rejected,0,2023-08-20,0,
APP801881,CUST102680,2024-04-18,Personal,Travel,563000,36,14.37,79300,16500,0.452,0,Approved,556000,2024-04-27,1,0
APP801882,CUST104692,2023-07-17,Business,Equipment Purchase,4954000,12,19.78,51300,10000,3.0,0,Rejected,0,2023-07-29,0,
APP801883,CUST101959,2023-10-28,Education,Study Abroad,794000,48,12.14,15900,3500,1.542,0,Rejected,0,2023-11-06,0,
APP801884,CUST102628,2022-12-01,Business,Business Expansion,2092000,84,14.12,23300,6000,1.949,1,Rejected,0,2022-12-21,0,
APP801885,CUST102642,2024-06-14,Personal,Home Renovation,1078000,84,15.62,32500,10600,0.977,0,Approved,997000,2024-06-16,1,0
APP801886,CUST102729,2022-07-10,Education,Higher Studies India,3753000,120,9.03,10000,3200,3.0,1,Rejected,0,2022-07-14,0,
APP801887,CUST102292,2023-01-05,Education,Study Abroad,3780000,60,12.81,51700,11200,1.874,0,Rejected,0,2023-01-14,0,
APP801888,CUST104510,2023-02-12,Personal,Medical Emergency,972000,36,12.76,94800,9100,0.44,0,Approved,896000,2023-02-19,1,0
APP801889,CUST104358,2022-07-23,Gold,Gold Loan,366000,12,9.82,24100,700,1.363,1,Rejected,0,2022-08-07,0,
APP801890,CUST101441,2024-02-09,Education,Higher Studies India,2400000,48,12.69,298100,96100,0.537,1,Approved,2162000,2024-02-13,1,0
APP801891,CUST104713,2023-07-21,Personal,Travel,1338000,84,18.6,61900,8800,0.605,0,Approved,1312000,2023-07-25,1,0
APP801892,CUST100425,2022-07-10,Business,Business Expansion,3909000,12,14.41,236400,9400,1.528,0,Approved,3175000,2022-07-22,1,0
APP801893,CUST102490,2023-02-03,Gold,Gold Loan,121000,36,12.15,24300,5700,0.4,1,Approved,94000,2023-02-13,1,0
APP801894,CUST100281,2022-08-16,Gold,Gold Loan,298000,24,9.63,91800,13500,0.296,1,Approved,224000,2022-09-05,1,0
APP801895,CUST104681,2022-07-07,Auto,Used Car,1934000,60,10.26,174900,15900,0.327,1,Approved,1919000,2022-07-13,1,0
APP801896,CUST100500,2022-08-31,Personal,Debt Consolidation,330000,36,11.02,38000,1300,0.319,0,Rejected,0,2022-09-20,0,
APP801897,CUST102534,2023-10-11,Personal,Wedding,493000,24,16.9,35400,400,0.699,0,Rejected,0,2023-10-24,0,
APP801898,CUST104939,2023-05-27,Business,Equipment Purchase,3327000,84,14.54,16000,300,3.0,0,Rejected,0,2023-06-01,0,
APP801899,CUST102578,2022-08-10,Business,Working Capital,1633000,84,14.04,79800,600,0.391,0,Approved,1236000,2022-08-16,1,0
APP801900,CUST103452,2023-11-20,Home,Plot Purchase,2514000,12,9.66,35700,9100,3.0,1,Rejected,0,2023-12-03,0,
APP801901,CUST102472,2024-06-16,Auto,New Car,1575000,60,9.89,24500,7400,1.667,1,Rejected,0,2024-06-24,0,
APP801902,CUST102865,2023-05-20,Business,Business Expansion,2085000,60,17.14,11000,2900,3.0,0,Approved,1506000,2023-06-09,1,1
APP801903,CUST104533,2022-10-31,Personal,Medical Emergency,215000,84,20.47,38900,2100,0.178,1,Approved,174000,2022-11-17,1,0
APP801904,CUST100213,2024-04-03,Auto,New Car,647000,84,10.43,30400,2800,0.451,1,Approved,644000,2024-04-14,1,0
APP801905,CUST102981,2024-03-27,Home,Home Purchase,8871000,84,9.71,110600,19400,1.495,1,Approved,7237000,2024-04-01,1,1
APP801906,CUST104786,2023-12-09,Auto,Used Car,2451000,48,10.01,10000,2500,3.0,1,Rejected,0,2023-12-12,0,
APP801907,CUST101759,2023-03-31,Home,Balance Transfer,3178000,48,8.79,30200,7300,2.853,1,Rejected,0,2023-04-15,0,
APP801908,CUST103463,2023-09-19,Auto,Used Car,1083000,48,11.86,16100,200,1.777,1,Rejected,0,2023-09-21,0,
APP801909,CUST102149,2022-09-04,Personal,Home Renovation,486000,12,16.18,186900,48900,0.498,0,Approved,460000,2022-09-15,1,0
APP801910,CUST102096,2023-03-10,Auto,Used Car,1233000,36,11.1,36500,7800,1.322,1,Rejected,0,2023-03-18,0,
APP801911,CUST100287,2023-10-05,Auto,Two Wheeler,1524000,36,9.47,56800,7100,0.984,1,Approved,1348000,2023-10-06,1,1
APP801912,CUST104325,2022-07-16,Business,Equipment Purchase,4747000,24,13.62,59200,13100,3.0,0,Rejected,0,2022-07-25,0,
APP801913,CUST101649,2023-04-11,Auto,Used Car,632000,84,12.38,26600,6200,0.657,1,Approved,446000,2023-04-17,1,1
APP801914,CUST104786,2024-01-08,Auto,Two Wheeler,1538000,84,11.08,10000,2900,2.93,1,Rejected,0,2024-01-15,0,
APP801915,CUST102126,2022-11-09,Auto,Used Car,415000,36,9.52,30000,1800,0.502,1,Approved,336000,2022-11-10,1,0
APP801916,CUST104340,2023-11-18,Personal,Travel,662000,36,17.85,32300,1100,0.774,0,Approved,636000,2023-12-03,1,0
APP801917,CUST104991,2022-10-13,Personal,Medical Emergency,518000,48,20.62,43200,700,0.385,0,Rejected,0,2022-10-23,0,
APP801918,CUST100131,2023-06-09,Personal,Home Renovation,790000,60,19.88,25400,800,0.854,1,Rejected,0,2023-06-26,0,
APP801919,CUST100460,2023-08-02,Personal,Home Renovation,530000,12,11.25,67500,2300,0.729,0,Approved,380000,2023-08-12,1,0
APP801920,CUST102090,2022-07-22,Personal,Debt Consolidation,1184000,12,16.75,15500,4500,3.0,1,Rejected,0,2022-08-10,0,
APP801921,CUST104362,2023-12-30,Home,Balance Transfer,1513000,60,8.81,20400,4100,1.736,1,Rejected,0,2024-01-11,0,
APP801922,CUST102236,2023-06-08,Personal,Debt Consolidation,639000,24,15.69,39700,4200,0.891,0,Approved,584000,2023-06-23,1,0
APP801923,CUST100755,2023-06-23,Business,Equipment Purchase,2649000,48,15.64,118100,22000,0.818,0,Approved,2307000,2023-07-02,1,0
APP801924,CUST103301,2023-07-07,Personal,Home Renovation,117000,36,16.06,10000,1100,0.522,0,Rejected,0,2023-07-21,0,
APP801925,CUST100820,2023-01-24,Business,Equipment Purchase,6462000,12,16.35,44500,15000,3.0,0,Rejected,0,2023-02-07,0,
APP801926,CUST103906,2023-02-02,Education,Study Abroad,3449000,60,9.14,201900,34000,0.524,0,Approved,3373000,2023-02-03,1,0
APP801927,CUST104657,2022-11-15,Business,Equipment Purchase,5500000,84,13.46,71800,19400,1.683,0,Approved,4144000,2022-11-29,1,0
APP801928,CUST100765,2024-06-23,Personal,Home Renovation,1295000,84,11.38,74900,10100,0.435,0,Approved,1152000,2024-07-08,1,0
APP801929,CUST101762,2023-11-23,Gold,Gold Loan,123000,24,10.51,41000,3100,0.215,1,Approved,109000,2023-12-08,1,0
APP801930,CUST103247,2023-12-17,Personal,Medical Emergency,617000,84,20.17,66500,14500,0.425,0,Rejected,0,2023-12-29,0,
APP801931,CUST102812,2024-04-28,Personal,Wedding,1004000,24,19.55,29200,6600,1.965,1,Rejected,0,2024-05-17,0,
APP801932,CUST104283,2022-09-28,Auto,New Car,1090000,12,12.41,19700,4800,3.0,1,Rejected,0,2022-10-10,0,
APP801933,CUST100401,2023-04-15,Personal,Travel,469000,60,22.77,17300,4700,1.033,0,Approved,388000,2023-04-17,1,1
APP801934,CUST103539,2023-04-10,Education,Skill Certification,2167000,48,10.38,43900,3500,1.339,0,Approved,1705000,2023-04-28,1,0
APP801935,CUST101395,2023-02-14,Personal,Medical Emergency,220000,12,13.39,49600,11300,0.625,0,Approved,199000,2023-02-21,1,0
APP801936,CUST104923,2023-10-10,Home,Balance Transfer,9887000,48,10.4,19200,4600,3.0,1,Rejected,0,2023-10-24,0,
APP801937,CUST100658,2023-04-05,Home,Balance Transfer,10250000,36,9.11,104600,3000,3.0,1,Rejected,0,2023-04-10,0,
APP801938,CUST101545,2023-01-25,Business,Business Expansion,4018000,36,14.44,32900,7100,3.0,0,Rejected,0,2023-02-07,0,
APP801939,CUST103215,2023-12-30,Personal,Home Renovation,140000,24,23.39,12200,4100,0.941,0,Rejected,0,2024-01-04,0,
APP801940,CUST101055,2024-04-07,Gold,Gold Loan,397000,36,13.71,65100,19000,0.499,1,Approved,358000,2024-04-19,1,0
APP801941,CUST100357,2024-05-15,Personal,Travel,223000,12,14.57,10000,2800,2.288,0,Rejected,0,2024-05-18,0,
APP801942,CUST101784,2023-04-27,Education,Higher Studies India,2752000,84,9.09,24100,6900,2.129,0,Approved,2177000,2023-05-03,1,0
APP801943,CUST100079,2023-10-29,Education,Higher Studies India,3393000,36,9.17,93700,16800,1.334,0,Approved,3031000,2023-11-12,1,1
APP801944,CUST103082,2022-11-11,Business,Equipment Purchase,6720000,84,13.18,46200,12400,2.927,0,Rejected,0,2022-11-21,0,
APP801945,CUST100339,2022-09-22,Education,Skill Certification,3966000,36,10.21,18400,1000,3.0,0,Rejected,0,2022-10-12,0,
APP801946,CUST103648,2023-08-25,Home,Home Construction,1975000,24,9.73,49500,5000,1.938,1,Approved,1515000,2023-09-01,1,1
APP801947,CUST104878,2024-01-23,Home,Home Purchase,7943000,12,8.62,79100,9700,3.0,1,Rejected,0,2024-01-28,0,
APP801948,CUST101557,2023-06-30,Personal,Medical Emergency,441000,48,15.07,25900,8000,0.784,0,Approved,323000,2023-07-05,1,0
APP801949,CUST104758,2024-02-01,Home,Home Purchase,6960000,24,8.35,40600,14200,3.0,1,Rejected,0,2024-02-02,0,
APP801950,CUST101595,2023-01-19,Auto,New Car,1971000,84,13.88,48400,4100,0.845,1,Approved,1393000,2023-01-21,1,0
APP801951,CUST101720,2023-11-28,Personal,Debt Consolidation,616000,60,20.84,34200,1000,0.515,0,Rejected,0,2023-11-30,0,
APP801952,CUST102043,2024-03-25,Personal,Wedding,991000,48,22.02,36700,3900,0.958,0,Approved,858000,2024-04-14,1,0
APP801953,CUST104382,2023-07-11,Business,Business Expansion,6235000,12,19.3,22000,3900,3.0,0,Rejected,0,2023-07-16,0,
APP801954,CUST101646,2022-12-06,Business,Business Expansion,6485000,84,18.94,27200,1500,3.0,0,Rejected,0,2022-12-22,0,
APP801955,CUST101975,2024-01-22,Personal,Travel,513000,12,18.14,49500,6000,1.072,0,Approved,489000,2024-01-29,1,0
APP801956,CUST104415,2023-03-24,Gold,Gold Loan,777000,24,12.45,72800,15000,0.711,1,Approved,767000,2023-04-03,1,1
APP801957,CUST101253,2024-01-07,Education,Skill Certification,1461000,48,12.29,31200,9700,1.55,0,Approved,1255000,2024-01-08,1,1
APP801958,CUST100718,2024-01-15,Business,Equipment Purchase,1748000,36,14.43,50600,14200,1.47,0,Approved,1538000,2024-02-04,1,0
APP801959,CUST101020,2023-07-23,Personal,Debt Consolidation,262000,24,20.59,44800,9300,0.507,1,Approved,221000,2023-08-11,1,1
APP801960,CUST102957,2022-12-13,Auto,Used Car,980000,24,11.96,236600,19300,0.277,1,Approved,951000,2022-12-19,1,0
APP801961,CUST100643,2023-06-29,Auto,Used Car,919000,12,9.17,105600,34100,1.084,1,Approved,726000,2023-07-07,1,0
APP801962,CUST104009,2024-06-28,Home,Home Purchase,10343000,24,9.12,20300,1200,3.0,1,Under Review,0,,0,
APP801963,CUST101212,2023-05-29,Home,Balance Transfer,5729000,240,10.01,51800,6900,1.201,1,Approved,5063000,2023-06-02,1,0
APP801964,CUST101506,2023-06-10,Gold,Gold Loan,542000,36,11.68,16500,1900,1.199,1,Rejected,0,2023-06-16,0,
APP801965,CUST100499,2023-11-07,Business,Equipment Purchase,1194000,24,13.17,68600,5200,0.905,0,Rejected,0,2023-11-11,0,
APP801966,CUST102876,2023-07-11,Auto,Two Wheeler,1864000,60,11.51,122100,11100,0.427,1,Approved,1698000,2023-07-18,1,0
APP801967,CUST104773,2022-09-01,Personal,Medical Emergency,1025000,48,17.9,13800,1500,2.289,1,Rejected,0,2022-09-18,0,
APP801968,CUST103956,2022-07-13,Home,Balance Transfer,3245000,120,9.19,26100,5700,1.804,1,Rejected,0,2022-07-15,0,
APP801969,CUST101833,2023-04-01,Personal,Debt Consolidation,642000,60,16.86,27400,5900,0.796,0,Rejected,0,2023-04-10,0,
APP801970,CUST102684,2023-05-10,Personal,Medical Emergency,1287000,12,14.71,82700,9100,1.513,0,Rejected,0,2023-05-12,0,
APP801971,CUST101389,2023-11-10,Home,Balance Transfer,1629000,48,8.73,27600,7800,1.744,1,Rejected,0,2023-11-12,0,
APP801972,CUST101881,2024-04-14,Personal,Travel,274000,36,12.99,36800,8000,0.468,0,Approved,250000,2024-04-25,1,1
APP801973,CUST104230,2024-05-18,Auto,Two Wheeler,1513000,12,12.62,71700,3300,1.928,1,Rejected,0,2024-06-01,0,
APP801974,CUST100902,2023-09-04,Auto,New Car,812000,60,10.2,100500,28100,0.452,1,Approved,738000,2023-09-12,1,0
APP801975,CUST102050,2023-06-03,Auto,New Car,831000,48,10.18,132800,21200,0.319,1,Approved,679000,2023-06-08,1,0
APP801976,CUST102484,2023-06-15,Auto,Used Car,897000,36,11.8,16100,2500,2.005,1,Rejected,0,2023-06-21,0,
APP801977,CUST101665,2024-05-30,Personal,Debt Consolidation,633000,48,19.04,62100,20900,0.641,1,Rejected,0,2024-06-01,0,
APP801978,CUST101353,2024-03-01,Auto,Used Car,1692000,24,10.55,44800,10100,1.976,1,Rejected,0,2024-03-06,0,
APP801979,CUST104295,2022-12-10,Business,Business Expansion,2442000,48,18.82,66800,5400,1.17,0,Approved,1789000,2022-12-14,1,1
APP801980,CUST101861,2023-02-05,Personal,Debt Consolidation,1162000,36,15.3,60800,16400,0.935,0,Approved,963000,2023-02-12,1,0
APP801981,CUST102754,2023-02-02,Home,Balance Transfer,7830000,36,9.94,103900,13300,2.557,1,Approved,7289000,2023-02-21,1,0
APP801982,CUST102418,2023-09-29,Home,Home Purchase,10569000,60,9.69,29200,7800,3.0,1,Rejected,0,2023-10-06,0,
APP801983,CUST103786,2024-05-10,Auto,New Car,1740000,36,13.99,45000,3700,1.405,1,Rejected,0,2024-05-23,0,
APP801984,CUST103531,2023-03-17,Education,Higher Studies India,2900000,60,12.9,63600,16600,1.296,0,Approved,2628000,2023-03-31,1,0
APP801985,CUST100896,2022-08-30,Personal,Medical Emergency,434000,60,14.86,23200,5400,0.676,0,Approved,318000,2022-09-17,1,1
APP801986,CUST102360,2022-07-20,Business,Equipment Purchase,6684000,12,13.69,129600,35900,3.0,0,Rejected,0,2022-08-08,0,
APP801987,CUST103957,2023-07-05,Education,Skill Certification,1070000,24,12.42,47700,1500,1.092,0,Rejected,0,2023-07-15,0,
APP801988,CUST100703,2024-02-03,Auto,Two Wheeler,525000,84,9.25,10000,1500,1.001,1,Rejected,0,2024-02-10,0,
APP801989,CUST104530,2023-01-28,Auto,Used Car,2473000,12,12.44,53700,18000,3.0,1,Rejected,0,2023-01-30,0,
APP801990,CUST103328,2022-08-18,Personal,Wedding,401000,84,23.78,65800,9100,0.288,0,Approved,299000,2022-09-02,1,0
APP801991,CUST102506,2022-08-06,Business,Working Capital,2287000,84,12.2,60400,4900,0.754,0,Approved,2151000,2022-08-18,1,0
APP801992,CUST101974,2024-02-08,Personal,Medical Emergency,1422000,12,11.89,24800,7100,3.0,0,Rejected,0,2024-02-14,0,
APP801993,CUST102525,2023-03-15,Personal,Debt Consolidation,876000,84,19.03,15300,1500,1.335,0,Approved,727000,2023-03-20,1,1
APP801994,CUST100726,2023-06-26,Auto,Two Wheeler,2135000,84,12.71,30500,8800,1.549,1,Rejected,0,2023-06-27,0,
APP801995,CUST100932,2023-06-19,Auto,New Car,1454000,24,11.97,80600,10700,0.981,1,Approved,1367000,2023-07-09,1,1
APP801996,CUST103705,2022-08-27,Education,Higher Studies India,578000,36,11.97,13200,1000,1.531,0,Rejected,0,2022-09-14,0,
APP801997,CUST103662,2022-11-04,Personal,Home Renovation,1463000,84,22.23,40000,5100,0.988,0,Approved,1275000,2022-11-06,1,0
APP801998,CUST100251,2023-04-26,Business,Working Capital,1980000,48,13.72,23100,3600,2.49,0,Approved,1888000,2023-04-28,1,1
APP801999,CUST103247,2023-09-02,Auto,Two Wheeler,1894000,36,9.99,66500,17200,1.177,1,Rejected,0,2023-09-06,0,
APP802000,CUST104621,2023-01-21,Personal,Debt Consolidation,768000,48,16.86,32600,9800,0.977,0,Approved,617000,2023-02-02,1,1
APP802001,CUST104918,2022-11-01,Education,Higher Studies India,1997000,24,11.22,66900,10400,1.55,0,Rejected,0,2022-11-19,0,
APP802002,CUST100254,2024-04-04,Gold,Gold Loan,301000,24,14.93,65100,900,0.238,1,Rejected,0,2024-04-06,0,
APP802003,CUST104322,2023-08-03,Auto,Two Wheeler,1246000,24,12.47,20300,1000,2.955,1,Rejected,0,2023-08-04,0,
APP802004,CUST100506,2023-04-08,Gold,Gold Loan,756000,12,13.05,39600,10900,1.981,1,Rejected,0,2023-04-09,0,
APP802005,CUST104170,2022-10-07,Personal,Medical Emergency,252000,12,22.45,93900,7200,0.328,0,Approved,186000,2022-10-27,1,0
APP802006,CUST102049,2022-07-03,Home,Home Purchase,6831000,60,8.57,46500,2900,3.0,1,Rejected,0,2022-07-12,0,
APP802007,CUST101159,2024-05-09,Personal,Debt Consolidation,1234000,12,15.36,10000,1800,3.0,1,Rejected,0,2024-05-23,0,
APP802008,CUST102757,2024-03-28,Business,Equipment Purchase,5204000,48,18.74,26300,1900,3.0,0,Rejected,0,2024-04-15,0,
APP802009,CUST104463,2022-12-30,Personal,Debt Consolidation,1250000,36,17.91,71600,12800,0.81,0,Approved,922000,2023-01-06,1,0
APP802010,CUST102831,2024-02-25,Education,Higher Studies India,2463000,24,10.88,21500,4700,3.0,0,Rejected,0,2024-03-07,0,
APP802011,CUST102572,2024-05-29,Education,Skill Certification,1373000,84,9.26,34600,2100,0.705,1,Rejected,0,2024-06-17,0,
APP802012,CUST103903,2023-10-04,Business,Working Capital,1812000,36,12.84,71500,600,0.86,0,Approved,1556000,2023-10-13,1,1
APP802013,CUST103500,2023-10-10,Auto,Two Wheeler,2261000,60,10.03,19200,1600,2.585,1,Rejected,0,2023-10-24,0,
APP802014,CUST103136,2023-02-07,Personal,Wedding,1051000,12,20.28,34900,6100,2.965,1,Rejected,0,2023-02-24,0,
APP802015,CUST102333,2024-03-15,Business,Working Capital,1782000,24,17.46,52900,9800,1.858,1,Approved,1616000,2024-03-17,1,1
APP802016,CUST102609,2023-06-26,Auto,New Car,2040000,60,11.38,48600,16400,1.259,1,Rejected,0,2023-06-27,0,
APP802017,CUST104473,2022-07-04,Home,Home Construction,9642000,84,8.25,20200,400,3.0,1,Rejected,0,2022-07-12,0,
APP802018,CUST103319,2022-08-28,Auto,Two Wheeler,587000,60,11.52,22300,7800,0.929,1,Rejected,0,2022-09-01,0,
APP802019,CUST100049,2023-04-12,Personal,Medical Emergency,205000,60,13.27,25600,200,0.191,0,Approved,148000,2023-04-24,1,0
APP802020,CUST103209,2022-07-29,Business,Business Expansion,4248000,12,14.38,258800,35500,1.614,0,Rejected,0,2022-08-15,0,
APP802021,CUST101054,2024-03-10,Business,Working Capital,1760000,84,19.06,19200,2600,2.114,0,Rejected,0,2024-03-27,0,
APP802022,CUST102928,2023-02-26,Education,Study Abroad,222000,60,12.56,74000,21400,0.357,0,Approved,207000,2023-03-14,1,0
APP802023,CUST104329,2022-09-08,Auto,Two Wheeler,1545000,12,9.62,46100,6100,3.0,1,Rejected,0,2022-09-10,0,
APP802024,CUST100496,2023-05-11,Personal,Travel,1053000,36,15.86,31800,6300,1.358,0,Rejected,0,2023-05-29,0,
APP802025,CUST102674,2022-08-27,Home,Home Purchase,8406000,12,9.18,227600,39800,3.0,1,Approved,6606000,2022-09-10,1,1
APP802026,CUST100013,2023-05-08,Home,Balance Transfer,2601000,120,8.2,31500,4900,1.168,1,Rejected,0,2023-05-23,0,
APP802027,CUST101565,2022-07-19,Auto,New Car,651000,84,12.05,126500,20700,0.255,1,Approved,603000,2022-08-05,1,0
APP802028,CUST104668,2024-02-28,Personal,Debt Consolidation,967000,24,12.89,41800,3400,1.18,0,Rejected,0,2024-03-01,0,
APP802029,CUST104214,2023-01-29,Education,Study Abroad,3537000,84,12.93,174000,56700,0.695,0,Approved,3182000,2023-02-11,1,0
APP802030,CUST100646,2024-01-13,Auto,Used Car,2226000,60,12.84,28800,6200,1.967,1,Approved,1869000,2024-01-31,1,1
APP802031,CUST100967,2023-06-05,Auto,Used Car,1993000,36,10.03,12200,300,3.0,1,Rejected,0,2023-06-14,0,
APP802032,CUST103399,2023-11-09,Personal,Travel,547000,60,13.48,18200,1800,0.791,0,Rejected,0,2023-11-14,0,
APP802033,CUST104239,2023-08-12,Personal,Wedding,1076000,24,21.94,88800,11300,0.755,0,Rejected,0,2023-08-26,0,
APP802034,CUST104981,2022-08-19,Education,Skill Certification,2641000,48,10.44,139300,27400,0.682,0,Approved,2444000,2022-09-06,1,0
APP802035,CUST100850,2024-03-29,Personal,Debt Consolidation,1295000,24,12.49,50400,1800,1.251,0,Rejected,0,2024-03-30,0,
APP802036,CUST104047,2023-04-14,Home,Home Purchase,11571000,36,9.2,34700,4000,3.0,1,Rejected,0,2023-05-01,0,
APP802037,CUST100797,2022-12-26,Home,Plot Purchase,7678000,180,9.14,45500,500,1.736,1,Rejected,0,2023-01-03,0,
APP802038,CUST103475,2024-05-03,Personal,Debt Consolidation,363000,36,19.04,74000,13200,0.358,0,Approved,338000,2024-05-07,1,0
APP802039,CUST102692,2022-11-18,Business,Working Capital,4890000,48,14.11,45300,15100,3.0,0,Rejected,0,2022-11-24,0,
APP802040,CUST102184,2024-01-16,Home,Home Purchase,1597000,120,9.38,32000,7100,0.864,1,Approved,1363000,2024-02-05,1,0
APP802041,CUST102184,2024-02-08,Education,Skill Certification,2615000,36,11.01,32000,1600,2.724,0,Approved,2209000,2024-02-10,1,1
APP802042,CUST104836,2024-05-05,Home,Home Construction,7917000,48,10.13,41900,6300,3.0,1,Rejected,0,2024-05-23,0,
APP802043,CUST100523,2023-08-17,Business,Business Expansion,2648000,48,18.45,33500,11500,2.687,1,Approved,1860000,2023-08-26,1,0
APP802044,CUST101838,2023-06-28,Auto,Used Car,656000,60,11.69,61200,3000,0.286,1,Approved,473000,2023-07-06,1,0
APP802045,CUST100083,2022-11-04,Home,Plot Purchase,10070000,12,8.02,60000,5100,3.0,1,Rejected,0,2022-11-09,0,
APP802046,CUST102354,2022-10-27,Business,Equipment Purchase,2299000,48,14.48,33200,11400,2.252,0,Approved,1933000,2022-10-31,1,1
APP802047,CUST102994,2022-10-11,Business,Equipment Purchase,1071000,24,18.48,31500,3700,1.822,0,Rejected,0,2022-10-12,0,
APP802048,CUST101529,2023-11-14,Business,Business Expansion,3959000,60,18.38,59500,11900,1.903,0,Approved,3626000,2023-11-19,1,0
APP802049,CUST102731,2022-10-21,Personal,Debt Consolidation,989000,12,17.22,20700,1000,3.0,0,Rejected,0,2022-10-30,0,
APP802050,CUST103535,2022-09-17,Personal,Home Renovation,819000,48,13.59,31800,7200,0.925,0,Approved,743000,2022-09-22,1,1
APP802051,CUST103444,2023-01-25,Personal,Travel,938000,48,21.91,22900,5800,1.543,0,Rejected,0,2023-02-07,0,
APP802052,CUST101352,2023-10-13,Business,Equipment Purchase,5135000,12,13.94,86500,20300,3.0,0,Rejected,0,2023-10-19,0,
APP802053,CUST100463,2023-06-30,Education,Higher Studies India,3778000,12,11.81,50900,4900,3.0,1,Rejected,0,2023-07-09,0,
APP802054,CUST103423,2023-01-14,Business,Equipment Purchase,3253000,60,17.11,60300,16100,1.61,0,Rejected,0,2023-01-20,0,
APP802055,CUST103164,2022-07-06,Personal,Medical Emergency,1067000,60,17.02,43400,4100,0.705,0,Rejected,0,2022-07-09,0,
APP802056,CUST101085,2023-03-21,Home,Home Construction,1588000,240,8.33,40200,3600,0.428,1,Rejected,0,2023-03-25,0,
APP802057,CUST103498,2024-03-04,Business,Working Capital,5721000,60,17.53,58700,11700,2.647,0,Approved,5390000,2024-03-17,1,1
APP802058,CUST103379,2022-10-10,Home,Home Construction,2979000,180,10.23,71500,5300,0.528,1,Approved,2882000,2022-10-30,1,0
APP802059,CUST100314,2024-03-06,Home,Home Construction,9924000,84,10.32,46000,7100,3.0,1,Rejected,0,2024-03-07,0,
APP802060,CUST104395,2023-03-26,Business,Working Capital,6343000,12,14.63,26000,7100,3.0,0,Rejected,0,2023-03-28,0,
APP802061,CUST103168,2024-01-14,Auto,Used Car,1262000,84,14.0,22800,7400,1.364,1,Rejected,0,2024-01-27,0,
APP802062,CUST102099,2022-11-29,Business,Business Expansion,399000,24,19.25,44400,12300,0.732,0,Rejected,0,2022-12-03,0,
APP802063,CUST102673,2023-05-10,Home,Home Purchase,7615000,84,10.22,18000,4500,3.0,1,Rejected,0,2023-05-23,0,
APP802064,CUST102709,2023-03-03,Personal,Wedding,953000,36,17.93,64200,16100,0.787,0,Approved,792000,2023-03-05,1,0
APP802065,CUST104711,2023-01-18,Business,Working Capital,3504000,36,17.96,67900,14100,2.073,0,Approved,2680000,2023-01-24,1,1
APP802066,CUST103037,2023-11-13,Auto,New Car,956000,60,13.72,36400,7900,0.824,1,Rejected,0,2023-11-27,0,
APP802067,CUST100399,2023-06-29,Personal,Medical Emergency,611000,24,15.04,25900,7800,1.447,0,Rejected,0,2023-07-15,0,
APP802068,CUST103753,2023-10-15,Education,Higher Studies India,3440000,36,12.17,100700,31000,1.446,0,Approved,2537000,2023-11-01,1,0
APP802069,CUST101195,2022-10-04,Personal,Debt Consolidation,1385000,12,17.56,41300,1200,3.0,1,Approved,1347000,2022-10-23,1,0
APP802070,CUST101025,2022-08-23,Education,Higher Studies India,2993000,48,9.96,34900,12100,2.523,0,Rejected,0,2022-09-10,0,
APP802071,CUST103125,2023-01-29,Auto,New Car,908000,12,12.45,68100,10000,1.334,1,Approved,691000,2023-02-14,1,0
APP802072,CUST102680,2022-08-26,Gold,Gold Loan,761000,12,13.66,79300,2500,0.891,1,Approved,595000,2022-09-07,1,0
APP802073,CUST100909,2023-10-05,Auto,New Car,964000,24,9.28,44800,8900,1.184,1,Rejected,0,2023-10-19,0,
APP802074,CUST104993,2022-12-16,Auto,New Car,1049000,24,12.36,41700,7800,1.376,1,Rejected,0,2023-01-04,0,
APP802075,CUST101017,2022-08-18,Auto,Two Wheeler,747000,12,13.56,85800,21400,1.029,1,Rejected,0,2022-08-24,0,
APP802076,CUST101363,2022-09-04,Auto,New Car,713000,12,12.62,29700,1100,2.179,1,Rejected,0,2022-09-16,0,
APP802077,CUST100344,2022-12-19,Personal,Travel,406000,24,18.19,11500,1000,1.854,0,Rejected,0,2023-01-07,0,
APP802078,CUST100161,2023-11-29,Business,Business Expansion,4194000,48,16.59,75700,18000,1.826,0,Approved,4139000,2023-12-15,1,1
APP802079,CUST100053,2024-01-12,Home,Plot Purchase,10295000,36,8.6,23300,2800,3.0,1,Rejected,0,2024-01-19,0,
APP802080,CUST101449,2022-11-22,Personal,Travel,168000,48,15.91,25200,7000,0.466,0,Approved,125000,2022-11-23,1,0
APP802081,CUST102281,2024-05-30,Business,Equipment Purchase,6638000,48,19.87,28200,1100,3.0,0,Rejected,0,2024-06-15,0,
APP802082,CUST100978,2023-01-13,Auto,Used Car,1380000,12,11.88,92600,13700,1.472,1,Approved,991000,2023-01-25,1,0
APP802083,CUST104682,2024-05-19,Business,Equipment Purchase,6191000,60,15.62,145400,34200,1.262,0,Under Review,0,,0,
APP802084,CUST100589,2024-01-16,Home,Home Construction,11192000,12,8.67,60800,7900,3.0,1,Rejected,0,2024-01-25,0,
APP802085,CUST104012,2023-09-07,Auto,New Car,1910000,60,12.99,24900,1800,1.818,1,Rejected,0,2023-09-22,0,
APP802086,CUST104823,2023-02-17,Auto,Two Wheeler,1298000,84,9.79,149200,2500,0.16,1,Approved,949000,2023-03-07,1,0
APP802087,CUST103797,2024-03-01,Home,Home Purchase,7472000,48,9.68,24700,600,3.0,1,Rejected,0,2024-03-18,0,
APP802088,CUST102883,2024-06-29,Home,Plot Purchase,10054000,48,8.77,114400,35900,2.492,1,Under Review,0,,0,
APP802089,CUST100486,2022-07-29,Home,Plot Purchase,7767000,240,8.63,71800,1600,0.971,1,Approved,7629000,2022-08-14,1,0
APP802090,CUST104474,2023-07-13,Gold,Gold Loan,487000,36,11.2,91600,16700,0.357,1,Approved,382000,2023-07-25,1,0
APP802091,CUST100341,2022-07-26,Auto,Two Wheeler,446000,60,12.54,57700,8300,0.318,1,Approved,435000,2022-07-31,1,1
APP802092,CUST103613,2022-11-22,Personal,Wedding,105000,48,17.06,26300,2700,0.218,0,Approved,87000,2022-12-03,1,0
APP802093,CUST103962,2023-07-10,Auto,New Car,1548000,84,10.39,10000,3100,2.911,1,Rejected,0,2023-07-22,0,
APP802094,CUST103003,2024-05-16,Home,Home Purchase,6985000,12,9.46,29400,2600,3.0,1,Rejected,0,2024-06-05,0,
APP802095,CUST101725,2022-10-20,Business,Working Capital,3327000,36,15.98,70000,11100,1.829,0,Rejected,0,2022-10-23,0,
APP802096,CUST104900,2023-08-09,Personal,Debt Consolidation,1321000,12,22.28,13800,900,3.0,1,Rejected,0,2023-08-20,0,
APP802097,CUST104554,2022-11-01,Personal,Medical Emergency,839000,12,16.43,57900,7700,1.451,0,Rejected,0,2022-11-15,0,
APP802098,CUST102058,2023-09-29,Personal,Home Renovation,1436000,84,20.18,28800,7500,1.374,0,Rejected,0,2023-10-17,0,
APP802099,CUST100259,2022-09-15,Home,Home Purchase,7260000,120,8.35,59600,16700,1.781,1,Rejected,0,2022-10-03,0,
APP802100,CUST102732,2024-03-13,Personal,Home Renovation,609000,48,16.64,19700,1800,0.98,0,Rejected,0,2024-03-15,0,
APP802101,CUST102194,2023-01-08,Auto,New Car,1068000,24,11.05,21800,3000,2.424,1,Rejected,0,2023-01-22,0,
APP802102,CUST100367,2022-09-27,Auto,New Car,2081000,12,13.72,58700,4500,3.0,1,Rejected,0,2022-10-05,0,
APP802103,CUST103357,2023-01-11,Home,Balance Transfer,8648000,36,9.17,12500,2600,3.0,1,Rejected,0,2023-01-14,0,
APP802104,CUST101769,2022-10-11,Auto,Used Car,2361000,60,9.84,44600,13600,1.424,1,Approved,1882000,2022-10-16,1,1
APP802105,CUST103202,2022-11-25,Auto,Used Car,2379000,48,13.09,53000,7100,1.341,1,Rejected,0,2022-12-10,0,
APP802106,CUST101182,2023-05-06,Auto,Two Wheeler,1298000,24,10.53,21000,4700,3.0,1,Rejected,0,2023-05-21,0,
APP802107,CUST103027,2023-09-19,Auto,Two Wheeler,1830000,24,13.16,51200,1800,1.739,1,Approved,1318000,2023-10-06,1,0
APP802108,CUST102750,2022-12-16,Auto,New Car,1882000,60,9.59,27600,0,1.432,1,Approved,1330000,2022-12-30,1,1
APP802109,CUST103485,2022-07-27,Personal,Debt Consolidation,1366000,60,11.07,39500,5300,0.888,1,Approved,998000,2022-08-05,1,0
APP802110,CUST104395,2023-04-28,Business,Working Capital,4620000,36,14.62,26000,5400,3.0,0,Rejected,0,2023-05-15,0,
APP802111,CUST101523,2023-10-23,Business,Working Capital,2274000,24,18.84,20800,3500,3.0,0,Rejected,0,2023-10-29,0,
APP802112,CUST102393,2024-05-09,Home,Balance Transfer,10979000,60,8.61,103100,29400,2.476,1,Rejected,0,2024-05-18,0,
APP802113,CUST101702,2024-04-24,Auto,Used Car,1132000,60,9.76,68100,14400,0.563,1,Approved,1070000,2024-05-14,1,0
APP802114,CUST100917,2024-03-31,Education,Skill Certification,1149000,24,10.93,35100,6500,1.711,1,Approved,1059000,2024-04-15,1,1
APP802115,CUST103920,2022-09-04,Gold,Gold Loan,454000,12,9.03,70900,4800,0.628,1,Rejected,0,2022-09-07,0,
APP802116,CUST102468,2023-03-16,Personal,Wedding,110000,24,13.62,31600,3500,0.277,0,Approved,85000,2023-03-31,1,0
APP802117,CUST103099,2022-12-05,Home,Plot Purchase,3829000,120,9.91,34500,4300,1.587,1,Rejected,0,2022-12-24,0,
APP802118,CUST103635,2024-05-17,Auto,New Car,974000,36,13.98,135800,10400,0.322,1,Approved,810000,2024-05-22,1,0
APP802119,CUST104265,2023-03-17,Auto,New Car,1751000,24,12.61,33200,6600,2.693,1,Approved,1427000,2023-03-18,1,0
APP802120,CUST101684,2023-05-30,Education,Skill Certification,1715000,60,11.93,73000,6900,0.616,0,Approved,1286000,2023-06-16,1,1
APP802121,CUST103279,2023-11-30,Education,Study Abroad,2841000,24,10.55,44600,10600,3.0,0,Rejected,0,2023-12-19,0,
APP802122,CUST100513,2023-11-13,Auto,Used Car,522000,48,11.12,30100,9600,0.768,1,Rejected,0,2023-11-21,0,
APP802123,CUST103433,2024-05-21,Auto,New Car,1074000,24,9.57,88700,26900,0.859,1,Approved,1003000,2024-05-22,1,1
APP802124,CUST103963,2023-10-23,Auto,Two Wheeler,1904000,36,12.55,17100,4000,3.0,1,Rejected,0,2023-11-10,0,
APP802125,CUST101178,2022-10-20,Gold,Gold Loan,244000,36,10.04,60200,8900,0.279,1,Rejected,0,2022-10-24,0,
APP802126,CUST103526,2023-02-13,Personal,Debt Consolidation,1131000,12,13.99,21200,2600,3.0,0,Rejected,0,2023-02-21,0,
APP802127,CUST102125,2023-06-15,Business,Working Capital,3696000,84,13.63,29500,7400,2.572,0,Rejected,0,2023-07-04,0,
APP802128,CUST100165,2023-08-31,Home,Home Purchase,11803000,24,10.4,29900,6700,3.0,1,Rejected,0,2023-09-08,0,
APP802129,CUST101275,2023-03-26,Home,Plot Purchase,1743000,12,9.67,46700,5200,3.0,1,Rejected,0,2023-04-05,0,
APP802130,CUST100596,2024-01-09,Home,Home Construction,11036000,60,10.31,49600,12900,3.0,1,Approved,8368000,2024-01-14,1,0
APP802131,CUST103113,2023-09-16,Personal,Medical Emergency,547000,12,14.02,14300,100,3.0,1,Rejected,0,2023-09-19,0,
APP802132,CUST104759,2024-01-24,Personal,Travel,817000,84,19.96,29600,5000,0.781,0,Approved,628000,2024-01-29,1,0
APP802133,CUST103701,2024-04-26,Education,Study Abroad,1312000,12,11.75,83000,23600,1.686,1,Approved,998000,2024-05-01,1,0
APP802134,CUST104346,2022-10-29,Business,Business Expansion,4414000,36,18.07,61400,10600,2.773,0,Rejected,0,2022-11-18,0,
APP802135,CUST101799,2023-03-07,Business,Equipment Purchase,324000,84,15.82,15500,1300,0.496,0,Approved,282000,2023-03-22,1,0
APP802136,CUST102957,2023-12-31,Home,Home Purchase,1757000,48,10.38,236600,80500,0.53,1,Approved,1557000,2024-01-02,1,0
APP802137,CUST100907,2022-12-20,Home,Plot Purchase,9832000,84,10.07,39000,11700,3.0,1,Approved,6974000,2022-12-30,1,0
APP802138,CUST103566,2022-07-05,Business,Equipment Purchase,4362000,36,18.64,42100,9600,3.0,0,Rejected,0,2022-07-13,0,
APP802139,CUST104195,2022-11-30,Personal,Travel,1295000,12,11.55,32300,1400,3.0,0,Rejected,0,2022-12-13,0,
APP802140,CUST103936,2024-05-13,Personal,Medical Emergency,954000,84,13.66,21800,5500,1.066,0,Rejected,0,2024-06-02,0,
APP802141,CUST103081,2023-04-01,Personal,Home Renovation,1454000,48,22.12,42200,9600,1.314,0,Approved,1336000,2023-04-17,1,0
APP802142,CUST102573,2022-09-29,Gold,Gold Loan,146000,12,9.54,23600,6700,0.825,1,Rejected,0,2022-10-19,0,
APP802143,CUST102710,2022-10-27,Business,Equipment Purchase,4046000,60,14.22,39000,10800,2.702,1,Rejected,0,2022-11-07,0,
APP802144,CUST102638,2023-11-20,Personal,Debt Consolidation,834000,24,13.64,39500,12700,1.331,0,Rejected,0,2023-11-22,0,
APP802145,CUST102604,2024-04-12,Personal,Home Renovation,692000,12,19.8,39000,9600,1.889,0,Rejected,0,2024-04-26,0,
APP802146,CUST102575,2023-10-13,Gold,Gold Loan,260000,24,10.56,29300,7100,0.655,1,Approved,220000,2023-10-23,1,0
APP802147,CUST102992,2023-10-21,Auto,Two Wheeler,1322000,24,9.79,171900,10300,0.414,1,Approved,1055000,2023-10-24,1,0
APP802148,CUST100870,2023-12-26,Auto,New Car,815000,12,10.38,14000,3400,3.0,1,Rejected,0,2024-01-07,0,
APP802149,CUST101405,2024-05-26,Business,Equipment Purchase,6376000,48,14.61,39000,400,3.0,0,Under Review,0,,0,
APP802150,CUST102815,2023-02-08,Home,Home Construction,8116000,120,9.73,135300,25600,0.973,1,Rejected,0,2023-02-15,0,
APP802151,CUST101217,2023-11-18,Personal,Travel,87000,24,19.97,49300,16100,0.416,0,Rejected,0,2023-11-23,0,
APP802152,CUST102066,2022-12-29,Home,Plot Purchase,9983000,36,9.78,38900,8600,3.0,1,Rejected,0,2023-01-15,0,
APP802153,CUST104527,2024-05-25,Gold,Gold Loan,342000,36,13.61,58400,9000,0.353,1,Approved,287000,2024-06-01,1,0
APP802154,CUST100500,2022-07-17,Business,Business Expansion,2474000,36,17.56,38000,200,2.348,0,Rejected,0,2022-07-28,0,
APP802155,CUST103376,2024-03-19,Personal,Debt Consolidation,935000,24,12.86,41300,600,1.089,1,Approved,780000,2024-03-26,1,1
APP802156,CUST101787,2024-06-28,Education,Higher Studies India,839000,84,11.79,54700,6100,0.38,0,Rejected,0,2024-07-13,0,
APP802157,CUST103010,2022-10-20,Personal,Wedding,1162000,24,17.86,30500,3700,2.024,0,Rejected,0,2022-11-09,0,
APP802158,CUST104354,2024-01-23,Personal,Travel,1279000,24,14.44,40400,3700,1.617,0,Approved,1158000,2024-02-01,1,1
APP802159,CUST103945,2023-11-30,Auto,Two Wheeler,1196000,48,13.76,18800,1600,1.813,1,Rejected,0,2023-12-13,0,
APP802160,CUST103374,2023-01-23,Business,Working Capital,2443000,48,14.98,10000,1000,3.0,0,Rejected,0,2023-01-26,0,
APP802161,CUST100841,2024-01-24,Personal,Travel,474000,48,18.86,27500,2600,0.608,0,Approved,440000,2024-02-11,1,0
APP802162,CUST100142,2024-06-15,Auto,New Car,927000,24,12.25,73900,23300,0.907,1,Approved,922000,2024-06-28,1,0
APP802163,CUST100597,2022-09-16,Education,Higher Studies India,1559000,60,11.5,40300,200,0.856,0,Rejected,0,2022-10-01,0,
APP802164,CUST103293,2023-04-13,Personal,Home Renovation,1007000,48,15.99,57600,7900,0.632,0,Approved,988000,2023-04-23,1,0
APP802165,CUST104623,2022-11-16,Home,Balance Transfer,8660000,180,10.44,83300,23000,1.421,1,Approved,6608000,2022-11-17,1,1
APP802166,CUST104351,2024-05-28,Auto,Two Wheeler,1637000,60,11.38,55800,3100,0.699,1,Under Review,0,,0,
APP802167,CUST104187,2023-01-29,Home,Home Construction,10429000,180,8.47,191600,47100,0.781,1,Approved,9294000,2023-01-30,1,0
APP802168,CUST100156,2022-07-01,Business,Business Expansion,4470000,12,12.32,26100,1900,3.0,0,Rejected,0,2022-07-09,0,
APP802169,CUST104889,2023-02-05,Auto,New Car,689000,36,10.33,20400,2500,1.218,1,Rejected,0,2023-02-17,0,
APP802170,CUST102271,2023-09-27,Gold,Gold Loan,703000,24,11.45,21200,2200,1.658,1,Rejected,0,2023-09-30,0,
APP802171,CUST104797,2023-04-25,Personal,Debt Consolidation,1062000,48,11.63,43200,7200,0.81,0,Approved,827000,2023-05-02,1,1
APP802172,CUST104612,2023-09-09,Home,Balance Transfer,8417000,24,10.46,15000,4600,3.0,1,Rejected,0,2023-09-19,0,
APP802173,CUST103385,2024-04-23,Personal,Medical Emergency,1053000,48,21.06,105900,18400,0.482,0,Approved,1044000,2024-05-12,1,0
APP802174,CUST100283,2023-02-14,Gold,Gold Loan,203000,12,11.29,100600,32300,0.5,1,Approved,172000,2023-03-06,1,0
APP802175,CUST104762,2023-06-21,Education,Higher Studies India,2264000,84,9.62,40400,3600,1.009,0,Approved,1797000,2023-07-02,1,0
APP802176,CUST102743,2023-08-21,Education,Skill Certification,1276000,12,9.9,17800,5200,3.0,0,Rejected,0,2023-08-22,0,
APP802177,CUST102518,2022-10-13,Personal,Debt Consolidation,1187000,60,18.11,17100,5700,2.098,0,Approved,1168000,2022-10-24,1,1
APP802178,CUST101667,2023-04-20,Business,Working Capital,5739000,84,15.11,15800,5500,3.0,0,Rejected,0,2023-04-23,0,
APP802179,CUST103281,2023-06-23,Personal,Medical Emergency,875000,84,15.62,73800,6500,0.321,0,Approved,613000,2023-06-27,1,0
APP802180,CUST103821,2022-08-10,Auto,Two Wheeler,1314000,12,13.93,16100,600,3.0,1,Rejected,0,2022-08-18,0,
APP802181,CUST101405,2023-08-24,Education,Skill Certification,1125000,24,10.55,39000,4900,1.465,0,Approved,845000,2023-09-08,1,0
APP802182,CUST101685,2023-01-15,Auto,Two Wheeler,2028000,84,10.62,20000,6900,2.058,1,Rejected,0,2023-01-31,0,
APP802183,CUST103468,2023-10-18,Personal,Medical Emergency,412000,24,16.42,53600,13400,0.628,0,Rejected,0,2023-10-22,0,
APP802184,CUST101096,2023-11-18,Education,Study Abroad,1848000,84,10.58,23800,5200,1.533,0,Rejected,0,2023-12-02,0,
APP802185,CUST104757,2023-03-30,Business,Working Capital,6255000,24,13.21,84200,20300,3.0,0,Rejected,0,2023-04-01,0,
APP802186,CUST103107,2023-09-13,Personal,Wedding,1009000,60,19.19,171300,57000,0.486,0,Approved,889000,2023-09-27,1,0
APP802187,CUST104665,2023-11-04,Auto,Used Car,399000,12,9.13,34300,9700,1.301,1,Rejected,0,2023-11-05,0,
APP802188,CUST103620,2023-04-02,Auto,Two Wheeler,1410000,60,10.82,22200,800,1.411,1,Approved,1382000,2023-04-19,1,0
APP802189,CUST104685,2023-11-14,Business,Working Capital,6506000,24,12.87,22200,3500,3.0,0,Rejected,0,2023-11-16,0,
APP802190,CUST101119,2023-05-04,Business,Business Expansion,5417000,84,14.91,23600,200,3.0,0,Rejected,0,2023-05-14,0,
APP802191,CUST100715,2023-04-11,Gold,Gold Loan,239000,24,12.27,38900,11100,0.575,1,Approved,237000,2023-04-23,1,0
APP802192,CUST101950,2024-02-26,Education,Study Abroad,2800000,84,12.96,28600,300,1.791,0,Rejected,0,2024-03-12,0,
APP802193,CUST104912,2023-02-18,Personal,Wedding,1223000,48,22.46,92100,11000,0.541,0,Rejected,0,2023-02-24,0,
APP802194,CUST103178,2023-06-26,Gold,Gold Loan,75000,36,9.37,45500,15300,0.389,1,Approved,57000,2023-07-12,1,0
APP802195,CUST100705,2023-01-06,Personal,Debt Consolidation,1472000,48,20.78,18700,800,2.47,0,Rejected,0,2023-01-18,0,
APP802196,CUST104335,2023-01-22,Gold,Gold Loan,555000,12,10.35,18000,200,2.729,1,Rejected,0,2023-02-02,0,
APP802197,CUST102314,2023-06-22,Personal,Home Renovation,782000,48,15.27,128000,6600,0.223,0,Approved,602000,2023-07-09,1,0
APP802198,CUST104692,2023-10-07,Personal,Home Renovation,443000,60,18.77,51300,9900,0.416,0,Rejected,0,2023-10-08,0,
APP802199,CUST103798,2023-06-21,Auto,Used Car,2444000,36,12.28,28900,9100,3.0,1,Rejected,0,2023-07-04,0,
APP802200,CUST104291,2024-02-25,Auto,New Car,1840000,48,10.85,10000,900,3.0,1,Rejected,0,2024-02-28,0,
APP802201,CUST102470,2022-12-19,Business,Business Expansion,5391000,60,16.91,73300,17900,2.069,0,Rejected,0,2022-12-30,0,
APP802202,CUST101621,2023-12-25,Auto,New Car,222000,36,9.8,24900,5800,0.519,1,Rejected,0,2024-01-04,0,
APP802203,CUST103696,2023-10-29,Gold,Gold Loan,98000,12,9.24,51400,400,0.175,1,Approved,81000,2023-11-17,1,1
APP802204,CUST100919,2023-12-22,Personal,Debt Consolidation,1042000,36,11.54,18000,3100,2.08,0,Approved,811000,2023-12-30,1,1
APP802205,CUST101599,2023-10-07,Personal,Debt Consolidation,638000,48,16.35,114200,33700,0.454,0,Approved,482000,2023-10-26,1,0
APP802206,CUST104013,2023-12-21,Home,Balance Transfer,8974000,12,8.6,26100,6200,3.0,1,Rejected,0,2024-01-01,0,
APP802207,CUST101857,2022-11-01,Personal,Medical Emergency,696000,84,11.74,53200,9100,0.4,0,Approved,689000,2022-11-05,1,0
APP802208,CUST101480,2022-11-11,Personal,Medical Emergency,827000,24,23.09,42700,3500,1.096,0,Approved,632000,2022-11-19,1,0
APP802209,CUST103934,2023-09-15,Auto,Two Wheeler,811000,36,12.24,22000,200,1.236,1,Rejected,0,2023-09-29,0,
APP802210,CUST100727,2024-02-02,Personal,Medical Emergency,50000,84,19.53,63200,2500,0.057,0,Approved,49000,2024-02-08,1,0
APP802211,CUST100502,2024-04-21,Auto,Used Car,1939000,84,12.33,32600,7000,1.276,1,Approved,1390000,2024-05-11,1,0
APP802212,CUST101477,2023-05-21,Auto,New Car,2201000,60,9.77,51600,7400,1.044,1,Rejected,0,2023-05-29,0,
APP802213,CUST104743,2023-05-11,Education,Skill Certification,1741000,84,9.63,57800,7800,0.629,1,Approved,1262000,2023-05-30,1,1
APP802214,CUST103186,2023-03-03,Business,Equipment Purchase,3174000,48,14.29,175300,33800,0.69,0,Approved,2581000,2023-03-22,1,0
APP802215,CUST102387,2023-09-18,Education,Higher Studies India,2576000,60,9.9,86100,5700,0.7,0,Approved,1969000,2023-09-30,1,0
APP802216,CUST100267,2023-11-04,Personal,Medical Emergency,109000,48,16.08,22000,500,0.163,1,Approved,77000,2023-11-16,1,0
APP802217,CUST102842,2023-11-09,Personal,Home Renovation,635000,24,12.19,86400,16000,0.532,0,Rejected,0,2023-11-28,0,
APP802218,CUST103846,2024-03-23,Education,Skill Certification,2063000,24,10.09,44500,9600,2.356,0,Rejected,0,2024-04-05,0,
APP802219,CUST103472,2023-08-25,Gold,Gold Loan,781000,36,10.92,61400,8900,0.561,1,Rejected,0,2023-09-05,0,
APP802220,CUST101861,2023-04-20,Home,Home Purchase,3297000,36,9.2,60800,7900,1.859,1,Rejected,0,2023-04-21,0,
APP802221,CUST104102,2024-03-07,Personal,Debt Consolidation,676000,60,23.88,36300,5200,0.678,0,Approved,604000,2024-03-19,1,1
APP802222,CUST104817,2024-02-05,Personal,Debt Consolidation,517000,60,14.85,10500,200,1.187,0,Rejected,0,2024-02-11,0,
APP802223,CUST103797,2024-02-05,Personal,Wedding,372000,24,19.81,24700,2500,0.866,0,Rejected,0,2024-02-24,0,
APP802224,CUST101496,2023-06-16,Personal,Home Renovation,673000,48,20.2,72100,24100,0.619,0,Approved,584000,2023-06-19,1,0
APP802225,CUST100697,2024-02-09,Education,Study Abroad,2053000,120,11.6,174000,39400,0.393,0,Approved,1462000,2024-02-10,1,0
APP802226,CUST104560,2024-04-03,Personal,Medical Emergency,662000,12,13.99,53500,12500,1.346,1,Approved,626000,2024-04-15,1,0
APP802227,CUST104234,2022-12-18,Personal,Debt Consolidation,1204000,60,16.43,31000,3800,1.075,0,Approved,904000,2023-01-07,1,0
APP802228,CUST100450,2023-10-28,Business,Business Expansion,2907000,24,17.53,13300,3400,3.0,0,Rejected,0,2023-11-13,0,
APP802229,CUST104016,2023-01-03,Personal,Home Renovation,207000,60,17.61,36900,1700,0.188,0,Approved,189000,2023-01-14,1,0
APP802230,CUST101723,2024-02-15,Personal,Medical Emergency,1063000,24,13.36,17000,1900,3.0,0,Rejected,0,2024-03-06,0,
APP802231,CUST100512,2022-09-03,Auto,Two Wheeler,527000,84,10.15,55900,15400,0.433,1,Approved,474000,2022-09-19,1,1
APP802232,CUST104947,2024-02-18,Home,Plot Purchase,4069000,48,9.11,57800,5300,1.848,1,Approved,3445000,2024-03-09,1,0
APP802233,CUST100903,2022-12-22,Personal,Debt Consolidation,846000,84,20.42,103800,23100,0.406,0,Approved,595000,2022-12-31,1,0
APP802234,CUST101012,2023-01-23,Education,Skill Certification,2632000,24,10.48,47100,4600,2.691,1,Approved,2384000,2023-02-08,1,1
APP802235,CUST102008,2023-01-25,Personal,Travel,390000,84,18.75,19700,2400,0.547,0,Approved,322000,2023-02-14,1,1
APP802236,CUST103787,2024-01-15,Education,Skill Certification,780000,36,10.04,27300,4800,1.098,0,Rejected,0,2024-01-21,0,
APP802237,CUST102828,2023-10-11,Personal,Medical Emergency,1153000,84,13.59,38100,6200,0.723,1,Approved,1106000,2023-10-12,1,1
APP802238,CUST100483,2023-03-05,Education,Study Abroad,1581000,48,11.2,42900,12800,1.255,0,Rejected,0,2023-03-13,0,
APP802239,CUST102819,2023-12-11,Personal,Medical Emergency,500000,48,12.54,10000,1900,1.52,0,Approved,436000,2023-12-28,1,0
APP802240,CUST102383,2022-08-15,Home,Plot Purchase,2022000,180,9.69,13200,3800,1.91,1,Approved,1439000,2022-09-01,1,1
APP802241,CUST104477,2023-07-13,Auto,Used Car,679000,60,10.9,53200,6900,0.407,1,Approved,485000,2023-07-21,1,0
APP802242,CUST104889,2023-06-11,Education,Skill Certification,290000,84,9.8,20400,6700,0.563,0,Rejected,0,2023-07-01,0,
APP802243,CUST101645,2024-06-01,Business,Working Capital,5063000,84,12.03,19700,2400,3.0,0,Rejected,0,2024-06-19,0,
APP802244,CUST100132,2023-08-24,Personal,Wedding,1437000,36,19.52,37300,6800,1.603,0,Approved,1238000,2023-09-01,1,1
APP802245,CUST102869,2023-11-04,Auto,Two Wheeler,204000,84,13.5,31800,5500,0.292,1,Approved,180000,2023-11-24,1,0
APP802246,CUST102195,2023-09-20,Home,Home Purchase,2099000,24,8.31,28200,1500,3.0,1,Rejected,0,2023-10-07,0,
APP802247,CUST103847,2023-06-18,Home,Home Purchase,9016000,60,9.5,68500,19100,3.0,1,Rejected,0,2023-07-06,0,
APP802248,CUST104222,2023-07-09,Auto,Used Car,1198000,12,12.69,24400,6900,3.0,1,Rejected,0,2023-07-10,0,
APP802249,CUST100447,2022-10-21,Education,Higher Studies India,2324000,60,9.99,10000,900,3.0,0,Rejected,0,2022-10-25,0,
APP802250,CUST104762,2022-08-17,Home,Plot Purchase,5895000,84,10.35,40400,700,2.468,1,Rejected,0,2022-08-25,0,
APP802251,CUST100199,2023-02-02,Gold,Gold Loan,680000,36,12.84,17300,2200,1.452,1,Rejected,0,2023-02-03,0,
APP802252,CUST100351,2023-10-27,Business,Business Expansion,3506000,24,13.67,26300,8900,3.0,0,Rejected,0,2023-10-29,0,
APP802253,CUST103396,2023-10-06,Personal,Travel,800000,84,14.88,35000,9000,0.696,0,Approved,645000,2023-10-23,1,0
APP802254,CUST102268,2024-06-28,Auto,New Car,1216000,12,11.2,57700,12100,2.073,1,Approved,1120000,2024-07-17,1,1
APP802255,CUST103993,2022-09-05,Personal,Travel,1042000,84,23.68,16400,400,1.584,0,Rejected,0,2022-09-08,0,
APP802256,CUST103998,2023-04-04,Education,Higher Studies India,3348000,36,9.17,88000,28500,1.536,0,Approved,2754000,2023-04-21,1,0
APP802257,CUST102758,2023-08-07,Education,Higher Studies India,623000,12,9.84,45800,500,1.204,0,Rejected,0,2023-08-10,0,
APP802258,CUST104523,2023-08-23,Auto,Two Wheeler,461000,60,12.93,28300,8900,0.685,1,Approved,442000,2023-09-11,1,0
APP802259,CUST101316,2023-12-31,Education,Higher Studies India,2833000,84,12.19,27500,4900,2.007,1,Rejected,0,2024-01-20,0,
APP802260,CUST103465,2023-01-15,Personal,Medical Emergency,712000,24,17.45,40300,2600,0.942,0,Rejected,0,2023-01-26,0,
APP802261,CUST102649,2024-03-16,Personal,Home Renovation,1008000,36,11.72,38000,4400,0.993,0,Approved,960000,2024-03-20,1,0
APP802262,CUST100181,2023-06-17,Business,Equipment Purchase,4982000,36,18.25,64200,15100,3.0,0,Approved,3548000,2023-07-05,1,0
APP802263,CUST101085,2024-03-25,Personal,Debt Consolidation,253000,48,21.83,40200,8000,0.397,1,Approved,228000,2024-03-28,1,1
APP802264,CUST104232,2024-04-06,Personal,Wedding,1017000,24,18.84,35100,9700,1.735,0,Rejected,0,2024-04-07,0,
APP802265,CUST102736,2022-07-25,Business,Equipment Purchase,959000,12,15.19,54100,2700,1.651,0,Approved,712000,2022-08-10,1,1
APP802266,CUST103485,2024-02-15,Home,Balance Transfer,8953000,84,8.02,39500,3800,3.0,1,Rejected,0,2024-02-29,0,
APP802267,CUST100650,2024-04-10,Auto,New Car,1692000,12,13.05,80200,6000,1.958,1,Approved,1419000,2024-04-17,1,0
APP802268,CUST104828,2023-10-01,Personal,Medical Emergency,604000,36,12.62,62000,5000,0.407,0,Rejected,0,2023-10-16,0,
APP802269,CUST100105,2023-05-23,Business,Equipment Purchase,997000,48,19.41,33500,5100,1.048,0,Approved,903000,2023-06-07,1,0
APP802270,CUST102074,2023-11-01,Business,Working Capital,3444000,60,12.77,58700,8400,1.471,0,Approved,2918000,2023-11-19,1,1
APP802271,CUST101177,2023-12-14,Gold,Gold Loan,367000,12,14.28,63500,6500,0.622,1,Rejected,0,2023-12-18,0,
APP802272,CUST101457,2024-05-23,Gold,Gold Loan,247000,12,11.66,21100,1300,1.101,1,Under Review,0,,0,
APP802273,CUST101150,2023-11-02,Auto,New Car,1266000,60,12.03,19000,6300,1.815,1,Rejected,0,2023-11-11,0,
APP802274,CUST102946,2023-12-08,Auto,Two Wheeler,725000,12,10.07,58000,15100,1.361,1,Approved,702000,2023-12-28,1,1
APP802275,CUST102118,2024-01-11,Auto,New Car,2273000,60,11.67,42100,5000,1.311,1,Rejected,0,2024-01-13,0,
APP802276,CUST103829,2024-06-20,Home,Plot Purchase,4308000,84,8.49,30800,300,2.222,1,Rejected,0,2024-06-22,0,
APP802277,CUST102857,2024-01-26,Business,Business Expansion,3267000,24,13.39,27400,7700,3.0,0,Approved,2492000,2024-02-13,1,0
APP802278,CUST100424,2023-05-05,Auto,New Car,2391000,48,9.75,36300,7400,1.865,1,Rejected,0,2023-05-09,0,
APP802279,CUST101967,2022-08-10,Gold,Gold Loan,408000,24,10.21,34400,8000,0.781,1,Approved,363000,2022-08-28,1,0
APP802280,CUST103799,2024-04-21,Personal,Debt Consolidation,1308000,12,14.6,58300,8300,2.163,0,Rejected,0,2024-05-07,0,
APP802281,CUST101351,2024-06-23,Business,Working Capital,515000,84,15.54,72400,4500,0.202,1,Under Review,0,,0,
APP802282,CUST103722,2023-06-19,Gold,Gold Loan,786000,12,14.83,47000,5500,1.625,1,Approved,615000,2023-06-24,1,1
APP802283,CUST102271,2022-12-14,Home,Home Construction,1600000,180,10.18,21200,2400,0.933,1,Approved,1316000,2023-01-01,1,0
APP802284,CUST103555,2022-10-10,Business,Working Capital,5689000,60,14.41,57600,11500,2.519,0,Rejected,0,2022-10-27,0,
APP802285,CUST102870,2023-12-26,Auto,New Car,2377000,60,11.15,47800,15600,1.412,1,Approved,1912000,2024-01-14,1,0
APP802286,CUST101937,2023-04-14,Education,Study Abroad,1879000,48,11.29,35900,6100,1.531,0,Approved,1650000,2023-04-26,1,1
APP802287,CUST103803,2023-09-28,Gold,Gold Loan,494000,36,13.22,144000,22800,0.274,1,Approved,352000,2023-10-15,1,0
APP802288,CUST100010,2024-03-17,Business,Equipment Purchase,4348000,12,15.12,58400,14300,3.0,0,Rejected,0,2024-03-28,0,
APP802289,CUST102197,2023-08-11,Home,Balance Transfer,7732000,120,9.73,43200,800,2.358,1,Approved,5595000,2023-08-21,1,0
APP802290,CUST102925,2023-10-05,Education,Study Abroad,668000,120,12.09,45200,3200,0.284,0,Rejected,0,2023-10-18,0,
APP802291,CUST100242,2022-07-06,Auto,Used Car,693000,48,11.78,21400,100,0.852,1,Rejected,0,2022-07-15,0,
APP802292,CUST103066,2022-10-16,Home,Plot Purchase,11343000,240,8.27,33700,8000,3.0,1,Rejected,0,2022-11-03,0,
APP802293,CUST103959,2024-04-25,Gold,Gold Loan,226000,24,11.05,49100,11200,0.443,1,Approved,221000,2024-04-26,1,0
APP802294,CUST100582,2023-06-04,Personal,Debt Consolidation,1053000,48,20.11,32700,1300,1.021,0,Approved,751000,2023-06-15,1,1
APP802295,CUST103441,2023-10-25,Auto,Used Car,2002000,48,12.01,14400,3200,3.0,1,Rejected,0,2023-11-14,0,
APP802296,CUST104044,2023-09-12,Home,Home Purchase,2985000,12,9.28,59600,12600,3.0,1,Rejected,0,2023-10-02,0,
APP802297,CUST103990,2023-09-15,Gold,Gold Loan,182000,12,14.03,174000,31300,0.274,1,Approved,160000,2023-10-04,1,0
APP802298,CUST104050,2023-11-07,Auto,Two Wheeler,1105000,84,12.0,40100,1000,0.511,1,Approved,1042000,2023-11-22,1,0
APP802299,CUST104264,2023-05-12,Gold,Gold Loan,289000,12,10.74,41800,13700,0.938,1,Approved,252000,2023-05-19,1,0
APP802300,CUST103829,2024-05-05,Home,Home Purchase,11431000,84,9.37,30800,5800,3.0,1,Rejected,0,2024-05-20,0,
APP802301,CUST103909,2022-10-11,Auto,New Car,2293000,36,11.0,37600,4700,2.123,1,Rejected,0,2022-10-21,0,
APP802302,CUST101309,2023-06-22,Auto,Used Car,1944000,60,13.49,31500,8000,1.673,1,Rejected,0,2023-06-29,0,
APP802303,CUST100461,2023-08-28,Auto,Used Car,1075000,24,10.69,36500,2000,1.424,1,Approved,1066000,2023-09-04,1,1
APP802304,CUST100871,2022-11-14,Business,Working Capital,584000,36,14.32,21600,7300,1.265,0,Approved,573000,2022-11-28,1,0
APP802305,CUST101407,2023-08-05,Home,Plot Purchase,11176000,48,8.6,49600,5800,3.0,1,Rejected,0,2023-08-14,0,
APP802306,CUST101420,2022-12-11,Home,Plot Purchase,6599000,240,8.63,38800,9200,1.727,1,Rejected,0,2022-12-14,0,
APP802307,CUST101134,2023-10-20,Auto,Two Wheeler,579000,12,9.38,47700,5700,1.182,1,Approved,503000,2023-11-07,1,1
APP802308,CUST104471,2023-06-24,Home,Home Purchase,10168000,120,8.92,31800,11000,3.0,1,Rejected,0,2023-07-07,0,
APP802309,CUST103869,2022-07-05,Personal,Medical Emergency,605000,36,16.19,30100,3500,0.826,0,Approved,532000,2022-07-12,1,1
APP802310,CUST102374,2024-04-16,Home,Home Purchase,8307000,24,8.72,91000,3000,3.0,1,Rejected,0,2024-04-30,0,
APP802311,CUST100186,2023-07-13,Auto,New Car,2070000,36,10.0,35000,10700,2.215,1,Rejected,0,2023-07-20,0,
APP802312,CUST100628,2024-01-27,Business,Working Capital,2680000,24,19.92,39100,7200,3.0,0,Rejected,0,2024-01-28,0,
APP802313,CUST101821,2023-04-30,Business,Business Expansion,4330000,48,13.84,144700,24800,0.987,0,Approved,3727000,2023-05-09,1,0
APP802314,CUST102332,2022-08-09,Personal,Wedding,532000,60,13.71,59400,12400,0.415,0,Approved,435000,2022-08-11,1,0
APP802315,CUST103528,2023-10-16,Home,Balance Transfer,4546000,180,9.74,13400,700,3.0,1,Rejected,0,2023-10-20,0,
APP802316,CUST102850,2023-06-15,Personal,Travel,900000,12,13.86,11600,2900,3.0,0,Rejected,0,2023-06-22,0,
APP802317,CUST103699,2022-12-24,Personal,Wedding,355000,24,17.21,12000,3800,1.779,0,Rejected,0,2023-01-05,0,
APP802318,CUST102528,2022-07-25,Auto,Used Car,1518000,12,12.93,70200,500,1.937,1,Approved,1416000,2022-08-09,1,0
APP802319,CUST102787,2023-12-29,Home,Balance Transfer,3336000,36,9.07,45000,2200,2.409,1,Rejected,0,2024-01-01,0,
APP802320,CUST100422,2022-10-25,Personal,Medical Emergency,634000,60,19.82,96700,24200,0.423,0,Approved,593000,2022-11-13,1,0
APP802321,CUST100294,2023-01-21,Personal,Travel,703000,48,18.34,35500,1200,0.619,0,Approved,537000,2023-01-29,1,1
APP802322,CUST103903,2024-02-13,Home,Plot Purchase,10039000,48,8.1,71500,400,3.0,1,Rejected,0,2024-03-04,0,
APP802323,CUST100835,2023-05-15,Education,Skill Certification,2261000,48,10.06,80800,24000,1.007,1,Rejected,0,2023-05-21,0,
APP802324,CUST100240,2023-11-18,Home,Home Purchase,8192000,36,8.83,52100,3600,3.0,1,Rejected,0,2023-11-23,0,
APP802325,CUST104452,2023-03-18,Business,Equipment Purchase,6026000,84,17.25,31100,4100,3.0,0,Rejected,0,2023-04-07,0,
APP802326,CUST102101,2023-12-26,Business,Working Capital,5420000,60,13.92,89200,14200,1.571,0,Approved,3868000,2024-01-12,1,0
APP802327,CUST101411,2024-02-17,Personal,Wedding,374000,12,13.26,79700,10500,0.551,0,Approved,308000,2024-03-03,1,0
APP802328,CUST103077,2023-05-01,Home,Home Purchase,7112000,36,8.38,129700,9000,1.797,1,Approved,6543000,2023-05-04,1,0
APP802329,CUST104580,2024-04-06,Auto,New Car,2207000,12,11.33,54700,11100,3.0,1,Approved,2134000,2024-04-07,1,0
APP802330,CUST104683,2023-01-03,Education,Study Abroad,2636000,60,12.24,89000,4800,0.716,1,Approved,2151000,2023-01-04,1,0
APP802331,CUST100024,2024-04-13,Education,Skill Certification,3776000,120,12.49,50800,4100,1.169,0,Approved,3495000,2024-04-28,1,0
APP802332,CUST102422,2023-06-10,Personal,Wedding,597000,60,20.19,65000,9000,0.383,0,Approved,525000,2023-06-20,1,0
APP802333,CUST100702,2023-01-12,Personal,Home Renovation,954000,84,11.8,34100,11900,0.839,0,Approved,724000,2023-01-15,1,0
APP802334,CUST101394,2024-01-05,Auto,Two Wheeler,1135000,24,10.6,38200,6100,1.541,1,Approved,817000,2024-01-11,1,0
APP802335,CUST102006,2023-10-16,Business,Equipment Purchase,4509000,84,16.12,39700,3100,2.342,0,Rejected,0,2023-11-03,0,
APP802336,CUST100041,2023-12-07,Business,Business Expansion,4496000,12,13.37,15200,5000,3.0,0,Rejected,0,2023-12-15,0,
APP802337,CUST102213,2023-05-23,Education,Skill Certification,2104000,24,9.89,73600,12700,1.491,0,Rejected,0,2023-06-08,0,
APP802338,CUST100445,2022-08-25,Personal,Home Renovation,820000,84,16.13,10000,500,1.678,1,Rejected,0,2022-08-26,0,
APP802339,CUST102870,2022-11-03,Business,Working Capital,5782000,48,17.78,47800,2600,3.0,1,Rejected,0,2022-11-10,0,
APP802340,CUST100262,2023-03-07,Personal,Wedding,944000,60,19.08,21200,2900,1.291,0,Rejected,0,2023-03-21,0,
APP802341,CUST104059,2023-01-13,Auto,Two Wheeler,911000,48,12.88,75300,19400,0.582,1,Approved,865000,2023-01-28,1,0
APP802342,CUST104872,2024-05-01,Gold,Gold Loan,656000,24,14.84,19700,5200,1.88,1,Approved,567000,2024-05-20,1,0
APP802343,CUST103193,2022-12-07,Home,Home Construction,1747000,24,9.07,25100,2900,3.0,1,Rejected,0,2022-12-17,0,
APP802344,CUST103061,2023-05-20,Personal,Debt Consolidation,166000,24,11.94,78300,23400,0.399,0,Approved,124000,2023-06-05,1,1
APP802345,CUST104739,2023-11-08,Education,Skill Certification,2285000,60,10.83,47700,4400,1.13,0,Approved,1987000,2023-11-21,1,0
APP802346,CUST102130,2022-12-25,Business,Equipment Purchase,3110000,60,19.78,56100,3300,1.521,0,Rejected,0,2023-01-03,0,
APP802347,CUST102576,2023-12-02,Auto,New Car,776000,12,13.6,34000,7700,2.271,1,Approved,771000,2023-12-13,1,1
APP802348,CUST100948,2023-12-09,Business,Working Capital,1360000,84,15.08,47900,1300,0.576,0,Approved,1150000,2023-12-14,1,0
APP802349,CUST100049,2022-10-09,Education,Higher Studies India,797000,36,11.4,25600,2600,1.127,1,Rejected,0,2022-10-27,0,
APP802350,CUST103759,2023-09-22,Auto,Two Wheeler,1117000,84,9.44,32900,10500,0.873,1,Approved,801000,2023-10-08,1,0
APP802351,CUST100306,2024-01-28,Personal,Home Renovation,1130000,84,11.21,71800,3400,0.319,1,Approved,1081000,2024-02-10,1,0
APP802352,CUST101424,2023-05-17,Auto,New Car,1580000,36,11.14,11200,3000,3.0,1,Rejected,0,2023-05-19,0,
APP802353,CUST102473,2024-05-09,Personal,Debt Consolidation,1448000,60,17.12,64800,1300,0.577,0,Rejected,0,2024-05-18,0,
APP802354,CUST104106,2024-02-02,Education,Skill Certification,838000,48,10.07,17200,2500,1.38,0,Rejected,0,2024-02-05,0,
APP802355,CUST101594,2023-04-13,Business,Working Capital,2799000,12,13.76,18900,3200,3.0,0,Rejected,0,2023-04-28,0,
APP802356,CUST104594,2024-04-24,Home,Balance Transfer,8622000,60,10.34,68000,17100,2.966,1,Rejected,0,2024-04-30,0,
APP802357,CUST102964,2022-12-24,Education,Study Abroad,1038000,24,11.1,81600,11200,0.731,0,Approved,880000,2023-01-08,1,0
APP802358,CUST103443,2023-03-17,Business,Equipment Purchase,4191000,84,15.59,75700,25400,1.421,0,Rejected,0,2023-03-30,0,
APP802359,CUST104626,2023-04-05,Auto,New Car,2045000,60,13.03,52700,2000,0.922,1,Approved,1508000,2023-04-10,1,0
APP802360,CUST100444,2023-04-20,Education,Study Abroad,3716000,12,10.82,27900,8600,3.0,0,Rejected,0,2023-05-05,0,
APP802361,CUST100443,2022-10-10,Auto,Two Wheeler,684000,12,11.4,21800,7000,3.0,1,Approved,551000,2022-10-19,1,1
APP802362,CUST104578,2022-10-22,Gold,Gold Loan,528000,24,12.15,10000,1500,2.639,1,Rejected,0,2022-10-30,0,
APP802363,CUST102615,2024-06-07,Personal,Home Renovation,727000,36,11.73,10000,3200,2.725,1,Under Review,0,,0,
APP802364,CUST103799,2022-10-16,Auto,Used Car,465000,24,12.19,58300,11700,0.577,1,Approved,449000,2022-11-03,1,0
APP802365,CUST100052,2022-10-17,Personal,Home Renovation,404000,48,21.39,12600,3500,1.274,0,Rejected,0,2022-10-28,0,
APP802366,CUST104546,2023-05-12,Auto,Two Wheeler,234000,48,12.58,105900,24900,0.294,1,Approved,221000,2023-05-30,1,0
APP802367,CUST100925,2023-08-14,Personal,Medical Emergency,707000,24,15.33,36100,6300,1.127,0,Rejected,0,2023-08-27,0,
APP802368,CUST101071,2023-09-01,Gold,Gold Loan,561000,24,10.7,57700,13900,0.692,1,Approved,406000,2023-09-15,1,0
APP802369,CUST100718,2022-09-08,Gold,Gold Loan,338000,12,14.8,50600,9100,0.783,1,Rejected,0,2022-09-12,0,
APP802370,CUST103178,2023-11-25,Personal,Debt Consolidation,1179000,84,16.32,45500,14000,0.828,0,Approved,995000,2023-12-03,1,1
APP802371,CUST101235,2024-06-15,Auto,Two Wheeler,398000,84,11.02,33000,9800,0.504,1,Under Review,0,,0,
APP802372,CUST102749,2024-01-20,Education,Study Abroad,2096000,24,9.85,35700,1500,2.746,1,Rejected,0,2024-01-21,0,
APP802373,CUST101740,2024-03-05,Home,Home Construction,2216000,36,8.66,40600,10100,1.978,1,Rejected,0,2024-03-16,0,
APP802374,CUST104754,2024-06-12,Auto,New Car,510000,60,13.05,10000,1500,1.312,1,Rejected,0,2024-06-17,0,
APP802375,CUST100868,2023-11-01,Auto,Two Wheeler,2104000,48,13.93,75400,4000,0.815,1,Approved,1918000,2023-11-16,1,0
APP802376,CUST103417,2023-02-18,Home,Plot Purchase,10780000,36,10.38,35100,5800,3.0,1,Rejected,0,2023-03-06,0,
APP802377,CUST101065,2023-05-01,Home,Plot Purchase,9678000,24,8.8,200000,59800,2.505,1,Rejected,0,2023-05-20,0,
APP802378,CUST102886,2023-02-11,Personal,Wedding,1206000,12,18.52,29000,3000,3.0,0,Rejected,0,2023-02-26,0,
APP802379,CUST104998,2023-12-02,Home,Home Construction,9687000,48,9.44,10000,800,3.0,1,Rejected,0,2023-12-11,0,
APP802380,CUST100376,2024-03-23,Home,Home Purchase,7772000,48,9.75,75100,16600,2.832,1,Rejected,0,2024-04-05,0,
APP802381,CUST104429,2023-11-09,Personal,Medical Emergency,51000,36,22.84,42600,6000,0.187,0,Approved,48000,2023-11-29,1,0
APP802382,CUST101825,2023-10-12,Personal,Medical Emergency,699000,36,16.78,37100,5900,0.829,0,Rejected,0,2023-10-15,0,
APP802383,CUST100915,2023-12-19,Personal,Travel,1411000,24,12.93,30000,1200,2.273,0,Rejected,0,2024-01-04,0,
APP802384,CUST104345,2024-02-03,Personal,Home Renovation,1491000,12,22.29,26000,2700,3.0,0,Rejected,0,2024-02-16,0,
APP802385,CUST101259,2022-12-21,Business,Equipment Purchase,5511000,48,16.02,77500,5300,2.084,0,Rejected,0,2023-01-06,0,
APP802386,CUST104242,2023-02-28,Business,Business Expansion,378000,60,12.16,68500,22200,0.448,1,Approved,341000,2023-03-13,1,0
APP802387,CUST104211,2023-04-20,Auto,New Car,1999000,60,10.85,48600,12000,1.137,1,Approved,1518000,2023-04-22,1,1
APP802388,CUST103449,2023-05-28,Education,Higher Studies India,3898000,24,9.12,34700,6100,3.0,0,Rejected,0,2023-06-09,0,
APP802389,CUST101236,2023-01-04,Business,Equipment Purchase,1943000,36,18.73,10000,1900,3.0,0,Rejected,0,2023-01-20,0,
APP802390,CUST100056,2023-03-25,Personal,Wedding,547000,48,18.96,30600,8000,0.794,0,Approved,458000,2023-04-06,1,0
APP802391,CUST101675,2024-06-02,Personal,Medical Emergency,213000,84,14.06,15900,3900,0.495,1,Under Review,0,,0,
APP802392,CUST102437,2022-12-12,Auto,New Car,2422000,36,10.12,22800,4700,3.0,1,Rejected,0,2022-12-25,0,
APP802393,CUST101927,2024-01-03,Personal,Wedding,1239000,84,21.88,38300,4600,0.875,1,Approved,1223000,2024-01-14,1,0
APP802394,CUST102196,2023-12-01,Personal,Medical Emergency,925000,12,23.31,92800,25200,1.21,1,Rejected,0,2023-12-09,0,
APP802395,CUST101659,2024-01-10,Personal,Wedding,927000,36,22.68,33700,6000,1.238,1,Rejected,0,2024-01-12,0,
APP802396,CUST101671,2023-09-27,Personal,Home Renovation,177000,36,23.88,24800,1500,0.339,1,Rejected,0,2023-10-17,0,
APP802397,CUST102637,2023-01-02,Auto,New Car,2095000,36,11.42,16000,2500,3.0,1,Rejected,0,2023-01-09,0,
APP802398,CUST101830,2022-12-29,Home,Home Construction,5731000,36,8.79,23800,200,3.0,1,Rejected,0,2023-01-14,0,
APP802399,CUST103716,2023-11-10,Personal,Travel,1181000,60,16.06,17900,3100,1.778,0,Rejected,0,2023-11-23,0,
APP802400,CUST104176,2024-04-24,Auto,Two Wheeler,398000,12,10.33,17000,3300,2.25,1,Rejected,0,2024-04-28,0,
APP802401,CUST102440,2023-04-10,Home,Plot Purchase,11531000,60,9.25,51400,1700,3.0,1,Rejected,0,2023-04-29,0,
APP802402,CUST101463,2024-01-13,Personal,Home Renovation,694000,84,16.5,63700,12600,0.417,0,Approved,486000,2024-01-20,1,0
APP802403,CUST103535,2022-08-25,Personal,Wedding,1413000,24,11.1,31800,8100,2.329,0,Rejected,0,2022-09-07,0,
APP802404,CUST100260,2023-01-16,Personal,Debt Consolidation,685000,24,18.32,40200,900,0.875,0,Approved,652000,2023-01-20,1,1
APP802405,CUST104040,2023-01-24,Business,Business Expansion,5735000,36,18.29,14400,3700,3.0,0,Rejected,0,2023-02-06,0,
APP802406,CUST103326,2024-02-07,Auto,New Car,829000,84,9.62,94700,28100,0.44,1,Approved,680000,2024-02-24,1,0
APP802407,CUST103233,2023-09-20,Business,Equipment Purchase,6964000,60,19.15,29000,1800,3.0,1,Rejected,0,2023-10-03,0,
APP802408,CUST100424,2023-09-07,Auto,Two Wheeler,2278000,36,12.0,36300,3200,2.171,1,Rejected,0,2023-09-25,0,
APP802409,CUST104133,2023-05-15,Business,Business Expansion,4357000,48,19.72,51100,14600,2.867,0,Rejected,0,2023-05-22,0,
APP802410,CUST103744,2022-09-09,Personal,Home Renovation,1199000,84,21.49,10000,3300,3.0,0,Rejected,0,2022-09-15,0,
APP802411,CUST103418,2024-04-05,Home,Home Construction,4249000,36,10.29,65100,18500,2.399,1,Rejected,0,2024-04-09,0,
APP802412,CUST103136,2023-03-13,Business,Working Capital,1068000,36,13.34,34900,3800,1.144,0,Approved,818000,2023-03-18,1,0
APP802413,CUST103614,2023-12-25,Gold,Gold Loan,519000,12,11.01,67500,23300,1.024,1,Approved,445000,2023-12-26,1,1
APP802414,CUST100437,2023-10-08,Home,Balance Transfer,5054000,120,9.7,10000,3000,3.0,1,Rejected,0,2023-10-13,0,
APP802415,CUST103457,2023-06-01,Education,Skill Certification,3707000,24,11.09,22100,4300,3.0,0,Rejected,0,2023-06-10,0,
APP802416,CUST102011,2022-10-04,Personal,Wedding,756000,36,13.55,38400,900,0.693,0,Approved,624000,2022-10-22,1,0
APP802417,CUST103432,2022-12-04,Personal,Home Renovation,582000,84,13.46,103300,18800,0.286,0,Approved,461000,2022-12-15,1,1
APP802418,CUST100232,2022-07-23,Auto,New Car,638000,48,11.64,71100,19700,0.512,1,Approved,551000,2022-08-08,1,0
APP802419,CUST104207,2023-10-29,Auto,Used Car,1177000,12,10.97,62600,13300,1.873,1,Rejected,0,2023-11-12,0,
APP802420,CUST103426,2023-12-16,Personal,Travel,810000,60,14.86,44600,9400,0.641,0,Approved,580000,2023-12-22,1,0
APP802421,CUST104747,2022-07-07,Personal,Wedding,571000,24,21.21,16500,1800,1.886,0,Rejected,0,2022-07-24,0,
APP802422,CUST104130,2023-10-11,Personal,Travel,1179000,24,19.52,18800,2400,3.0,0,Rejected,0,2023-10-28,0,
APP802423,CUST101776,2023-09-12,Personal,Medical Emergency,844000,48,15.7,38200,11100,0.912,0,Approved,642000,2023-09-30,1,0
APP802424,CUST103364,2022-10-30,Business,Business Expansion,4521000,84,17.43,95300,16000,1.149,0,Approved,4336000,2022-11-02,1,1
APP802425,CUST102319,2023-04-27,Personal,Travel,1465000,36,17.97,50700,14200,1.323,1,Rejected,0,2023-05-02,0,
APP802426,CUST100624,2023-04-28,Gold,Gold Loan,571000,24,14.76,68500,21400,0.716,1,Approved,448000,2023-05-03,1,0
APP802427,CUST102587,2024-02-07,Auto,New Car,1076000,60,11.92,26900,8100,1.19,1,Rejected,0,2024-02-20,0,
APP802428,CUST100003,2022-07-21,Gold,Gold Loan,756000,24,10.5,14600,4200,2.68,1,Rejected,0,2022-07-27,0,
APP802429,CUST103186,2023-12-16,Personal,Home Renovation,457000,36,13.25,175300,35500,0.291,0,Approved,383000,2024-01-02,1,0
APP802430,CUST102223,2023-06-05,Education,Higher Studies India,1515000,48,11.42,28000,9200,1.741,0,Rejected,0,2023-06-10,0,
APP802431,CUST103906,2022-07-12,Education,Study Abroad,1730000,24,10.78,201900,48600,0.639,0,Approved,1559000,2022-07-21,1,0
APP802432,CUST101932,2022-07-07,Home,Plot Purchase,3046000,36,8.39,17800,4600,3.0,1,Rejected,0,2022-07-15,0,
APP802433,CUST104098,2023-02-21,Auto,Two Wheeler,2360000,60,11.61,81000,16400,0.844,1,Approved,2195000,2023-02-24,1,0
APP802434,CUST104668,2024-06-04,Business,Equipment Purchase,2244000,60,13.25,41800,3100,1.303,0,Rejected,0,2024-06-13,0,
APP802435,CUST102692,2023-01-26,Education,Skill Certification,3030000,24,11.57,45300,6000,3.0,0,Rejected,0,2023-01-28,0,
APP802436,CUST104863,2022-07-10,Personal,Medical Emergency,675000,48,22.27,38500,6400,0.722,0,Approved,482000,2022-07-11,1,0
APP802437,CUST102396,2023-12-02,Business,Business Expansion,4287000,36,15.01,53100,10600,2.997,0,Approved,3888000,2023-12-22,1,0
APP802438,CUST103673,2023-12-01,Personal,Travel,506000,48,11.25,34200,4200,0.507,1,Rejected,0,2023-12-07,0,
APP802439,CUST103310,2022-12-28,Auto,New Car,2316000,12,11.64,32100,4800,3.0,1,Rejected,0,2023-01-14,0,
APP802440,CUST104641,2023-05-04,Auto,New Car,990000,84,9.67,19100,2400,0.978,1,Rejected,0,2023-05-16,0,
APP802441,CUST102574,2023-06-30,Personal,Wedding,390000,24,19.2,41700,7500,0.653,1,Approved,318000,2023-07-15,1,0
APP802442,CUST103134,2023-01-17,Personal,Home Renovation,1406000,36,19.44,64400,400,0.812,0,Approved,1068000,2023-01-21,1,0
APP802443,CUST101578,2023-05-19,Education,Higher Studies India,825000,24,10.06,10000,500,3.0,0,Approved,604000,2023-06-04,1,0
APP802444,CUST101478,2023-07-04,Auto,New Car,1035000,60,10.54,73700,13800,0.489,1,Approved,974000,2023-07-12,1,0
APP802445,CUST102170,2024-05-12,Home,Home Construction,6939000,120,9.25,72700,18500,1.476,1,Rejected,0,2024-05-17,0,
APP802446,CUST104784,2024-06-14,Auto,Two Wheeler,1006000,36,12.86,64300,13400,0.734,1,Under Review,0,,0,
APP802447,CUST100519,2022-09-14,Business,Working Capital,2035000,48,12.37,34400,4400,1.697,0,Rejected,0,2022-10-03,0,
APP802448,CUST100549,2023-09-22,Home,Balance Transfer,11694000,180,9.94,23600,2200,3.0,1,Rejected,0,2023-10-11,0,
APP802449,CUST104253,2023-11-10,Business,Equipment Purchase,4201000,12,16.06,83900,28400,3.0,0,Rejected,0,2023-11-26,0,
APP802450,CUST104001,2022-09-16,Education,Study Abroad,744000,84,11.26,15500,3700,1.067,1,Rejected,0,2022-09-27,0,
APP802451,CUST103573,2023-08-23,Education,Higher Studies India,372000,60,10.97,22200,2300,0.468,0,Approved,311000,2023-09-04,1,1
APP802452,CUST103408,2022-09-05,Gold,Gold Loan,167000,12,14.99,74400,25300,0.543,1,Approved,132000,2022-09-16,1,0
APP802453,CUST104502,2023-11-30,Home,Home Purchase,1637000,24,9.5,38400,10600,2.23,1,Approved,1468000,2023-12-20,1,0
APP802454,CUST104975,2024-01-20,Gold,Gold Loan,60000,12,11.23,232800,9700,0.064,1,Approved,58000,2024-02-03,1,0
APP802455,CUST103626,2024-03-01,Education,Higher Studies India,2055000,60,11.88,45600,13600,1.298,0,Approved,1975000,2024-03-06,1,0
APP802456,CUST100747,2022-08-08,Education,Higher Studies India,2541000,60,9.29,41400,8100,1.477,0,Rejected,0,2022-08-24,0,
APP802457,CUST102605,2022-12-23,Personal,Debt Consolidation,1274000,84,20.83,40100,8200,0.927,0,Rejected,0,2022-12-31,0,
APP802458,CUST104647,2023-08-06,Personal,Wedding,962000,36,18.61,16200,300,2.182,0,Rejected,0,2023-08-19,0,
APP802459,CUST100973,2023-05-17,Personal,Travel,774000,84,19.03,43200,5800,0.522,0,Approved,688000,2023-05-31,1,0
APP802460,CUST101912,2023-07-25,Business,Business Expansion,2655000,36,18.94,41200,11000,2.626,0,Approved,2306000,2023-07-31,1,0
APP802461,CUST103508,2023-11-05,Auto,Two Wheeler,1052000,12,12.44,111400,12600,0.954,1,Approved,1043000,2023-11-07,1,0
APP802462,CUST104514,2024-02-24,Business,Equipment Purchase,358000,84,16.93,67800,15700,0.34,0,Approved,334000,2024-02-25,1,0
APP802463,CUST104859,2023-07-08,Auto,Used Car,1267000,60,13.38,73700,10800,0.541,1,Approved,971000,2023-07-09,1,0
APP802464,CUST100672,2023-03-20,Auto,Two Wheeler,605000,36,12.55,50600,10100,0.6,1,Approved,425000,2023-04-02,1,0
APP802465,CUST103082,2023-12-20,Personal,Medical Emergency,566000,36,20.24,46200,6000,0.586,0,Rejected,0,2023-12-27,0,
APP802466,CUST103405,2023-01-11,Gold,Gold Loan,687000,36,13.2,45800,15800,0.851,1,Approved,523000,2023-01-17,1,0
APP802467,CUST104273,2023-07-27,Home,Plot Purchase,5343000,24,8.57,35300,8500,3.0,1,Rejected,0,2023-07-30,0,
APP802468,CUST102436,2024-05-02,Personal,Travel,1464000,24,23.56,59200,7200,1.424,0,Rejected,0,2024-05-16,0,
APP802469,CUST103266,2024-04-22,Gold,Gold Loan,477000,24,9.89,10000,3000,2.499,1,Rejected,0,2024-04-27,0,
APP802470,CUST101342,2023-04-21,Personal,Home Renovation,1403000,60,13.08,149200,36400,0.458,0,Approved,1027000,2023-05-03,1,0
APP802471,CUST103542,2024-06-23,Education,Higher Studies India,2772000,48,10.27,79900,10800,1.02,0,Approved,2585000,2024-07-08,1,0
APP802472,CUST103058,2023-10-24,Personal,Home Renovation,622000,36,12.7,22700,5400,1.155,0,Rejected,0,2023-11-07,0,
APP802473,CUST103429,2023-12-09,Education,Skill Certification,2793000,36,11.42,27100,1900,3.0,0,Rejected,0,2023-12-11,0,
APP802474,CUST102756,2022-12-18,Gold,Gold Loan,77000,12,9.53,92600,25200,0.345,1,Rejected,0,2023-01-01,0,
APP802475,CUST102794,2024-02-27,Personal,Home Renovation,832000,48,22.8,41700,8500,0.841,0,Approved,696000,2024-03-09,1,1
APP802476,CUST101719,2022-10-05,Auto,Two Wheeler,1939000,12,13.01,39500,1200,3.0,1,Rejected,0,2022-10-21,0,
APP802477,CUST102331,2022-11-06,Business,Equipment Purchase,2636000,84,15.28,34200,4900,1.641,0,Rejected,0,2022-11-21,0,
APP802478,CUST102937,2024-06-10,Education,Skill Certification,3033000,24,9.55,22000,1800,3.0,0,Under Review,0,,0,
APP802479,CUST100749,2023-09-09,Personal,Travel,414000,12,18.84,30400,8500,1.532,0,Approved,330000,2023-09-18,1,0
APP802480,CUST100269,2024-06-26,Business,Working Capital,972000,84,12.98,30000,4600,0.742,0,Approved,954000,2024-06-30,1,0
APP802481,CUST104625,2023-11-27,Personal,Medical Emergency,587000,48,22.53,32400,9900,0.881,1,Approved,503000,2023-12-05,1,0
APP802482,CUST101966,2024-03-17,Personal,Wedding,933000,60,18.16,43500,1700,0.585,0,Approved,767000,2024-03-19,1,0
APP802483,CUST101591,2023-01-22,Personal,Travel,208000,24,14.15,44600,4700,0.33,1,Rejected,0,2023-02-10,0,
APP802484,CUST100027,2022-07-15,Business,Working Capital,1032000,24,16.36,44500,11100,1.388,0,Rejected,0,2022-07-26,0,
APP802485,CUST104715,2022-11-15,Home,Home Construction,9134000,180,10.47,17300,1800,3.0,1,Rejected,0,2022-12-01,0,
APP802486,CUST103210,2023-10-16,Gold,Gold Loan,620000,12,12.34,48100,7800,1.309,1,Approved,593000,2023-11-04,1,1
APP802487,CUST102123,2022-09-05,Home,Home Purchase,7598000,36,8.45,19100,4800,3.0,1,Rejected,0,2022-09-10,0,
APP802488,CUST100048,2023-09-11,Home,Balance Transfer,11218000,12,9.01,80100,13900,3.0,1,Rejected,0,2023-09-18,0,
APP802489,CUST101545,2024-03-21,Personal,Home Renovation,1021000,60,12.81,32900,3600,0.813,0,Rejected,0,2024-03-29,0,
APP802490,CUST102894,2022-12-30,Auto,Used Car,2473000,36,9.55,34100,5800,2.497,1,Approved,1782000,2023-01-06,1,1
APP802491,CUST104532,2023-12-21,Auto,New Car,1741000,60,13.97,26000,5400,1.762,1,Rejected,0,2023-12-27,0,
APP802492,CUST102223,2023-05-16,Education,Skill Certification,3093000,84,11.97,28000,7200,2.209,0,Approved,2257000,2023-05-18,1,1
APP802493,CUST102195,2023-08-16,Personal,Wedding,1349000,84,14.35,28200,2300,0.987,0,Rejected,0,2023-08-30,0,
APP802494,CUST102333,2024-03-15,Personal,Wedding,435000,36,11.07,52900,4000,0.345,0,Approved,334000,2024-03-21,1,0
APP802495,CUST101390,2022-10-30,Auto,Used Car,1068000,48,11.74,117100,26800,0.468,1,Approved,778000,2022-11-17,1,0
APP802496,CUST104444,2023-10-03,Auto,Two Wheeler,1306000,48,12.68,46400,13200,1.034,1,Approved,1025000,2023-10-21,1,0
APP802497,CUST104201,2022-09-15,Home,Plot Purchase,2506000,120,10.4,66500,20900,0.821,1,Rejected,0,2022-09-25,0,
APP802498,CUST101358,2023-05-21,Personal,Medical Emergency,1399000,84,17.92,26400,4700,1.287,0,Approved,1331000,2023-06-09,1,0
APP802499,CUST100783,2022-08-03,Personal,Medical Emergency,659000,12,23.74,40700,9600,1.766,0,Rejected,0,2022-08-06,0,
APP802500,CUST103555,2023-07-06,Business,Working Capital,4728000,60,18.38,57600,15700,2.374,0,Rejected,0,2023-07-20,0,
APP802501,CUST100672,2023-06-14,Personal,Travel,1085000,24,11.89,50600,15400,1.314,0,Rejected,0,2023-06-30,0,
APP802502,CUST101989,2024-02-26,Gold,Gold Loan,330000,24,11.88,38000,11700,0.716,1,Rejected,0,2024-03-04,0,
APP802503,CUST101558,2023-06-15,Personal,Medical Emergency,146000,24,23.22,17200,900,0.497,0,Rejected,0,2023-06-21,0,
APP802504,CUST100824,2023-12-22,Personal,Wedding,236000,36,20.69,11000,2300,1.012,1,Approved,229000,2024-01-07,1,1
APP802505,CUST102725,2022-11-30,Business,Business Expansion,2684000,48,19.52,36400,7900,2.444,1,Rejected,0,2022-12-20,0,
APP802506,CUST100756,2024-03-30,Auto,Two Wheeler,1832000,60,10.76,56900,12900,0.923,1,Approved,1474000,2024-04-19,1,0
APP802507,CUST100731,2024-03-09,Auto,Used Car,693000,24,13.15,21600,2200,1.633,1,Approved,516000,2024-03-14,1,0
APP802508,CUST100427,2023-09-30,Personal,Medical Emergency,1386000,36,12.83,38500,8500,1.43,0,Approved,1064000,2023-10-15,1,0
APP802509,CUST101916,2023-09-16,Business,Business Expansion,1416000,24,12.6,171700,6300,0.427,0,Approved,1197000,2023-09-27,1,0
APP802510,CUST100005,2023-06-01,Education,Study Abroad,746000,84,12.2,32100,2800,0.501,0,Approved,530000,2023-06-21,1,1
APP802511,CUST103939,2023-06-30,Personal,Wedding,220000,48,23.37,137700,7700,0.107,0,Approved,195000,2023-07-10,1,0
APP802512,CUST104389,2023-10-13,Auto,New Car,817000,48,10.3,22900,3000,1.043,1,Rejected,0,2023-10-14,0,
APP802513,CUST104449,2022-11-22,Home,Home Purchase,2244000,120,10.09,24700,6200,1.459,1,Rejected,0,2022-12-01,0,
APP802514,CUST104613,2023-11-20,Auto,Used Car,1243000,84,10.42,25800,4800,0.997,1,Rejected,0,2023-12-05,0,
APP802515,CUST103192,2024-02-01,Gold,Gold Loan,735000,24,12.2,13900,3700,2.754,1,Approved,676000,2024-02-13,1,1
APP802516,CUST102440,2024-02-21,Personal,Medical Emergency,410000,36,12.54,51400,1700,0.3,0,Rejected,0,2024-03-01,0,
APP802517,CUST103774,2024-05-02,Business,Equipment Purchase,4091000,48,13.04,69600,19100,1.852,1,Rejected,0,2024-05-14,0,
APP802518,CUST103909,2022-11-28,Auto,Used Car,1774000,48,9.98,37600,3400,1.288,1,Rejected,0,2022-12-11,0,
APP802519,CUST101367,2023-02-07,Home,Balance Transfer,1880000,24,10.49,30100,3000,2.992,1,Rejected,0,2023-02-24,0,
APP802520,CUST104275,2023-07-26,Auto,Two Wheeler,1746000,24,13.5,67200,13400,1.442,1,Approved,1422000,2023-07-31,1,0
APP802521,CUST102235,2023-01-25,Home,Home Purchase,10715000,60,10.25,61300,5900,3.0,1,Rejected,0,2023-02-07,0,
APP802522,CUST101397,2024-05-16,Personal,Home Renovation,982000,48,14.35,29400,100,0.923,0,Approved,703000,2024-05-27,1,1
APP802523,CUST101957,2022-07-19,Personal,Wedding,737000,12,15.74,40400,13000,1.972,0,Rejected,0,2022-08-05,0,
APP802524,CUST102727,2023-09-09,Personal,Wedding,1311000,24,17.34,43400,12700,1.793,1,Approved,1152000,2023-09-19,1,0
APP802525,CUST102331,2024-02-12,Personal,Medical Emergency,1216000,36,20.35,34200,500,1.341,0,Rejected,0,2024-03-02,0,
APP802526,CUST102660,2022-07-30,Auto,Used Car,2299000,84,11.84,71400,21100,0.861,1,Approved,1712000,2022-08-02,1,1
APP802527,CUST104550,2024-05-30,Education,Higher Studies India,2674000,84,11.46,92500,29400,0.82,0,Approved,2453000,2024-06-07,1,0
APP802528,CUST102112,2023-07-01,Business,Equipment Purchase,6887000,24,12.01,54200,8200,3.0,0,Rejected,0,2023-07-03,0,
APP802529,CUST101526,2022-11-04,Auto,Two Wheeler,2055000,48,12.57,34200,2800,1.682,1,Approved,1616000,2022-11-15,1,0
APP802530,CUST100952,2024-02-27,Business,Equipment Purchase,1889000,48,13.72,33000,5300,1.715,0,Rejected,0,2024-03-17,0,
APP802531,CUST100958,2023-10-30,Auto,Used Car,1506000,12,9.08,10000,1900,3.0,1,Rejected,0,2023-11-12,0,
APP802532,CUST103296,2022-08-28,Home,Home Purchase,3828000,24,9.56,62400,15600,3.0,1,Rejected,0,2022-09-15,0,
APP802533,CUST102234,2022-08-08,Business,Business Expansion,5192000,24,13.67,22100,6500,3.0,0,Rejected,0,2022-08-15,0,
APP802534,CUST100625,2023-06-15,Personal,Home Renovation,151000,48,22.92,41500,1000,0.14,0,Approved,126000,2023-07-03,1,0
APP802535,CUST103369,2023-09-28,Personal,Medical Emergency,1214000,84,14.99,125800,7800,0.248,1,Approved,1075000,2023-10-17,1,0
APP802536,CUST104093,2023-06-09,Personal,Medical Emergency,1242000,24,11.81,47800,5300,1.331,0,Rejected,0,2023-06-21,0,
APP802537,CUST103451,2023-04-22,Auto,New Car,859000,84,13.71,75700,9300,0.334,1,Approved,851000,2023-04-23,1,0
APP802538,CUST100895,2024-05-27,Education,Study Abroad,2076000,84,10.85,42000,5900,0.983,0,Under Review,0,,0,
APP802539,CUST103058,2022-07-01,Personal,Debt Consolidation,1145000,24,21.77,22700,7500,2.936,0,Approved,877000,2022-07-04,1,0
APP802540,CUST102252,2023-03-03,Auto,New Car,376000,24,11.75,22900,900,0.811,1,Approved,322000,2023-03-04,1,0
APP802541,CUST100065,2023-10-22,Personal,Medical Emergency,1358000,84,17.54,72700,6700,0.48,0,Approved,1297000,2023-10-24,1,0
APP802542,CUST104249,2022-10-12,Education,Higher Studies India,3913000,24,9.76,33800,7700,3.0,0,Rejected,0,2022-10-28,0,
APP802543,CUST101073,2024-06-20,Home,Plot Purchase,5221000,36,8.62,72400,21000,2.569,1,Rejected,0,2024-06-26,0,
APP802544,CUST100074,2023-06-05,Education,Study Abroad,1566000,48,10.17,80900,10600,0.623,0,Rejected,0,2023-06-08,0,
APP802545,CUST101936,2023-02-08,Home,Home Purchase,8260000,84,9.38,87600,15800,1.716,1,Rejected,0,2023-02-23,0,
APP802546,CUST104845,2024-03-05,Education,Skill Certification,1934000,84,12.68,20300,4500,1.939,0,Rejected,0,2024-03-06,0,
APP802547,CUST102178,2022-11-25,Auto,Two Wheeler,539000,12,11.76,28700,5300,1.851,1,Approved,481000,2022-12-01,1,1
APP802548,CUST103077,2023-03-30,Business,Working Capital,5461000,48,15.1,129700,17900,1.312,0,Approved,5071000,2023-04-09,1,0
APP802549,CUST104642,2024-01-08,Education,Skill Certification,1634000,12,10.92,162500,28900,1.066,0,Approved,1192000,2024-01-25,1,0
APP802550,CUST104291,2022-08-14,Auto,Two Wheeler,1449000,48,10.72,10000,2700,3.0,1,Rejected,0,2022-08-20,0,
APP802551,CUST100367,2023-10-23,Business,Equipment Purchase,6879000,36,18.57,58700,15700,3.0,1,Rejected,0,2023-11-08,0,
APP802552,CUST103862,2023-02-21,Auto,Two Wheeler,285000,36,10.5,43300,14700,0.553,1,Approved,269000,2023-02-26,1,0
APP802553,CUST103028,2023-12-29,Business,Working Capital,4574000,36,16.99,24700,3300,3.0,0,Rejected,0,2024-01-11,0,
APP802554,CUST103485,2022-09-18,Personal,Medical Emergency,1102000,48,13.49,39500,11600,1.05,0,Approved,1076000,2022-09-26,1,0
APP802555,CUST103187,2022-07-12,Personal,Home Renovation,377000,12,20.5,100800,11900,0.465,0,Approved,364000,2022-08-01,1,0
APP802556,CUST104904,2023-11-16,Personal,Home Renovation,1241000,24,14.85,36200,2400,1.725,1,Rejected,0,2023-11-26,0,
APP802557,CUST104103,2022-09-06,Auto,Used Car,1970000,84,9.39,36800,1800,0.92,1,Rejected,0,2022-09-10,0,
APP802558,CUST102475,2024-05-30,Business,Equipment Purchase,6672000,12,19.45,12600,3800,3.0,0,Rejected,0,2024-06-16,0,
APP802559,CUST102801,2023-07-17,Personal,Debt Consolidation,1400000,24,23.83,12600,500,3.0,0,Rejected,0,2023-08-03,0,
APP802560,CUST103734,2023-05-03,Education,Skill Certification,3553000,12,11.33,48300,10600,3.0,0,Approved,3210000,2023-05-16,1,0
APP802561,CUST101217,2023-10-30,Business,Working Capital,1536000,48,16.54,49300,3200,0.957,0,Rejected,0,2023-11-04,0,
APP802562,CUST103015,2023-06-22,Auto,Two Wheeler,313000,36,9.59,41300,3900,0.338,1,Approved,271000,2023-07-08,1,0
APP802563,CUST101884,2023-03-02,Business,Business Expansion,2864000,24,14.3,49800,0,2.771,0,Rejected,0,2023-03-20,0,
APP802564,CUST104833,2023-09-12,Business,Business Expansion,2650000,24,17.29,100300,8200,1.392,0,Approved,1940000,2023-09-20,1,1
APP802565,CUST104373,2022-07-04,Personal,Medical Emergency,1221000,12,23.73,19800,1800,3.0,0,Rejected,0,2022-07-17,0,
APP802566,CUST100875,2022-11-20,Education,Study Abroad,2801000,120,12.56,80700,3900,0.558,0,Approved,2036000,2022-11-22,1,0
APP802567,CUST104464,2023-04-14,Business,Equipment Purchase,5181000,60,14.22,41000,8400,3.0,0,Rejected,0,2023-05-01,0,
APP802568,CUST101386,2022-09-28,Business,Working Capital,5373000,36,14.56,10000,2800,3.0,0,Rejected,0,2022-10-12,0,
APP802569,CUST102743,2024-03-23,Gold,Gold Loan,475000,24,12.95,17800,2200,1.39,1,Rejected,0,2024-04-01,0,
APP802570,CUST103688,2023-10-31,Personal,Medical Emergency,911000,12,23.67,39600,2700,2.24,0,Rejected,0,2023-11-05,0,
APP802571,CUST100764,2023-05-02,Auto,New Car,2084000,48,9.24,66500,16200,1.027,1,Approved,1650000,2023-05-18,1,0
APP802572,CUST100253,2023-09-01,Home,Home Purchase,7414000,120,10.02,60400,3300,1.677,1,Approved,5766000,2023-09-12,1,1
APP802573,CUST102899,2022-07-21,Personal,Medical Emergency,1216000,12,23.24,22600,1600,3.0,0,Rejected,0,2022-08-08,0,
APP802574,CUST103320,2024-03-03,Auto,Two Wheeler,1258000,24,11.76,66800,0,0.885,1,Rejected,0,2024-03-09,0,
APP802575,CUST104493,2023-08-29,Personal,Travel,667000,24,14.68,43000,11400,1.016,0,Approved,636000,2023-09-02,1,0
APP802576,CUST101460,2022-08-28,Auto,New Car,1592000,48,11.37,15800,5400,2.972,1,Rejected,0,2022-09-17,0,
APP802577,CUST102898,2022-11-20,Education,Skill Certification,3974000,84,12.72,43200,4200,1.758,1,Approved,2867000,2022-11-24,1,0
APP802578,CUST102257,2023-06-22,Business,Business Expansion,5420000,12,18.78,41600,12800,3.0,0,Rejected,0,2023-07-05,0,
APP802579,CUST100659,2023-11-18,Personal,Home Renovation,119000,24,18.32,11500,2100,0.701,0,Approved,112000,2023-12-05,1,1
APP802580,CUST101716,2023-08-13,Home,Home Construction,2487000,24,9.3,51400,5800,2.331,1,Rejected,0,2023-08-25,0,
APP802581,CUST101330,2023-09-06,Home,Balance Transfer,4017000,240,9.4,38900,7400,1.147,1,Rejected,0,2023-09-16,0,
APP802582,CUST101578,2024-04-30,Home,Home Purchase,9340000,60,9.63,10000,2400,3.0,1,Rejected,0,2024-05-10,0,
APP802583,CUST100524,2022-12-04,Business,Working Capital,6409000,24,12.36,38800,8300,3.0,1,Rejected,0,2022-12-14,0,
APP802584,CUST100055,2022-08-08,Personal,Debt Consolidation,1047000,84,23.44,57000,1400,0.471,1,Approved,786000,2022-08-18,1,0
APP802585,CUST101150,2023-04-14,Auto,Two Wheeler,1144000,48,9.72,19000,600,1.551,1,Rejected,0,2023-04-15,0,
APP802586,CUST100908,2023-02-03,Personal,Debt Consolidation,565000,12,16.01,81600,16400,0.829,1,Approved,423000,2023-02-16,1,1
APP802587,CUST101076,2023-10-31,Education,Study Abroad,2286000,48,11.48,124800,17100,0.615,0,Approved,2126000,2023-11-07,1,0
APP802588,CUST102870,2022-07-22,Education,Higher Studies India,2225000,48,11.84,47800,2000,1.265,1,Approved,1780000,2022-08-01,1,0
APP802589,CUST103674,2022-10-04,Business,Equipment Purchase,4921000,36,14.66,28100,8500,3.0,0,Rejected,0,2022-10-19,0,
APP802590,CUST100302,2022-11-14,Home,Balance Transfer,3827000,36,8.69,66400,19500,2.12,1,Rejected,0,2022-11-23,0,
APP802591,CUST104147,2023-05-22,Personal,Home Renovation,1045000,60,14.64,33700,1600,0.779,0,Rejected,0,2023-05-23,0,
APP802592,CUST103770,2022-09-24,Personal,Wedding,732000,36,22.97,10000,1300,2.962,0,Rejected,0,2022-10-04,0,
APP802593,CUST101298,2023-09-11,Personal,Home Renovation,573000,60,14.7,30800,2400,0.517,1,Approved,436000,2023-09-27,1,0
APP802594,CUST104326,2023-03-16,Home,Plot Purchase,6254000,240,9.6,36300,9300,1.874,1,Rejected,0,2023-03-28,0,
APP802595,CUST103875,2023-06-17,Gold,Gold Loan,306000,12,13.73,25900,7900,1.365,1,Rejected,0,2023-06-20,0,
APP802596,CUST104709,2023-09-28,Personal,Debt Consolidation,429000,12,12.68,18500,6200,2.401,0,Rejected,0,2023-10-10,0,
APP802597,CUST104963,2022-12-20,Education,Study Abroad,3803000,84,10.14,47500,2200,1.38,0,Rejected,0,2023-01-03,0,
APP802598,CUST101117,2024-06-14,Home,Balance Transfer,8685000,120,9.09,40100,3200,2.837,1,Under Review,0,,0,
APP802599,CUST104185,2023-10-25,Home,Home Purchase,3877000,12,9.28,103800,13100,3.0,1,Rejected,0,2023-11-12,0,
APP802600,CUST101544,2024-05-20,Personal,Medical Emergency,479000,12,16.33,31100,10300,1.733,1,Under Review,0,,0,
APP802601,CUST102419,2023-09-21,Auto,Two Wheeler,610000,24,11.78,44800,7200,0.8,1,Rejected,0,2023-09-30,0,
APP802602,CUST104510,2023-07-26,Gold,Gold Loan,729000,36,11.54,94800,8700,0.345,1,Approved,516000,2023-08-12,1,0
APP802603,CUST104020,2023-02-25,Personal,Travel,445000,36,11.08,69700,22300,0.529,0,Approved,396000,2023-03-17,1,0
APP802604,CUST100668,2023-09-02,Education,Study Abroad,1303000,24,12.43,13100,3700,3.0,0,Rejected,0,2023-09-10,0,
APP802605,CUST100654,2023-11-07,Auto,Two Wheeler,2119000,48,12.26,118000,4100,0.51,1,Approved,2097000,2023-11-12,1,0
APP802606,CUST103414,2024-02-24,Home,Home Purchase,10334000,12,10.06,24100,4700,3.0,1,Rejected,0,2024-03-04,0,
APP802607,CUST104710,2024-05-01,Personal,Home Renovation,870000,84,15.69,70500,19000,0.512,0,Approved,688000,2024-05-11,1,0
APP802608,CUST101334,2023-09-16,Home,Balance Transfer,8826000,84,9.93,23200,1600,3.0,1,Rejected,0,2023-10-06,0,
APP802609,CUST102028,2023-04-08,Auto,Used Car,638000,84,11.45,21700,3200,0.659,1,Approved,627000,2023-04-10,1,0
APP802610,CUST100825,2022-10-13,Auto,New Car,1348000,84,10.84,23600,1400,1.032,1,Approved,1262000,2022-11-02,1,1
APP802611,CUST102015,2023-09-17,Home,Home Purchase,3276000,180,9.19,20200,1000,1.715,1,Rejected,0,2023-10-06,0,
APP802612,CUST100360,2023-03-12,Home,Plot Purchase,11491000,60,8.36,62400,21600,3.0,1,Rejected,0,2023-03-26,0,
APP802613,CUST102446,2022-12-13,Personal,Medical Emergency,1229000,24,13.42,25400,3700,2.453,0,Rejected,0,2022-12-19,0,
APP802614,CUST104655,2024-01-13,Home,Plot Purchase,5124000,60,10.02,41200,5500,2.777,1,Rejected,0,2024-01-24,0,
APP802615,CUST102332,2023-11-15,Personal,Debt Consolidation,217000,84,18.11,59400,8600,0.222,1,Approved,181000,2023-11-30,1,0
APP802616,CUST100358,2022-09-24,Auto,Two Wheeler,1473000,24,9.79,66500,17700,1.287,1,Rejected,0,2022-10-04,0,
APP802617,CUST104319,2023-02-03,Business,Equipment Purchase,6534000,36,15.47,10500,2700,3.0,0,Rejected,0,2023-02-17,0,
APP802618,CUST100482,2022-10-21,Education,Study Abroad,2964000,48,11.84,35000,1700,2.275,0,Rejected,0,2022-10-30,0,
APP802619,CUST103318,2024-01-09,Home,Home Construction,3198000,240,8.11,31400,2400,0.935,1,Rejected,0,2024-01-18,0,
APP802620,CUST102191,2024-04-15,Auto,Two Wheeler,1884000,12,13.88,68700,5200,2.537,1,Rejected,0,2024-04-18,0,
APP802621,CUST103533,2023-03-26,Business,Working Capital,6290000,48,13.83,45700,8200,3.0,0,Rejected,0,2023-03-31,0,
APP802622,CUST102160,2024-05-17,Personal,Home Renovation,1169000,12,13.53,35700,2700,3.0,0,Under Review,0,,0,
APP802623,CUST101954,2022-11-03,Home,Home Construction,10920000,36,10.18,47600,14700,3.0,1,Approved,8300000,2022-11-16,1,0
APP802624,CUST104929,2024-05-15,Business,Business Expansion,6366000,48,13.8,19000,3600,3.0,0,Rejected,0,2024-05-30,0,
APP802625,CUST104578,2023-03-28,Business,Equipment Purchase,5918000,12,12.49,10000,2900,3.0,0,Rejected,0,2023-04-15,0,
APP802626,CUST104509,2022-08-18,Auto,Used Car,670000,12,10.39,21400,7200,3.0,1,Approved,645000,2022-08-30,1,1
APP802627,CUST104378,2023-10-18,Gold,Gold Loan,724000,36,13.95,45400,10200,0.77,1,Approved,659000,2023-10-27,1,0
APP802628,CUST104077,2022-07-19,Home,Plot Purchase,9638000,180,10.11,81900,6100,1.348,1,Rejected,0,2022-07-27,0,
APP802629,CUST104791,2023-08-03,Personal,Travel,1487000,24,12.65,40600,11400,2.014,0,Approved,1191000,2023-08-08,1,0
APP802630,CUST102354,2022-12-16,Home,Plot Purchase,3796000,36,9.11,33200,11300,3.0,1,Rejected,0,2022-12-23,0,
APP802631,CUST104609,2023-01-27,Gold,Gold Loan,721000,36,11.47,62200,21300,0.725,1,Approved,565000,2023-02-12,1,0
APP802632,CUST103443,2023-10-17,Personal,Home Renovation,1424000,60,14.33,75700,6700,0.529,0,Approved,1279000,2023-10-18,1,0
APP802633,CUST100033,2023-05-27,Gold,Gold Loan,741000,24,12.36,37700,9000,1.167,1,Rejected,0,2023-06-06,0,
APP802634,CUST103642,2023-12-28,Education,Higher Studies India,800000,12,10.68,59700,7300,1.305,1,Approved,796000,2024-01-12,1,1
APP802635,CUST100420,2023-11-20,Home,Balance Transfer,9979000,48,9.94,84900,11600,3.0,1,Approved,7534000,2023-11-22,1,0
APP802636,CUST102385,2023-11-25,Personal,Travel,173000,84,23.82,35800,7600,0.331,0,Rejected,0,2023-12-12,0,
APP802637,CUST104241,2024-06-19,Personal,Debt Consolidation,776000,12,19.61,32600,10500,2.523,1,Under Review,0,,0,
APP802638,CUST102813,2023-12-06,Business,Business Expansion,1468000,24,18.34,57600,3800,1.343,0,Approved,1121000,2023-12-10,1,1
APP802639,CUST103536,2023-03-22,Home,Home Construction,9346000,240,8.24,19900,5500,3.0,1,Rejected,0,2023-03-28,0,
APP802640,CUST104730,2023-11-06,Personal,Wedding,1443000,84,22.86,19200,5900,2.108,0,Approved,1361000,2023-11-24,1,1
APP802641,CUST103107,2022-08-27,Business,Working Capital,6234000,36,17.69,171300,53500,1.622,0,Approved,4535000,2022-09-16,1,1
APP802642,CUST104565,2023-05-02,Education,Higher Studies India,1639000,120,12.35,15400,5400,1.905,0,Rejected,0,2023-05-22,0,
APP802643,CUST104236,2023-10-24,Gold,Gold Loan,532000,36,13.15,14800,4800,1.535,1,Rejected,0,2023-10-25,0,
APP802644,CUST102730,2023-11-09,Business,Working Capital,5789000,60,14.01,139300,9800,1.038,0,Approved,5618000,2023-11-11,1,0
APP802645,CUST102714,2023-11-25,Personal,Medical Emergency,676000,12,19.51,48600,7500,1.438,0,Approved,545000,2023-12-02,1,0
APP802646,CUST104251,2022-08-04,Home,Balance Transfer,5460000,60,8.54,95700,2900,1.202,1,Approved,4806000,2022-08-08,1,0
APP802647,CUST102310,2023-04-29,Gold,Gold Loan,766000,36,11.37,10000,800,2.601,1,Rejected,0,2023-05-14,0,
APP802648,CUST104797,2022-09-13,Personal,Travel,538000,60,17.21,43200,3700,0.397,0,Approved,406000,2022-09-21,1,0
APP802649,CUST103198,2023-11-15,Business,Equipment Purchase,3119000,84,16.73,26600,5000,2.569,0,Rejected,0,2023-11-30,0,
APP802650,CUST104528,2024-01-18,Personal,Wedding,520000,60,19.09,39000,10000,0.603,0,Approved,443000,2024-01-25,1,0
APP802651,CUST100927,2023-03-28,Gold,Gold Loan,467000,12,14.78,30000,8200,1.675,1,Rejected,0,2023-04-11,0,
APP802652,CUST101172,2023-10-27,Auto,Two Wheeler,627000,48,11.04,44000,7300,0.534,1,Approved,457000,2023-11-03,1,0
APP802653,CUST103533,2024-04-02,Gold,Gold Loan,734000,24,14.09,45700,7200,0.929,1,Approved,596000,2024-04-07,1,0
APP802654,CUST100898,2024-04-01,Home,Plot Purchase,5038000,84,8.73,168300,32300,0.669,1,Approved,3808000,2024-04-14,1,0
APP802655,CUST100547,2024-05-17,Personal,Wedding,380000,24,19.03,65400,22400,0.635,0,Under Review,0,,0,
APP802656,CUST104362,2024-03-02,Home,Home Construction,4559000,48,9.46,20400,4000,3.0,1,Rejected,0,2024-03-04,0,
APP802657,CUST104889,2023-12-28,Education,Study Abroad,2003000,84,10.69,20400,2400,1.783,1,Rejected,0,2024-01-16,0,
APP802658,CUST101076,2024-04-11,Business,Equipment Purchase,3212000,48,19.72,124800,7800,0.842,0,Approved,2290000,2024-05-01,1,0
APP802659,CUST104662,2022-07-26,Auto,Two Wheeler,845000,24,13.92,50900,1000,0.816,1,Rejected,0,2022-07-28,0,
APP802660,CUST100110,2022-08-24,Gold,Gold Loan,737000,24,14.13,10000,2800,3.0,1,Rejected,0,2022-08-28,0,
APP802661,CUST100279,2023-06-29,Education,Higher Studies India,1762000,60,12.85,48300,11600,1.067,1,Rejected,0,2023-07-18,0,
APP802662,CUST104683,2023-06-25,Gold,Gold Loan,279000,12,13.45,89000,11800,0.413,1,Approved,257000,2023-07-03,1,0
APP802663,CUST101459,2023-06-16,Personal,Debt Consolidation,706000,12,15.76,123800,2600,0.538,0,Approved,507000,2023-06-17,1,0
APP802664,CUST103346,2023-05-19,Personal,Travel,593000,48,12.51,31100,5400,0.681,0,Approved,553000,2023-06-07,1,1
APP802665,CUST100507,2024-03-23,Gold,Gold Loan,521000,36,9.05,46000,10900,0.597,1,Rejected,0,2024-04-12,0,
APP802666,CUST100466,2023-12-02,Personal,Wedding,1014000,12,15.23,28200,3700,3.0,0,Approved,836000,2023-12-14,1,1
APP802667,CUST101357,2022-12-06,Auto,Used Car,1772000,12,12.77,87100,30300,2.164,1,Approved,1555000,2022-12-21,1,1
APP802668,CUST100825,2023-10-29,Home,Plot Purchase,3982000,48,10.12,23600,7300,3.0,1,Rejected,0,2023-11-02,0,
APP802669,CUST101580,2024-06-09,Personal,Home Renovation,828000,84,19.77,56400,15400,0.597,0,Under Review,0,,0,
APP802670,CUST100893,2024-03-03,Home,Home Construction,9465000,36,9.58,26500,2800,3.0,1,Rejected,0,2024-03-20,0,
APP802671,CUST102464,2023-10-02,Personal,Medical Emergency,916000,48,22.67,43400,11300,0.933,1,Approved,747000,2023-10-16,1,0
APP802672,CUST103578,2023-07-22,Education,Skill Certification,3536000,84,11.05,32000,4800,2.042,0,Rejected,0,2023-07-27,0,
APP802673,CUST104973,2023-10-18,Gold,Gold Loan,102000,12,13.87,34300,2900,0.351,1,Rejected,0,2023-11-05,0,
APP802674,CUST101074,2023-07-29,Gold,Gold Loan,120000,36,10.53,139000,26900,0.222,1,Rejected,0,2023-08-15,0,
APP802675,CUST104517,2023-11-06,Gold,Gold Loan,631000,12,12.52,143000,40900,0.679,1,Rejected,0,2023-11-14,0,
APP802676,CUST100760,2024-01-31,Home,Plot Purchase,8503000,180,9.11,32700,4100,2.782,1,Rejected,0,2024-02-15,0,
APP802677,CUST103598,2022-07-21,Home,Plot Purchase,4777000,24,8.4,121600,30500,2.035,1,Rejected,0,2022-07-30,0,
APP802678,CUST102223,2023-01-20,Business,Business Expansion,6130000,60,18.42,28000,9400,3.0,0,Rejected,0,2023-01-24,0,
APP802679,CUST103033,2023-10-25,Gold,Gold Loan,531000,36,14.13,30400,10500,0.943,1,Approved,458000,2023-11-12,1,0
APP802680,CUST101850,2022-10-16,Personal,Travel,370000,60,16.19,53900,18900,0.518,0,Approved,362000,2022-10-30,1,1
APP802681,CUST100964,2023-02-02,Home,Plot Purchase,9189000,84,9.82,69300,17500,2.44,1,Approved,6958000,2023-02-22,1,0
APP802682,CUST103153,2022-08-03,Personal,Wedding,412000,36,22.82,163800,32500,0.296,0,Approved,405000,2022-08-10,1,0
APP802683,CUST101805,2023-12-25,Education,Skill Certification,1214000,12,11.81,10000,500,3.0,1,Rejected,0,2023-12-31,0,
APP802684,CUST102567,2023-07-12,Personal,Home Renovation,713000,48,16.58,10000,2500,2.292,0,Approved,636000,2023-07-19,1,0
APP802685,CUST104106,2022-08-31,Home,Home Construction,5295000,120,8.86,17200,5500,3.0,1,Rejected,0,2022-09-07,0,
APP802686,CUST100879,2024-05-02,Gold,Gold Loan,492000,12,9.8,32200,8700,1.61,1,Rejected,0,2024-05-15,0,
APP802687,CUST104716,2023-08-27,Personal,Home Renovation,74000,12,18.44,32000,9500,0.51,0,Rejected,0,2023-09-04,0,
APP802688,CUST101817,2024-04-10,Personal,Travel,1073000,60,13.16,21600,7200,1.47,1,Approved,794000,2024-04-12,1,0
APP802689,CUST101077,2024-02-27,Personal,Debt Consolidation,594000,48,20.5,81300,24600,0.527,1,Approved,503000,2024-03-18,1,0
APP802690,CUST101228,2024-06-07,Business,Working Capital,3481000,48,19.2,47100,2400,2.269,0,Rejected,0,2024-06-08,0,
APP802691,CUST100079,2024-05-15,Business,Equipment Purchase,1894000,36,12.39,93700,8400,0.765,1,Approved,1665000,2024-05-21,1,0
APP802692,CUST101110,2023-06-22,Auto,New Car,1657000,36,9.05,23200,2100,2.361,1,Rejected,0,2023-07-03,0,
APP802693,CUST103407,2023-12-31,Personal,Wedding,419000,24,20.17,38500,900,0.578,0,Approved,402000,2024-01-19,1,0
APP802694,CUST101487,2024-01-19,Gold,Gold Loan,162000,12,10.75,85600,14300,0.334,1,Approved,155000,2024-02-08,1,0
APP802695,CUST104998,2023-04-24,Business,Business Expansion,3282000,84,12.86,10000,500,3.0,0,Rejected,0,2023-04-25,0,
APP802696,CUST103872,2023-02-01,Business,Working Capital,4563000,12,13.32,30800,10300,3.0,0,Rejected,0,2023-02-10,0,
APP802697,CUST101762,2023-03-27,Business,Equipment Purchase,605000,36,18.56,41000,4900,0.657,0,Rejected,0,2023-04-09,0,
APP802698,CUST104754,2023-09-13,Business,Business Expansion,4968000,84,17.6,10000,2500,3.0,0,Rejected,0,2023-10-01,0,
APP802699,CUST101377,2024-02-03,Business,Business Expansion,4577000,12,15.8,41200,6300,3.0,0,Approved,3822000,2024-02-14,1,1
APP802700,CUST104261,2023-04-24,Education,Higher Studies India,2066000,84,10.81,122000,14800,0.41,1,Approved,1973000,2023-05-14,1,1
APP802701,CUST100255,2022-09-10,Education,Skill Certification,3722000,84,11.44,24600,6500,2.894,1,Rejected,0,2022-09-18,0,
APP802702,CUST104999,2024-04-27,Auto,New Car,2278000,48,10.24,18200,1500,3.0,1,Rejected,0,2024-05-16,0,
APP802703,CUST100484,2023-03-13,Home,Home Purchase,6342000,24,8.63,185800,49800,1.822,1,Approved,4785000,2023-03-15,1,0
APP802704,CUST104496,2023-12-28,Education,Higher Studies India,586000,12,10.18,81000,23700,0.929,0,Rejected,0,2024-01-16,0,
APP802705,CUST100496,2022-12-22,Home,Plot Purchase,5747000,240,9.86,31800,4800,1.876,1,Rejected,0,2022-12-29,0,
APP802706,CUST100815,2022-10-10,Auto,New Car,2283000,84,13.43,50800,2200,0.872,1,Approved,1613000,2022-10-27,1,0
APP802707,CUST100902,2024-05-14,Personal,Debt Consolidation,984000,48,14.01,100500,22000,0.486,0,Approved,959000,2024-06-01,1,0
APP802708,CUST101208,2024-03-10,Personal,Travel,971000,12,11.49,41800,1000,2.084,0,Approved,727000,2024-03-27,1,0
APP802709,CUST100280,2022-08-22,Education,Higher Studies India,743000,36,11.7,10000,400,2.497,0,Rejected,0,2022-09-04,0,
APP802710,CUST104148,2022-08-04,Home,Balance Transfer,8280000,84,10.09,49200,500,2.813,1,Rejected,0,2022-08-14,0,
APP802711,CUST100945,2022-12-10,Home,Balance Transfer,4956000,60,8.04,77300,2500,1.334,1,Approved,4659000,2022-12-14,1,1
APP802712,CUST101905,2023-02-26,Gold,Gold Loan,706000,24,13.77,44600,200,0.762,1,Approved,596000,2023-03-08,1,0
APP802713,CUST104684,2024-04-25,Personal,Debt Consolidation,290000,48,22.92,24600,2200,0.466,0,Approved,218000,2024-04-26,1,0
APP802714,CUST102532,2023-09-14,Personal,Home Renovation,124000,60,17.38,10900,3800,0.635,0,Rejected,0,2023-09-22,0,
APP802715,CUST101493,2024-05-19,Education,Higher Studies India,2190000,48,9.4,32400,1900,1.755,0,Under Review,0,,0,
APP802716,CUST100802,2023-09-11,Personal,Debt Consolidation,450000,84,17.73,41100,12700,0.537,0,Approved,386000,2023-09-25,1,0
APP802717,CUST104638,2023-03-31,Personal,Debt Consolidation,120000,12,16.06,28600,9400,0.71,0,Rejected,0,2023-04-15,0,
APP802718,CUST102386,2023-08-03,Home,Home Construction,9169000,36,8.15,64800,14200,3.0,1,Rejected,0,2023-08-06,0,
APP802719,CUST104022,2023-01-14,Personal,Medical Emergency,603000,48,16.9,17200,5100,1.304,0,Rejected,0,2023-02-01,0,
APP802720,CUST104818,2022-07-15,Personal,Wedding,124000,84,17.05,20900,3500,0.289,0,Approved,115000,2022-08-01,1,0
APP802721,CUST104609,2022-09-12,Personal,Wedding,567000,24,23.82,62200,6600,0.587,1,Rejected,0,2022-09-15,0,
APP802722,CUST104562,2022-09-21,Personal,Home Renovation,625000,12,14.87,24600,1200,2.337,1,Rejected,0,2022-10-04,0,
APP802723,CUST102092,2023-12-17,Home,Home Construction,10553000,24,9.59,17600,5600,3.0,1,Rejected,0,2024-01-01,0,
APP802724,CUST103198,2024-04-25,Home,Balance Transfer,11848000,12,8.61,26600,3600,3.0,1,Rejected,0,2024-05-07,0,
APP802725,CUST103621,2024-04-20,Education,Skill Certification,1977000,48,10.22,65700,8600,0.898,0,Approved,1666000,2024-04-29,1,0
APP802726,CUST101744,2023-04-22,Education,Skill Certification,1975000,60,11.93,54400,10800,1.005,0,Approved,1736000,2023-05-03,1,0
APP802727,CUST100089,2024-06-24,Auto,Two Wheeler,2451000,48,11.44,10000,2300,3.0,1,Rejected,0,2024-07-08,0,
APP802728,CUST103890,2023-06-05,Education,Study Abroad,3947000,84,11.98,10000,1700,3.0,0,Rejected,0,2023-06-19,0,
APP802729,CUST102375,2022-07-13,Auto,New Car,1772000,12,11.38,68600,13400,2.483,1,Rejected,0,2022-07-15,0,
APP802730,CUST100787,2023-03-01,Business,Equipment Purchase,337000,12,14.51,20300,7000,1.836,0,Rejected,0,2023-03-17,0,
APP802731,CUST101935,2024-01-19,Personal,Debt Consolidation,337000,36,17.4,49100,6100,0.37,0,Approved,300000,2024-02-05,1,1
APP802732,CUST103972,2024-06-28,Auto,Used Car,1696000,84,10.81,51800,8600,0.723,1,Approved,1217000,2024-07-17,1,0
APP802733,CUST103737,2024-05-28,Personal,Home Renovation,960000,36,23.24,17600,6000,2.463,0,Rejected,0,2024-06-12,0,
APP802734,CUST104339,2022-11-16,Home,Plot Purchase,10690000,60,9.03,77100,1900,2.906,1,Rejected,0,2022-12-06,0,
APP802735,CUST101222,2022-07-04,Education,Study Abroad,3934000,36,9.88,26900,7900,3.0,0,Rejected,0,2022-07-19,0,
APP802736,CUST103920,2023-02-24,Auto,Two Wheeler,1149000,36,10.97,70900,15500,0.749,1,Rejected,0,2023-03-05,0,
APP802737,CUST104183,2023-11-26,Home,Home Purchase,2859000,48,9.7,36100,1200,2.029,1,Rejected,0,2023-12-15,0,
APP802738,CUST104751,2024-03-09,Personal,Debt Consolidation,562000,24,15.19,43300,12700,0.923,0,Rejected,0,2024-03-17,0,
APP802739,CUST101569,2022-07-06,Personal,Travel,1057000,48,17.18,45300,11200,0.923,0,Approved,854000,2022-07-21,1,0
APP802740,CUST100406,2023-08-11,Auto,New Car,450000,48,13.26,93900,28700,0.435,1,Approved,333000,2023-08-25,1,0
APP802741,CUST104188,2023-07-16,Auto,New Car,1243000,48,10.84,90800,23900,0.616,1,Approved,1103000,2023-08-04,1,0
APP802742,CUST100679,2024-06-07,Home,Home Purchase,8165000,180,8.11,21700,3900,3.0,1,Under Review,0,,0,
APP802743,CUST102094,2023-06-17,Personal,Debt Consolidation,1315000,24,13.26,53500,5900,1.282,0,Approved,988000,2023-06-28,1,0
APP802744,CUST101314,2022-11-09,Personal,Wedding,147000,12,18.71,57100,1800,0.268,0,Approved,145000,2022-11-16,1,0
APP802745,CUST101123,2023-03-03,Business,Equipment Purchase,3953000,24,13.06,79600,7100,2.453,0,Approved,3845000,2023-03-14,1,0
APP802746,CUST102898,2024-04-07,Home,Home Construction,9633000,240,8.57,43200,1500,1.981,1,Rejected,0,2024-04-19,0,
APP802747,CUST103778,2022-11-10,Auto,Two Wheeler,643000,84,12.75,40600,900,0.308,1,Approved,465000,2022-11-18,1,0
APP802748,CUST100900,2024-05-12,Auto,Two Wheeler,1616000,48,9.35,10000,500,3.0,1,Rejected,0,2024-05-24,0,
APP802749,CUST100375,2022-08-29,Auto,Used Car,1618000,60,11.66,36200,700,1.006,1,Approved,1527000,2022-08-31,1,0
APP802750,CUST100603,2023-07-07,Education,Higher Studies India,1910000,48,9.43,41200,6200,1.314,0,Rejected,0,2023-07-22,0,
APP802751,CUST104838,2022-12-04,Personal,Travel,317000,12,22.49,10000,2100,3.0,0,Rejected,0,2022-12-24,0,
APP802752,CUST100941,2022-12-21,Personal,Debt Consolidation,132000,12,13.0,116900,1400,0.113,0,Approved,106000,2022-12-22,1,0
APP802753,CUST104896,2024-05-30,Business,Equipment Purchase,5789000,24,13.23,45900,2500,3.0,0,Rejected,0,2024-06-07,0,
APP802754,CUST102722,2023-10-03,Education,Skill Certification,2377000,60,10.29,133200,6400,0.43,0,Approved,2219000,2023-10-08,1,1
APP802755,CUST101082,2023-08-10,Gold,Gold Loan,446000,12,11.2,97400,6500,0.472,1,Approved,407000,2023-08-27,1,1
APP802756,CUST103208,2023-04-27,Home,Balance Transfer,3164000,60,8.9,61100,20000,1.401,1,Rejected,0,2023-05-05,0,
APP802757,CUST102761,2023-09-17,Personal,Debt Consolidation,846000,60,13.2,23100,1300,0.892,0,Approved,712000,2023-09-25,1,0
APP802758,CUST103322,2024-03-29,Business,Equipment Purchase,3215000,84,18.93,40000,6300,1.889,0,Approved,2709000,2024-04-15,1,0
APP802759,CUST104386,2022-08-14,Business,Business Expansion,2225000,60,18.1,21700,2000,2.696,0,Approved,1929000,2022-08-15,1,0
APP802760,CUST100678,2023-03-27,Auto,Used Car,1913000,24,11.17,31000,2000,2.95,1,Rejected,0,2023-04-04,0,
APP802761,CUST101812,2023-01-27,Home,Plot Purchase,2197000,12,9.9,141200,20800,1.514,1,Rejected,0,2023-02-11,0,
APP802762,CUST102033,2022-11-21,Gold,Gold Loan,243000,36,11.71,21500,3900,0.556,1,Approved,221000,2022-11-25,1,0
APP802763,CUST101870,2023-07-21,Home,Home Construction,9270000,36,8.74,150100,14400,2.052,1,Rejected,0,2023-07-25,0,
APP802764,CUST102188,2023-08-23,Home,Home Construction,7675000,240,9.52,34500,500,2.091,1,Rejected,0,2023-08-25,0,
APP802765,CUST103878,2022-11-28,Personal,Home Renovation,692000,36,11.16,21700,2600,1.165,0,Approved,537000,2022-12-17,1,0
APP802766,CUST101234,2024-01-10,Personal,Wedding,1140000,48,15.17,58900,3000,0.592,0,Rejected,0,2024-01-26,0,
APP802767,CUST100418,2023-01-03,Business,Working Capital,424000,36,12.24,75700,16700,0.407,0,Approved,333000,2023-01-17,1,0
APP802768,CUST100890,2023-10-05,Business,Working Capital,309000,84,17.46,26200,6200,0.481,0,Rejected,0,2023-10-22,0,
APP802769,CUST104300,2023-12-22,Business,Working Capital,4776000,24,17.7,28500,800,3.0,0,Approved,4039000,2023-12-31,1,0
APP802770,CUST102387,2024-04-04,Business,Business Expansion,2800000,60,16.54,86100,800,0.809,1,Approved,2278000,2024-04-23,1,0
APP802771,CUST102451,2023-02-13,Personal,Wedding,470000,12,23.92,87600,12900,0.654,1,Approved,364000,2023-02-27,1,0
APP802772,CUST104716,2024-06-17,Gold,Gold Loan,77000,36,13.48,32000,7500,0.316,1,Under Review,0,,0,
APP802773,CUST101553,2024-03-31,Home,Plot Purchase,11168000,120,8.23,11800,3700,3.0,1,Rejected,0,2024-04-16,0,
APP802774,CUST103544,2023-03-12,Personal,Travel,1072000,60,19.04,67000,1600,0.439,1,Approved,1048000,2023-03-26,1,0
APP802775,CUST104714,2024-01-19,Personal,Wedding,1408000,24,16.62,48800,12600,1.68,0,Approved,1253000,2024-01-24,1,0
APP802776,CUST101775,2023-11-20,Personal,Home Renovation,910000,60,22.3,168100,39700,0.387,0,Approved,753000,2023-11-26,1,0
APP802777,CUST103986,2023-09-07,Auto,New Car,1161000,12,13.32,50200,10400,2.275,1,Rejected,0,2023-09-14,0,
APP802778,CUST103232,2023-06-09,Personal,Wedding,270000,84,18.94,16200,800,0.41,0,Rejected,0,2023-06-18,0,
APP802779,CUST100015,2023-10-27,Personal,Travel,1445000,24,18.64,19700,4800,3.0,0,Approved,1425000,2023-11-12,1,0
APP802780,CUST103283,2023-04-07,Home,Balance Transfer,4715000,240,8.07,125300,17700,0.458,1,Approved,4351000,2023-04-11,1,0
APP802781,CUST103518,2024-06-13,Education,Higher Studies India,3235000,36,11.47,36100,500,2.966,1,Under Review,0,,0,
APP802782,CUST101747,2024-02-07,Personal,Travel,1182000,36,21.66,191600,35900,0.422,0,Approved,1154000,2024-02-14,1,0
APP802783,CUST102663,2024-03-13,Education,Study Abroad,944000,36,10.52,13300,3600,2.586,0,Rejected,0,2024-03-21,0,
APP802784,CUST102469,2022-10-18,Home,Home Purchase,8739000,36,9.27,98500,11900,2.954,1,Rejected,0,2022-10-30,0,
APP802785,CUST104214,2023-03-02,Home,Home Construction,3986000,120,9.8,174000,1700,0.31,1,Approved,3327000,2023-03-04,1,0
APP802786,CUST102070,2023-09-18,Education,Study Abroad,1233000,24,10.44,18600,2800,3.0,1,Rejected,0,2023-10-05,0,
APP802787,CUST100648,2022-10-08,Business,Business Expansion,4309000,24,15.64,20400,6600,3.0,0,Rejected,0,2022-10-10,0,
APP802788,CUST104376,2023-10-22,Personal,Wedding,806000,84,13.1,10000,1000,1.571,0,Approved,643000,2023-10-24,1,1
APP802789,CUST104517,2023-01-03,Gold,Gold Loan,550000,12,12.84,143000,43300,0.646,1,Approved,477000,2023-01-13,1,0
APP802790,CUST104495,2024-04-28,Auto,Two Wheeler,454000,84,10.35,90600,30900,0.425,1,Approved,363000,2024-05-11,1,0
APP802791,CUST104624,2024-03-30,Personal,Debt Consolidation,871000,36,17.1,33900,8000,1.152,0,Rejected,0,2024-04-18,0,
APP802792,CUST104050,2023-09-30,Personal,Debt Consolidation,409000,60,17.6,40100,5100,0.384,0,Approved,313000,2023-10-09,1,0
APP802793,CUST101324,2023-03-29,Auto,Used Car,674000,84,13.45,36000,4400,0.467,1,Rejected,0,2023-04-18,0,
APP802794,CUST103676,2023-07-10,Auto,Used Car,583000,36,9.21,19800,1900,1.034,1,Approved,515000,2023-07-21,1,1
APP802795,CUST104940,2024-04-01,Auto,Two Wheeler,1920000,84,13.86,10200,1600,3.0,1,Rejected,0,2024-04-21,0,
APP802796,CUST104922,2022-08-04,Business,Working Capital,4025000,24,18.28,56200,14300,3.0,0,Rejected,0,2022-08-15,0,
APP802797,CUST103176,2023-07-01,Personal,Wedding,663000,84,11.8,41500,10700,0.538,0,Rejected,0,2023-07-16,0,
APP802798,CUST104684,2023-01-11,Personal,Travel,446000,84,22.07,24600,1700,0.494,0,Approved,426000,2023-01-29,1,0
APP802799,CUST103347,2022-12-31,Personal,Debt Consolidation,353000,12,22.59,72300,8100,0.571,0,Approved,253000,2023-01-14,1,0
APP802800,CUST102519,2023-05-11,Personal,Medical Emergency,222000,60,21.01,36500,11300,0.474,0,Approved,166000,2023-05-23,1,0
APP802801,CUST102991,2024-01-05,Business,Working Capital,5507000,84,13.11,24400,5000,3.0,0,Rejected,0,2024-01-23,0,
APP802802,CUST104867,2022-10-02,Personal,Home Renovation,1145000,36,11.77,32900,7200,1.373,0,Approved,879000,2022-10-19,1,0
APP802803,CUST100485,2023-10-27,Home,Home Construction,1949000,240,9.98,39300,8200,0.686,1,Rejected,0,2023-10-30,0,
APP802804,CUST102443,2023-01-17,Auto,New Car,2462000,60,9.49,20300,4900,2.783,1,Rejected,0,2023-01-18,0,
APP802805,CUST100140,2024-03-31,Personal,Home Renovation,781000,48,17.97,44200,15400,0.868,0,Approved,619000,2024-04-08,1,0
APP802806,CUST100436,2023-10-19,Home,Plot Purchase,4960000,84,8.82,15600,2300,3.0,1,Rejected,0,2023-10-29,0,
APP802807,CUST104335,2023-10-23,Business,Business Expansion,452000,60,17.44,18000,4000,0.853,1,Rejected,0,2023-11-07,0,
APP802808,CUST102758,2024-03-28,Auto,New Car,1950000,36,10.37,45800,5800,1.506,1,Approved,1418000,2024-04-07,1,1
APP802809,CUST100855,2023-07-05,Personal,Medical Emergency,287000,48,19.02,58400,9100,0.303,0,Approved,284000,2023-07-17,1,0
APP802810,CUST102024,2023-05-24,Personal,Home Renovation,797000,60,16.38,59200,200,0.333,1,Approved,765000,2023-06-10,1,0
APP802811,CUST103761,2024-05-01,Business,Equipment Purchase,1784000,84,12.62,16000,3200,2.201,0,Rejected,0,2024-05-20,0,
APP802812,CUST102493,2024-06-17,Personal,Wedding,1137000,48,16.62,29300,6700,1.339,0,Approved,983000,2024-06-23,1,0
APP802813,CUST104081,2023-01-02,Personal,Travel,589000,60,15.79,106600,2800,0.16,0,Approved,516000,2023-01-08,1,0
APP802814,CUST101654,2024-05-15,Home,Home Purchase,4231000,120,8.66,39500,9100,1.567,1,Approved,3051000,2024-05-20,1,0
APP802815,CUST100445,2024-06-26,Business,Business Expansion,6877000,12,15.98,10000,2700,3.0,0,Under Review,0,,0,
APP802816,CUST100888,2023-08-27,Auto,New Car,408000,60,10.36,31500,8100,0.534,1,Approved,361000,2023-09-04,1,0
APP802817,CUST101457,2024-02-29,Business,Equipment Purchase,6752000,84,12.42,21100,1500,3.0,0,Approved,5769000,2024-03-18,1,1
APP802818,CUST103287,2023-06-05,Auto,New Car,1156000,12,13.26,41500,11100,2.759,1,Rejected,0,2023-06-24,0,
APP802819,CUST102552,2023-01-12,Personal,Debt Consolidation,559000,84,17.26,42500,5700,0.405,0,Approved,478000,2023-01-18,1,0
APP802820,CUST102229,2023-12-28,Auto,Used Car,2081000,36,11.13,44600,15500,1.88,1,Rejected,0,2023-12-30,0,
APP802821,CUST104537,2023-04-11,Auto,New Car,948000,48,9.17,65000,20200,0.675,1,Approved,752000,2023-04-21,1,0
APP802822,CUST104924,2023-11-19,Home,Home Purchase,5631000,12,8.9,41400,11700,3.0,1,Rejected,0,2023-12-07,0,
APP802823,CUST102668,2024-04-04,Home,Home Purchase,10386000,240,8.05,24200,3400,3.0,1,Rejected,0,2024-04-07,0,
APP802824,CUST101665,2023-09-27,Auto,Used Car,1778000,48,13.34,62100,21200,1.114,1,Approved,1705000,2023-10-02,1,1
APP802825,CUST101948,2024-03-01,Home,Home Construction,5263000,36,9.71,84200,17800,2.219,1,Approved,4287000,2024-03-08,1,1
APP802826,CUST101855,2023-01-16,Personal,Wedding,1389000,48,17.52,49300,8800,0.999,0,Rejected,0,2023-01-20,0,
APP802827,CUST104550,2022-09-26,Auto,Two Wheeler,2263000,36,9.86,92500,4600,0.837,1,Approved,2105000,2022-10-16,1,0
APP802828,CUST104339,2023-08-20,Education,Skill Certification,1562000,36,10.0,77100,17400,0.88,0,Approved,1533000,2023-09-09,1,0
APP802829,CUST104496,2023-08-27,Auto,Used Car,995000,60,13.21,81000,24700,0.586,1,Approved,883000,2023-09-03,1,0
APP802830,CUST102758,2024-06-03,Home,Home Construction,10103000,24,9.32,45800,0,3.0,1,Rejected,0,2024-06-17,0,
APP802831,CUST100697,2023-08-28,Personal,Home Renovation,1135000,36,16.04,174000,56000,0.551,0,Approved,1126000,2023-09-02,1,0
APP802832,CUST100832,2024-04-15,Business,Business Expansion,1212000,24,16.88,34300,2500,1.818,0,Rejected,0,2024-05-02,0,
APP802833,CUST100129,2023-11-22,Gold,Gold Loan,674000,36,13.81,10000,2400,2.537,1,Rejected,0,2023-12-08,0,
APP802834,CUST101556,2023-06-04,Personal,Debt Consolidation,235000,36,13.44,85300,9200,0.201,0,Approved,222000,2023-06-16,1,0
APP802835,CUST102632,2024-06-13,Business,Working Capital,5545000,12,15.65,13200,300,3.0,0,Rejected,0,2024-06-19,0,
APP802836,CUST103026,2023-08-12,Auto,Used Car,2392000,48,11.3,21000,7300,3.0,1,Rejected,0,2023-08-30,0,
APP802837,CUST103010,2024-04-24,Home,Plot Purchase,9742000,180,8.15,30500,8100,3.0,1,Rejected,0,2024-05-10,0,
APP802838,CUST102279,2024-01-10,Personal,Travel,1209000,24,18.38,31600,9700,2.222,1,Rejected,0,2024-01-17,0,
APP802839,CUST102040,2024-05-24,Home,Balance Transfer,4864000,48,9.28,14900,5100,3.0,1,Rejected,0,2024-05-25,0,
APP802840,CUST103318,2024-02-26,Gold,Gold Loan,784000,12,10.94,31400,9100,2.494,1,Rejected,0,2024-03-12,0,
APP802841,CUST102667,2023-11-28,Personal,Medical Emergency,1379000,48,18.08,33400,6600,1.412,0,Rejected,0,2023-12-14,0,
APP802842,CUST104414,2024-02-13,Personal,Medical Emergency,1192000,48,20.43,124100,9600,0.372,0,Approved,870000,2024-03-02,1,0
APP802843,CUST100755,2023-01-11,Personal,Debt Consolidation,524000,36,16.5,118100,29800,0.409,1,Approved,390000,2023-01-30,1,0
APP802844,CUST101887,2024-06-20,Personal,Debt Consolidation,1034000,48,20.28,55200,2800,0.623,0,Under Review,0,,0,
APP802845,CUST100818,2023-05-23,Personal,Debt Consolidation,924000,12,15.78,57300,17400,1.765,0,Approved,677000,2023-05-26,1,1
APP802846,CUST103589,2022-11-30,Auto,Two Wheeler,793000,12,11.75,81600,16300,1.062,1,Approved,589000,2022-12-18,1,0
APP802847,CUST102854,2023-07-22,Auto,Used Car,808000,24,12.62,79200,13200,0.65,1,Approved,685000,2023-08-04,1,0
APP802848,CUST102059,2024-06-02,Home,Home Purchase,5636000,240,10.14,52700,5500,1.146,1,Approved,4291000,2024-06-09,1,0
APP802849,CUST102079,2024-03-26,Personal,Debt Consolidation,558000,48,21.83,18100,5900,1.292,0,Approved,507000,2024-04-03,1,0
APP802850,CUST103407,2023-06-09,Personal,Home Renovation,1104000,12,23.96,38500,2100,2.765,0,Rejected,0,2023-06-11,0,
APP802851,CUST102923,2023-09-23,Personal,Wedding,929000,60,23.96,33900,5400,0.947,0,Rejected,0,2023-09-25,0,
APP802852,CUST100615,2023-03-14,Personal,Home Renovation,928000,84,23.27,42200,13200,0.846,0,Approved,794000,2023-03-28,1,0
APP802853,CUST104581,2022-09-02,Personal,Wedding,274000,60,19.02,11400,3800,0.959,0,Rejected,0,2022-09-21,0,
APP802854,CUST101028,2023-10-20,Education,Higher Studies India,2005000,12,12.53,30800,5600,3.0,0,Approved,1760000,2023-11-09,1,1
APP802855,CUST101151,2022-07-06,Auto,New Car,2438000,48,13.05,58900,10300,1.286,1,Rejected,0,2022-07-26,0,
APP802856,CUST101658,2023-08-09,Home,Home Construction,10082000,240,9.97,37700,8100,2.788,1,Rejected,0,2023-08-25,0,
APP802857,CUST101863,2022-10-23,Personal,Medical Emergency,138000,84,16.88,10000,900,0.371,0,Rejected,0,2022-10-25,0,
APP802858,CUST100118,2024-01-01,Gold,Gold Loan,596000,36,11.47,43600,8200,0.638,1,Approved,533000,2024-01-03,1,1
APP802859,CUST102346,2022-08-25,Auto,Used Car,2229000,24,9.09,10900,1600,3.0,1,Rejected,0,2022-09-12,0,
APP802860,CUST103102,2024-03-22,Gold,Gold Loan,45000,24,12.72,10000,2300,0.443,1,Rejected,0,2024-03-25,0,
APP802861,CUST104761,2023-05-25,Personal,Debt Consolidation,122000,48,22.04,77800,27100,0.398,0,Rejected,0,2023-06-05,0,
APP802862,CUST101606,2022-12-14,Business,Working Capital,6823000,24,17.23,25300,3700,3.0,0,Rejected,0,2022-12-27,0,
APP802863,CUST101657,2023-08-17,Personal,Debt Consolidation,583000,84,23.05,20600,1400,0.751,0,Rejected,0,2023-08-18,0,
APP802864,CUST104726,2024-06-18,Home,Plot Purchase,2337000,84,8.16,31500,7200,1.39,1,Rejected,0,2024-06-30,0,
APP802865,CUST103568,2023-08-07,Personal,Travel,597000,60,23.4,83200,100,0.205,0,Approved,569000,2023-08-16,1,0
APP802866,CUST100027,2023-06-21,Personal,Medical Emergency,1126000,84,13.14,44500,15300,0.806,1,Approved,878000,2023-06-25,1,0
APP802867,CUST100874,2022-10-18,Education,Higher Studies India,2098000,24,12.92,27400,4100,3.0,0,Rejected,0,2022-11-03,0,
APP802868,CUST101188,2023-03-08,Education,Skill Certification,3820000,36,10.21,49600,8000,2.652,1,Rejected,0,2023-03-22,0,
APP802869,CUST103468,2024-01-28,Personal,Medical Emergency,425000,60,14.51,53600,4000,0.261,0,Approved,370000,2024-02-07,1,0
APP802870,CUST101723,2024-06-12,Home,Home Construction,2043000,84,8.52,17000,4100,2.143,1,Under Review,0,,0,
APP802871,CUST101257,2022-07-07,Personal,Travel,125000,24,11.09,40900,7500,0.326,0,Approved,89000,2022-07-18,1,0
APP802872,CUST100512,2024-06-17,Personal,Home Renovation,1105000,24,18.13,55900,6700,1.108,0,Approved,874000,2024-07-01,1,1
APP802873,CUST103828,2024-04-17,Personal,Debt Consolidation,291000,48,20.94,37400,1000,0.268,0,Approved,242000,2024-04-19,1,0
APP802874,CUST101388,2024-04-12,Education,Study Abroad,684000,36,9.85,48900,11400,0.684,1,Rejected,0,2024-05-02,0,
APP802875,CUST101299,2023-02-24,Auto,Two Wheeler,2367000,12,10.12,39000,5200,3.0,1,Rejected,0,2023-03-01,0,
APP802876,CUST104989,2022-11-21,Home,Home Purchase,2987000,180,10.3,11000,3000,3.0,1,Rejected,0,2022-11-24,0,
APP802877,CUST102967,2022-09-21,Auto,New Car,699000,36,11.82,30200,8700,1.056,1,Rejected,0,2022-09-28,0,
APP802878,CUST100180,2023-07-12,Gold,Gold Loan,340000,12,12.9,114700,21100,0.449,1,Approved,299000,2023-07-29,1,0
APP802879,CUST103245,2023-01-22,Auto,New Car,1377000,36,12.82,34700,600,1.349,1,Rejected,0,2023-02-07,0,
APP802880,CUST103794,2023-10-03,Personal,Medical Emergency,559000,24,18.07,73600,17900,0.623,0,Rejected,0,2023-10-06,0,
APP802881,CUST101561,2024-01-07,Business,Equipment Purchase,6471000,12,12.7,74100,18200,3.0,0,Approved,5033000,2024-01-20,1,1
APP802882,CUST103966,2023-05-04,Business,Business Expansion,2115000,60,16.91,16300,900,3.0,0,Rejected,0,2023-05-19,0,
APP802883,CUST104999,2023-11-11,Auto,Used Car,1254000,36,10.7,18200,5800,2.572,1,Rejected,0,2023-11-27,0,
APP802884,CUST104162,2023-04-27,Home,Home Purchase,5523000,48,9.19,36300,11000,3.0,1,Rejected,0,2023-04-30,0,
APP802885,CUST103783,2023-04-21,Personal,Wedding,1302000,24,16.86,58800,19700,1.428,0,Rejected,0,2023-05-06,0,
APP802886,CUST100839,2024-01-30,Personal,Debt Consolidation,262000,12,20.26,68800,11800,0.525,0,Approved,190000,2024-02-13,1,0
APP802887,CUST102742,2022-11-01,Auto,Used Car,711000,24,9.37,18400,1500,1.854,1,Rejected,0,2022-11-16,0,
APP802888,CUST100867,2023-11-09,Personal,Home Renovation,422000,24,11.3,29300,4000,0.81,0,Approved,313000,2023-11-23,1,1
APP802889,CUST101112,2023-09-19,Auto,Two Wheeler,1841000,48,13.14,21000,3000,2.505,1,Approved,1612000,2023-09-30,1,1
APP802890,CUST103264,2024-06-27,Home,Home Construction,2017000,180,8.68,43400,2100,0.511,1,Under Review,0,,0,
APP802891,CUST101976,2023-10-03,Auto,Used Car,610000,60,10.5,10000,600,1.371,1,Rejected,0,2023-10-23,0,
APP802892,CUST101993,2023-01-20,Home,Plot Purchase,9993000,240,9.95,27800,2800,3.0,1,Rejected,0,2023-01-28,0,
APP802893,CUST102170,2023-11-03,Personal,Debt Consolidation,512000,36,20.11,72700,11700,0.423,0,Approved,446000,2023-11-20,1,0
APP802894,CUST101929,2022-07-29,Gold,Gold Loan,230000,12,14.73,61500,2900,0.384,1,Approved,166000,2022-08-05,1,0
APP802895,CUST103588,2023-08-20,Auto,New Car,1384000,60,10.87,50400,11700,0.828,1,Approved,1358000,2023-08-31,1,0
APP802896,CUST102744,2023-04-07,Business,Business Expansion,6839000,12,14.74,49200,9900,3.0,0,Rejected,0,2023-04-09,0,
APP802897,CUST104150,2023-12-02,Personal,Debt Consolidation,737000,60,23.99,49900,11000,0.645,0,Approved,691000,2023-12-21,1,0
APP802898,CUST103026,2023-01-19,Home,Balance Transfer,6513000,180,8.51,21000,5200,3.0,1,Rejected,0,2023-01-27,0,
APP802899,CUST102913,2024-02-03,Auto,Two Wheeler,1586000,48,13.16,35100,9500,1.488,1,Rejected,0,2024-02-20,0,
APP802900,CUST100187,2023-02-25,Personal,Medical Emergency,256000,60,16.06,82500,25700,0.387,0,Approved,227000,2023-02-27,1,0
APP802901,CUST102123,2024-01-16,Personal,Medical Emergency,1339000,48,14.96,19100,2800,2.092,0,Rejected,0,2024-01-28,0,
APP802902,CUST104411,2023-12-02,Auto,New Car,2404000,48,11.0,218900,66400,0.587,1,Approved,1926000,2023-12-18,1,0
APP802903,CUST101098,2023-10-11,Home,Home Construction,11375000,24,9.9,54500,3200,3.0,1,Rejected,0,2023-10-28,0,
APP802904,CUST100543,2022-09-14,Home,Plot Purchase,2703000,12,9.37,92500,30000,2.886,1,Rejected,0,2022-09-20,0,
APP802905,CUST100756,2022-07-20,Home,Home Purchase,11437000,12,8.79,56900,9700,3.0,1,Rejected,0,2022-08-08,0,
APP802906,CUST103642,2023-07-16,Personal,Home Renovation,742000,36,11.4,59700,16800,0.691,0,Rejected,0,2023-07-20,0,
APP802907,CUST101151,2022-10-03,Personal,Wedding,180000,60,12.01,58900,15200,0.326,0,Approved,145000,2022-10-09,1,1
APP802908,CUST104020,2023-10-14,Auto,New Car,2371000,84,12.1,69700,18600,0.869,1,Approved,2315000,2023-10-26,1,1
APP802909,CUST100708,2024-02-03,Gold,Gold Loan,333000,12,11.34,11500,2500,2.789,1,Rejected,0,2024-02-11,0,
APP802910,CUST103359,2024-05-19,Education,Higher Studies India,726000,84,11.35,51400,2500,0.293,0,Approved,632000,2024-05-25,1,0
APP802911,CUST101622,2023-08-05,Business,Business Expansion,6008000,48,19.41,41500,13600,3.0,0,Rejected,0,2023-08-07,0,
APP802912,CUST102114,2024-03-07,Gold,Gold Loan,605000,12,14.07,35400,3700,1.638,1,Approved,528000,2024-03-27,1,0
APP802913,CUST102127,2023-10-09,Education,Higher Studies India,1390000,120,11.49,41800,3100,0.542,0,Approved,1084000,2023-10-29,1,0
APP802914,CUST104957,2023-11-19,Gold,Gold Loan,543000,36,12.45,149200,1200,0.13,1,Approved,485000,2023-11-27,1,0
APP802915,CUST104824,2024-04-08,Personal,Home Renovation,525000,48,22.07,12900,1900,1.433,0,Approved,492000,2024-04-19,1,0
APP802916,CUST104917,2023-06-27,Personal,Medical Emergency,517000,60,13.42,39700,7300,0.483,0,Approved,503000,2023-07-04,1,0
APP802917,CUST100871,2024-03-06,Personal,Medical Emergency,843000,24,16.88,21600,300,1.939,0,Rejected,0,2024-03-18,0,
APP802918,CUST103484,2023-05-08,Education,Study Abroad,2355000,60,10.0,22800,5600,2.444,0,Rejected,0,2023-05-28,0,
APP802919,CUST100854,2023-01-28,Auto,New Car,735000,60,12.08,69400,3300,0.284,1,Approved,597000,2023-02-12,1,0
APP802920,CUST103363,2022-11-01,Business,Working Capital,4302000,36,13.16,23500,8200,3.0,0,Rejected,0,2022-11-15,0,
APP802921,CUST100073,2024-01-08,Auto,Two Wheeler,2169000,24,10.65,13800,2300,3.0,1,Rejected,0,2024-01-09,0,
APP802922,CUST100671,2024-04-21,Personal,Wedding,508000,12,12.39,67700,16200,0.908,0,Approved,361000,2024-04-26,1,0
APP802923,CUST101953,2022-10-02,Auto,Two Wheeler,1886000,60,9.99,36100,5000,1.248,1,Approved,1636000,2022-10-16,1,0
APP802924,CUST103085,2022-11-08,Auto,Used Car,2391000,24,13.27,16200,200,3.0,1,Rejected,0,2022-11-09,0,
APP802925,CUST102644,2024-03-13,Education,Skill Certification,3402000,120,10.41,71800,2900,0.678,0,Rejected,0,2024-03-19,0,
APP802926,CUST100448,2023-02-21,Business,Working Capital,5268000,60,18.49,16600,3200,3.0,0,Rejected,0,2023-03-02,0,
APP802927,CUST100392,2023-08-25,Personal,Wedding,1492000,12,20.51,123600,27100,1.34,0,Approved,1181000,2023-08-31,1,0
APP802928,CUST103637,2022-12-27,Home,Home Purchase,7479000,120,10.02,31700,4500,3.0,1,Rejected,0,2022-12-28,0,
APP802929,CUST101103,2023-06-01,Personal,Medical Emergency,86000,36,14.25,30800,5400,0.271,0,Rejected,0,2023-06-10,0,
APP802930,CUST102598,2024-06-10,Auto,Used Car,1282000,36,12.1,30400,7600,1.65,1,Rejected,0,2024-06-27,0,
APP802931,CUST101630,2022-10-04,Home,Home Construction,5787000,84,8.79,11900,300,3.0,1,Rejected,0,2022-10-14,0,
APP802932,CUST102244,2023-06-13,Personal,Wedding,582000,48,19.49,16900,5600,1.367,0,Rejected,0,2023-07-02,0,
APP802933,CUST104474,2024-05-20,Business,Equipment Purchase,894000,60,18.89,91600,30500,0.585,0,Approved,689000,2024-05-28,1,0
APP802934,CUST103060,2022-07-12,Business,Equipment Purchase,1377000,24,16.66,56600,7000,1.322,0,Rejected,0,2022-07-20,0,
APP802935,CUST104415,2023-12-19,Business,Business Expansion,4088000,24,17.18,72800,8600,2.899,0,Rejected,0,2023-12-24,0,
APP802936,CUST104564,2023-07-10,Home,Home Purchase,8559000,36,9.86,66700,4200,3.0,1,Rejected,0,2023-07-17,0,
APP802937,CUST101369,2024-03-04,Personal,Home Renovation,101000,84,14.9,61700,6100,0.13,0,Approved,84000,2024-03-09,1,0
APP802938,CUST100377,2024-02-16,Business,Equipment Purchase,1672000,60,18.3,42400,6600,1.164,0,Rejected,0,2024-03-05,0,
APP802939,CUST102700,2023-08-04,Personal,Medical Emergency,813000,60,22.51,53500,900,0.441,0,Approved,687000,2023-08-09,1,1
APP802940,CUST102461,2024-02-08,Gold,Gold Loan,239000,12,14.17,25500,600,0.865,1,Rejected,0,2024-02-09,0,
APP802941,CUST102594,2022-10-10,Auto,New Car,507000,36,12.86,10000,200,1.725,1,Approved,428000,2022-10-12,1,0
APP802942,CUST101387,2022-07-23,Home,Balance Transfer,10984000,180,8.17,22600,7000,3.0,1,Rejected,0,2022-07-31,0,
APP802943,CUST103799,2023-01-25,Home,Home Purchase,2844000,48,8.05,58300,9100,1.348,1,Approved,2292000,2023-01-28,1,0
APP802944,CUST104105,2022-08-21,Personal,Debt Consolidation,789000,84,20.63,37000,1100,0.511,0,Approved,736000,2022-09-08,1,0
APP802945,CUST102834,2023-04-29,Personal,Wedding,975000,48,21.41,21100,7300,1.788,0,Approved,695000,2023-05-11,1,0
APP802946,CUST104966,2022-08-22,Home,Plot Purchase,6575000,84,9.39,72400,3000,1.52,1,Rejected,0,2022-09-11,0,
APP802947,CUST104396,2022-09-11,Education,Study Abroad,1951000,36,10.3,110100,13900,0.701,1,Approved,1671000,2022-09-15,1,0
APP802948,CUST103699,2023-12-25,Education,Study Abroad,564000,36,12.58,12000,4100,1.912,0,Approved,561000,2023-12-26,1,1
APP802949,CUST101201,2024-03-08,Auto,Two Wheeler,1323000,48,13.98,37700,11700,1.268,1,Approved,1165000,2024-03-20,1,0
APP802950,CUST102936,2023-07-14,Personal,Wedding,1168000,84,14.25,32200,2500,0.762,0,Approved,854000,2023-07-26,1,0
APP802951,CUST100998,2024-02-19,Business,Business Expansion,617000,24,13.31,44500,15400,1.007,0,Approved,438000,2024-02-25,1,1
APP802952,CUST104269,2024-01-26,Home,Plot Purchase,7997000,84,10.3,68500,5900,2.043,1,Approved,6887000,2024-02-13,1,0
APP802953,CUST104913,2022-09-11,Auto,New Car,1637000,84,10.23,19400,500,1.435,1,Approved,1273000,2022-09-28,1,0
APP802954,CUST104676,2022-09-10,Home,Balance Transfer,6934000,24,8.06,91400,2800,3.0,1,Rejected,0,2022-09-17,0,
APP802955,CUST102757,2023-10-22,Personal,Wedding,1012000,36,11.99,26300,5500,1.488,1,Approved,962000,2023-11-02,1,1
APP802956,CUST101550,2023-11-21,Gold,Gold Loan,291000,24,12.58,33400,9800,0.707,1,Approved,284000,2023-12-05,1,1
APP802957,CUST104570,2022-07-11,Education,Study Abroad,422000,120,12.75,29800,8100,0.48,0,Approved,309000,2022-07-26,1,0
APP802958,CUST103108,2024-02-07,Business,Working Capital,2046000,48,14.35,97000,13300,0.717,0,Approved,2037000,2024-02-19,1,0
APP802959,CUST102670,2024-03-22,Education,Higher Studies India,3408000,36,12.71,45900,1300,2.519,0,Rejected,0,2024-03-30,0,
APP802960,CUST104682,2023-05-21,Gold,Gold Loan,556000,24,9.59,145400,34100,0.41,1,Approved,474000,2023-05-30,1,0
APP802961,CUST103790,2023-10-10,Education,Skill Certification,2846000,60,12.59,45600,5800,1.534,0,Approved,2096000,2023-10-12,1,0
APP802962,CUST102916,2024-04-06,Personal,Travel,476000,24,12.21,88400,23000,0.514,0,Approved,457000,2024-04-14,1,0
APP802963,CUST102297,2023-05-19,Education,Study Abroad,1941000,84,12.1,39500,13200,1.203,0,Approved,1488000,2023-06-06,1,0
APP802964,CUST104207,2023-03-29,Personal,Debt Consolidation,1266000,12,21.96,62600,600,1.901,0,Approved,1219000,2023-04-04,1,0
APP802965,CUST100334,2023-11-12,Auto,New Car,464000,60,11.91,26200,1800,0.463,1,Approved,452000,2023-11-25,1,0
APP802966,CUST101671,2023-10-15,Auto,New Car,1974000,48,10.47,24800,0,2.033,1,Rejected,0,2023-10-25,0,
APP802967,CUST101530,2023-09-25,Business,Equipment Purchase,6776000,24,17.66,13900,2500,3.0,0,Rejected,0,2023-09-26,0,
APP802968,CUST104512,2023-06-27,Personal,Medical Emergency,80000,84,23.29,37900,7700,0.254,0,Approved,74000,2023-07-02,1,0
APP802969,CUST101256,2024-01-01,Auto,Used Car,1338000,24,13.64,10000,300,3.0,1,Rejected,0,2024-01-11,0,
APP802970,CUST103636,2022-09-19,Home,Home Construction,4266000,12,8.72,98300,2600,3.0,1,Rejected,0,2022-10-04,0,
APP802971,CUST104426,2024-03-03,Auto,Used Car,1563000,60,11.11,29300,9900,1.5,1,Rejected,0,2024-03-21,0,
APP802972,CUST100479,2023-07-31,Personal,Wedding,246000,48,17.86,41200,4400,0.281,0,Approved,241000,2023-08-12,1,0
APP802973,CUST101665,2023-02-27,Auto,Used Car,635000,48,12.67,62100,16800,0.543,1,Rejected,0,2023-02-28,0,
APP802974,CUST103433,2024-04-23,Auto,New Car,550000,36,9.26,88700,24200,0.471,1,Approved,447000,2024-05-04,1,1
APP802975,CUST104613,2023-12-22,Home,Plot Purchase,2233000,120,8.4,25800,7900,1.375,1,Rejected,0,2023-12-26,0,
APP802976,CUST100290,2023-03-25,Home,Home Purchase,11560000,84,9.56,11800,3600,3.0,1,Rejected,0,2023-04-04,0,
APP802977,CUST103317,2023-12-13,Business,Working Capital,2665000,36,17.94,14800,100,3.0,0,Rejected,0,2023-12-24,0,
APP802978,CUST102814,2023-09-21,Gold,Gold Loan,650000,12,9.8,32700,10800,2.074,1,Rejected,0,2023-09-24,0,
APP802979,CUST103726,2023-07-04,Business,Working Capital,2127000,84,14.88,15600,1000,2.686,1,Rejected,0,2023-07-09,0,
APP802980,CUST103473,2023-12-25,Personal,Debt Consolidation,233000,36,12.95,10000,500,0.835,0,Rejected,0,2024-01-08,0,
APP802981,CUST102536,2022-09-29,Auto,Used Car,754000,12,11.75,42400,700,1.596,1,Rejected,0,2022-10-09,0,
APP802982,CUST100047,2022-12-18,Gold,Gold Loan,729000,36,12.7,28000,8100,1.163,1,Approved,519000,2023-01-06,1,0
APP802983,CUST101154,2023-03-20,Auto,New Car,2440000,84,13.19,17100,1100,2.67,1,Rejected,0,2023-03-22,0,
APP802984,CUST101392,2024-02-14,Personal,Medical Emergency,1360000,36,21.14,43300,14300,1.515,0,Rejected,0,2024-03-03,0,
APP802985,CUST104085,2023-01-15,Auto,Two Wheeler,550000,60,13.35,42800,6400,0.445,1,Approved,404000,2023-01-17,1,0
APP802986,CUST103525,2022-08-15,Education,Higher Studies India,1498000,24,12.73,28400,6600,2.731,0,Rejected,0,2022-08-16,0,
APP802987,CUST101500,2023-10-28,Business,Business Expansion,6946000,24,18.84,14100,700,3.0,0,Rejected,0,2023-11-06,0,
APP802988,CUST102974,2023-12-03,Personal,Medical Emergency,958000,24,17.31,10000,500,3.0,0,Rejected,0,2023-12-14,0,
APP802989,CUST104414,2022-07-10,Business,Equipment Purchase,6098000,36,17.24,124100,42500,2.101,1,Approved,4322000,2022-07-14,1,0
APP802990,CUST102351,2022-12-06,Gold,Gold Loan,121000,12,12.56,22500,3000,0.612,1,Approved,108000,2022-12-18,1,1
APP802991,CUST103371,2023-07-25,Business,Business Expansion,6939000,36,15.09,45300,14200,3.0,0,Rejected,0,2023-08-14,0,
APP802992,CUST103367,2024-01-31,Education,Higher Studies India,389000,36,12.56,44500,0,0.293,0,Approved,356000,2024-02-16,1,0
APP802993,CUST102642,2024-01-06,Personal,Travel,216000,12,22.9,32500,9100,0.904,0,Rejected,0,2024-01-13,0,
APP802994,CUST102577,2024-04-19,Personal,Travel,1263000,36,17.02,10000,3500,3.0,0,Rejected,0,2024-04-25,0,
APP802995,CUST102310,2022-12-21,Personal,Medical Emergency,250000,24,12.81,10000,2600,1.446,0,Rejected,0,2022-12-24,0,
APP802996,CUST102224,2023-03-14,Gold,Gold Loan,93000,12,14.02,46000,4100,0.271,1,Approved,89000,2023-03-25,1,0
APP802997,CUST104407,2024-02-16,Business,Working Capital,5745000,36,13.15,10000,0,3.0,1,Rejected,0,2024-02-27,0,
APP802998,CUST103442,2022-07-20,Gold,Gold Loan,510000,24,9.02,25800,5200,1.104,1,Approved,413000,2022-07-26,1,0
APP802999,CUST104576,2023-12-19,Gold,Gold Loan,713000,12,10.79,11700,4000,3.0,1,Rejected,0,2024-01-04,0,
APP803000,CUST100143,2022-11-15,Education,Higher Studies India,2830000,24,11.73,106500,24900,1.481,0,Approved,2416000,2022-12-01,1,0
APP803001,CUST104729,2022-10-19,Education,Skill Certification,2040000,48,9.38,17400,4500,3.0,0,Rejected,0,2022-11-02,0,
APP803002,CUST103772,2023-11-28,Business,Business Expansion,1684000,12,13.62,36800,11800,3.0,0,Rejected,0,2023-12-11,0,
APP803003,CUST102949,2023-12-07,Auto,Used Car,749000,84,9.19,51600,8400,0.398,1,Approved,608000,2023-12-10,1,0
APP803004,CUST100501,2024-01-19,Home,Home Construction,7713000,180,10.22,47800,5900,1.881,1,Rejected,0,2024-02-05,0,
APP803005,CUST101217,2024-05-25,Personal,Home Renovation,489000,84,22.03,49300,400,0.241,0,Under Review,0,,0,
APP803006,CUST104495,2022-08-22,Auto,New Car,831000,84,10.86,90600,16200,0.335,1,Approved,693000,2022-09-04,1,0
APP803007,CUST104774,2023-10-28,Personal,Travel,50000,36,20.24,58100,15300,0.295,1,Rejected,0,2023-11-03,0,
APP803008,CUST103076,2024-03-02,Home,Plot Purchase,11036000,120,9.99,128600,44600,1.48,1,Rejected,0,2024-03-15,0,
APP803009,CUST104212,2022-07-08,Business,Working Capital,335000,12,14.35,44200,3800,0.768,0,Approved,236000,2022-07-20,1,0
APP803010,CUST102100,2023-08-18,Personal,Debt Consolidation,1320000,84,22.56,34900,3500,1.0,1,Approved,1258000,2023-09-06,1,0
APP803011,CUST104217,2023-03-31,Gold,Gold Loan,259000,12,13.86,15800,1200,1.543,1,Approved,240000,2023-04-09,1,1
APP803012,CUST101944,2023-04-21,Personal,Wedding,88000,84,11.99,27900,5600,0.257,1,Approved,76000,2023-05-02,1,0
APP803013,CUST101368,2022-08-03,Auto,Two Wheeler,1579000,36,13.45,28900,4800,2.021,1,Rejected,0,2022-08-06,0,
APP803014,CUST102646,2023-01-15,Personal,Wedding,244000,24,12.76,17600,4500,0.913,0,Approved,216000,2023-02-01,1,0
APP803015,CUST102772,2024-03-26,Home,Home Purchase,11999000,48,9.3,123400,11000,2.523,1,Rejected,0,2024-04-09,0,
APP803016,CUST104418,2023-03-05,Home,Balance Transfer,11120000,84,9.21,54300,0,3.0,1,Approved,8548000,2023-03-13,1,0
APP803017,CUST104464,2023-06-15,Education,Skill Certification,1335000,120,10.9,41000,1100,0.473,0,Rejected,0,2023-07-01,0,
APP803018,CUST104598,2022-10-17,Education,Higher Studies India,1301000,84,11.77,88100,2100,0.283,0,Approved,1282000,2022-10-19,1,0
APP803019,CUST102784,2024-04-06,Education,Study Abroad,1056000,12,11.33,29400,2900,3.0,0,Rejected,0,2024-04-07,0,
APP803020,CUST101421,2023-11-24,Education,Skill Certification,3769000,36,9.76,14400,4800,3.0,0,Rejected,0,2023-12-01,0,
APP803021,CUST103291,2024-02-23,Education,Higher Studies India,1632000,84,10.22,27800,6300,1.21,0,Rejected,0,2024-03-08,0,
APP803022,CUST103900,2023-08-31,Gold,Gold Loan,126000,12,14.88,31000,5000,0.527,1,Approved,100000,2023-09-12,1,0
APP803023,CUST104972,2024-06-06,Home,Balance Transfer,8142000,12,9.35,52300,11100,3.0,1,Under Review,0,,0,
APP803024,CUST104645,2023-12-06,Auto,Used Car,2207000,48,13.0,23700,900,2.539,1,Rejected,0,2023-12-20,0,
APP803025,CUST104572,2024-02-08,Personal,Home Renovation,607000,48,17.32,62100,3500,0.34,0,Approved,599000,2024-02-19,1,0
APP803026,CUST100279,2024-02-20,Personal,Wedding,847000,84,12.68,48300,2200,0.361,0,Approved,644000,2024-03-08,1,0
APP803027,CUST101495,2024-01-05,Auto,New Car,796000,24,10.44,14800,900,2.556,1,Rejected,0,2024-01-23,0,
APP803028,CUST102495,2022-10-20,Business,Equipment Purchase,3239000,84,19.44,38500,13100,2.181,0,Rejected,0,2022-11-04,0,
APP803029,CUST101321,2023-05-21,Business,Working Capital,5522000,60,16.89,29100,9200,3.0,0,Rejected,0,2023-05-27,0,
APP803030,CUST103224,2023-04-25,Personal,Home Renovation,1036000,48,19.48,69900,19000,0.719,0,Approved,744000,2023-04-27,1,0
APP803031,CUST102681,2023-04-03,Personal,Wedding,280000,36,16.11,24500,4600,0.59,0,Approved,225000,2023-04-22,1,0
APP803032,CUST103726,2023-11-15,Personal,Home Renovation,1340000,60,18.43,15600,3800,2.445,0,Rejected,0,2023-11-20,0,
APP803033,CUST104658,2023-02-17,Gold,Gold Loan,69000,36,9.56,32100,1600,0.119,1,Approved,62000,2023-02-24,1,0
APP803034,CUST104626,2024-03-13,Auto,Used Car,1919000,12,9.89,52700,12800,3.0,1,Rejected,0,2024-03-15,0,
APP803035,CUST104706,2023-07-16,Personal,Debt Consolidation,348000,48,17.31,19600,2100,0.622,0,Rejected,0,2023-07-19,0,
APP803036,CUST102443,2024-01-17,Business,Business Expansion,6768000,36,19.05,20300,4900,3.0,0,Rejected,0,2024-01-30,0,
APP803037,CUST102882,2023-05-27,Personal,Wedding,438000,12,20.7,203900,50000,0.445,0,Approved,413000,2023-05-30,1,0
APP803038,CUST101252,2022-12-13,Personal,Travel,1152000,12,23.16,60900,14900,2.025,0,Rejected,0,2022-12-30,0,
APP803039,CUST100185,2022-12-17,Home,Balance Transfer,9112000,120,9.73,20500,1500,3.0,1,Rejected,0,2023-01-03,0,
APP803040,CUST102166,2023-10-19,Auto,Two Wheeler,2275000,84,11.52,10000,2200,3.0,1,Rejected,0,2023-11-04,0,
APP803041,CUST104386,2023-04-26,Personal,Medical Emergency,457000,12,18.21,21700,6200,2.214,0,Rejected,0,2023-05-13,0,
APP803042,CUST102149,2022-08-26,Gold,Gold Loan,655000,24,11.46,186900,41600,0.387,1,Approved,609000,2022-09-12,1,0
APP803043,CUST100156,2022-11-05,Business,Working Capital,6076000,48,13.67,26100,3400,3.0,0,Rejected,0,2022-11-09,0,
APP803044,CUST104199,2024-03-10,Gold,Gold Loan,249000,12,9.95,94500,26100,0.508,1,Approved,176000,2024-03-14,1,0
APP803045,CUST104200,2023-05-14,Business,Business Expansion,2268000,24,14.28,64100,12700,1.9,0,Approved,2080000,2023-05-27,1,0
APP803046,CUST101901,2023-06-24,Personal,Travel,1139000,48,20.41,27000,8900,1.62,0,Rejected,0,2023-06-28,0,
APP803047,CUST102879,2024-03-25,Personal,Debt Consolidation,1190000,48,16.0,151000,15600,0.327,0,Approved,921000,2024-04-11,1,0
APP803048,CUST104537,2023-03-27,Auto,New Car,1494000,84,13.19,65000,13100,0.622,1,Approved,1165000,2023-03-29,1,0
APP803049,CUST100857,2022-07-09,Personal,Home Renovation,1067000,24,15.17,10000,2400,3.0,0,Rejected,0,2022-07-11,0,
APP803050,CUST101104,2024-01-31,Home,Home Purchase,2144000,240,9.72,45600,5600,0.567,1,Rejected,0,2024-02-04,0,
APP803051,CUST103190,2023-12-12,Personal,Debt Consolidation,1221000,36,22.82,28200,8600,1.978,0,Rejected,0,2023-12-30,0,
APP803052,CUST101886,2022-12-25,Personal,Debt Consolidation,395000,24,22.74,35300,8200,0.818,0,Approved,289000,2023-01-08,1,0
APP803053,CUST100021,2023-11-12,Personal,Debt Consolidation,380000,84,12.31,60400,14400,0.35,0,Rejected,0,2023-12-02,0,
APP803054,CUST100186,2023-07-18,Education,Higher Studies India,1074000,12,11.66,35000,2000,2.779,0,Rejected,0,2023-07-23,0,
APP803055,CUST104783,2023-12-26,Personal,Debt Consolidation,1070000,48,11.99,53600,6600,0.649,0,Rejected,0,2024-01-07,0,
APP803056,CUST103625,2023-09-12,Auto,Used Car,331000,60,13.8,74500,13400,0.283,1,Approved,326000,2023-09-15,1,0
APP803057,CUST103978,2022-08-14,Auto,New Car,868000,24,9.25,21000,2900,2.036,1,Rejected,0,2022-08-28,0,
APP803058,CUST104023,2023-08-11,Gold,Gold Loan,700000,12,9.42,21700,7600,3.0,1,Rejected,0,2023-08-16,0,
APP803059,CUST100923,2023-07-27,Personal,Debt Consolidation,1344000,36,23.01,52400,4100,1.072,0,Approved,1118000,2023-07-28,1,0
APP803060,CUST102001,2023-04-11,Auto,Used Car,628000,12,11.98,42900,10200,1.539,1,Rejected,0,2023-04-25,0,
APP803061,CUST103470,2023-11-26,Home,Balance Transfer,10151000,24,9.39,32800,7300,3.0,1,Rejected,0,2023-12-01,0,
APP803062,CUST102071,2023-01-28,Gold,Gold Loan,530000,36,14.9,59400,10900,0.493,1,Approved,510000,2023-02-15,1,0
APP803063,CUST101305,2022-07-25,Personal,Debt Consolidation,1023000,12,13.28,67300,12000,1.537,0,Rejected,0,2022-07-30,0,
APP803064,CUST103781,2022-12-21,Personal,Debt Consolidation,651000,12,14.32,48100,9600,1.418,0,Approved,647000,2023-01-08,1,0
APP803065,CUST103563,2022-11-23,Personal,Debt Consolidation,147000,24,15.31,18200,500,0.421,0,Rejected,0,2022-12-03,0,
APP803066,CUST104839,2022-07-16,Business,Business Expansion,3078000,36,15.3,45200,4400,2.466,0,Approved,2188000,2022-07-24,1,0
APP803067,CUST102354,2024-05-23,Personal,Travel,376000,84,23.46,33200,10900,0.604,0,Rejected,0,2024-06-01,0,
APP803068,CUST104791,2023-05-05,Auto,Used Car,1861000,60,12.29,40600,6400,1.183,1,Approved,1859000,2023-05-18,1,0
APP803069,CUST100640,2023-01-21,Auto,New Car,1870000,24,12.18,39700,1800,2.267,1,Approved,1423000,2023-01-24,1,0
APP803070,CUST102544,2023-12-02,Gold,Gold Loan,662000,36,13.19,29000,6900,1.01,1,Rejected,0,2023-12-08,0,
APP803071,CUST101315,2023-04-16,Personal,Travel,587000,48,15.1,33000,1200,0.532,0,Approved,559000,2023-04-30,1,1
APP803072,CUST103724,2023-01-31,Business,Working Capital,3151000,24,15.11,42300,4500,3.0,0,Rejected,0,2023-02-10,0,
APP803073,CUST100448,2023-07-29,Auto,Used Car,1847000,12,11.44,16600,3900,3.0,1,Rejected,0,2023-08-12,0,
APP803074,CUST102587,2023-06-17,Gold,Gold Loan,198000,24,10.8,26900,6300,0.577,1,Rejected,0,2023-07-03,0,
APP803075,CUST104907,2023-02-07,Auto,Two Wheeler,1311000,12,11.03,123000,20200,1.106,1,Approved,1138000,2023-02-18,1,0
APP803076,CUST101874,2022-08-21,Personal,Medical Emergency,1080000,36,14.23,30400,4000,1.352,0,Approved,966000,2022-08-25,1,1
APP803077,CUST102317,2024-02-04,Personal,Home Renovation,446000,48,16.9,32900,4800,0.536,0,Approved,391000,2024-02-22,1,0
APP803078,CUST101905,2023-02-16,Home,Balance Transfer,4703000,240,10.17,44600,9100,1.233,1,Rejected,0,2023-03-01,0,
APP803079,CUST102607,2024-06-14,Auto,New Car,2254000,12,10.78,66900,3800,3.0,1,Under Review,0,,0,
APP803080,CUST104537,2024-03-10,Auto,Used Car,784000,36,10.98,65000,8600,0.527,1,Approved,709000,2024-03-24,1,1
APP803081,CUST102267,2023-05-30,Education,Higher Studies India,258000,84,10.47,126200,1500,0.046,0,Approved,254000,2023-05-31,1,0
APP803082,CUST102102,2024-04-09,Education,Skill Certification,2346000,60,9.89,104400,1200,0.487,1,Approved,1893000,2024-04-17,1,0
APP803083,CUST100391,2022-08-24,Home,Balance Transfer,6783000,84,8.24,10200,200,3.0,1,Rejected,0,2022-09-11,0,
APP803084,CUST103160,2023-10-08,Business,Equipment Purchase,6849000,24,14.83,18600,700,3.0,0,Rejected,0,2023-10-16,0,
APP803085,CUST103032,2023-12-12,Auto,Used Car,661000,24,10.37,43600,13800,1.019,1,Approved,601000,2023-12-18,1,0
APP803086,CUST101156,2024-04-09,Business,Working Capital,5544000,60,19.24,23700,7900,3.0,0,Approved,4200000,2024-04-29,1,0
APP803087,CUST103430,2023-05-01,Personal,Medical Emergency,994000,12,17.15,16400,1200,3.0,0,Rejected,0,2023-05-21,0,
APP803088,CUST101915,2024-01-11,Personal,Home Renovation,258000,84,20.06,23400,1600,0.313,0,Rejected,0,2024-01-20,0,
APP803089,CUST100128,2024-05-10,Personal,Travel,345000,12,21.22,40100,200,0.807,0,Approved,266000,2024-05-30,1,0
APP803090,CUST100242,2023-01-27,Auto,New Car,2266000,60,13.97,21400,4000,2.644,1,Rejected,0,2023-01-28,0,
APP803091,CUST100357,2023-04-27,Gold,Gold Loan,190000,36,11.44,10000,3400,0.966,1,Approved,157000,2023-05-10,1,1
APP803092,CUST104482,2023-11-20,Personal,Home Renovation,1194000,48,21.18,42700,7400,1.043,0,Rejected,0,2023-12-06,0,
APP803093,CUST102444,2023-05-28,Personal,Wedding,576000,48,17.2,41400,5500,0.535,1,Approved,440000,2023-06-16,1,0
APP803094,CUST104467,2023-03-26,Auto,Used Car,2406000,48,10.31,71300,10700,1.011,1,Rejected,0,2023-04-10,0,
APP803095,CUST101433,2023-10-23,Home,Balance Transfer,1988000,180,9.97,72800,11500,0.451,1,Approved,1796000,2023-11-10,1,0
APP803096,CUST100026,2023-07-28,Personal,Wedding,135000,84,16.18,103500,18900,0.209,0,Approved,106000,2023-08-02,1,1
APP803097,CUST101235,2023-08-29,Gold,Gold Loan,239000,12,13.29,33000,2800,0.734,1,Approved,194000,2023-09-07,1,0
APP803098,CUST103525,2023-01-21,Auto,Two Wheeler,440000,12,12.71,28400,4900,1.553,1,Approved,338000,2023-01-24,1,0
APP803099,CUST104836,2023-04-29,Home,Balance Transfer,2621000,48,10.45,41900,3700,1.688,1,Approved,1944000,2023-05-11,1,0
APP803100,CUST104521,2022-09-18,Personal,Travel,1354000,12,23.15,37200,7700,3.0,0,Rejected,0,2022-09-22,0,
APP803101,CUST101819,2023-11-14,Business,Working Capital,638000,24,13.65,79700,27200,0.725,1,Approved,509000,2023-11-22,1,0
APP803102,CUST103086,2022-08-18,Personal,Travel,849000,48,14.28,47300,6700,0.634,0,Approved,780000,2022-08-28,1,0
APP803103,CUST104783,2023-08-14,Personal,Travel,1225000,84,20.25,53600,7800,0.656,0,Rejected,0,2023-08-17,0,
APP803104,CUST104492,2023-11-05,Auto,Two Wheeler,566000,84,9.75,96900,31700,0.423,1,Approved,482000,2023-11-08,1,0
APP803105,CUST101922,2023-02-22,Home,Balance Transfer,5639000,84,8.78,33300,1900,2.76,1,Rejected,0,2023-03-11,0,
APP803106,CUST100565,2023-02-24,Education,Skill Certification,2991000,60,11.78,79600,27000,1.171,0,Approved,2455000,2023-03-01,1,0
APP803107,CUST103571,2024-05-04,Home,Home Construction,9559000,180,9.53,14400,1300,3.0,1,Rejected,0,2024-05-09,0,
APP803108,CUST102857,2023-02-26,Home,Home Purchase,3364000,12,8.13,27400,300,3.0,1,Rejected,0,2023-03-12,0,
APP803109,CUST104202,2022-09-30,Auto,Used Car,291000,12,11.58,35400,2300,0.794,1,Approved,287000,2022-10-13,1,0
APP803110,CUST100288,2023-12-17,Business,Business Expansion,3565000,12,16.28,44700,3400,3.0,0,Rejected,0,2023-12-19,0,
APP803111,CUST102876,2022-07-15,Personal,Wedding,904000,12,22.93,122100,22400,0.88,0,Approved,886000,2022-07-25,1,0
APP803112,CUST102885,2022-12-30,Home,Plot Purchase,4074000,48,9.82,19500,600,3.0,1,Rejected,0,2023-01-04,0,
APP803113,CUST100801,2024-05-28,Auto,Used Car,750000,48,13.37,46500,10100,0.653,1,Under Review,0,,0,
APP803114,CUST102675,2023-07-25,Home,Balance Transfer,3803000,48,8.91,15200,600,3.0,1,Rejected,0,2023-08-10,0,
APP803115,CUST103459,2024-04-18,Personal,Wedding,212000,12,13.37,74800,19400,0.513,0,Approved,189000,2024-04-30,1,0
APP803116,CUST104583,2023-11-06,Business,Business Expansion,2461000,24,13.76,36700,9800,3.0,0,Rejected,0,2023-11-16,0,
APP803117,CUST100224,2023-07-22,Personal,Travel,919000,24,18.54,157200,22400,0.436,1,Approved,789000,2023-08-09,1,0
APP803118,CUST102385,2024-03-21,Home,Home Construction,5946000,36,9.34,35800,11300,3.0,1,Rejected,0,2024-04-02,0,
APP803119,CUST100968,2022-12-29,Business,Working Capital,4818000,48,14.94,26000,5700,3.0,0,Rejected,0,2022-12-31,0,
APP803120,CUST104086,2022-07-04,Home,Balance Transfer,10432000,24,9.66,34400,4300,3.0,1,Rejected,0,2022-07-13,0,
APP803121,CUST102382,2024-05-14,Home,Home Construction,11993000,180,8.16,39200,8000,3.0,1,Approved,9980000,2024-05-29,1,1
APP803122,CUST104095,2023-01-08,Home,Home Construction,3058000,48,8.88,34300,11000,2.535,1,Rejected,0,2023-01-09,0,
APP803123,CUST103025,2022-08-19,Education,Skill Certification,3520000,12,9.63,56000,7900,3.0,1,Rejected,0,2022-08-29,0,
APP803124,CUST100231,2023-11-28,Personal,Medical Emergency,71000,12,13.16,49100,15200,0.439,1,Approved,53000,2023-12-18,1,1
APP803125,CUST102898,2022-12-06,Business,Business Expansion,6498000,36,16.17,43200,9400,3.0,0,Rejected,0,2022-12-09,0,
APP803126,CUST101100,2022-09-28,Business,Equipment Purchase,1739000,24,18.71,18000,1300,3.0,0,Rejected,0,2022-10-05,0,
APP803127,CUST102389,2022-11-19,Gold,Gold Loan,335000,12,9.7,28700,9500,1.355,1,Rejected,0,2022-12-03,0,
APP803128,CUST102377,2022-07-14,Auto,New Car,2025000,24,10.59,14800,600,3.0,1,Rejected,0,2022-07-20,0,
APP803129,CUST104060,2023-05-20,Gold,Gold Loan,47000,36,9.82,68100,21300,0.335,1,Approved,44000,2023-05-27,1,0
APP803130,CUST104376,2023-08-03,Home,Home Purchase,9460000,180,10.24,10000,3400,3.0,1,Rejected,0,2023-08-09,0,
APP803131,CUST104916,2023-12-05,Auto,New Car,1152000,12,11.53,53300,9400,2.093,1,Rejected,0,2023-12-22,0,
APP803132,CUST100152,2023-01-03,Personal,Wedding,1236000,12,13.03,31600,9800,3.0,0,Rejected,0,2023-01-17,0,
APP803133,CUST102202,2023-05-04,Home,Plot Purchase,4387000,240,9.8,31800,7100,1.536,1,Rejected,0,2023-05-22,0,
APP803134,CUST100421,2023-01-19,Personal,Wedding,911000,12,18.28,35200,8600,2.624,0,Rejected,0,2023-01-25,0,
APP803135,CUST103619,2024-03-08,Personal,Medical Emergency,757000,12,13.93,97800,17400,0.872,0,Approved,708000,2024-03-16,1,0
APP803136,CUST100217,2024-02-24,Personal,Travel,634000,36,12.39,60900,17400,0.634,1,Approved,565000,2024-03-05,1,1
APP803137,CUST100290,2023-07-14,Personal,Travel,1458000,84,19.58,11800,2900,2.952,0,Rejected,0,2023-07-24,0,
APP803138,CUST100966,2023-01-19,Business,Business Expansion,1096000,36,19.26,59900,15300,0.929,1,Approved,1071000,2023-01-27,1,0
APP803139,CUST104447,2023-06-06,Personal,Debt Consolidation,1039000,84,20.61,20000,3300,1.337,0,Approved,940000,2023-06-10,1,1
APP803140,CUST104476,2024-05-25,Home,Balance Transfer,5556000,240,8.26,47200,900,1.022,1,Under Review,0,,0,
APP803141,CUST104605,2024-01-13,Business,Working Capital,3544000,36,15.59,39600,9400,3.0,0,Rejected,0,2024-01-31,0,
APP803142,CUST100563,2023-07-25,Home,Home Purchase,9648000,24,10.39,21600,600,3.0,1,Rejected,0,2023-08-08,0,
APP803143,CUST103841,2023-10-13,Personal,Travel,771000,36,19.74,42300,11700,0.951,1,Approved,583000,2023-10-22,1,0
APP803144,CUST100284,2023-04-20,Home,Plot Purchase,2214000,48,10.24,36300,3300,1.643,1,Rejected,0,2023-05-09,0,
APP803145,CUST103422,2024-03-15,Personal,Medical Emergency,874000,84,12.02,15900,5300,1.308,0,Rejected,0,2024-03-17,0,
APP803146,CUST101439,2022-11-30,Personal,Wedding,1047000,36,14.48,26400,9000,1.706,1,Rejected,0,2022-12-18,0,
APP803147,CUST104820,2023-04-12,Auto,Used Car,1833000,36,9.52,20600,800,2.895,1,Rejected,0,2023-04-20,0,
APP803148,CUST103297,2023-04-24,Gold,Gold Loan,169000,24,9.01,19500,5900,0.699,1,Approved,133000,2023-05-06,1,1
APP803149,CUST104864,2024-06-28,Business,Working Capital,6221000,84,14.09,64400,15900,2.061,1,Under Review,0,,0,
APP803150,CUST100805,2023-02-02,Business,Equipment Purchase,645000,48,19.15,72600,15700,0.483,0,Approved,567000,2023-02-15,1,0
APP803151,CUST101178,2023-11-27,Home,Home Construction,6802000,180,8.64,60200,12300,1.326,1,Rejected,0,2023-12-11,0,
APP803152,CUST102637,2023-10-23,Business,Working Capital,5636000,12,15.09,16000,4700,3.0,0,Rejected,0,2023-11-08,0,
APP803153,CUST100796,2023-12-21,Business,Working Capital,4288000,60,16.11,28000,4600,3.0,1,Rejected,0,2024-01-01,0,
APP803154,CUST102873,2024-05-27,Gold,Gold Loan,238000,24,9.41,65500,3900,0.226,1,Approved,197000,2024-06-08,1,0
APP803155,CUST104231,2023-10-05,Business,Equipment Purchase,571000,60,15.2,39700,1000,0.369,1,Approved,554000,2023-10-18,1,0
APP803156,CUST103906,2024-05-21,Personal,Travel,1319000,84,19.68,201900,3300,0.16,0,Rejected,0,2024-06-09,0,
APP803157,CUST104199,2024-03-13,Business,Equipment Purchase,4887000,48,12.23,94500,800,1.377,0,Rejected,0,2024-03-27,0,
APP803158,CUST101878,2024-02-20,Personal,Travel,56000,24,16.12,36500,10100,0.352,0,Approved,50000,2024-03-04,1,0
APP803159,CUST102197,2022-11-23,Personal,Medical Emergency,311000,12,13.88,43200,4800,0.757,0,Approved,266000,2022-11-24,1,0
APP803160,CUST101765,2023-04-18,Personal,Home Renovation,1225000,12,14.35,33400,9100,3.0,0,Rejected,0,2023-04-26,0,
APP803161,CUST102546,2023-08-24,Business,Working Capital,4666000,12,15.37,62500,4900,3.0,1,Rejected,0,2023-08-26,0,
APP803162,CUST102805,2023-01-11,Auto,New Car,492000,84,13.21,30400,6600,0.513,1,Rejected,0,2023-01-15,0,
APP803163,CUST102301,2023-10-06,Education,Skill Certification,862000,84,10.61,79200,1400,0.202,0,Approved,620000,2023-10-21,1,0
APP803164,CUST101522,2023-05-15,Personal,Home Renovation,160000,24,17.09,26200,8700,0.635,0,Approved,149000,2023-05-20,1,0
APP803165,CUST100518,2022-11-19,Personal,Wedding,814000,36,16.16,44000,3800,0.739,0,Approved,716000,2022-12-05,1,0
APP803166,CUST104875,2024-05-26,Personal,Wedding,911000,84,12.51,75600,6400,0.301,1,Approved,760000,2024-06-01,1,1
APP803167,CUST102303,2022-12-02,Education,Higher Studies India,2634000,120,9.1,35400,10800,1.253,1,Approved,2233000,2022-12-10,1,1
APP803168,CUST100113,2022-10-19,Business,Equipment Purchase,6710000,12,14.51,41300,5300,3.0,0,Rejected,0,2022-11-02,0,
APP803169,CUST104227,2024-02-24,Personal,Travel,1401000,60,13.57,20200,3600,1.773,0,Rejected,0,2024-03-05,0,
APP803170,CUST103079,2023-11-30,Personal,Travel,372000,12,17.86,12000,1200,2.936,0,Rejected,0,2023-12-09,0,
APP803171,CUST103423,2023-08-12,Gold,Gold Loan,778000,12,14.11,60300,8400,1.298,1,Approved,597000,2023-08-21,1,0
APP803172,CUST102882,2022-10-29,Gold,Gold Loan,322000,12,12.25,203900,27200,0.274,1,Rejected,0,2022-11-12,0,
APP803173,CUST102810,2024-05-11,Auto,New Car,1045000,84,9.38,37300,8000,0.671,1,Rejected,0,2024-05-24,0,
APP803174,CUST102895,2023-05-23,Gold,Gold Loan,454000,12,13.78,45100,1400,0.933,1,Approved,348000,2023-06-02,1,0
APP803175,CUST100430,2023-04-06,Home,Home Construction,10079000,84,9.7,28300,4800,3.0,1,Rejected,0,2023-04-22,0,
APP803176,CUST103959,2023-06-16,Home,Home Purchase,5582000,24,9.38,49100,12500,3.0,1,Rejected,0,2023-06-23,0,
APP803177,CUST103579,2023-04-05,Education,Higher Studies India,3430000,120,11.11,88600,24500,0.812,0,Approved,3054000,2023-04-25,1,0
APP803178,CUST102778,2023-08-20,Personal,Medical Emergency,978000,48,20.33,27000,8700,1.43,0,Approved,774000,2023-09-07,1,0
APP803179,CUST103714,2022-09-27,Home,Balance Transfer,8954000,24,9.4,49800,4500,3.0,1,Rejected,0,2022-10-16,0,
APP803180,CUST102467,2023-08-02,Business,Working Capital,4555000,36,14.37,47300,3300,3.0,1,Rejected,0,2023-08-12,0,
APP803181,CUST100642,2024-04-25,Personal,Home Renovation,542000,12,23.05,48600,2200,1.094,1,Rejected,0,2024-05-13,0,
APP803182,CUST100476,2023-03-16,Business,Business Expansion,3695000,60,17.39,31700,2900,3.0,0,Rejected,0,2023-03-17,0,
APP803183,CUST101390,2024-06-03,Home,Balance Transfer,11860000,84,9.73,117100,30200,1.925,1,Under Review,0,,0,
APP803184,CUST103294,2023-10-21,Personal,Travel,275000,48,22.41,74400,4100,0.172,0,Approved,212000,2023-11-09,1,0
APP803185,CUST102129,2024-01-10,Personal,Medical Emergency,463000,84,18.99,46900,6900,0.36,0,Approved,413000,2024-01-29,1,0
APP803186,CUST102633,2024-06-21,Home,Balance Transfer,5521000,24,9.56,146800,26200,1.907,1,Under Review,0,,0,
APP803187,CUST102323,2022-09-01,Home,Home Purchase,7758000,36,8.26,141400,49100,2.073,1,Approved,7371000,2022-09-02,1,0
APP803188,CUST103261,2022-07-29,Personal,Travel,115000,36,12.48,36200,100,0.109,0,Approved,102000,2022-08-07,1,0
APP803189,CUST100791,2023-01-21,Auto,Two Wheeler,2053000,24,12.68,70300,17900,1.639,1,Approved,1754000,2023-02-07,1,0
APP803190,CUST103117,2023-12-30,Personal,Home Renovation,1395000,12,23.88,49200,15700,2.998,1,Rejected,0,2023-12-31,0,
APP803191,CUST102944,2023-09-12,Personal,Travel,1118000,48,12.07,19000,2400,1.673,1,Rejected,0,2023-10-02,0,
APP803192,CUST102526,2024-02-06,Gold,Gold Loan,176000,24,10.8,74300,10800,0.255,1,Approved,154000,2024-02-09,1,0
APP803193,CUST100034,2023-07-13,Personal,Travel,621000,24,17.38,55100,5800,0.664,1,Approved,557000,2023-07-21,1,0
APP803194,CUST102265,2023-03-22,Business,Business Expansion,5716000,36,14.47,71200,22200,3.0,0,Rejected,0,2023-04-10,0,
APP803195,CUST101792,2023-05-06,Personal,Travel,1114000,12,15.48,37800,8100,2.881,0,Approved,1088000,2023-05-09,1,1
APP803196,CUST102579,2023-03-18,Education,Higher Studies India,1124000,60,9.82,47900,15100,0.811,0,Approved,944000,2023-03-24,1,1
APP803197,CUST101556,2023-05-13,Auto,Used Car,1530000,48,12.69,85300,7500,0.566,1,Rejected,0,2023-05-23,0,
APP803198,CUST101840,2022-11-09,Home,Home Purchase,4599000,60,8.01,44400,10000,2.325,1,Approved,3409000,2022-11-20,1,1
APP803199,CUST101582,2023-11-25,Business,Equipment Purchase,3909000,12,18.76,63600,3700,3.0,0,Rejected,0,2023-12-02,0,
APP803200,CUST100960,2023-12-08,Education,Study Abroad,2287000,36,10.28,44100,7800,1.856,0,Rejected,0,2023-12-24,0,
APP803201,CUST101373,2023-08-24,Gold,Gold Loan,402000,24,11.17,13200,2700,1.628,1,Approved,326000,2023-08-28,1,0
APP803202,CUST101230,2023-04-23,Auto,Used Car,285000,60,10.9,40700,4900,0.272,1,Approved,244000,2023-05-07,1,0
APP803203,CUST102834,2023-11-08,Personal,Travel,270000,24,19.53,21100,2500,0.767,0,Approved,247000,2023-11-18,1,1
APP803204,CUST100659,2023-12-10,Personal,Medical Emergency,1340000,48,11.67,11500,2400,3.0,0,Rejected,0,2023-12-21,0,
APP803205,CUST104918,2024-02-23,Personal,Home Renovation,666000,36,15.46,66900,5100,0.424,0,Approved,549000,2024-02-26,1,0
APP803206,CUST101959,2023-01-22,Gold,Gold Loan,431000,36,11.08,15900,400,0.916,1,Rejected,0,2023-01-28,0,
APP803207,CUST104296,2023-01-01,Personal,Debt Consolidation,581000,84,20.34,75100,3700,0.223,0,Approved,526000,2023-01-02,1,0
APP803208,CUST104648,2022-07-19,Gold,Gold Loan,460000,24,12.56,41500,3000,0.597,1,Approved,458000,2022-08-08,1,0
APP803209,CUST100706,2022-11-10,Home,Home Purchase,8455000,120,8.11,48900,7300,2.256,1,Rejected,0,2022-11-18,0,
APP803210,CUST103594,2023-02-21,Personal,Debt Consolidation,1124000,24,23.02,14600,1400,3.0,0,Rejected,0,2023-03-06,0,
APP803211,CUST102147,2022-09-22,Home,Home Construction,4747000,120,10.17,27700,2300,2.367,1,Rejected,0,2022-09-24,0,
APP803212,CUST102727,2023-05-15,Personal,Debt Consolidation,313000,84,20.07,43400,1100,0.186,0,Approved,283000,2023-05-17,1,0
APP803213,CUST104895,2023-11-18,Personal,Medical Emergency,360000,24,16.63,34600,3500,0.614,0,Rejected,0,2023-11-23,0,
APP803214,CUST101067,2022-08-05,Personal,Home Renovation,79000,24,16.61,37700,9000,0.342,0,Approved,62000,2022-08-13,1,0
APP803215,CUST104751,2024-05-16,Business,Equipment Purchase,5833000,12,14.21,43300,12200,3.0,0,Rejected,0,2024-05-17,0,
APP803216,CUST103142,2022-07-13,Personal,Travel,607000,60,11.21,41500,6200,0.469,0,Approved,570000,2022-07-23,1,0
APP803217,CUST101627,2024-04-22,Education,Higher Studies India,3884000,60,10.35,106200,23300,1.002,0,Approved,3075000,2024-05-02,1,0
APP803218,CUST104370,2024-03-30,Home,Home Construction,8300000,12,9.29,40700,5800,3.0,1,Approved,6389000,2024-03-31,1,0
APP803219,CUST102320,2024-05-29,Personal,Debt Consolidation,455000,48,14.23,21800,3500,0.733,1,Rejected,0,2024-06-10,0,
APP803220,CUST101301,2022-12-13,Personal,Home Renovation,331000,48,19.64,17200,1700,0.682,0,Rejected,0,2022-12-31,0,
APP803221,CUST100566,2022-07-02,Gold,Gold Loan,368000,12,12.21,25200,6200,1.543,1,Approved,358000,2022-07-19,1,0
APP803222,CUST103048,2022-11-09,Home,Balance Transfer,2046000,60,8.87,23600,800,1.826,1,Approved,1570000,2022-11-12,1,1
APP803223,CUST102154,2024-01-12,Business,Business Expansion,1129000,24,18.26,97200,20700,0.794,0,Approved,857000,2024-01-24,1,0
APP803224,CUST104358,2023-01-08,Education,Higher Studies India,3595000,84,10.02,24100,7500,2.789,0,Rejected,0,2023-01-13,0,
APP803225,CUST100094,2022-11-04,Personal,Home Renovation,1282000,24,20.93,29600,3100,2.326,0,Rejected,0,2022-11-10,0,
APP803226,CUST100570,2023-02-27,Gold,Gold Loan,59000,12,10.74,54500,3900,0.167,1,Approved,45000,2023-03-05,1,0
APP803227,CUST101326,2024-03-18,Personal,Debt Consolidation,62000,60,18.32,29900,4800,0.214,0,Approved,50000,2024-04-01,1,0
APP803228,CUST102231,2023-04-29,Gold,Gold Loan,402000,24,11.87,79400,14000,0.414,1,Approved,287000,2023-05-16,1,0
APP803229,CUST101293,2023-04-03,Home,Home Construction,3733000,180,8.78,75800,17900,0.729,1,Approved,3676000,2023-04-20,1,0
APP803230,CUST101682,2022-12-02,Home,Plot Purchase,5659000,24,10.3,127000,16200,2.19,1,Rejected,0,2022-12-10,0,
APP803231,CUST102745,2022-07-05,Home,Plot Purchase,11887000,84,10.05,15700,700,3.0,1,Rejected,0,2022-07-22,0,
APP803232,CUST102791,2023-03-05,Home,Home Purchase,4051000,180,8.39,163700,3900,0.266,1,Approved,3839000,2023-03-14,1,0
APP803233,CUST101602,2023-05-16,Home,Home Construction,5011000,48,8.85,58200,13900,2.376,1,Rejected,0,2023-05-30,0,
APP803234,CUST104992,2023-09-07,Education,Higher Studies India,3150000,84,10.79,10900,1400,3.0,0,Rejected,0,2023-09-17,0,
APP803235,CUST104075,2023-03-04,Personal,Home Renovation,1316000,12,23.34,10400,2600,3.0,0,Rejected,0,2023-03-24,0,
APP803236,CUST103525,2024-01-13,Business,Equipment Purchase,2996000,12,14.01,28400,6400,3.0,0,Rejected,0,2024-01-22,0,
APP803237,CUST100914,2023-02-21,Education,Study Abroad,2341000,60,12.48,51000,10200,1.231,0,Approved,2091000,2023-03-05,1,0
APP803238,CUST103716,2023-02-28,Personal,Debt Consolidation,841000,24,13.09,17900,5500,2.541,0,Rejected,0,2023-03-14,0,
APP803239,CUST104552,2023-05-27,Education,Skill Certification,3156000,36,12.35,58100,9600,1.979,0,Rejected,0,2023-06-16,0,
APP803240,CUST102238,2023-11-14,Home,Balance Transfer,3081000,24,8.2,41400,9100,3.0,1,Approved,2395000,2023-11-22,1,1
APP803241,CUST102005,2022-08-22,Auto,Two Wheeler,1741000,84,9.23,51900,100,0.546,1,Approved,1427000,2022-09-02,1,0
APP803242,CUST100389,2022-11-21,Personal,Wedding,507000,84,14.66,148500,32600,0.285,1,Approved,433000,2022-12-05,1,0
APP803243,CUST100141,2023-06-01,Home,Home Purchase,7280000,24,8.63,27500,5900,3.0,1,Rejected,0,2023-06-10,0,
APP803244,CUST100952,2023-01-29,Auto,Two Wheeler,1191000,84,10.16,33000,2000,0.662,1,Approved,886000,2023-02-14,1,0
APP803245,CUST103150,2024-01-13,Personal,Wedding,196000,48,16.59,32700,3400,0.275,0,Approved,151000,2024-01-26,1,0
APP803246,CUST100251,2022-10-30,Auto,New Car,1582000,84,11.24,23100,4000,1.356,1,Approved,1234000,2022-11-07,1,1
APP803247,CUST104367,2023-10-30,Business,Working Capital,1013000,36,14.43,48900,14400,1.006,0,Approved,815000,2023-11-10,1,1
APP803248,CUST102289,2023-11-17,Home,Plot Purchase,10893000,36,10.14,12300,1400,3.0,1,Rejected,0,2023-12-01,0,
APP803249,CUST104404,2023-07-27,Home,Home Construction,11845000,12,8.31,50700,9600,3.0,1,Approved,11018000,2023-08-15,1,1
APP803250,CUST102454,2024-01-26,Home,Plot Purchase,11398000,24,10.33,20500,5600,3.0,1,Rejected,0,2024-02-05,0,
APP803251,CUST102125,2023-07-09,Education,Study Abroad,3827000,84,11.98,29500,3400,2.403,0,Rejected,0,2023-07-13,0,
APP803252,CUST100309,2023-04-09,Auto,Used Car,364000,36,12.62,126400,38900,0.404,1,Approved,268000,2023-04-26,1,0
APP803253,CUST104683,2022-12-11,Business,Equipment Purchase,5112000,36,16.4,89000,1700,2.049,0,Rejected,0,2022-12-21,0,
APP803254,CUST102004,2023-06-08,Auto,Two Wheeler,1524000,24,11.45,31600,3900,2.379,1,Rejected,0,2023-06-12,0,
APP803255,CUST104815,2022-10-01,Personal,Travel,849000,24,14.53,33100,10900,1.569,0,Approved,604000,2022-10-13,1,0
APP803256,CUST101478,2023-06-03,Business,Business Expansion,3808000,60,18.53,73700,2100,1.356,0,Rejected,0,2023-06-05,0,
APP803257,CUST102876,2023-09-19,Home,Home Purchase,2682000,24,9.01,122100,21400,1.179,1,Approved,2660000,2023-10-01,1,0
APP803258,CUST102630,2022-11-24,Auto,Used Car,1876000,84,10.14,59700,3500,0.582,1,Approved,1477000,2022-12-13,1,0
APP803259,CUST104362,2022-09-03,Business,Working Capital,2633000,84,14.31,20400,4000,2.64,0,Rejected,0,2022-09-11,0,
APP803260,CUST100507,2023-04-19,Personal,Debt Consolidation,469000,60,11.87,46000,4200,0.317,1,Approved,342000,2023-04-24,1,0
APP803261,CUST102468,2023-09-27,Gold,Gold Loan,689000,12,12.54,31600,1200,1.982,1,Rejected,0,2023-09-28,0,
APP803262,CUST100924,2022-10-14,Auto,Two Wheeler,218000,48,9.93,26200,4800,0.393,1,Approved,206000,2022-10-26,1,0
APP803263,CUST101697,2022-09-27,Auto,Two Wheeler,2031000,12,12.33,18000,500,3.0,1,Rejected,0,2022-09-29,0,
APP803264,CUST100579,2023-02-18,Personal,Medical Emergency,1212000,48,21.06,35000,6400,1.257,0,Rejected,0,2023-02-21,0,
APP803265,CUST101504,2023-08-20,Auto,Used Car,585000,36,11.27,54100,15800,0.648,1,Rejected,0,2023-09-02,0,
APP803266,CUST101230,2022-10-04,Education,Higher Studies India,3641000,84,11.31,40700,2000,1.595,0,Approved,2864000,2022-10-07,1,0
APP803267,CUST102032,2023-10-16,Home,Home Purchase,2334000,240,8.56,48800,1200,0.441,1,Approved,1994000,2023-10-21,1,0
APP803268,CUST101856,2023-10-22,Personal,Travel,1483000,84,18.16,34500,2600,0.982,0,Approved,1273000,2023-10-23,1,1
APP803269,CUST100179,2023-09-15,Auto,Two Wheeler,451000,48,13.38,36800,6100,0.497,1,Approved,347000,2023-09-25,1,0
APP803270,CUST102558,2022-07-31,Business,Working Capital,1929000,24,14.32,38700,1500,2.437,1,Rejected,0,2022-08-06,0,
APP803271,CUST101410,2022-09-01,Education,Skill Certification,2215000,120,10.46,50800,13800,0.859,0,Rejected,0,2022-09-18,0,
APP803272,CUST101526,2024-02-04,Personal,Travel,77000,36,21.79,34200,8300,0.329,0,Approved,75000,2024-02-21,1,0
APP803273,CUST102799,2024-02-09,Business,Working Capital,4341000,84,12.01,31100,300,2.477,1,Rejected,0,2024-02-27,0,
APP803274,CUST104815,2024-03-06,Business,Equipment Purchase,1908000,36,14.98,33100,7300,2.22,0,Rejected,0,2024-03-17,0,
APP803275,CUST103505,2023-04-29,Home,Home Purchase,10681000,36,9.1,62300,17500,3.0,1,Rejected,0,2023-05-01,0,
APP803276,CUST100563,2023-04-20,Personal,Travel,186000,24,11.73,21600,4300,0.603,0,Rejected,0,2023-05-01,0,
APP803277,CUST104616,2024-06-24,Auto,Used Car,497000,12,12.21,102700,11800,0.545,1,Approved,471000,2024-07-01,1,0
APP803278,CUST100535,2023-03-25,Auto,Used Car,1071000,36,13.73,10000,400,3.0,1,Rejected,0,2023-03-28,0,
APP803279,CUST100924,2023-12-03,Personal,Medical Emergency,1346000,36,12.22,26200,7700,2.002,0,Approved,1194000,2023-12-20,1,1
APP803280,CUST100493,2023-03-20,Personal,Medical Emergency,1285000,36,12.52,27000,1700,1.659,0,Rejected,0,2023-04-07,0,
APP803281,CUST103324,2023-09-18,Gold,Gold Loan,270000,36,10.21,47400,13900,0.478,1,Approved,244000,2023-09-24,1,0
APP803282,CUST101650,2023-01-28,Personal,Travel,120000,12,15.88,12700,2400,1.047,0,Rejected,0,2023-02-08,0,
APP803283,CUST102318,2023-12-25,Auto,Two Wheeler,1050000,48,13.72,54700,5000,0.614,1,Rejected,0,2024-01-13,0,
APP803284,CUST101372,2024-04-16,Auto,Two Wheeler,1190000,60,12.24,41200,8500,0.851,1,Approved,1148000,2024-04-22,1,0
APP803285,CUST102588,2023-12-24,Personal,Medical Emergency,902000,60,15.34,13700,100,1.581,1,Rejected,0,2023-12-31,0,
APP803286,CUST104446,2023-01-10,Personal,Wedding,651000,12,11.97,34500,4400,1.805,0,Rejected,0,2023-01-22,0,
APP803287,CUST103571,2023-06-04,Business,Business Expansion,2054000,84,16.5,14400,2700,3.0,1,Rejected,0,2023-06-07,0,
APP803288,CUST102391,2024-06-15,Home,Balance Transfer,11558000,12,9.21,11800,2400,3.0,1,Under Review,0,,0,
APP803289,CUST101001,2023-02-08,Gold,Gold Loan,177000,12,13.92,52700,17400,0.631,1,Approved,162000,2023-02-23,1,0
APP803290,CUST100985,2022-11-09,Education,Higher Studies India,997000,24,10.42,40300,4600,1.262,0,Rejected,0,2022-11-11,0,
APP803291,CUST104867,2023-09-16,Auto,Two Wheeler,2309000,60,12.47,32900,2800,1.665,1,Rejected,0,2023-10-02,0,
APP803292,CUST102287,2022-11-30,Personal,Home Renovation,1325000,36,21.98,38600,1600,1.353,0,Rejected,0,2022-12-02,0,
APP803293,CUST102665,2022-08-06,Auto,Two Wheeler,2053000,84,12.41,67100,2100,0.578,1,Approved,2035000,2022-08-20,1,0
APP803294,CUST101814,2023-02-14,Personal,Travel,248000,84,14.51,117400,33100,0.322,0,Rejected,0,2023-02-20,0,
APP803295,CUST104469,2023-05-13,Auto,Two Wheeler,2409000,12,11.12,61500,7800,3.0,1,Rejected,0,2023-05-24,0,
APP803296,CUST102726,2023-01-27,Gold,Gold Loan,313000,24,14.22,46100,100,0.329,1,Approved,236000,2023-02-01,1,0
APP803297,CUST101810,2023-06-17,Personal,Travel,996000,36,23.44,20400,5700,2.183,0,Rejected,0,2023-07-06,0,
APP803298,CUST104900,2023-10-10,Business,Equipment Purchase,6017000,48,14.37,13800,700,3.0,1,Rejected,0,2023-10-16,0,
APP803299,CUST104928,2022-07-18,Home,Plot Purchase,11734000,120,8.56,23300,5000,3.0,1,Rejected,0,2022-08-04,0,
APP803300,CUST103258,2023-03-06,Personal,Home Renovation,1043000,36,19.75,10000,1500,3.0,0,Rejected,0,2023-03-13,0,
APP803301,CUST102048,2023-02-23,Home,Home Construction,4208000,24,8.6,19500,5600,3.0,1,Rejected,0,2023-03-13,0,
APP803302,CUST101876,2024-04-25,Personal,Home Renovation,1288000,24,21.05,54900,14900,1.477,0,Approved,1198000,2024-05-02,1,0
APP803303,CUST101004,2022-12-02,Personal,Medical Emergency,371000,24,17.01,60300,10700,0.482,0,Rejected,0,2022-12-07,0,
APP803304,CUST104698,2024-04-12,Education,Study Abroad,1499000,120,9.1,36900,1600,0.561,0,Approved,1051000,2024-04-17,1,0
APP803305,CUST103009,2023-11-16,Personal,Wedding,229000,84,23.14,42200,2400,0.188,0,Approved,221000,2023-11-30,1,0
APP803306,CUST102489,2023-10-20,Business,Working Capital,5153000,48,18.97,38700,2800,3.0,0,Rejected,0,2023-10-26,0,
APP803307,CUST103550,2023-10-22,Personal,Medical Emergency,1112000,48,22.83,38000,7500,1.133,0,Rejected,0,2023-11-11,0,
APP803308,CUST100126,2023-03-08,Home,Home Purchase,8685000,24,9.06,35000,11400,3.0,1,Rejected,0,2023-03-14,0,
APP803309,CUST104766,2023-10-24,Education,Skill Certification,3856000,12,11.78,31400,6600,3.0,0,Rejected,0,2023-10-25,0,
APP803310,CUST104301,2022-07-30,Home,Home Purchase,11590000,60,8.84,57800,20200,3.0,1,Rejected,0,2022-08-12,0,
APP803311,CUST100023,2024-06-26,Auto,New Car,1663000,12,13.0,37200,6500,3.0,1,Rejected,0,2024-07-06,0,
APP803312,CUST103536,2024-03-28,Auto,Used Car,695000,48,11.79,19900,4600,1.148,1,Rejected,0,2024-04-13,0,
APP803313,CUST103782,2024-05-03,Education,Study Abroad,2364000,12,10.91,10000,1700,3.0,0,Rejected,0,2024-05-13,0,
APP803314,CUST103992,2023-05-11,Personal,Wedding,994000,84,22.17,41100,7700,0.757,0,Approved,835000,2023-05-26,1,1
APP803315,CUST102464,2023-06-08,Auto,Used Car,1239000,60,9.56,43400,1800,0.642,1,Approved,1235000,2023-06-28,1,1
APP803316,CUST102377,2023-10-04,Personal,Debt Consolidation,931000,48,19.49,14800,2600,2.076,0,Rejected,0,2023-10-07,0,
APP803317,CUST102842,2023-08-31,Personal,Travel,215000,24,14.88,86400,23900,0.397,0,Approved,182000,2023-09-02,1,0
APP803318,CUST103522,2022-11-24,Personal,Home Renovation,1196000,36,17.11,33800,1600,1.312,0,Rejected,0,2022-12-07,0,
APP803319,CUST104936,2023-06-22,Personal,Wedding,860000,36,16.16,59900,2600,0.55,1,Approved,648000,2023-07-04,1,0
APP803320,CUST101503,2024-04-30,Home,Plot Purchase,2412000,240,9.91,52900,17300,0.765,1,Approved,1723000,2024-05-08,1,0
APP803321,CUST102043,2023-06-10,Home,Plot Purchase,9507000,24,8.23,36700,600,3.0,1,Rejected,0,2023-06-12,0,
APP803322,CUST104152,2023-05-25,Home,Home Purchase,5732000,84,8.15,50100,13900,2.068,1,Rejected,0,2023-06-13,0,
APP803323,CUST101971,2023-06-19,Gold,Gold Loan,604000,36,12.82,36300,5400,0.707,1,Rejected,0,2023-06-26,0,
APP803324,CUST102700,2023-02-19,Personal,Medical Emergency,780000,48,18.4,53500,15600,0.723,0,Rejected,0,2023-03-04,0,
APP803325,CUST101987,2023-03-15,Auto,Used Car,1038000,24,13.35,26500,8600,2.191,1,Approved,1026000,2023-03-22,1,0
APP803326,CUST102506,2022-12-15,Personal,Debt Consolidation,1381000,12,21.5,60400,4300,2.207,1,Approved,1110000,2022-12-27,1,1
APP803327,CUST101206,2023-10-30,Personal,Home Renovation,556000,24,19.88,51500,2300,0.593,0,Approved,504000,2023-11-19,1,0
APP803328,CUST101217,2023-12-11,Business,Working Capital,629000,12,15.77,49300,6500,1.288,0,Approved,593000,2023-12-29,1,0
APP803329,CUST103461,2024-03-07,Auto,Used Car,624000,60,12.12,22000,7300,0.963,1,Rejected,0,2024-03-09,0,
APP803330,CUST101028,2023-11-19,Auto,New Car,1047000,84,12.0,30800,4800,0.757,1,Rejected,0,2023-11-28,0,
APP803331,CUST100945,2024-06-28,Home,Plot Purchase,1564000,240,9.12,77300,17500,0.41,1,Under Review,0,,0,
APP803332,CUST104432,2023-05-01,Education,Higher Studies India,1930000,60,11.67,98200,14400,0.58,1,Approved,1555000,2023-05-10,1,0
APP803333,CUST100778,2023-10-29,Home,Home Purchase,2289000,240,10.32,61000,20200,0.701,1,Approved,2248000,2023-11-17,1,0
APP803334,CUST101959,2022-10-08,Personal,Debt Consolidation,487000,84,20.63,15900,500,0.725,0,Approved,411000,2022-10-26,1,0
APP803335,CUST101395,2023-04-04,Business,Equipment Purchase,6439000,12,18.81,49600,2000,3.0,0,Rejected,0,2023-04-05,0,
APP803336,CUST102382,2023-11-12,Personal,Travel,1464000,60,23.79,39200,7800,1.27,1,Approved,1191000,2023-11-25,1,0
APP803337,CUST103608,2023-11-20,Personal,Debt Consolidation,516000,36,19.09,19000,1500,1.078,0,Rejected,0,2023-11-23,0,
APP803338,CUST101967,2022-07-12,Gold,Gold Loan,139000,24,14.46,34400,200,0.201,1,Approved,116000,2022-07-23,1,0
APP803339,CUST103486,2023-10-21,Auto,Used Car,1243000,48,13.16,37000,12400,1.24,1,Approved,884000,2023-11-07,1,0
APP803340,CUST102114,2023-07-09,Home,Home Purchase,4931000,24,8.3,35400,1400,3.0,1,Rejected,0,2023-07-28,0,
APP803341,CUST102829,2023-06-09,Auto,Used Car,2002000,48,9.45,20500,5100,2.694,1,Rejected,0,2023-06-16,0,
APP803342,CUST103185,2023-05-28,Auto,New Car,1743000,48,9.48,15700,4100,3.0,1,Rejected,0,2023-06-09,0,
APP803343,CUST104838,2023-02-02,Gold,Gold Loan,477000,36,9.6,10000,1500,1.68,1,Rejected,0,2023-02-15,0,
APP803344,CUST101633,2023-07-17,Business,Working Capital,412000,12,17.66,75800,18400,0.741,0,Approved,397000,2023-07-24,1,0
APP803345,CUST104728,2023-09-12,Personal,Debt Consolidation,680000,60,19.61,25900,6800,0.954,1,Approved,653000,2023-09-15,1,1
APP803346,CUST104891,2023-12-05,Gold,Gold Loan,378000,36,13.1,87500,16400,0.333,1,Approved,270000,2023-12-13,1,0
APP803347,CUST102474,2023-08-05,Personal,Wedding,536000,12,23.37,29700,6900,1.934,1,Approved,393000,2023-08-06,1,0
APP803348,CUST104448,2022-11-17,Auto,New Car,1867000,48,9.81,39500,1100,1.222,1,Approved,1443000,2022-11-18,1,0
APP803349,CUST100700,2023-12-18,Personal,Debt Consolidation,214000,12,23.63,43300,10700,0.714,0,Approved,171000,2023-12-19,1,0
APP803350,CUST102486,2022-11-11,Education,Higher Studies India,869000,60,9.67,44800,14200,0.726,0,Rejected,0,2022-11-27,0,
APP803351,CUST104282,2022-11-05,Home,Home Purchase,8311000,12,8.38,47100,3600,3.0,1,Rejected,0,2022-11-24,0,
APP803352,CUST101177,2022-07-09,Personal,Wedding,482000,24,23.67,63500,19800,0.712,1,Approved,343000,2022-07-14,1,0
APP803353,CUST100280,2023-05-19,Personal,Home Renovation,806000,36,22.91,10000,1700,3.0,0,Rejected,0,2023-05-30,0,
APP803354,CUST104739,2022-12-27,Education,Skill Certification,799000,12,9.42,47700,13100,1.743,0,Rejected,0,2023-01-07,0,
APP803355,CUST101002,2023-12-24,Personal,Debt Consolidation,670000,48,16.43,51200,4300,0.457,0,Approved,513000,2023-12-28,1,1
APP803356,CUST101681,2022-12-03,Personal,Debt Consolidation,1259000,60,22.22,58800,5300,0.684,0,Approved,1038000,2022-12-23,1,0
APP803357,CUST101979,2024-06-20,Auto,Two Wheeler,1428000,84,11.64,35500,10300,0.992,1,Under Review,0,,0,
APP803358,CUST104959,2023-07-21,Education,Skill Certification,236000,84,10.49,11900,1400,0.451,0,Rejected,0,2023-08-03,0,
APP803359,CUST100832,2022-07-27,Auto,Two Wheeler,1246000,84,13.32,34300,6900,0.869,1,Rejected,0,2022-07-29,0,
APP803360,CUST101637,2024-02-27,Business,Business Expansion,1546000,84,15.6,25000,2200,1.304,0,Rejected,0,2024-03-11,0,
APP803361,CUST102454,2023-10-26,Auto,Two Wheeler,1451000,12,13.5,20500,6800,3.0,1,Rejected,0,2023-11-13,0,
APP803362,CUST102952,2022-09-01,Home,Balance Transfer,7161000,60,8.39,13400,2000,3.0,1,Rejected,0,2022-09-10,0,
APP803363,CUST100683,2024-04-10,Business,Working Capital,6989000,60,16.03,22000,2500,3.0,0,Rejected,0,2024-04-18,0,
APP803364,CUST100475,2024-01-01,Home,Home Construction,4962000,36,10.08,41400,10000,3.0,1,Rejected,0,2024-01-18,0,
APP803365,CUST101938,2024-03-08,Business,Equipment Purchase,4934000,48,14.42,36600,10200,3.0,0,Rejected,0,2024-03-16,0,
APP803366,CUST100931,2022-08-10,Business,Working Capital,3299000,48,17.55,44800,9400,2.357,0,Rejected,0,2022-08-17,0,
APP803367,CUST102326,2023-04-16,Home,Home Construction,2655000,36,9.9,20500,6800,3.0,1,Rejected,0,2023-05-01,0,
APP803368,CUST102879,2022-10-05,Gold,Gold Loan,670000,36,12.94,151000,15800,0.254,1,Approved,588000,2022-10-12,1,0
APP803369,CUST100006,2023-05-11,Personal,Medical Emergency,187000,36,19.68,61600,17500,0.396,0,Approved,132000,2023-05-20,1,0
APP803370,CUST104558,2022-10-31,Auto,Used Car,1120000,48,9.77,45400,4800,0.729,1,Approved,874000,2022-11-02,1,0
APP803371,CUST104175,2022-12-29,Business,Business Expansion,1522000,60,12.81,31500,7100,1.32,1,Rejected,0,2023-01-03,0,
APP803372,CUST103155,2023-01-04,Gold,Gold Loan,122000,24,14.57,10000,2700,0.859,1,Rejected,0,2023-01-16,0,
APP803373,CUST104477,2023-10-19,Personal,Wedding,1298000,60,16.18,53200,14300,0.864,0,Approved,1297000,2023-10-21,1,0
APP803374,CUST103299,2024-05-15,Home,Home Construction,11338000,12,9.15,38500,8700,3.0,1,Rejected,0,2024-05-23,0,
APP803375,CUST103110,2022-12-17,Education,Higher Studies India,2235000,60,10.24,10100,2500,3.0,1,Rejected,0,2023-01-04,0,
APP803376,CUST104443,2023-09-19,Home,Home Purchase,11870000,12,9.04,28500,8600,3.0,1,Rejected,0,2023-10-08,0,
APP803377,CUST103309,2023-01-02,Personal,Travel,571000,84,14.76,92000,4900,0.172,0,Approved,530000,2023-01-18,1,0
APP803378,CUST101589,2024-01-31,Auto,Two Wheeler,1476000,84,10.54,36600,10100,0.957,1,Rejected,0,2024-02-19,0,
APP803379,CUST102652,2023-11-12,Home,Plot Purchase,8202000,84,10.22,64000,13400,2.351,1,Approved,8157000,2023-11-19,1,0
APP803380,CUST101083,2022-12-15,Personal,Medical Emergency,1445000,36,20.61,108900,21400,0.694,0,Approved,1087000,2023-01-02,1,0
APP803381,CUST103351,2023-10-22,Education,Skill Certification,2391000,120,11.44,14500,3700,2.562,0,Rejected,0,2023-10-26,0,
APP803382,CUST102037,2023-11-21,Auto,Two Wheeler,248000,24,13.74,66400,15800,0.417,1,Approved,175000,2023-11-24,1,1
APP803383,CUST101141,2023-01-18,Auto,Two Wheeler,210000,12,9.94,35800,3600,0.616,1,Rejected,0,2023-01-29,0,
APP803384,CUST102558,2022-08-05,Business,Business Expansion,2274000,24,16.58,38700,11200,3.0,0,Approved,1736000,2022-08-19,1,1
APP803385,CUST104405,2023-07-14,Personal,Wedding,198000,84,15.35,22000,3700,0.343,0,Approved,171000,2023-07-16,1,0
APP803386,CUST103942,2023-06-25,Business,Working Capital,6322000,48,12.45,103400,18000,1.797,0,Rejected,0,2023-06-29,0,
APP803387,CUST102654,2024-04-05,Education,Skill Certification,2920000,84,11.08,43700,9700,1.368,0,Rejected,0,2024-04-15,0,
APP803388,CUST103796,2023-09-10,Home,Balance Transfer,10768000,120,10.28,74300,18300,2.183,1,Approved,8293000,2023-09-14,1,1
APP803389,CUST100290,2024-04-24,Personal,Debt Consolidation,1270000,60,13.62,11800,2600,2.698,0,Rejected,0,2024-05-13,0,
APP803390,CUST102427,2024-03-07,Gold,Gold Loan,413000,36,10.96,52900,15600,0.551,1,Approved,331000,2024-03-20,1,1
APP803391,CUST100506,2022-09-02,Auto,Two Wheeler,958000,24,12.4,39600,2100,1.197,1,Rejected,0,2022-09-19,0,
APP803392,CUST103498,2023-07-01,Business,Working Capital,4292000,36,15.53,58700,9700,2.717,1,Rejected,0,2023-07-07,0,
APP803393,CUST101505,2024-01-23,Home,Home Purchase,9683000,36,10.31,20400,2700,3.0,1,Rejected,0,2024-02-09,0,
APP803394,CUST104967,2024-02-20,Business,Business Expansion,3239000,12,16.74,32400,5900,3.0,0,Rejected,0,2024-03-06,0,
APP803395,CUST104309,2023-06-20,Home,Plot Purchase,9407000,36,8.88,11600,1700,3.0,1,Rejected,0,2023-07-10,0,
APP803396,CUST101980,2023-01-31,Education,Higher Studies India,3054000,24,10.29,27700,6500,3.0,0,Rejected,0,2023-02-20,0,
APP803397,CUST101483,2022-11-07,Business,Working Capital,566000,24,19.04,28300,2400,1.092,0,Rejected,0,2022-11-11,0,
APP803398,CUST104047,2023-04-14,Home,Balance Transfer,7456000,84,9.43,34700,9800,3.0,1,Approved,6827000,2023-05-02,1,1
APP803399,CUST104683,2024-01-15,Personal,Debt Consolidation,464000,84,22.82,89000,12800,0.269,0,Approved,437000,2024-01-23,1,0
APP803400,CUST103926,2022-10-28,Education,Study Abroad,694000,84,11.51,67500,19300,0.465,0,Approved,647000,2022-11-12,1,0
APP803401,CUST104063,2023-03-08,Home,Plot Purchase,11994000,120,8.38,38500,1000,3.0,1,Rejected,0,2023-03-14,0,
APP803402,CUST104510,2022-12-04,Gold,Gold Loan,91000,24,9.88,94800,25700,0.315,1,Approved,86000,2022-12-06,1,0
APP803403,CUST104424,2024-02-23,Auto,New Car,1370000,60,10.67,12600,3100,2.594,1,Rejected,0,2024-03-01,0,
APP803404,CUST102676,2023-07-04,Gold,Gold Loan,385000,36,10.8,21900,1200,0.629,1,Approved,355000,2023-07-20,1,1
APP803405,CUST104048,2022-11-19,Personal,Debt Consolidation,939000,12,22.14,31600,5000,2.941,0,Rejected,0,2022-12-03,0,
APP803406,CUST100338,2022-09-13,Personal,Home Renovation,629000,24,21.16,43000,6000,0.892,0,Rejected,0,2022-09-19,0,
APP803407,CUST102584,2023-05-27,Personal,Debt Consolidation,1060000,24,19.75,14300,2800,3.0,0,Rejected,0,2023-06-11,0,
APP803408,CUST101841,2023-01-29,Personal,Home Renovation,300000,48,11.3,82800,28500,0.438,1,Approved,230000,2023-02-11,1,0
APP803409,CUST104286,2022-09-21,Gold,Gold Loan,602000,12,14.48,67400,3800,0.861,1,Rejected,0,2022-10-06,0,
APP803410,CUST103996,2023-07-18,Home,Home Construction,1622000,60,9.09,48700,5200,0.8,1,Approved,1501000,2023-07-19,1,0
APP803411,CUST100019,2023-04-03,Home,Home Purchase,9096000,60,8.2,45600,13800,3.0,1,Approved,7192000,2023-04-09,1,1
APP803412,CUST101931,2023-08-27,Personal,Travel,1166000,24,12.31,116700,26500,0.699,1,Approved,1025000,2023-09-04,1,0
APP803413,CUST101591,2022-09-21,Education,Study Abroad,2617000,36,9.75,44600,1000,1.91,0,Rejected,0,2022-09-24,0,
APP803414,CUST101271,2024-05-25,Business,Business Expansion,1045000,36,14.98,62200,7900,0.709,0,Approved,865000,2024-05-28,1,0
APP803415,CUST100970,2023-08-05,Personal,Wedding,1315000,84,13.45,63000,1100,0.402,0,Approved,1201000,2023-08-22,1,0
APP803416,CUST102800,2023-05-21,Home,Balance Transfer,7078000,36,10.19,41100,5700,3.0,1,Rejected,0,2023-06-04,0,
APP803417,CUST103126,2023-07-25,Personal,Wedding,1118000,12,22.52,56100,11900,2.083,0,Approved,785000,2023-08-13,1,1
APP803418,CUST102656,2023-02-23,Personal,Travel,671000,84,22.68,18600,6200,1.191,0,Rejected,0,2023-03-06,0,
APP803419,CUST104874,2023-04-11,Business,Equipment Purchase,2137000,24,19.3,33500,6000,3.0,0,Rejected,0,2023-04-17,0,
APP803420,CUST102552,2024-06-20,Auto,New Car,351000,36,13.86,42500,3800,0.371,1,Under Review,0,,0,
APP803421,CUST104783,2022-09-05,Personal,Travel,1286000,12,17.72,53600,11700,2.415,0,Rejected,0,2022-09-08,0,
APP803422,CUST102186,2022-10-06,Personal,Debt Consolidation,1182000,60,23.84,35400,5800,1.121,0,Approved,1056000,2022-10-16,1,0
APP803423,CUST101167,2024-06-15,Personal,Travel,126000,60,19.68,76500,11700,0.196,0,Under Review,0,,0,
APP803424,CUST102061,2024-03-28,Personal,Home Renovation,1402000,60,19.7,27100,9400,1.71,0,Rejected,0,2024-04-16,0,
APP803425,CUST101394,2024-01-23,Personal,Home Renovation,654000,84,18.65,38200,800,0.388,0,Approved,461000,2024-01-24,1,0
APP803426,CUST102286,2023-05-29,Personal,Medical Emergency,989000,60,13.28,28500,9900,1.141,0,Rejected,0,2023-06-06,0,
APP803427,CUST104088,2022-08-19,Auto,Two Wheeler,2051000,24,12.43,50300,10600,2.137,1,Rejected,0,2022-08-24,0,
APP803428,CUST100820,2023-08-29,Personal,Medical Emergency,771000,60,11.31,44500,9600,0.595,0,Approved,746000,2023-09-17,1,0
APP803429,CUST102092,2023-09-10,Gold,Gold Loan,258000,12,11.38,17600,4700,1.566,1,Rejected,0,2023-09-23,0,
APP803430,CUST103971,2022-08-09,Personal,Travel,1443000,60,18.21,42500,5800,1.002,0,Approved,1122000,2022-08-18,1,0
APP803431,CUST102572,2023-03-18,Personal,Home Renovation,457000,24,15.88,34600,1700,0.696,1,Rejected,0,2023-03-30,0,
APP803432,CUST100455,2023-10-07,Education,Skill Certification,1323000,12,11.48,52600,6000,2.341,0,Rejected,0,2023-10-14,0,
APP803433,CUST101620,2023-04-18,Personal,Debt Consolidation,316000,24,14.63,37700,4900,0.534,0,Approved,313000,2023-04-28,1,0
APP803434,CUST100422,2024-03-10,Home,Home Purchase,8921000,60,9.87,96700,2300,1.978,1,Approved,6576000,2024-03-25,1,1
APP803435,CUST104401,2023-04-04,Business,Equipment Purchase,778000,48,15.57,32000,400,0.697,0,Rejected,0,2023-04-21,0,
APP803436,CUST100824,2023-09-01,Personal,Travel,1022000,60,14.1,11000,800,2.234,0,Rejected,0,2023-09-19,0,
APP803437,CUST102020,2023-12-25,Auto,Used Car,2447000,24,10.3,45100,11500,2.769,1,Rejected,0,2024-01-07,0,
APP803438,CUST103958,2023-01-16,Business,Working Capital,5347000,24,19.43,21400,300,3.0,0,Rejected,0,2023-01-29,0,
APP803439,CUST104018,2023-10-30,Personal,Medical Emergency,1470000,60,19.09,40700,2700,1.004,1,Approved,1082000,2023-11-05,1,1
APP803440,CUST104811,2022-11-17,Gold,Gold Loan,544000,12,9.07,89100,21800,0.778,1,Approved,476000,2022-11-19,1,0
APP803441,CUST101963,2023-01-15,Personal,Wedding,1287000,48,19.26,10000,1700,3.0,0,Rejected,0,2023-01-16,0,
APP803442,CUST104369,2022-07-25,Home,Balance Transfer,2331000,180,9.73,26800,4800,1.099,1,Approved,1632000,2022-08-10,1,0
APP803443,CUST104874,2023-09-02,Business,Business Expansion,648000,24,19.82,33500,9700,1.271,0,Approved,516000,2023-09-05,1,1
APP803444,CUST103657,2022-07-07,Personal,Medical Emergency,116000,12,20.52,31400,6500,0.551,1,Rejected,0,2022-07-13,0,
APP803445,CUST104938,2023-12-26,Personal,Travel,405000,36,18.82,84200,20600,0.42,0,Approved,290000,2024-01-02,1,0
APP803446,CUST102499,2023-07-10,Personal,Wedding,214000,48,17.34,43800,2900,0.208,0,Rejected,0,2023-07-11,0,
APP803447,CUST103268,2024-06-13,Home,Home Construction,4869000,36,10.3,18100,600,3.0,1,Rejected,0,2024-06-23,0,
APP803448,CUST103165,2024-05-12,Business,Equipment Purchase,4542000,84,14.87,23900,8200,3.0,0,Rejected,0,2024-05-17,0,
APP803449,CUST100827,2023-10-03,Auto,New Car,1022000,84,12.82,40200,5600,0.6,1,Approved,756000,2023-10-07,1,0
APP803450,CUST102985,2024-02-12,Home,Plot Purchase,9947000,60,9.43,53900,16600,3.0,1,Rejected,0,2024-03-02,0,
APP803451,CUST103855,2022-10-19,Business,Business Expansion,587000,36,18.93,118800,14300,0.301,1,Approved,474000,2022-10-27,1,0
APP803452,CUST100887,2023-07-22,Education,Higher Studies India,1893000,120,10.1,143100,4900,0.21,0,Approved,1845000,2023-08-04,1,0
APP803453,CUST104099,2023-03-24,Home,Plot Purchase,10516000,36,9.3,33400,4100,3.0,1,Rejected,0,2023-03-25,0,
APP803454,CUST103998,2023-07-23,Personal,Medical Emergency,533000,60,20.96,88000,2000,0.186,0,Approved,469000,2023-08-09,1,0
APP803455,CUST100699,2022-11-21,Business,Equipment Purchase,2821000,24,16.22,31700,10400,3.0,0,Approved,2522000,2022-12-07,1,1
APP803456,CUST103089,2024-04-17,Gold,Gold Loan,347000,12,12.3,131400,2300,0.253,1,Approved,344000,2024-04-24,1,0
APP803457,CUST101482,2023-01-12,Auto,New Car,2126000,12,12.13,102200,28800,2.131,1,Rejected,0,2023-01-28,0,
APP803458,CUST102145,2023-09-07,Business,Business Expansion,3777000,60,18.15,10700,1500,3.0,0,Rejected,0,2023-09-22,0,
APP803459,CUST100224,2023-03-10,Education,Skill Certification,3274000,60,11.7,157200,21400,0.596,0,Approved,2611000,2023-03-23,1,0
APP803460,CUST102314,2022-07-27,Home,Home Purchase,2441000,12,8.29,128000,27900,1.88,1,Rejected,0,2022-08-12,0,
APP803461,CUST101800,2022-12-10,Business,Equipment Purchase,3294000,24,18.55,13600,2200,3.0,1,Rejected,0,2022-12-23,0,
APP803462,CUST100144,2024-04-16,Auto,New Car,492000,48,9.77,40100,6000,0.459,1,Approved,384000,2024-04-22,1,0
APP803463,CUST104477,2024-03-19,Auto,Used Car,1817000,12,12.78,53200,4400,3.0,1,Rejected,0,2024-03-20,0,
APP803464,CUST101651,2023-06-26,Gold,Gold Loan,130000,36,10.9,149400,10300,0.097,1,Approved,94000,2023-07-02,1,0
APP803465,CUST102894,2022-07-12,Auto,Two Wheeler,1118000,48,13.65,34100,10500,1.199,1,Rejected,0,2022-07-17,0,
APP803466,CUST100526,2022-10-23,Business,Equipment Purchase,6995000,48,15.43,22100,3700,3.0,0,Rejected,0,2022-11-07,0,
APP803467,CUST100638,2024-04-06,Business,Equipment Purchase,850000,24,16.16,88300,30900,0.822,0,Approved,685000,2024-04-21,1,0
APP803468,CUST103798,2024-02-17,Home,Home Construction,9980000,48,9.6,28900,1700,3.0,1,Rejected,0,2024-02-25,0,
APP803469,CUST101513,2022-08-23,Business,Working Capital,5857000,24,15.55,15300,1900,3.0,0,Rejected,0,2022-09-07,0,
APP803470,CUST101333,2023-06-17,Gold,Gold Loan,717000,24,9.28,38300,9800,1.114,1,Approved,518000,2023-06-25,1,0
APP803471,CUST102287,2024-02-03,Business,Working Capital,2447000,12,16.48,38600,1600,3.0,0,Rejected,0,2024-02-22,0,
APP803472,CUST100121,2023-09-19,Home,Home Construction,5364000,24,9.98,32000,9500,3.0,1,Approved,4382000,2023-09-22,1,0
APP803473,CUST103192,2023-05-25,Personal,Home Renovation,469000,12,23.31,13900,2600,3.0,0,Rejected,0,2023-05-26,0,
APP803474,CUST101629,2024-02-20,Personal,Wedding,1092000,36,16.46,46400,4500,0.93,0,Rejected,0,2024-02-24,0,
APP803475,CUST101269,2024-01-04,Home,Home Purchase,7144000,60,8.06,20000,3200,3.0,1,Rejected,0,2024-01-09,0,
APP803476,CUST104570,2024-06-15,Personal,Debt Consolidation,484000,48,12.01,29800,4900,0.591,1,Under Review,0,,0,
APP803477,CUST103214,2023-01-29,Personal,Travel,1330000,60,18.36,38000,2900,0.972,0,Rejected,0,2023-02-13,0,
APP803478,CUST100757,2023-12-17,Gold,Gold Loan,554000,24,10.51,92600,32200,0.625,1,Approved,552000,2023-12-27,1,0
APP803479,CUST101165,2024-06-22,Auto,Two Wheeler,2423000,84,12.59,57000,4300,0.839,1,Rejected,0,2024-07-08,0,
APP803480,CUST100163,2023-08-27,Home,Balance Transfer,10843000,36,8.37,68800,12000,3.0,1,Rejected,0,2023-09-13,0,
APP803481,CUST100230,2022-09-23,Home,Home Purchase,3518000,12,10.14,87500,26800,3.0,1,Rejected,0,2022-09-28,0,
APP803482,CUST103711,2022-09-09,Auto,Used Car,2379000,36,13.62,47000,14600,2.03,1,Rejected,0,2022-09-14,0,
APP803483,CUST102010,2023-07-19,Auto,Used Car,234000,60,9.88,54000,18200,0.429,1,Rejected,0,2023-07-28,0,
APP803484,CUST104415,2023-08-28,Education,Study Abroad,1553000,24,9.29,72800,8800,1.098,0,Rejected,0,2023-09-08,0,
APP803485,CUST101815,2023-04-02,Home,Balance Transfer,9735000,180,9.28,51200,3400,2.029,1,Approved,7549000,2023-04-07,1,0
APP803486,CUST103422,2024-04-05,Gold,Gold Loan,398000,12,10.07,15900,3100,2.403,1,Rejected,0,2024-04-25,0,
APP803487,CUST104382,2024-04-11,Auto,Two Wheeler,841000,24,9.17,22000,7000,2.07,1,Approved,750000,2024-04-23,1,1
APP803488,CUST100828,2022-07-08,Auto,Two Wheeler,1662000,24,13.51,37200,8200,2.357,1,Rejected,0,2022-07-16,0,
APP803489,CUST102065,2023-10-06,Education,Study Abroad,3769000,60,10.56,77600,7100,1.136,0,Approved,2819000,2023-10-16,1,0
APP803490,CUST100080,2024-03-06,Personal,Wedding,134000,84,11.61,21900,3100,0.248,0,Rejected,0,2024-03-13,0,
APP803491,CUST103011,2023-09-13,Education,Higher Studies India,3911000,60,11.74,60100,3900,1.504,0,Approved,3398000,2023-10-01,1,1
APP803492,CUST101302,2023-11-10,Personal,Home Renovation,964000,48,16.2,44600,5800,0.745,0,Approved,914000,2023-11-26,1,1
APP803493,CUST102338,2024-01-15,Home,Plot Purchase,10253000,12,8.63,27700,8600,3.0,1,Rejected,0,2024-02-02,0,
APP803494,CUST101886,2023-04-11,Personal,Travel,424000,24,19.88,35300,6500,0.796,0,Approved,361000,2023-04-18,1,0
APP803495,CUST104438,2023-09-18,Home,Home Purchase,5635000,120,10.2,24200,2900,3.0,1,Rejected,0,2023-09-22,0,
APP803496,CUST104290,2024-03-08,Home,Plot Purchase,9413000,84,8.46,10400,2800,3.0,1,Rejected,0,2024-03-14,0,
APP803497,CUST101170,2022-12-21,Business,Equipment Purchase,3345000,60,18.31,58000,14100,1.716,1,Rejected,0,2022-12-22,0,
APP803498,CUST101132,2022-11-08,Business,Working Capital,969000,84,19.09,23500,6800,1.183,0,Rejected,0,2022-11-27,0,
APP803499,CUST100375,2024-04-20,Gold,Gold Loan,648000,36,13.57,36200,6900,0.799,1,Rejected,0,2024-05-05,0,
APP803500,CUST101744,2022-09-07,Personal,Travel,440000,36,14.89,54400,0,0.28,0,Approved,314000,2022-09-23,1,0
APP803501,CUST104315,2023-06-08,Education,Higher Studies India,718000,60,9.24,62200,5900,0.336,0,Approved,567000,2023-06-09,1,1
APP803502,CUST103951,2023-06-19,Business,Business Expansion,2017000,36,15.9,77400,10100,1.045,0,Approved,1775000,2023-07-07,1,0
APP803503,CUST103371,2023-10-24,Auto,New Car,974000,48,10.64,45300,7100,0.708,1,Approved,748000,2023-11-13,1,0
APP803504,CUST102777,2024-05-17,Business,Business Expansion,6622000,48,16.73,36500,500,3.0,0,Under Review,0,,0,
APP803505,CUST101934,2022-08-11,Home,Home Construction,6726000,84,9.02,35500,300,3.0,1,Rejected,0,2022-08-24,0,
APP803506,CUST102855,2023-04-12,Personal,Debt Consolidation,1440000,36,13.51,40300,6200,1.368,0,Approved,1096000,2023-04-29,1,1
APP803507,CUST102438,2023-12-14,Personal,Wedding,1345000,36,15.7,69800,12500,0.854,0,Approved,1116000,2023-12-18,1,0
APP803508,CUST104393,2023-05-27,Personal,Medical Emergency,1081000,84,17.72,25800,5500,1.086,0,Approved,811000,2023-06-11,1,0
APP803509,CUST104269,2023-12-01,Auto,Used Car,1440000,12,11.67,68500,1200,1.883,1,Rejected,0,2023-12-07,0,
APP803510,CUST103038,2023-05-02,Personal,Medical Emergency,692000,84,19.0,12100,500,1.278,0,Rejected,0,2023-05-18,0,
APP803511,CUST101214,2024-01-13,Business,Equipment Purchase,2340000,24,13.7,17500,5700,3.0,0,Rejected,0,2024-01-25,0,
APP803512,CUST100271,2024-01-27,Personal,Home Renovation,997000,60,13.8,58600,400,0.401,0,Approved,967000,2024-02-16,1,0
APP803513,CUST100956,2023-02-25,Personal,Debt Consolidation,294000,48,14.37,35900,1300,0.261,0,Rejected,0,2023-03-09,0,
APP803514,CUST103424,2023-12-04,Auto,Used Car,1926000,24,11.95,19700,2000,3.0,1,Rejected,0,2023-12-20,0,
APP803515,CUST103139,2022-12-22,Education,Higher Studies India,650000,60,12.69,27800,5600,0.731,0,Rejected,0,2022-12-30,0,
APP803516,CUST102770,2023-05-27,Auto,Two Wheeler,2489000,60,11.26,11200,2700,3.0,1,Rejected,0,2023-05-30,0,
APP803517,CUST104620,2023-09-27,Personal,Wedding,745000,36,13.35,41400,5700,0.747,0,Approved,736000,2023-10-10,1,1
APP803518,CUST103286,2022-12-27,Personal,Home Renovation,86000,48,20.83,21800,7600,0.47,0,Rejected,0,2022-12-30,0,
APP803519,CUST104741,2023-08-06,Personal,Debt Consolidation,187000,48,21.44,104000,11900,0.171,0,Approved,167000,2023-08-25,1,0
APP803520,CUST100582,2024-04-07,Home,Plot Purchase,8859000,60,10.2,32700,8800,3.0,1,Rejected,0,2024-04-13,0,
APP803521,CUST103469,2023-08-02,Gold,Gold Loan,31000,12,11.5,14900,4500,0.486,1,Rejected,0,2023-08-22,0,
APP803522,CUST100799,2024-05-20,Home,Plot Purchase,10654000,180,10.02,84100,5800,1.431,1,Rejected,0,2024-06-08,0,
APP803523,CUST101059,2023-05-08,Personal,Travel,983000,24,22.97,26000,9000,2.323,0,Rejected,0,2023-05-27,0,
APP803524,CUST104526,2024-02-11,Personal,Home Renovation,83000,60,18.71,68900,15100,0.25,0,Approved,69000,2024-02-19,1,0
APP803525,CUST100348,2024-04-29,Business,Equipment Purchase,584000,60,14.82,12500,700,1.163,0,Rejected,0,2024-05-02,0,
APP803526,CUST100039,2022-08-20,Personal,Debt Consolidation,844000,36,22.09,15500,1200,2.154,0,Rejected,0,2022-09-03,0,
APP803527,CUST100826,2022-11-15,Personal,Travel,389000,60,15.93,72500,4800,0.196,0,Rejected,0,2022-11-18,0,
APP803528,CUST102584,2023-11-10,Home,Home Purchase,2883000,180,10.38,14300,4700,2.539,1,Rejected,0,2023-11-14,0,
APP803529,CUST100889,2023-05-16,Business,Equipment Purchase,2276000,24,17.14,34300,6300,3.0,0,Rejected,0,2023-05-20,0,
APP803530,CUST104075,2023-11-12,Personal,Wedding,1135000,24,18.22,10400,2100,3.0,0,Rejected,0,2023-11-21,0,
APP803531,CUST103283,2024-06-28,Auto,New Car,259000,12,12.55,125300,26400,0.395,1,Approved,207000,2024-07-08,1,0
APP803532,CUST100125,2022-11-10,Home,Plot Purchase,4329000,180,8.55,11800,2900,3.0,1,Rejected,0,2022-11-13,0,
APP803533,CUST100057,2023-03-15,Personal,Travel,1238000,84,18.33,13300,3100,2.209,0,Rejected,0,2023-03-24,0,
APP803534,CUST104743,2023-04-07,Auto,Used Car,654000,48,13.19,57800,5600,0.401,1,Approved,647000,2023-04-19,1,0
APP803535,CUST103250,2023-05-01,Personal,Wedding,495000,48,14.91,57500,15300,0.505,0,Rejected,0,2023-05-14,0,
APP803536,CUST101804,2024-04-24,Auto,Used Car,2103000,12,10.61,48900,14100,3.0,1,Rejected,0,2024-05-14,0,
APP803537,CUST102890,2024-05-31,Personal,Medical Emergency,86000,12,13.4,22000,2800,0.476,1,Under Review,0,,0,
APP803538,CUST104300,2023-01-06,Auto,Two Wheeler,476000,12,10.32,28500,6000,1.682,1,Rejected,0,2023-01-14,0,
APP803539,CUST101677,2023-05-19,Personal,Wedding,533000,48,11.02,48000,11000,0.516,0,Approved,508000,2023-05-29,1,0
APP803540,CUST100478,2024-05-08,Auto,Used Car,454000,60,13.49,25000,4300,0.59,1,Approved,343000,2024-05-19,1,0
APP803541,CUST104739,2024-04-10,Business,Working Capital,404000,36,15.51,47700,14600,0.602,0,Approved,311000,2024-04-15,1,1
APP803542,CUST102065,2022-11-30,Home,Home Purchase,5908000,48,8.8,77600,400,1.891,1,Rejected,0,2022-12-04,0,
APP803543,CUST101581,2024-02-03,Business,Working Capital,1949000,12,19.54,29400,3400,3.0,0,Rejected,0,2024-02-16,0,
APP803544,CUST104527,2024-03-28,Business,Equipment Purchase,3449000,24,12.07,58400,10500,2.962,0,Rejected,0,2024-04-10,0,
APP803545,CUST100905,2023-08-30,Business,Business Expansion,4567000,48,16.67,54000,900,2.443,1,Rejected,0,2023-09-18,0,
APP803546,CUST102505,2024-05-11,Personal,Travel,761000,24,15.53,35200,2600,1.129,0,Approved,628000,2024-05-30,1,1
APP803547,CUST103925,2023-10-22,Education,Study Abroad,1215000,36,12.21,106500,15200,0.523,1,Approved,875000,2023-11-05,1,1
APP803548,CUST101160,2024-02-17,Home,Home Purchase,9137000,60,8.01,33200,3400,3.0,1,Rejected,0,2024-02-26,0,
APP803549,CUST100561,2023-10-07,Business,Working Capital,6231000,84,12.06,33300,7200,3.0,0,Rejected,0,2023-10-23,0,
APP803550,CUST102872,2023-05-27,Personal,Travel,730000,12,17.21,22200,6900,3.0,0,Rejected,0,2023-06-10,0,
APP803551,CUST100554,2023-10-25,Auto,New Car,340000,12,13.91,30800,5700,1.174,1,Rejected,0,2023-11-06,0,
APP803552,CUST103227,2022-08-24,Business,Business Expansion,3308000,84,13.1,42700,9600,1.639,0,Approved,2744000,2022-08-28,1,1
APP803553,CUST102760,2023-07-14,Home,Home Purchase,3256000,120,10.35,27000,9000,1.949,1,Rejected,0,2023-07-27,0,
APP803554,CUST103485,2023-08-08,Personal,Debt Consolidation,1009000,36,18.71,39500,13100,1.266,0,Rejected,0,2023-08-26,0,
APP803555,CUST100305,2023-08-09,Personal,Medical Emergency,1359000,84,19.89,33300,3800,1.019,0,Approved,964000,2023-08-29,1,0
APP803556,CUST104837,2024-02-03,Business,Business Expansion,2241000,48,14.59,50400,200,1.233,0,Rejected,0,2024-02-12,0,
APP803557,CUST103530,2023-09-13,Auto,New Car,548000,84,9.72,36000,12100,0.587,1,Rejected,0,2023-09-25,0,
APP803558,CUST102833,2024-02-14,Education,Higher Studies India,2562000,36,12.87,40000,5300,2.289,0,Rejected,0,2024-02-16,0,
APP803559,CUST100070,2022-12-02,Personal,Debt Consolidation,84000,12,15.91,46900,16000,0.503,1,Approved,67000,2022-12-17,1,0
APP803560,CUST103878,2023-01-02,Auto,Two Wheeler,939000,36,13.54,21700,5400,1.717,1,Rejected,0,2023-01-08,0,
APP803561,CUST104502,2023-03-22,Gold,Gold Loan,491000,12,9.48,38400,2200,1.177,1,Approved,400000,2023-03-23,1,0
APP803562,CUST101159,2024-04-20,Education,Higher Studies India,3402000,60,9.57,10000,500,3.0,0,Rejected,0,2024-05-04,0,
APP803563,CUST102739,2023-06-05,Home,Balance Transfer,8326000,36,8.12,33600,6200,3.0,1,Approved,6313000,2023-06-22,1,1
APP803564,CUST102556,2024-04-05,Business,Working Capital,2054000,36,19.46,25200,5800,3.0,0,Rejected,0,2024-04-15,0,
APP803565,CUST104981,2024-04-08,Personal,Travel,1339000,24,22.19,139300,47400,0.84,0,Approved,1176000,2024-04-11,1,0
APP803566,CUST103983,2023-03-05,Business,Equipment Purchase,2650000,36,17.3,109500,18700,1.037,0,Approved,2148000,2023-03-09,1,0
APP803567,CUST101579,2023-09-20,Personal,Travel,274000,36,14.37,41100,4700,0.343,0,Rejected,0,2023-10-01,0,
APP803568,CUST104874,2023-12-29,Education,Higher Studies India,1714000,12,11.28,33500,7700,3.0,0,Rejected,0,2024-01-08,0,
APP803569,CUST103655,2023-03-14,Personal,Medical Emergency,834000,60,11.69,22500,3800,0.988,0,Rejected,0,2023-03-17,0,
APP803570,CUST102920,2024-02-09,Auto,Two Wheeler,317000,36,10.0,10000,2600,1.283,1,Rejected,0,2024-02-14,0,
APP803571,CUST100608,2022-09-11,Personal,Home Renovation,766000,48,14.34,60100,3100,0.402,0,Rejected,0,2022-09-28,0,
APP803572,CUST104371,2024-05-11,Home,Home Purchase,11630000,120,10.41,19400,6300,3.0,1,Approved,9629000,2024-05-29,1,0
APP803573,CUST103278,2023-11-02,Personal,Home Renovation,923000,36,14.55,58600,7500,0.67,1,Rejected,0,2023-11-06,0,
APP803574,CUST100554,2023-06-28,Personal,Medical Emergency,1302000,36,18.56,30800,10300,1.873,0,Approved,1276000,2023-07-12,1,1
APP803575,CUST100627,2023-06-12,Auto,Used Car,577000,60,12.61,12000,400,1.115,1,Rejected,0,2023-06-17,0,
APP803576,CUST100666,2023-08-12,Business,Equipment Purchase,2635000,48,14.99,61600,18900,1.496,0,Rejected,0,2023-08-24,0,
APP803577,CUST100158,2023-05-03,Personal,Travel,680000,12,21.23,17300,4700,3.0,1,Rejected,0,2023-05-10,0,
APP803578,CUST100680,2022-11-08,Home,Balance Transfer,11985000,84,8.29,87800,23000,2.41,1,Approved,11214000,2022-11-21,1,0
APP803579,CUST102976,2023-05-10,Gold,Gold Loan,715000,12,13.34,169200,1500,0.387,1,Approved,603000,2023-05-29,1,0
APP803580,CUST104469,2022-10-19,Gold,Gold Loan,502000,24,13.13,61500,13400,0.607,1,Approved,488000,2022-10-31,1,0
APP803581,CUST100004,2022-12-22,Business,Equipment Purchase,6978000,84,16.92,22900,2400,3.0,0,Rejected,0,2022-12-23,0,
APP803582,CUST101043,2023-10-10,Home,Home Construction,11762000,12,8.24,48600,8000,3.0,1,Rejected,0,2023-10-26,0,
APP803583,CUST103304,2023-12-12,Personal,Home Renovation,890000,24,17.14,28400,3700,1.683,0,Rejected,0,2023-12-25,0,
APP803584,CUST103736,2023-04-13,Education,Skill Certification,2609000,84,10.0,49000,10600,1.101,0,Approved,2591000,2023-04-22,1,0
APP803585,CUST104255,2023-09-26,Education,Higher Studies India,3454000,36,9.46,68400,22400,1.944,1,Approved,3046000,2023-09-27,1,0
APP803586,CUST100272,2023-12-20,Education,Skill Certification,984000,60,9.32,90900,17300,0.417,0,Approved,781000,2024-01-02,1,1
APP803587,CUST100724,2022-12-10,Personal,Wedding,1014000,24,12.1,29200,5100,1.813,0,Approved,966000,2022-12-23,1,0
APP803588,CUST103990,2022-07-04,Education,Higher Studies India,303000,84,11.11,174000,15100,0.117,0,Approved,269000,2022-07-14,1,0
APP803589,CUST104123,2023-07-12,Business,Business Expansion,6404000,48,15.68,58100,15000,3.0,0,Rejected,0,2023-07-28,0,
APP803590,CUST104577,2023-08-09,Home,Balance Transfer,4439000,48,9.1,80900,25800,1.688,1,Rejected,0,2023-08-28,0,
APP803591,CUST104159,2024-05-31,Auto,Two Wheeler,2072000,84,12.46,42200,7900,1.066,1,Under Review,0,,0,
APP803592,CUST104912,2022-08-28,Home,Home Construction,2184000,120,8.89,92100,6000,0.364,1,Approved,1675000,2022-09-09,1,0
APP803593,CUST102644,2024-05-08,Business,Working Capital,2662000,36,14.56,71800,17100,1.516,0,Rejected,0,2024-05-18,0,
APP803594,CUST101068,2022-10-23,Business,Equipment Purchase,3097000,12,15.06,13600,1000,3.0,0,Rejected,0,2022-11-12,0,
APP803595,CUST103442,2022-09-21,Auto,New Car,825000,60,13.25,25800,4400,0.902,1,Rejected,0,2022-10-11,0,
APP803596,CUST100085,2024-02-11,Personal,Medical Emergency,912000,24,16.5,20800,6100,2.45,0,Rejected,0,2024-02-17,0,
APP803597,CUST101738,2023-06-27,Personal,Travel,894000,48,13.36,37900,3900,0.739,0,Approved,815000,2023-07-16,1,0
APP803598,CUST100473,2024-05-04,Business,Working Capital,6196000,12,12.41,61500,5000,3.0,0,Rejected,0,2024-05-21,0,
APP803599,CUST103514,2024-04-11,Education,Skill Certification,2287000,84,9.45,60000,2300,0.66,1,Approved,2256000,2024-04-12,1,0
APP803600,CUST104359,2023-05-05,Personal,Wedding,1025000,36,23.12,25700,3200,1.669,0,Rejected,0,2023-05-07,0,
APP803601,CUST100406,2023-05-01,Personal,Wedding,581000,48,20.66,93900,21600,0.421,0,Rejected,0,2023-05-15,0,
APP803602,CUST101620,2023-07-26,Education,Higher Studies India,1735000,36,10.05,37700,9700,1.741,0,Rejected,0,2023-08-11,0,
APP803603,CUST104744,2023-03-24,Personal,Debt Consolidation,1103000,24,21.44,126300,26000,0.656,0,Approved,877000,2023-04-08,1,0
APP803604,CUST100235,2023-04-05,Auto,Two Wheeler,656000,60,11.4,17800,3900,1.028,1,Approved,562000,2023-04-13,1,0
APP803605,CUST103453,2023-01-17,Education,Skill Certification,730000,24,9.25,83400,11600,0.54,0,Approved,708000,2023-01-21,1,0
APP803606,CUST102489,2024-01-02,Auto,Two Wheeler,984000,84,12.52,38700,1500,0.495,1,Approved,831000,2024-01-11,1,0
APP803607,CUST104255,2023-10-06,Auto,Two Wheeler,2107000,36,9.75,68400,12400,1.171,1,Approved,2101000,2023-10-17,1,0
APP803608,CUST104009,2023-06-29,Business,Business Expansion,5228000,60,19.57,20300,6300,3.0,0,Rejected,0,2023-07-18,0,
APP803609,CUST102233,2022-08-26,Personal,Wedding,600000,60,18.77,10800,800,1.504,0,Rejected,0,2022-08-29,0,
APP803610,CUST101172,2023-10-27,Auto,New Car,1183000,36,9.38,44000,12900,1.152,1,Approved,874000,2023-11-10,1,0
APP803611,CUST103532,2022-11-18,Personal,Wedding,588000,12,20.07,209600,54600,0.52,0,Rejected,0,2022-12-05,0,
APP803612,CUST100576,2024-05-25,Home,Plot Purchase,7314000,84,8.16,42600,200,2.697,1,Rejected,0,2024-06-13,0,
APP803613,CUST104118,2023-10-19,Personal,Medical Emergency,900000,48,19.04,109800,7900,0.317,0,Approved,710000,2023-10-25,1,0
APP803614,CUST104325,2023-07-27,Personal,Travel,434000,60,16.7,59200,1600,0.208,0,Approved,388000,2023-08-13,1,0
APP803615,CUST103167,2023-02-21,Home,Home Construction,8656000,240,8.46,50100,15600,1.806,1,Rejected,0,2023-02-26,0,
APP803616,CUST102486,2024-04-18,Personal,Medical Emergency,813000,60,15.17,44800,4000,0.523,0,Approved,764000,2024-04-28,1,0
APP803617,CUST102502,2023-11-03,Gold,Gold Loan,426000,24,11.72,17700,300,1.148,1,Rejected,0,2023-11-23,0,
APP803618,CUST100152,2023-06-22,Home,Home Construction,8797000,48,9.42,31600,3600,3.0,1,Rejected,0,2023-07-09,0,
APP803619,CUST101934,2023-09-23,Personal,Medical Emergency,390000,12,18.29,35500,5300,1.158,0,Approved,333000,2023-09-25,1,0
APP803620,CUST100307,2023-09-24,Personal,Wedding,1216000,36,14.69,33300,1000,1.29,1,Rejected,0,2023-10-14,0,
APP803621,CUST104788,2024-05-20,Personal,Wedding,682000,24,14.22,111900,18300,0.457,0,Under Review,0,,0,
APP803622,CUST104002,2023-02-08,Personal,Travel,1333000,84,19.52,11900,3700,2.772,0,Rejected,0,2023-02-15,0,
APP803623,CUST104879,2023-06-23,Business,Equipment Purchase,1710000,36,13.11,33900,4100,1.825,1,Rejected,0,2023-06-24,0,
APP803624,CUST103012,2023-01-03,Auto,New Car,1229000,60,10.69,20800,3600,1.445,1,Rejected,0,2023-01-08,0,
APP803625,CUST102407,2023-03-14,Personal,Home Renovation,982000,12,21.11,10000,2800,3.0,0,Rejected,0,2023-03-26,0,
APP803626,CUST104420,2022-09-29,Education,Study Abroad,3053000,48,9.7,88900,1700,0.885,0,Approved,2932000,2022-10-13,1,0
APP803627,CUST102193,2023-01-16,Personal,Medical Emergency,499000,24,21.62,57500,19400,0.786,0,Approved,488000,2023-01-30,1,0
APP803628,CUST104780,2022-08-31,Home,Home Purchase,6423000,60,9.98,42300,11200,3.0,1,Rejected,0,2022-09-14,0,
APP803629,CUST103106,2023-08-16,Business,Business Expansion,4818000,84,13.08,58400,14100,1.745,1,Rejected,0,2023-08-22,0,
APP803630,CUST103728,2024-05-09,Auto,Two Wheeler,246000,24,12.91,26900,6700,0.683,1,Rejected,0,2024-05-14,0,
APP803631,CUST101719,2022-12-21,Personal,Debt Consolidation,1069000,12,20.44,39500,6500,2.68,0,Rejected,0,2023-01-08,0,
APP803632,CUST100543,2023-07-17,Personal,Debt Consolidation,78000,12,19.88,92500,11200,0.199,0,Approved,61000,2023-07-20,1,0
APP803633,CUST101660,2024-02-01,Personal,Wedding,902000,84,21.88,26200,300,0.816,0,Approved,848000,2024-02-12,1,1
APP803634,CUST100029,2024-06-03,Business,Working Capital,2232000,12,17.84,65400,1700,3.0,0,Rejected,0,2024-06-13,0,
APP803635,CUST104421,2023-07-05,Personal,Home Renovation,1120000,24,14.88,31000,9200,2.045,0,Approved,1013000,2023-07-19,1,0
APP803636,CUST104343,2023-08-12,Auto,Two Wheeler,2322000,48,9.53,47000,12400,1.505,1,Approved,1954000,2023-08-26,1,0
APP803637,CUST100926,2023-08-08,Education,Study Abroad,3214000,24,12.04,26400,500,3.0,0,Rejected,0,2023-08-20,0,
APP803638,CUST100748,2023-12-13,Auto,Used Car,1222000,36,12.42,26400,300,1.557,1,Rejected,0,2023-12-15,0,
APP803639,CUST103281,2024-06-13,Business,Working Capital,3064000,24,13.49,73800,4000,2.037,0,Rejected,0,2024-06-23,0,
APP803640,CUST103050,2024-05-18,Personal,Debt Consolidation,439000,12,22.54,31900,900,1.318,0,Rejected,0,2024-05-19,0,
APP803641,CUST101958,2022-12-20,Personal,Travel,378000,60,13.76,31900,5200,0.438,0,Approved,371000,2022-12-24,1,0
APP803642,CUST101314,2024-03-23,Home,Plot Purchase,1736000,36,8.33,57100,10400,1.139,1,Approved,1574000,2024-04-06,1,0
APP803643,CUST104703,2023-09-25,Home,Home Construction,8593000,24,8.1,80600,27200,3.0,1,Rejected,0,2023-10-14,0,
APP803644,CUST102387,2022-08-09,Home,Home Purchase,5822000,36,8.12,86100,9500,2.232,1,Approved,4471000,2022-08-26,1,0
APP803645,CUST102846,2023-09-11,Personal,Travel,1459000,48,12.16,50200,8300,0.932,0,Rejected,0,2023-09-15,0,
APP803646,CUST101669,2022-08-27,Education,Study Abroad,1725000,84,11.47,65800,22000,0.79,0,Approved,1417000,2022-09-13,1,0
APP803647,CUST102620,2022-11-01,Personal,Medical Emergency,82000,24,23.63,17500,1100,0.31,0,Approved,62000,2022-11-05,1,0
APP803648,CUST100450,2022-10-12,Personal,Travel,733000,24,14.02,13300,4400,2.983,0,Rejected,0,2022-10-28,0,
APP803649,CUST102482,2022-08-31,Auto,Two Wheeler,1765000,84,13.94,17400,5700,2.229,1,Rejected,0,2022-09-18,0,
APP803650,CUST103954,2022-10-11,Personal,Medical Emergency,200000,12,13.33,61500,9000,0.437,1,Approved,189000,2022-10-13,1,1
APP803651,CUST102544,2023-07-15,Home,Plot Purchase,7017000,180,10.42,29000,7900,2.937,1,Rejected,0,2023-07-19,0,
APP803652,CUST104540,2023-01-02,Home,Home Purchase,6985000,24,10.33,15400,3600,3.0,1,Rejected,0,2023-01-14,0,
APP803653,CUST103673,2023-12-13,Personal,Travel,431000,36,22.15,34200,11400,0.815,1,Rejected,0,2023-12-18,0,
APP803654,CUST102526,2023-06-29,Personal,Medical Emergency,206000,84,22.93,74300,6700,0.157,0,Approved,158000,2023-07-14,1,0
APP803655,CUST102426,2023-04-13,Auto,New Car,1232000,48,10.84,49100,100,0.649,1,Approved,883000,2023-04-22,1,0
APP803656,CUST101807,2023-10-02,Business,Equipment Purchase,6977000,60,19.01,67000,1100,2.72,0,Rejected,0,2023-10-17,0,
APP803657,CUST104732,2024-03-07,Personal,Home Renovation,164000,24,16.28,31400,6900,0.475,0,Approved,142000,2024-03-18,1,0
APP803658,CUST100626,2024-04-05,Education,Study Abroad,2400000,60,12.43,30200,7400,2.028,0,Approved,2345000,2024-04-19,1,0
APP803659,CUST100385,2022-11-24,Personal,Travel,888000,12,11.35,45900,2200,1.762,0,Rejected,0,2022-12-13,0,
APP803660,CUST102705,2022-08-17,Home,Balance Transfer,2365000,48,8.63,19000,300,3.0,1,Approved,1710000,2022-08-25,1,1
APP803661,CUST100479,2024-01-22,Personal,Wedding,918000,60,17.2,41200,11600,0.837,0,Rejected,0,2024-02-02,0,
APP803662,CUST100746,2024-01-09,Home,Home Construction,4913000,240,8.43,27700,7800,1.812,1,Approved,4409000,2024-01-18,1,0
APP803663,CUST101740,2023-05-04,Personal,Medical Emergency,712000,12,18.22,40600,13100,1.935,1,Rejected,0,2023-05-07,0,
APP803664,CUST102091,2022-08-16,Education,Study Abroad,3421000,24,12.66,60500,14600,2.919,1,Rejected,0,2022-08-23,0,
APP803665,CUST100439,2022-08-20,Home,Home Purchase,5860000,12,10.47,80800,9800,3.0,1,Rejected,0,2022-08-27,0,
APP803666,CUST102598,2023-04-14,Auto,Used Car,547000,48,10.22,30400,10600,0.806,1,Approved,462000,2023-04-23,1,0
APP803667,CUST104383,2023-08-09,Personal,Travel,61000,36,23.74,55400,4900,0.132,0,Rejected,0,2023-08-13,0,
APP803668,CUST104378,2023-08-07,Business,Equipment Purchase,2210000,12,17.62,45400,2500,3.0,0,Rejected,0,2023-08-12,0,
APP803669,CUST101536,2024-05-28,Business,Business Expansion,1234000,12,15.44,22000,5200,3.0,0,Under Review,0,,0,
APP803670,CUST102141,2023-12-17,Education,Study Abroad,1786000,24,12.72,25500,2200,3.0,0,Rejected,0,2023-12-19,0,
APP803671,CUST101025,2023-08-17,Home,Balance Transfer,10734000,180,10.13,34900,11300,3.0,1,Approved,8996000,2023-08-27,1,0
APP803672,CUST101047,2023-10-14,Education,Skill Certification,3364000,84,11.13,23700,3500,2.586,0,Rejected,0,2023-10-27,0,
APP803673,CUST100793,2024-06-26,Auto,New Car,2011000,48,14.0,64300,21100,1.183,1,Approved,1591000,2024-07-05,1,1
APP803674,CUST104231,2022-09-05,Auto,New Car,1137000,24,9.85,39700,12000,1.622,1,Approved,822000,2022-09-22,1,0
APP803675,CUST104525,2022-11-23,Gold,Gold Loan,219000,36,9.02,94400,800,0.082,1,Approved,189000,2022-11-30,1,0
APP803676,CUST103349,2023-12-20,Home,Balance Transfer,5853000,48,10.39,14200,2500,3.0,1,Rejected,0,2023-12-28,0,
APP803677,CUST104993,2024-02-06,Personal,Travel,605000,36,16.25,41700,10900,0.773,0,Rejected,0,2024-02-19,0,
APP803678,CUST100191,2023-09-19,Auto,New Car,1994000,60,10.42,192400,63800,0.554,1,Rejected,0,2023-10-01,0,
APP803679,CUST103634,2023-02-09,Personal,Medical Emergency,270000,12,14.07,74100,11100,0.477,0,Approved,238000,2023-02-25,1,0
APP803680,CUST101161,2023-10-24,Auto,Used Car,1961000,36,11.83,65700,6500,1.088,1,Approved,1640000,2023-11-07,1,0
APP803681,CUST101791,2024-01-07,Auto,New Car,2059000,48,12.38,33700,1700,1.669,1,Rejected,0,2024-01-13,0,
APP803682,CUST104423,2023-10-28,Personal,Debt Consolidation,954000,84,11.71,25300,400,0.677,0,Rejected,0,2023-10-29,0,
APP803683,CUST100687,2023-12-22,Personal,Home Renovation,489000,48,20.7,14200,4200,1.354,0,Rejected,0,2024-01-09,0,
APP803684,CUST102690,2022-10-04,Auto,Two Wheeler,559000,24,9.14,59400,14600,0.676,1,Rejected,0,2022-10-07,0,
APP803685,CUST100589,2023-04-19,Business,Business Expansion,6586000,84,13.58,60800,17400,2.29,0,Approved,5624000,2023-05-09,1,1
APP803686,CUST102194,2024-01-10,Auto,Two Wheeler,1093000,84,11.94,21800,2300,0.99,1,Rejected,0,2024-01-15,0,
APP803687,CUST103447,2023-04-06,Gold,Gold Loan,142000,12,10.91,30500,700,0.434,1,Rejected,0,2023-04-17,0,
APP803688,CUST102453,2023-03-04,Personal,Wedding,338000,36,15.18,35300,7500,0.545,1,Rejected,0,2023-03-13,0,
APP803689,CUST103461,2023-03-01,Home,Balance Transfer,5310000,180,8.97,22000,4400,2.641,1,Approved,4669000,2023-03-11,1,0
APP803690,CUST104411,2024-03-26,Education,Study Abroad,3208000,24,9.3,218900,41500,0.861,0,Approved,2511000,2024-04-08,1,1
APP803691,CUST101115,2023-11-16,Personal,Travel,666000,60,12.26,46700,2200,0.366,1,Approved,469000,2023-11-18,1,1
APP803692,CUST104529,2023-09-27,Gold,Gold Loan,261000,36,13.99,19800,2600,0.583,1,Approved,238000,2023-10-03,1,0
APP803693,CUST103689,2023-07-18,Education,Higher Studies India,2241000,24,11.88,17600,1100,3.0,0,Rejected,0,2023-07-24,0,
APP803694,CUST102228,2024-05-20,Personal,Home Renovation,429000,84,14.94,14300,2600,0.762,0,Rejected,0,2024-06-03,0,
APP803695,CUST103927,2022-11-02,Education,Study Abroad,937000,24,12.04,24800,7200,2.071,0,Rejected,0,2022-11-12,0,
APP803696,CUST101404,2024-03-04,Gold,Gold Loan,48000,24,9.22,56400,17600,0.351,1,Rejected,0,2024-03-16,0,
APP803697,CUST102230,2023-09-27,Home,Balance Transfer,4606000,60,9.26,23600,1100,3.0,1,Rejected,0,2023-10-09,0,
APP803698,CUST100511,2023-03-04,Personal,Wedding,983000,84,21.45,120900,38300,0.504,0,Approved,928000,2023-03-10,1,0
APP803699,CUST102309,2023-01-26,Business,Business Expansion,5657000,12,18.81,37000,9300,3.0,1,Rejected,0,2023-02-12,0,
APP803700,CUST102386,2023-09-23,Personal,Medical Emergency,108000,36,13.08,64800,16200,0.306,0,Approved,97000,2023-10-12,1,0
APP803701,CUST100724,2022-09-11,Personal,Medical Emergency,1160000,24,16.14,29200,3300,2.063,0,Approved,1082000,2022-09-29,1,0
APP803702,CUST101424,2022-07-22,Personal,Debt Consolidation,1258000,84,18.56,11200,1800,2.568,0,Rejected,0,2022-08-08,0,
APP803703,CUST100646,2023-09-06,Education,Skill Certification,1514000,36,9.97,28800,2400,1.778,0,Approved,1177000,2023-09-18,1,0
APP803704,CUST104600,2024-05-24,Personal,Debt Consolidation,281000,60,18.09,29800,6300,0.452,1,Approved,240000,2024-06-03,1,0
APP803705,CUST100724,2022-12-17,Personal,Travel,513000,36,20.59,29200,9900,0.998,0,Rejected,0,2023-01-02,0,
APP803706,CUST101729,2023-06-12,Gold,Gold Loan,317000,24,12.92,91000,18200,0.366,1,Approved,238000,2023-06-21,1,0
APP803707,CUST102145,2023-09-12,Personal,Travel,1500000,36,13.69,10700,1500,3.0,0,Rejected,0,2023-09-26,0,
APP803708,CUST102747,2022-11-20,Home,Home Construction,2163000,24,10.27,20500,6900,3.0,1,Rejected,0,2022-11-27,0,
APP803709,CUST101874,2024-03-25,Auto,New Car,1729000,24,10.66,30400,700,2.669,1,Approved,1261000,2024-04-01,1,0
APP803710,CUST103874,2022-10-09,Business,Equipment Purchase,6873000,36,19.22,27300,4500,3.0,0,Rejected,0,2022-10-17,0,
APP803711,CUST103195,2022-07-31,Auto,Two Wheeler,1952000,60,10.96,53000,12800,1.042,1,Approved,1633000,2022-08-06,1,0
APP803712,CUST104964,2023-03-23,Personal,Home Renovation,1342000,60,21.22,98800,15600,0.527,0,Approved,1108000,2023-04-02,1,0
APP803713,CUST100946,2023-08-18,Business,Working Capital,3748000,60,16.39,42800,5400,2.272,0,Approved,3454000,2023-08-29,1,1
APP803714,CUST103015,2023-10-21,Personal,Home Renovation,1487000,12,18.77,41300,2400,3.0,0,Rejected,0,2023-10-22,0,
APP803715,CUST103148,2023-11-05,Personal,Travel,449000,84,12.51,25200,900,0.355,0,Approved,413000,2023-11-23,1,0
APP803716,CUST101831,2023-04-16,Auto,New Car,730000,24,10.15,92700,22100,0.602,1,Approved,660000,2023-04-26,1,0
APP803717,CUST102586,2023-04-18,Home,Home Construction,10640000,48,10.43,17400,4300,3.0,1,Rejected,0,2023-04-22,0,
APP803718,CUST103434,2022-11-13,Auto,Used Car,777000,24,11.78,21200,6600,2.035,1,Rejected,0,2022-11-28,0,
APP803719,CUST100298,2023-03-08,Home,Home Purchase,5701000,48,8.25,50100,3400,2.86,1,Rejected,0,2023-03-22,0,
APP803720,CUST100437,2024-06-09,Home,Home Purchase,2493000,84,8.16,10000,1300,3.0,1,Under Review,0,,0,
APP803721,CUST101784,2023-12-22,Personal,Wedding,467000,48,13.78,24100,3300,0.664,1,Rejected,0,2024-01-09,0,
APP803722,CUST101948,2022-07-18,Home,Balance Transfer,1941000,180,9.13,84200,26900,0.555,1,Rejected,0,2022-08-03,0,
APP803723,CUST102825,2022-08-18,Home,Plot Purchase,8837000,60,8.71,65400,4000,2.846,1,Approved,8436000,2022-09-05,1,0
APP803724,CUST102073,2024-01-31,Personal,Home Renovation,165000,60,12.56,56400,6900,0.188,1,Approved,143000,2024-02-09,1,0
APP803725,CUST103330,2023-07-28,Education,Skill Certification,326000,48,11.13,35600,800,0.26,0,Approved,315000,2023-08-08,1,0
APP803726,CUST103776,2024-04-30,Gold,Gold Loan,175000,12,14.7,59200,7900,0.4,1,Approved,143000,2024-05-20,1,0
APP803727,CUST104574,2023-03-24,Personal,Wedding,1329000,84,16.19,46700,3600,0.645,0,Approved,1324000,2023-04-11,1,0
APP803728,CUST103958,2023-10-09,Business,Working Capital,2061000,36,13.66,21400,6600,3.0,0,Rejected,0,2023-10-22,0,
APP803729,CUST104385,2024-01-13,Auto,New Car,830000,48,11.86,40300,100,0.544,1,Approved,761000,2024-01-18,1,0
APP803730,CUST102366,2022-12-12,Auto,Two Wheeler,2169000,24,11.31,41700,13400,2.75,1,Rejected,0,2022-12-30,0,
APP803731,CUST101249,2022-12-09,Business,Equipment Purchase,5331000,36,12.77,49000,6100,3.0,1,Rejected,0,2022-12-11,0,
APP803732,CUST102272,2023-07-03,Home,Home Construction,8697000,84,9.17,40500,11500,3.0,1,Rejected,0,2023-07-19,0,
APP803733,CUST101498,2023-03-01,Auto,Used Car,1519000,60,9.58,44800,8800,0.909,1,Approved,1287000,2023-03-13,1,0
APP803734,CUST102070,2022-07-22,Gold,Gold Loan,635000,24,11.77,18600,3600,1.802,1,Rejected,0,2022-07-25,0,
APP803735,CUST103517,2023-05-19,Auto,Two Wheeler,666000,12,11.02,33800,10100,2.041,1,Rejected,0,2023-06-08,0,
APP803736,CUST103398,2024-01-08,Personal,Home Renovation,673000,36,11.53,63800,18500,0.638,0,Rejected,0,2024-01-15,0,
APP803737,CUST103848,2023-04-21,Personal,Debt Consolidation,1122000,48,11.41,93400,10900,0.429,0,Approved,1058000,2023-05-04,1,0
APP803738,CUST102397,2022-12-25,Home,Balance Transfer,10754000,36,9.22,15500,500,3.0,1,Rejected,0,2022-12-28,0,
APP803739,CUST101441,2023-05-11,Personal,Travel,641000,60,17.63,298100,1100,0.058,0,Approved,635000,2023-05-27,1,0
APP803740,CUST101086,2024-05-19,Personal,Debt Consolidation,916000,12,11.72,48200,12700,1.952,0,Rejected,0,2024-05-22,0,
APP803741,CUST102132,2022-12-04,Auto,Used Car,627000,24,9.98,79600,12600,0.522,1,Approved,489000,2022-12-22,1,0
APP803742,CUST100945,2022-11-02,Auto,Two Wheeler,510000,24,11.02,77300,16300,0.519,1,Approved,498000,2022-11-07,1,1
APP803743,CUST101082,2023-08-30,Home,Home Purchase,6437000,120,9.53,97400,14400,1.004,1,Rejected,0,2023-09-14,0,
APP803744,CUST104196,2024-04-04,Auto,New Car,725000,60,13.79,37500,2600,0.517,1,Approved,699000,2024-04-14,1,0
APP803745,CUST101269,2023-09-18,Auto,Used Car,2003000,48,11.96,20000,3800,2.829,1,Rejected,0,2023-10-04,0,
APP803746,CUST104099,2022-10-09,Auto,Two Wheeler,987000,84,10.81,33400,5800,0.677,1,Approved,692000,2022-10-26,1,1
APP803747,CUST101837,2023-09-05,Gold,Gold Loan,525000,12,12.06,16600,3200,2.996,1,Rejected,0,2023-09-06,0,
APP803748,CUST103393,2023-12-14,Business,Business Expansion,2548000,60,17.59,21200,5300,3.0,0,Rejected,0,2023-12-15,0,
APP803749,CUST101439,2023-07-09,Gold,Gold Loan,638000,12,13.6,26400,500,2.185,1,Rejected,0,2023-07-22,0,
APP803750,CUST102376,2024-01-18,Personal,Wedding,1355000,60,15.44,22400,5800,1.71,0,Rejected,0,2024-01-29,0,
APP803751,CUST100874,2023-07-06,Auto,Used Car,2105000,36,11.84,27400,8800,2.869,1,Rejected,0,2023-07-22,0,
APP803752,CUST103111,2023-03-31,Personal,Debt Consolidation,1439000,60,16.92,43500,9000,1.028,0,Approved,1322000,2023-04-11,1,1
APP803753,CUST104828,2023-01-07,Business,Business Expansion,6490000,24,15.31,62000,600,3.0,1,Rejected,0,2023-01-21,0,
APP803754,CUST104447,2024-03-10,Business,Equipment Purchase,3796000,12,19.09,20000,6400,3.0,0,Rejected,0,2024-03-25,0,
APP803755,CUST102289,2023-01-23,Education,Higher Studies India,498000,24,11.0,12300,3800,2.192,0,Rejected,0,2023-02-08,0,
APP803756,CUST100824,2023-02-22,Personal,Home Renovation,148000,12,16.01,11000,800,1.291,0,Rejected,0,2023-02-25,0,
APP803757,CUST103685,2023-11-04,Business,Working Capital,1118000,48,15.97,51200,12600,0.864,0,Rejected,0,2023-11-23,0,
APP803758,CUST104697,2023-12-12,Auto,Two Wheeler,2148000,48,9.37,23100,2900,2.451,1,Rejected,0,2023-12-23,0,
APP803759,CUST104434,2024-01-21,Personal,Travel,1314000,12,13.16,13300,1100,3.0,1,Rejected,0,2024-01-22,0,
APP803760,CUST101980,2024-01-06,Gold,Gold Loan,601000,12,10.29,27700,5300,2.101,1,Approved,593000,2024-01-14,1,1
APP803761,CUST101978,2023-12-25,Home,Home Purchase,4979000,36,10.17,56100,11600,3.0,1,Rejected,0,2024-01-02,0,
APP803762,CUST100912,2023-12-22,Home,Balance Transfer,6898000,36,9.73,22500,3700,3.0,1,Rejected,0,2024-01-05,0,
APP803763,CUST100069,2022-09-01,Personal,Debt Consolidation,689000,12,17.62,19800,3100,3.0,0,Rejected,0,2022-09-14,0,
APP803764,CUST104753,2023-06-14,Personal,Travel,1425000,12,19.32,45900,12800,3.0,0,Rejected,0,2023-06-23,0,
APP803765,CUST101940,2023-03-19,Personal,Medical Emergency,867000,60,11.1,40300,6200,0.622,1,Rejected,0,2023-03-29,0,
APP803766,CUST101865,2024-04-13,Gold,Gold Loan,361000,24,12.51,55500,12100,0.526,1,Approved,271000,2024-04-21,1,1
APP803767,CUST101253,2022-10-28,Gold,Gold Loan,275000,12,10.45,31200,9600,1.084,1,Rejected,0,2022-10-30,0,
APP803768,CUST103890,2024-01-24,Business,Equipment Purchase,6212000,24,17.31,10000,1500,3.0,0,Rejected,0,2024-02-10,0,
APP803769,CUST104235,2022-12-01,Auto,Used Car,668000,24,10.68,71700,23100,0.755,1,Approved,637000,2022-12-12,1,0
APP803770,CUST103222,2022-07-13,Personal,Medical Emergency,598000,84,16.77,15700,2800,0.951,0,Rejected,0,2022-08-01,0,
APP803771,CUST101326,2024-01-22,Auto,Used Car,2218000,84,13.75,29900,1200,1.421,1,Approved,2064000,2024-02-09,1,0
APP803772,CUST101347,2024-02-02,Personal,Medical Emergency,1418000,12,13.29,143300,4800,0.919,1,Approved,1128000,2024-02-04,1,0
APP803773,CUST102286,2022-07-26,Personal,Wedding,1407000,60,12.4,28500,5900,1.314,0,Rejected,0,2022-08-15,0,
APP803774,CUST102952,2022-12-28,Business,Business Expansion,1924000,48,16.7,13400,700,3.0,1,Rejected,0,2023-01-02,0,
APP803775,CUST100706,2023-11-17,Personal,Debt Consolidation,643000,12,15.83,48900,500,1.202,0,Approved,621000,2023-12-01,1,0
APP803776,CUST101921,2022-12-21,Auto,Two Wheeler,778000,12,13.96,11300,1500,3.0,1,Rejected,0,2022-12-26,0,
APP803777,CUST100930,2023-03-18,Personal,Home Renovation,1220000,24,23.07,26300,8300,2.743,1,Rejected,0,2023-03-23,0,
APP803778,CUST103921,2022-11-14,Home,Plot Purchase,8400000,240,8.35,14200,2200,3.0,1,Rejected,0,2022-12-04,0,
APP803779,CUST100663,2023-05-13,Home,Home Purchase,5239000,12,8.35,15000,3400,3.0,1,Rejected,0,2023-05-16,0,
APP803780,CUST103321,2023-03-08,Personal,Debt Consolidation,163000,60,17.77,48900,12600,0.342,0,Approved,153000,2023-03-23,1,0
APP803781,CUST103465,2024-04-09,Personal,Medical Emergency,372000,60,16.71,40300,4600,0.342,0,Rejected,0,2024-04-22,0,
APP803782,CUST101781,2022-12-18,Auto,Used Car,268000,24,12.74,50700,4700,0.344,1,Approved,214000,2023-01-01,1,0
APP803783,CUST104590,2022-12-07,Business,Equipment Purchase,4377000,84,12.29,49400,100,1.579,0,Rejected,0,2022-12-15,0,
APP803784,CUST103556,2023-11-14,Personal,Wedding,1354000,24,21.71,41900,600,1.685,0,Rejected,0,2023-11-16,0,
APP803785,CUST104838,2023-10-04,Personal,Medical Emergency,709000,24,16.0,10000,1800,3.0,0,Rejected,0,2023-10-14,0,
APP803786,CUST104264,2023-07-20,Personal,Medical Emergency,1303000,84,11.42,41800,2500,0.601,1,Approved,1284000,2023-08-07,1,1
APP803787,CUST103417,2023-12-23,Personal,Debt Consolidation,1171000,84,23.47,35100,500,0.827,0,Rejected,0,2023-12-28,0,
APP803788,CUST101668,2023-04-20,Education,Study Abroad,2327000,84,10.86,24800,400,1.613,0,Rejected,0,2023-04-30,0,
APP803789,CUST102361,2023-06-10,Auto,Used Car,2105000,36,10.54,10000,500,3.0,1,Rejected,0,2023-06-18,0,
APP803790,CUST101299,2022-09-30,Auto,New Car,836000,48,11.24,39000,1400,0.593,1,Rejected,0,2022-10-02,0,
APP803791,CUST100664,2022-12-07,Personal,Home Renovation,793000,12,18.46,51200,17100,1.756,0,Rejected,0,2022-12-18,0,
APP803792,CUST100099,2023-02-13,Home,Balance Transfer,6162000,240,9.99,22400,2200,2.749,1,Rejected,0,2023-02-14,0,
APP803793,CUST101906,2022-11-29,Home,Balance Transfer,6380000,36,9.42,70800,16300,3.0,1,Rejected,0,2022-12-18,0,
APP803794,CUST100656,2022-10-30,Personal,Home Renovation,459000,36,13.18,46800,15600,0.664,0,Approved,339000,2022-10-31,1,0
APP803795,CUST102621,2024-05-25,Personal,Medical Emergency,583000,48,20.56,45000,5500,0.52,1,Approved,504000,2024-06-06,1,0
APP803796,CUST100677,2023-08-09,Auto,New Car,2082000,48,11.45,21500,2100,2.624,1,Rejected,0,2023-08-14,0,
APP803797,CUST104425,2023-07-15,Business,Business Expansion,4010000,48,17.84,55900,7300,2.232,0,Rejected,0,2023-07-18,0,
APP803798,CUST104571,2022-09-16,Personal,Home Renovation,1250000,12,21.67,71900,9800,1.761,0,Rejected,0,2022-09-18,0,
APP803799,CUST102364,2023-03-22,Personal,Medical Emergency,1152000,48,20.41,21600,6900,1.959,0,Rejected,0,2023-04-11,0,
APP803800,CUST100203,2023-02-19,Home,Plot Purchase,10292000,12,8.21,31900,10100,3.0,1,Rejected,0,2023-03-04,0,
APP803801,CUST101269,2023-04-29,Business,Working Capital,5570000,84,12.87,20000,3700,3.0,0,Approved,4544000,2023-05-08,1,1
APP803802,CUST103425,2023-11-22,Business,Business Expansion,4750000,48,18.91,10000,200,3.0,1,Rejected,0,2023-11-26,0,
APP803803,CUST101554,2024-06-14,Business,Working Capital,5992000,24,19.2,40500,1500,3.0,0,Rejected,0,2024-06-17,0,
APP803804,CUST103104,2024-01-30,Home,Home Construction,2768000,240,9.24,38300,4400,0.777,1,Approved,2313000,2024-02-11,1,0
APP803805,CUST103758,2023-04-20,Personal,Home Renovation,1117000,12,18.0,96100,30200,1.379,0,Approved,791000,2023-04-27,1,0
APP803806,CUST103159,2023-04-22,Auto,Two Wheeler,1428000,60,9.26,103900,25000,0.528,1,Approved,1229000,2023-04-26,1,0
APP803807,CUST101760,2023-06-06,Business,Working Capital,1025000,84,14.8,98100,10100,0.303,0,Approved,751000,2023-06-24,1,0
APP803808,CUST101357,2022-07-13,Gold,Gold Loan,313000,36,13.46,87100,17900,0.328,1,Approved,304000,2022-07-20,1,0
APP803809,CUST101667,2023-04-24,Personal,Home Renovation,834000,12,20.99,15800,3200,3.0,0,Rejected,0,2023-05-05,0,
APP803810,CUST104058,2023-08-31,Personal,Debt Consolidation,1116000,24,17.96,184800,1500,0.309,0,Approved,864000,2023-09-19,1,0
APP803811,CUST100719,2023-01-03,Personal,Medical Emergency,240000,36,22.62,32700,9100,0.56,1,Rejected,0,2023-01-11,0,
APP803812,CUST104771,2023-04-14,Education,Study Abroad,274000,120,9.3,58700,12900,0.28,1,Approved,237000,2023-04-17,1,0
APP803813,CUST100080,2023-09-19,Personal,Home Renovation,1370000,84,21.25,21900,6800,1.744,0,Rejected,0,2023-10-06,0,
APP803814,CUST101681,2022-12-07,Business,Business Expansion,3894000,48,17.54,58800,8100,2.068,0,Approved,3888000,2022-12-27,1,0
APP803815,CUST102169,2024-06-26,Home,Plot Purchase,5165000,12,9.64,31800,8300,3.0,1,Under Review,0,,0,
APP803816,CUST102077,2023-03-23,Education,Skill Certification,204000,36,10.89,130600,36400,0.33,0,Approved,175000,2023-03-30,1,0
APP803817,CUST101083,2023-06-29,Personal,Home Renovation,1064000,12,19.68,108900,2400,0.925,0,Approved,752000,2023-07-17,1,0
APP803818,CUST100678,2023-04-07,Business,Business Expansion,2784000,84,18.25,31000,4500,2.049,0,Rejected,0,2023-04-16,0,
APP803819,CUST102921,2023-02-16,Personal,Travel,780000,48,22.37,40600,3600,0.699,0,Approved,765000,2023-02-28,1,0
APP803820,CUST102427,2023-03-06,Personal,Home Renovation,897000,84,20.12,52900,12100,0.607,0,Approved,769000,2023-03-18,1,0
APP803821,CUST100164,2022-10-12,Home,Plot Purchase,9214000,36,8.37,45400,1500,3.0,1,Rejected,0,2022-10-24,0,
APP803822,CUST104054,2023-12-19,Education,Study Abroad,3441000,48,10.28,39500,6300,2.383,0,Rejected,0,2023-12-23,0,
APP803823,CUST104209,2023-12-19,Education,Study Abroad,3944000,12,10.29,43800,14200,3.0,0,Rejected,0,2024-01-02,0,
APP803824,CUST102130,2022-12-01,Gold,Gold Loan,115000,36,10.13,56100,16700,0.364,1,Approved,90000,2022-12-09,1,0
APP803825,CUST101859,2023-08-21,Home,Home Construction,5874000,120,10.42,34300,3100,2.394,1,Rejected,0,2023-09-02,0,
APP803826,CUST100377,2024-01-11,Gold,Gold Loan,685000,12,12.69,42400,4200,1.54,1,Rejected,0,2024-01-28,0,
APP803827,CUST103809,2024-05-14,Personal,Debt Consolidation,603000,48,16.07,65600,6300,0.357,0,Approved,494000,2024-05-17,1,0
APP803828,CUST102461,2023-03-27,Auto,New Car,569000,24,11.98,25500,2500,1.147,1,Approved,564000,2023-03-30,1,1
APP803829,CUST103443,2022-08-07,Auto,Two Wheeler,1316000,60,10.8,75700,26100,0.721,1,Approved,1291000,2022-08-24,1,0
APP803830,CUST104633,2023-06-04,Personal,Travel,129000,12,22.97,82200,18700,0.375,1,Rejected,0,2023-06-20,0,
APP803831,CUST104488,2023-07-21,Personal,Wedding,1341000,60,19.36,91600,2500,0.41,0,Approved,1318000,2023-07-25,1,0
APP803832,CUST102928,2023-12-08,Education,Skill Certification,3247000,36,12.28,74000,23300,1.779,0,Approved,3143000,2023-12-16,1,1
APP803833,CUST100308,2023-06-19,Education,Study Abroad,2269000,24,12.2,32400,6800,3.0,0,Rejected,0,2023-07-04,0,
APP803834,CUST102044,2024-04-08,Personal,Travel,1094000,12,22.04,39200,6700,2.784,0,Rejected,0,2024-04-23,0,
APP803835,CUST101898,2022-12-22,Personal,Wedding,182000,60,23.09,88600,21000,0.295,0,Approved,162000,2023-01-02,1,0
APP803836,CUST102364,2023-10-10,Personal,Home Renovation,411000,24,18.37,21600,6700,1.266,0,Rejected,0,2023-10-26,0,
APP803837,CUST103561,2024-01-10,Business,Equipment Purchase,3018000,24,16.54,43900,10200,3.0,1,Rejected,0,2024-01-23,0,
APP803838,CUST101611,2022-09-03,Education,Study Abroad,3201000,12,10.3,68100,7300,3.0,0,Approved,2266000,2022-09-10,1,1
APP803839,CUST102186,2023-07-08,Personal,Travel,1300000,12,23.46,35400,10300,3.0,0,Rejected,0,2023-07-23,0,
APP803840,CUST102489,2024-01-05,Personal,Wedding,1330000,84,15.41,38700,4800,0.796,0,Approved,983000,2024-01-17,1,0
APP803841,CUST104092,2023-06-18,Personal,Travel,346000,48,15.15,20100,4400,0.7,0,Approved,342000,2023-06-22,1,0
APP803842,CUST103198,2023-01-21,Education,Skill Certification,364000,120,11.1,26600,7400,0.468,0,Approved,349000,2023-01-30,1,1
APP803843,CUST100780,2024-04-09,Business,Working Capital,2670000,36,16.81,48000,8300,2.153,0,Approved,2068000,2024-04-27,1,1
APP803844,CUST100917,2023-07-10,Personal,Home Renovation,1154000,36,13.45,35100,5000,1.258,0,Approved,840000,2023-07-21,1,0
APP803845,CUST102121,2023-06-25,Auto,Two Wheeler,274000,36,13.21,30100,4300,0.451,1,Approved,241000,2023-07-05,1,0
APP803846,CUST101611,2023-02-19,Auto,Used Car,1065000,60,9.85,68100,8300,0.453,1,Approved,756000,2023-03-05,1,1
APP803847,CUST102534,2024-03-28,Home,Balance Transfer,11857000,240,9.31,35400,3000,3.0,1,Rejected,0,2024-03-30,0,
APP803848,CUST100966,2022-08-01,Personal,Travel,1417000,24,11.62,59900,2000,1.144,0,Approved,1291000,2022-08-15,1,0
APP803849,CUST101972,2022-08-27,Personal,Home Renovation,580000,12,21.19,59300,13900,1.146,0,Approved,546000,2022-09-01,1,0
APP803850,CUST101091,2022-10-28,Education,Study Abroad,651000,84,10.85,42500,4600,0.369,0,Approved,606000,2022-11-12,1,0
APP803851,CUST104066,2024-06-04,Personal,Travel,84000,84,20.66,17900,6300,0.458,0,Rejected,0,2024-06-21,0,
APP803852,CUST100275,2023-11-18,Personal,Medical Emergency,64000,60,16.66,49400,7300,0.18,0,Approved,45000,2023-11-26,1,0
APP803853,CUST103644,2023-03-26,Personal,Medical Emergency,222000,24,14.64,38300,6300,0.445,0,Approved,158000,2023-04-04,1,0
APP803854,CUST102884,2023-07-19,Personal,Medical Emergency,310000,24,22.86,64500,19400,0.552,0,Rejected,0,2023-07-31,0,
APP803855,CUST102096,2023-11-10,Home,Home Construction,2111000,12,9.02,36500,7500,3.0,1,Rejected,0,2023-11-12,0,
APP803856,CUST103201,2023-09-28,Gold,Gold Loan,96000,36,13.84,41700,8300,0.277,1,Approved,75000,2023-10-13,1,0
APP803857,CUST104128,2023-09-30,Home,Home Construction,5430000,24,10.08,29900,2600,3.0,1,Rejected,0,2023-10-14,0,
APP803858,CUST100512,2024-05-28,Home,Home Purchase,5352000,84,9.86,55900,5700,1.684,1,Approved,4778000,2024-06-05,1,1
APP803859,CUST101152,2022-08-17,Business,Business Expansion,1764000,48,18.16,19400,6200,3.0,0,Rejected,0,2022-08-21,0,
APP803860,CUST102918,2022-08-21,Home,Home Construction,10473000,120,10.33,21300,2700,3.0,1,Rejected,0,2022-09-08,0,
APP803861,CUST100749,2023-11-01,Auto,Used Car,1888000,12,11.95,30400,700,3.0,1,Approved,1549000,2023-11-15,1,1
APP803862,CUST101309,2022-09-29,Home,Home Purchase,8933000,36,8.54,31500,2500,3.0,1,Rejected,0,2022-10-19,0,
APP803863,CUST102036,2022-07-11,Personal,Debt Consolidation,325000,60,18.76,37000,4200,0.341,0,Approved,268000,2022-07-17,1,0
APP803864,CUST104307,2022-07-30,Business,Working Capital,1140000,12,18.97,58200,10100,1.977,0,Rejected,0,2022-08-10,0,
APP803865,CUST103208,2023-04-04,Home,Home Construction,9290000,84,9.29,61100,14700,2.711,1,Rejected,0,2023-04-10,0,
APP803866,CUST101545,2022-08-01,Personal,Travel,169000,36,12.41,32900,6100,0.357,1,Approved,126000,2022-08-04,1,1
APP803867,CUST104618,2022-12-30,Personal,Medical Emergency,803000,36,20.08,36200,2000,0.879,0,Approved,715000,2023-01-06,1,0
APP803868,CUST101858,2022-12-19,Business,Working Capital,4898000,60,15.22,54600,10100,2.328,0,Rejected,0,2022-12-23,0,
APP803869,CUST101681,2024-06-23,Personal,Wedding,367000,36,22.25,58800,16300,0.517,0,Approved,309000,2024-07-09,1,0
APP803870,CUST101516,2023-06-09,Business,Equipment Purchase,1674000,36,17.0,91300,25300,0.931,0,Approved,1398000,2023-06-15,1,0
APP803871,CUST100873,2023-03-17,Education,Skill Certification,3849000,48,10.78,46100,8200,2.328,0,Rejected,0,2023-03-22,0,
APP803872,CUST103153,2022-10-04,Home,Home Purchase,11224000,24,10.49,163800,5800,3.0,1,Rejected,0,2022-10-21,0,
APP803873,CUST103409,2024-04-22,Education,Higher Studies India,1924000,36,10.61,125600,34400,0.772,1,Rejected,0,2024-04-27,0,
APP803874,CUST100444,2022-07-15,Home,Home Construction,7205000,180,9.64,27900,8700,3.0,1,Approved,6786000,2022-07-17,1,0
APP803875,CUST103479,2024-01-27,Auto,Two Wheeler,1840000,60,12.06,35200,5200,1.314,1,Rejected,0,2024-02-16,0,
APP803876,CUST100523,2023-05-31,Auto,Two Wheeler,1175000,48,11.79,33500,3900,1.038,1,Approved,1169000,2023-06-20,1,0
APP803877,CUST104962,2023-05-17,Personal,Debt Consolidation,1315000,24,11.85,24500,700,2.554,0,Rejected,0,2023-05-30,0,
APP803878,CUST101389,2023-11-18,Business,Business Expansion,2273000,12,19.32,27600,2000,3.0,0,Rejected,0,2023-12-04,0,
APP803879,CUST100829,2023-12-17,Auto,New Car,1333000,36,9.69,63700,3000,0.719,1,Approved,1092000,2024-01-05,1,0
APP803880,CUST103385,2023-08-27,Business,Business Expansion,656000,60,12.93,105900,3100,0.17,1,Approved,495000,2023-08-28,1,0
APP803881,CUST101362,2023-03-21,Personal,Travel,1045000,84,19.49,35900,6200,0.811,0,Approved,1019000,2023-03-22,1,1
APP803882,CUST101144,2022-10-08,Personal,Home Renovation,1228000,48,20.46,60500,4400,0.696,0,Approved,939000,2022-10-26,1,1
APP803883,CUST103521,2023-01-27,Personal,Debt Consolidation,97000,48,20.7,15700,1500,0.285,1,Approved,74000,2023-02-05,1,0
APP803884,CUST100543,2023-02-10,Home,Home Construction,8630000,36,8.11,92500,28600,3.0,1,Approved,7859000,2023-02-28,1,1
APP803885,CUST104342,2023-04-30,Auto,Two Wheeler,379000,12,9.32,49100,9000,0.859,1,Approved,288000,2023-05-05,1,0
APP803886,CUST101726,2023-11-07,Auto,Two Wheeler,2163000,24,11.42,41100,9100,2.687,1,Rejected,0,2023-11-20,0,
APP803887,CUST102362,2022-10-17,Gold,Gold Loan,734000,36,13.92,64300,17800,0.667,1,Approved,681000,2022-10-21,1,0
APP803888,CUST100602,2023-04-18,Business,Working Capital,5769000,84,12.52,36700,7700,3.0,0,Rejected,0,2023-05-08,0,
APP803889,CUST101854,2023-11-09,Personal,Travel,400000,60,18.22,29300,3500,0.467,1,Rejected,0,2023-11-22,0,
APP803890,CUST102606,2024-05-31,Gold,Gold Loan,474000,24,12.76,29100,9900,1.112,1,Approved,454000,2024-06-10,1,0
APP803891,CUST103236,2023-05-25,Home,Home Purchase,1954000,12,8.05,15000,3600,3.0,1,Rejected,0,2023-05-31,0,
APP803892,CUST102276,2023-05-02,Business,Working Capital,1988000,36,17.36,16100,2900,3.0,1,Rejected,0,2023-05-12,0,
APP803893,CUST104992,2022-12-03,Auto,New Car,2018000,12,13.56,10900,2200,3.0,1,Rejected,0,2022-12-08,0,
APP803894,CUST100652,2023-10-16,Home,Balance Transfer,11567000,12,8.31,65400,13100,3.0,1,Rejected,0,2023-10-22,0,
APP803895,CUST104037,2024-04-10,Personal,Medical Emergency,612000,84,21.34,63100,21000,0.556,0,Approved,507000,2024-04-27,1,0
APP803896,CUST101975,2023-01-02,Auto,Used Car,2400000,12,11.35,49500,8900,3.0,1,Rejected,0,2023-01-15,0,
APP803897,CUST104121,2023-05-04,Home,Balance Transfer,7883000,240,8.58,24000,7100,3.0,1,Rejected,0,2023-05-09,0,
APP803898,CUST103732,2022-07-01,Auto,New Car,1341000,84,10.18,28300,4100,0.936,1,Rejected,0,2022-07-20,0,
APP803899,CUST103253,2023-01-13,Home,Plot Purchase,10891000,84,8.46,28400,2900,3.0,1,Rejected,0,2023-01-19,0,
APP803900,CUST101038,2024-01-05,Personal,Wedding,1145000,24,21.84,10000,2800,3.0,0,Rejected,0,2024-01-09,0,
APP803901,CUST100922,2023-12-04,Business,Equipment Purchase,2757000,36,14.13,11200,2900,3.0,0,Rejected,0,2023-12-05,0,
APP803902,CUST103745,2022-12-02,Business,Working Capital,5050000,12,18.27,27300,2100,3.0,1,Rejected,0,2022-12-21,0,
APP803903,CUST102643,2023-01-27,Personal,Debt Consolidation,938000,48,12.37,22700,5300,1.331,1,Rejected,0,2023-02-03,0,
APP803904,CUST104083,2023-02-27,Personal,Medical Emergency,1473000,84,12.46,28800,8900,1.227,0,Approved,1052000,2023-03-04,1,0
APP803905,CUST102055,2023-04-08,Auto,New Car,835000,48,12.23,15800,1100,1.466,1,Approved,708000,2023-04-24,1,0
APP803906,CUST104160,2024-06-18,Auto,Two Wheeler,1550000,36,13.32,33500,500,1.583,1,Approved,1211000,2024-07-07,1,0
APP803907,CUST103992,2023-09-23,Auto,Used Car,2356000,24,9.17,41100,4000,2.721,1,Rejected,0,2023-09-28,0,
APP803908,CUST102587,2022-11-08,Home,Plot Purchase,11170000,240,9.22,26900,2300,3.0,1,Rejected,0,2022-11-18,0,
APP803909,CUST103161,2022-09-13,Personal,Wedding,723000,12,19.24,64800,16800,1.288,0,Approved,573000,2022-09-29,1,0
APP803910,CUST100565,2023-11-02,Auto,Used Car,213000,60,10.48,79600,11200,0.198,1,Approved,204000,2023-11-13,1,0
APP803911,CUST104738,2024-01-10,Personal,Travel,62000,60,15.94,24400,6900,0.344,1,Approved,46000,2024-01-12,1,0
APP803912,CUST100777,2024-05-28,Personal,Home Renovation,284000,48,12.66,34200,9800,0.508,0,Under Review,0,,0,
APP803913,CUST100427,2022-12-07,Personal,Home Renovation,1477000,36,11.42,38500,8100,1.473,0,Approved,1439000,2022-12-20,1,1
APP803914,CUST100828,2022-08-23,Business,Working Capital,1253000,48,13.34,37200,5800,1.066,0,Approved,1059000,2022-09-08,1,1
APP803915,CUST102152,2023-03-14,Personal,Travel,1225000,24,13.14,45300,2200,1.337,0,Approved,1075000,2023-03-22,1,0
APP803916,CUST103766,2023-12-04,Auto,Two Wheeler,844000,48,12.33,68600,21700,0.643,1,Rejected,0,2023-12-14,0,
APP803917,CUST103183,2022-08-16,Personal,Debt Consolidation,1098000,84,18.04,24800,8400,1.272,0,Rejected,0,2022-08-24,0,
APP803918,CUST100276,2023-05-29,Personal,Medical Emergency,996000,36,16.99,36800,12000,1.291,0,Approved,882000,2023-06-03,1,1
APP803919,CUST100391,2023-09-30,Auto,Two Wheeler,1681000,60,12.96,10200,800,3.0,1,Rejected,0,2023-10-03,0,
APP803920,CUST104877,2023-07-07,Home,Plot Purchase,8935000,24,9.07,30200,3400,3.0,1,Rejected,0,2023-07-08,0,
APP803921,CUST104096,2023-07-09,Home,Home Purchase,10873000,120,8.08,38600,3500,3.0,1,Rejected,0,2023-07-15,0,
APP803922,CUST100496,2023-12-29,Home,Home Construction,11735000,60,8.67,31800,6300,3.0,1,Rejected,0,2024-01-08,0,
APP803923,CUST103089,2024-03-29,Business,Equipment Purchase,324000,24,19.81,131400,18800,0.268,0,Approved,278000,2024-04-08,1,0
APP803924,CUST102458,2023-08-01,Home,Home Purchase,3476000,36,8.69,56100,900,1.977,1,Approved,2914000,2023-08-03,1,1
APP803925,CUST103733,2023-01-08,Personal,Travel,1313000,48,13.42,10000,1200,3.0,1,Rejected,0,2023-01-16,0,
APP803926,CUST100154,2022-07-14,Personal,Travel,1076000,24,23.58,30800,4300,1.98,0,Rejected,0,2022-07-21,0,
APP803927,CUST100430,2023-11-21,Home,Home Purchase,6824000,36,9.79,28300,500,3.0,1,Rejected,0,2023-12-09,0,
APP803928,CUST101507,2024-03-29,Personal,Home Renovation,1192000,48,11.36,15100,4000,2.316,0,Rejected,0,2024-04-16,0,
APP803929,CUST100686,2024-05-05,Personal,Travel,708000,84,14.81,95300,32400,0.482,0,Rejected,0,2024-05-18,0,
APP803930,CUST104591,2023-03-30,Gold,Gold Loan,796000,24,14.72,36700,800,1.07,1,Approved,761000,2023-04-10,1,1
APP803931,CUST103016,2024-02-25,Personal,Wedding,448000,12,16.66,100800,21400,0.617,0,Approved,373000,2024-03-13,1,0
APP803932,CUST100199,2024-04-14,Personal,Home Renovation,542000,84,11.89,17300,300,0.57,0,Rejected,0,2024-04-15,0,
APP803933,CUST100306,2024-03-29,Business,Business Expansion,4308000,12,16.85,71800,22500,3.0,0,Rejected,0,2024-03-30,0,
APP803934,CUST103563,2023-10-04,Personal,Wedding,94000,12,17.25,18200,4700,0.731,0,Approved,70000,2023-10-21,1,1
APP803935,CUST104810,2023-07-28,Business,Equipment Purchase,4780000,60,17.33,10000,2400,3.0,0,Rejected,0,2023-08-11,0,
APP803936,CUST102894,2024-05-13,Home,Home Construction,7934000,60,8.39,34100,8000,3.0,1,Rejected,0,2024-05-31,0,
APP803937,CUST101139,2022-07-13,Business,Working Capital,5814000,60,18.33,11600,300,3.0,1,Rejected,0,2022-08-02,0,
APP803938,CUST100628,2024-04-07,Auto,Used Car,355000,60,12.07,39100,3300,0.287,1,Approved,268000,2024-04-23,1,0
APP803939,CUST103438,2023-05-24,Gold,Gold Loan,709000,36,10.88,42600,12200,0.829,1,Rejected,0,2023-05-30,0,
APP803940,CUST104838,2023-02-01,Home,Balance Transfer,9867000,120,10.49,10000,1800,3.0,1,Rejected,0,2023-02-16,0,
APP803941,CUST101409,2023-07-19,Personal,Travel,283000,48,19.83,54200,300,0.164,0,Approved,211000,2023-07-20,1,0
APP803942,CUST104923,2024-04-01,Gold,Gold Loan,769000,12,13.13,19200,5600,3.0,1,Rejected,0,2024-04-17,0,
APP803943,CUST102723,2023-12-28,Personal,Home Renovation,60000,84,16.47,54400,16100,0.318,0,Approved,44000,2024-01-04,1,0
APP803944,CUST103782,2022-09-20,Auto,Used Car,1298000,84,12.16,10000,1600,2.462,1,Rejected,0,2022-10-06,0,
APP803945,CUST100313,2022-11-19,Auto,Two Wheeler,763000,36,13.62,40400,4100,0.744,1,Approved,637000,2022-11-29,1,0
APP803946,CUST100937,2022-11-13,Personal,Wedding,1276000,84,20.78,146000,10100,0.267,0,Approved,1041000,2022-11-16,1,0
APP803947,CUST100444,2023-04-02,Auto,New Car,1040000,60,12.12,27900,6700,1.072,1,Approved,1020000,2023-04-14,1,1
APP803948,CUST100263,2023-01-14,Personal,Medical Emergency,1442000,36,13.21,29600,2600,1.733,0,Rejected,0,2023-01-21,0,
APP803949,CUST101086,2022-11-05,Personal,Medical Emergency,750000,84,11.08,48200,14100,0.56,0,Rejected,0,2022-11-19,0,
APP803950,CUST103543,2023-05-09,Auto,Two Wheeler,1185000,48,12.6,122100,5200,0.301,1,Approved,1152000,2023-05-12,1,0
APP803951,CUST102915,2022-10-27,Business,Working Capital,2328000,48,13.15,10500,2200,3.0,0,Rejected,0,2022-11-16,0,
APP803952,CUST102330,2023-06-03,Auto,New Car,1640000,84,12.47,19800,1500,1.557,1,Rejected,0,2023-06-17,0,
APP803953,CUST104311,2023-04-09,Home,Home Construction,10919000,48,8.98,18600,4500,3.0,1,Approved,8268000,2023-04-21,1,1
APP803954,CUST102307,2022-10-22,Home,Home Purchase,10630000,24,8.83,41100,7800,3.0,1,Approved,8396000,2022-10-28,1,1
APP803955,CUST104270,2022-11-27,Personal,Travel,172000,48,18.99,187400,58500,0.34,0,Approved,162000,2022-12-07,1,1
APP803956,CUST103646,2022-10-19,Home,Balance Transfer,10767000,180,8.65,68400,6100,1.654,1,Approved,7914000,2022-10-27,1,0
APP803957,CUST100910,2022-10-18,Home,Home Purchase,5422000,36,9.7,27300,5600,3.0,1,Rejected,0,2022-11-02,0,
APP803958,CUST104750,2024-05-15,Auto,Two Wheeler,2096000,60,12.97,72900,8600,0.771,1,Approved,1614000,2024-05-19,1,0
APP803959,CUST100506,2022-08-27,Home,Home Purchase,7587000,60,9.4,39600,8700,3.0,1,Rejected,0,2022-09-14,0,
APP803960,CUST103928,2023-03-10,Education,Study Abroad,877000,12,10.54,28600,7400,2.967,0,Rejected,0,2023-03-14,0,
APP803961,CUST101712,2024-04-29,Home,Plot Purchase,4063000,24,8.01,72300,4900,2.611,1,Rejected,0,2024-05-09,0,
APP803962,CUST104283,2022-07-29,Business,Equipment Purchase,4622000,36,16.72,19700,1700,3.0,0,Rejected,0,2022-08-18,0,
APP803963,CUST101608,2022-10-06,Personal,Wedding,550000,24,16.37,21100,6900,1.606,0,Rejected,0,2022-10-24,0,
APP803964,CUST104700,2023-11-09,Home,Plot Purchase,3334000,36,8.34,16100,2100,3.0,1,Rejected,0,2023-11-25,0,
APP803965,CUST102069,2022-09-17,Education,Higher Studies India,911000,24,10.06,30800,4900,1.524,0,Rejected,0,2022-09-21,0,
APP803966,CUST100466,2023-01-14,Personal,Home Renovation,983000,12,24.0,28200,4300,3.0,1,Rejected,0,2023-01-21,0,
APP803967,CUST104136,2023-08-23,Home,Plot Purchase,4989000,120,8.22,72800,900,0.852,1,Approved,4357000,2023-08-28,1,0
APP803968,CUST101901,2023-01-09,Auto,Used Car,2054000,48,13.99,27000,5300,2.271,1,Rejected,0,2023-01-25,0,
APP803969,CUST101909,2024-02-08,Personal,Wedding,1225000,24,17.3,90800,2600,0.698,1,Approved,1047000,2024-02-12,1,0
APP803970,CUST101772,2022-09-02,Home,Balance Transfer,9500000,60,9.88,16000,2800,3.0,1,Rejected,0,2022-09-21,0,
APP803971,CUST100162,2022-12-06,Personal,Travel,656000,12,12.53,39100,12300,1.807,0,Approved,491000,2022-12-18,1,1
APP803972,CUST100760,2023-01-18,Personal,Medical Emergency,1179000,84,13.34,32700,3900,0.782,0,Rejected,0,2023-01-25,0,
APP803973,CUST101320,2022-07-29,Personal,Medical Emergency,620000,24,22.46,55800,11000,0.776,0,Approved,547000,2022-07-31,1,0
APP803974,CUST102044,2024-06-07,Auto,Used Car,405000,84,9.81,39200,1500,0.209,1,Approved,388000,2024-06-17,1,0
APP803975,CUST102935,2023-02-07,Education,Skill Certification,2524000,120,10.84,51600,7000,0.804,0,Approved,2324000,2023-02-12,1,0
APP803976,CUST101665,2023-09-30,Home,Home Purchase,10089000,36,8.85,62100,5400,3.0,1,Rejected,0,2023-10-06,0,
APP803977,CUST100807,2022-11-21,Business,Working Capital,5077000,12,12.63,18400,5000,3.0,1,Approved,4384000,2022-11-25,1,0
APP803978,CUST101393,2022-10-10,Education,Skill Certification,3823000,48,10.24,33400,3400,3.0,0,Approved,2845000,2022-10-26,1,0
APP803979,CUST100306,2023-10-13,Gold,Gold Loan,141000,12,10.9,71800,11900,0.339,1,Rejected,0,2023-11-01,0,
APP803980,CUST104533,2023-01-30,Personal,Debt Consolidation,511000,48,22.96,38900,10400,0.688,0,Rejected,0,2023-02-15,0,
APP803981,CUST100076,2022-12-16,Personal,Wedding,392000,12,18.16,47800,1900,0.791,1,Approved,392000,2023-01-04,1,1
APP803982,CUST100705,2023-10-08,Education,Skill Certification,1607000,84,11.9,18700,600,1.544,0,Rejected,0,2023-10-16,0,
APP803983,CUST101595,2023-05-24,Auto,Two Wheeler,2105000,36,12.98,48400,9100,1.653,1,Rejected,0,2023-06-11,0,
APP803984,CUST104199,2023-03-26,Personal,Debt Consolidation,341000,12,14.1,94500,16400,0.498,1,Rejected,0,2023-04-12,0,
APP803985,CUST100730,2023-06-27,Business,Business Expansion,6791000,84,13.04,65400,16100,2.136,0,Rejected,0,2023-07-17,0,
APP803986,CUST103667,2024-05-12,Gold,Gold Loan,305000,12,11.97,49300,16000,0.874,1,Approved,277000,2024-05-19,1,1
APP803987,CUST100828,2024-04-17,Personal,Travel,1182000,12,16.6,37200,3400,2.986,0,Rejected,0,2024-05-02,0,
APP803988,CUST104356,2023-04-17,Education,Skill Certification,3010000,120,9.54,13000,4400,3.0,0,Rejected,0,2023-04-28,0,
APP803989,CUST103550,2023-06-22,Personal,Wedding,423000,36,12.29,38000,12500,0.7,0,Rejected,0,2023-07-06,0,
APP803990,CUST104194,2023-08-16,Auto,Two Wheeler,2032000,48,9.79,21500,1800,2.469,1,Rejected,0,2023-08-28,0,
APP803991,CUST104110,2024-06-02,Personal,Travel,1287000,24,13.97,22200,4100,2.963,0,Under Review,0,,0,
APP803992,CUST100435,2024-04-11,Home,Plot Purchase,2941000,240,10.24,68000,2600,0.463,1,Approved,2342000,2024-04-12,1,0
APP803993,CUST103766,2023-10-31,Home,Plot Purchase,9125000,36,8.93,68600,18600,3.0,1,Rejected,0,2023-11-12,0,
APP803994,CUST104238,2022-08-02,Home,Home Purchase,2798000,36,8.18,47200,6100,1.991,1,Rejected,0,2022-08-08,0,
APP803995,CUST101707,2023-01-06,Personal,Wedding,952000,48,16.63,24100,5800,1.374,1,Rejected,0,2023-01-09,0,
APP803996,CUST100300,2024-02-28,Auto,Two Wheeler,1532000,84,13.78,51400,7100,0.693,1,Approved,1465000,2024-03-05,1,0
APP803997,CUST104494,2023-06-26,Personal,Wedding,606000,24,16.86,20100,2000,1.585,0,Approved,566000,2023-07-13,1,1
APP803998,CUST103673,2022-11-06,Home,Balance Transfer,6068000,60,8.73,34200,9500,3.0,1,Rejected,0,2022-11-09,0,
APP803999,CUST101748,2024-03-20,Personal,Travel,242000,48,14.13,316700,69400,0.24,1,Approved,220000,2024-03-31,1,0
APP804000,CUST100906,2024-05-26,Gold,Gold Loan,459000,24,14.15,34300,6700,0.838,1,Approved,437000,2024-05-27,1,0
APP804001,CUST104043,2022-10-07,Business,Business Expansion,3284000,12,18.78,88900,23100,3.0,0,Approved,2432000,2022-10-20,1,0
APP804002,CUST104972,2023-08-31,Personal,Wedding,358000,36,11.22,52300,5900,0.338,0,Approved,306000,2023-09-09,1,0
APP804003,CUST103806,2023-11-14,Business,Working Capital,528000,84,13.84,14800,2800,0.852,0,Approved,500000,2023-11-16,1,1
APP804004,CUST104588,2023-05-15,Personal,Medical Emergency,1054000,48,14.14,80200,9800,0.482,0,Approved,972000,2023-05-16,1,0
APP804005,CUST103995,2024-05-25,Home,Home Construction,3589000,24,8.05,28600,3500,3.0,1,Rejected,0,2024-05-26,0,
APP804006,CUST101343,2023-04-04,Auto,Used Car,448000,24,10.8,36300,2100,0.632,1,Approved,393000,2023-04-20,1,0
APP804007,CUST103991,2023-12-23,Personal,Medical Emergency,1384000,48,23.84,18900,1900,2.484,0,Rejected,0,2023-12-30,0,
APP804008,CUST102603,2023-05-13,Personal,Debt Consolidation,1439000,84,22.82,26300,3700,1.448,0,Rejected,0,2023-06-02,0,
APP804009,CUST104090,2023-01-03,Business,Business Expansion,1637000,12,18.25,48000,7100,3.0,0,Rejected,0,2023-01-08,0,
APP804010,CUST101386,2023-10-11,Personal,Debt Consolidation,226000,84,13.82,10000,100,0.431,0,Rejected,0,2023-10-26,0,
APP804011,CUST104385,2024-01-29,Home,Home Construction,9869000,12,10.47,40300,12500,3.0,1,Rejected,0,2024-02-08,0,
APP804012,CUST100540,2022-10-29,Business,Equipment Purchase,3111000,60,17.15,52400,12200,1.712,0,Rejected,0,2022-11-09,0,
APP804013,CUST103542,2022-12-25,Personal,Debt Consolidation,267000,36,21.76,79900,11500,0.271,0,Approved,229000,2023-01-07,1,0
APP804014,CUST102192,2022-09-24,Auto,Two Wheeler,2008000,36,12.17,175900,25100,0.523,1,Approved,1737000,2022-10-14,1,0
APP804015,CUST100397,2022-08-20,Home,Home Purchase,1946000,180,10.08,47500,2200,0.489,1,Rejected,0,2022-08-22,0,
APP804016,CUST104392,2023-01-26,Personal,Travel,85000,84,19.69,25800,700,0.099,0,Approved,66000,2023-01-29,1,0
APP804017,CUST101436,2023-04-03,Personal,Wedding,1289000,60,15.23,84300,29200,0.712,0,Approved,1024000,2023-04-19,1,0
APP804018,CUST101585,2022-09-06,Auto,Used Car,834000,24,10.63,46600,6900,0.98,1,Approved,667000,2022-09-23,1,0
APP804019,CUST104350,2023-11-25,Business,Business Expansion,1633000,60,19.14,57400,16800,1.034,0,Approved,1171000,2023-12-10,1,0
APP804020,CUST102883,2023-07-29,Auto,New Car,1581000,12,12.67,114400,20800,1.415,1,Approved,1197000,2023-08-17,1,0
APP804021,CUST101568,2023-04-02,Gold,Gold Loan,251000,24,9.37,34900,7700,0.55,1,Approved,184000,2023-04-12,1,0
APP804022,CUST103081,2022-11-10,Home,Plot Purchase,3101000,60,9.8,42200,11900,1.835,1,Approved,2736000,2022-11-21,1,0
APP804023,CUST100188,2023-12-03,Personal,Home Renovation,547000,36,18.08,154900,2800,0.146,0,Approved,436000,2023-12-04,1,0
APP804024,CUST102564,2023-08-12,Personal,Medical Emergency,755000,12,16.75,46200,13800,1.786,0,Approved,529000,2023-08-16,1,1
APP804025,CUST100655,2023-08-01,Auto,New Car,799000,60,13.83,44700,7100,0.573,1,Rejected,0,2023-08-21,0,
APP804026,CUST102825,2023-10-25,Personal,Debt Consolidation,384000,84,21.83,65400,22700,0.484,0,Approved,336000,2023-11-06,1,0
APP804027,CUST103616,2023-11-11,Personal,Medical Emergency,233000,60,20.24,92800,15600,0.235,0,Approved,187000,2023-11-18,1,0
APP804028,CUST102434,2023-01-29,Personal,Medical Emergency,672000,60,17.1,23600,1200,0.758,0,Rejected,0,2023-02-16,0,
APP804029,CUST101513,2024-03-14,Gold,Gold Loan,577000,24,9.95,15300,1100,1.807,1,Rejected,0,2024-03-16,0,
APP804030,CUST102173,2024-01-22,Education,Study Abroad,1900000,120,9.78,15100,2700,1.823,0,Approved,1417000,2024-02-05,1,1
APP804031,CUST102792,2023-09-25,Home,Balance Transfer,4450000,60,10.37,43600,15100,2.534,1,Rejected,0,2023-10-03,0,
APP804032,CUST102165,2023-01-17,Personal,Medical Emergency,782000,84,17.17,24800,1200,0.694,0,Rejected,0,2023-02-01,0,
APP804033,CUST102067,2024-05-10,Personal,Wedding,1391000,60,16.0,51400,15300,0.956,0,Approved,979000,2024-05-11,1,1
APP804034,CUST104118,2022-10-31,Auto,New Car,2363000,36,11.43,109800,5800,0.762,1,Approved,1771000,2022-11-03,1,0
APP804035,CUST102071,2024-05-09,Personal,Home Renovation,385000,36,15.69,59400,2000,0.261,0,Approved,300000,2024-05-21,1,0
APP804036,CUST103568,2023-09-13,Personal,Wedding,606000,48,13.94,83200,11200,0.333,0,Approved,509000,2023-09-20,1,1
APP804037,CUST100630,2022-12-24,Personal,Home Renovation,1287000,36,17.66,30000,6400,1.754,0,Rejected,0,2023-01-05,0,
APP804038,CUST103279,2023-06-08,Personal,Medical Emergency,686000,60,22.42,44600,10800,0.671,0,Rejected,0,2023-06-11,0,
APP804039,CUST102229,2023-12-25,Personal,Home Renovation,984000,12,16.68,44600,12300,2.287,0,Rejected,0,2024-01-01,0,
APP804040,CUST103622,2023-03-27,Personal,Home Renovation,110000,12,15.47,20700,6700,0.805,0,Approved,91000,2023-04-14,1,0
APP804041,CUST100162,2023-04-24,Business,Equipment Purchase,5593000,12,14.46,39100,9700,3.0,0,Rejected,0,2023-05-09,0,
APP804042,CUST104678,2022-08-05,Auto,Used Car,1851000,48,10.85,43900,12600,1.373,1,Rejected,0,2022-08-06,0,
APP804043,CUST100034,2024-06-05,Gold,Gold Loan,334000,24,11.99,55100,2100,0.323,1,Approved,278000,2024-06-17,1,1
APP804044,CUST104777,2022-12-14,Personal,Home Renovation,787000,84,17.4,38200,2300,0.486,0,Rejected,0,2022-12-23,0,
APP804045,CUST104384,2023-09-05,Personal,Medical Emergency,347000,84,18.62,57100,9800,0.302,0,Approved,293000,2023-09-13,1,0
APP804046,CUST104073,2022-12-27,Auto,Used Car,1193000,36,9.35,118100,24100,0.527,1,Approved,1139000,2023-01-10,1,0
APP804047,CUST103988,2023-06-11,Gold,Gold Loan,387000,36,12.9,48600,9700,0.467,1,Approved,278000,2023-06-28,1,0
APP804048,CUST102513,2022-07-31,Education,Higher Studies India,2790000,12,12.63,71200,20000,3.0,1,Rejected,0,2022-08-19,0,
APP804049,CUST102351,2022-12-17,Gold,Gold Loan,406000,12,12.35,22500,900,1.644,1,Approved,303000,2022-12-30,1,0
APP804050,CUST101062,2023-07-13,Auto,New Car,1571000,48,10.3,25900,8200,1.864,1,Approved,1280000,2023-07-22,1,0
APP804051,CUST100239,2023-06-11,Personal,Medical Emergency,949000,12,16.2,81500,5100,1.12,0,Approved,676000,2023-06-14,1,0
APP804052,CUST100375,2024-03-19,Personal,Wedding,181000,36,19.43,36200,11300,0.497,0,Approved,134000,2024-04-04,1,1
APP804053,CUST101194,2024-03-24,Auto,New Car,1124000,60,10.59,102600,33300,0.56,1,Approved,797000,2024-04-07,1,0
APP804054,CUST102934,2022-10-06,Personal,Debt Consolidation,950000,48,17.84,56700,13200,0.724,1,Approved,857000,2022-10-08,1,0
APP804055,CUST104938,2023-11-23,Education,Skill Certification,2715000,36,11.49,84200,1700,1.083,0,Approved,2616000,2023-12-08,1,0
APP804056,CUST103605,2023-01-03,Personal,Home Renovation,1251000,36,23.46,10000,1400,3.0,0,Rejected,0,2023-01-06,0,
APP804057,CUST101023,2023-02-22,Home,Home Construction,2132000,36,8.15,27900,2800,2.499,1,Approved,1642000,2023-03-05,1,1
APP804058,CUST100372,2022-10-09,Auto,Used Car,2347000,36,11.72,40900,4100,1.997,1,Approved,2062000,2022-10-16,1,1
APP804059,CUST101983,2024-04-22,Personal,Debt Consolidation,1117000,24,13.55,27500,9300,2.283,0,Rejected,0,2024-04-23,0,
APP804060,CUST101377,2024-03-13,Home,Home Purchase,6280000,180,8.47,41200,1900,1.546,1,Approved,5517000,2024-03-27,1,0
APP804061,CUST101982,2022-08-30,Auto,Used Car,1311000,48,13.23,11600,3700,3.0,1,Rejected,0,2022-09-18,0,
APP804062,CUST102105,2022-09-06,Personal,Travel,1252000,48,20.96,43000,1300,0.931,0,Approved,1074000,2022-09-12,1,0
APP804063,CUST100376,2023-08-02,Home,Balance Transfer,9763000,24,8.5,75100,2700,3.0,1,Rejected,0,2023-08-14,0,
APP804064,CUST100363,2022-12-10,Auto,Used Car,1629000,36,9.55,115600,7500,0.517,1,Approved,1340000,2022-12-20,1,0
APP804065,CUST102846,2024-06-01,Personal,Medical Emergency,1288000,12,19.88,50200,6200,2.497,0,Under Review,0,,0,
APP804066,CUST102993,2024-03-29,Business,Working Capital,579000,84,18.39,165900,38800,0.308,1,Approved,543000,2024-04-07,1,0
APP804067,CUST104286,2023-06-13,Business,Working Capital,5579000,60,16.04,67400,1900,2.044,0,Approved,5228000,2023-06-15,1,1
APP804068,CUST104498,2023-02-10,Personal,Medical Emergency,620000,60,17.35,115800,1500,0.147,0,Approved,436000,2023-03-01,1,0
APP804069,CUST103019,2023-03-14,Education,Skill Certification,2902000,120,11.17,64100,14700,0.857,0,Approved,2102000,2023-03-17,1,1
APP804070,CUST103681,2023-08-20,Gold,Gold Loan,71000,24,12.15,74800,4200,0.101,1,Approved,66000,2023-08-24,1,0
APP804071,CUST102371,2024-02-10,Auto,Two Wheeler,1854000,84,13.02,74900,3200,0.494,1,Approved,1694000,2024-02-21,1,0
APP804072,CUST101315,2023-01-18,Business,Working Capital,2559000,36,16.43,33000,1300,2.782,0,Rejected,0,2023-01-27,0,
APP804073,CUST102930,2024-04-30,Business,Equipment Purchase,5283000,84,17.53,33800,7700,3.0,0,Rejected,0,2024-05-18,0,
APP804074,CUST104755,2024-04-26,Home,Home Purchase,1789000,24,10.06,62700,7700,1.439,1,Rejected,0,2024-05-05,0,
APP804075,CUST104114,2022-10-25,Home,Plot Purchase,11947000,24,10.06,18700,2700,3.0,1,Rejected,0,2022-11-05,0,
APP804076,CUST101816,2023-09-06,Education,Skill Certification,1366000,48,9.87,65300,12700,0.724,0,Approved,1175000,2023-09-13,1,0
APP804077,CUST100080,2023-01-13,Education,Skill Certification,3643000,84,12.76,21900,700,3.0,0,Rejected,0,2023-01-17,0,
APP804078,CUST104738,2023-07-04,Personal,Wedding,1426000,60,20.05,24400,3000,1.67,0,Rejected,0,2023-07-17,0,
APP804079,CUST104011,2022-12-14,Personal,Medical Emergency,1145000,36,12.34,56500,17200,0.981,0,Approved,896000,2022-12-30,1,0
APP804080,CUST104255,2022-07-09,Home,Balance Transfer,9316000,36,9.63,68400,3800,3.0,1,Rejected,0,2022-07-28,0,
APP804081,CUST103207,2023-10-01,Personal,Travel,1405000,84,15.83,62000,10700,0.621,0,Rejected,0,2023-10-08,0,
APP804082,CUST100510,2022-07-14,Personal,Medical Emergency,529000,24,17.51,41000,5800,0.783,0,Rejected,0,2022-08-03,0,
APP804083,CUST103762,2023-01-30,Auto,New Car,1713000,60,12.52,39500,8400,1.19,1,Approved,1597000,2023-02-07,1,1
APP804084,CUST100127,2023-07-26,Personal,Home Renovation,735000,36,20.69,38900,1100,0.736,0,Approved,639000,2023-08-12,1,1
APP804085,CUST104789,2024-04-25,Personal,Wedding,493000,48,22.21,42800,8400,0.561,1,Approved,361000,2024-04-28,1,0
APP804086,CUST103287,2023-06-27,Auto,Two Wheeler,2413000,12,11.22,41500,12500,3.0,1,Approved,2356000,2023-07-01,1,0
APP804087,CUST100053,2023-08-14,Business,Equipment Purchase,6494000,24,17.48,23300,1700,3.0,0,Rejected,0,2023-08-25,0,
APP804088,CUST100147,2023-08-24,Personal,Debt Consolidation,870000,12,19.86,32100,8700,2.781,0,Rejected,0,2023-08-30,0,
APP804089,CUST101844,2022-09-04,Home,Home Purchase,4625000,84,9.03,39500,4600,2.003,1,Rejected,0,2022-09-24,0,
APP804090,CUST100902,2024-06-15,Auto,New Car,1288000,24,9.03,100500,31200,0.896,1,Approved,946000,2024-06-28,1,1
APP804091,CUST103038,2022-09-25,Gold,Gold Loan,292000,36,9.56,12100,2200,0.956,1,Rejected,0,2022-10-13,0,
APP804092,CUST102642,2023-04-18,Home,Plot Purchase,1992000,48,8.69,32500,700,1.536,1,Rejected,0,2023-05-04,0,
APP804093,CUST103587,2023-07-20,Auto,New Car,1272000,48,12.25,58400,100,0.578,1,Approved,931000,2023-07-23,1,1
APP804094,CUST101707,2023-10-16,Education,Skill Certification,3932000,48,9.77,24100,7500,3.0,0,Rejected,0,2023-11-01,0,
APP804095,CUST100964,2024-01-02,Education,Study Abroad,2038000,48,10.12,69300,18600,1.015,1,Approved,1540000,2024-01-06,1,0
APP804096,CUST101442,2022-07-01,Personal,Wedding,360000,24,12.37,33100,5800,0.688,0,Approved,326000,2022-07-10,1,1
APP804097,CUST101000,2023-09-09,Personal,Medical Emergency,806000,24,13.35,35900,2400,1.137,0,Approved,712000,2023-09-12,1,1
APP804098,CUST101614,2023-09-22,Auto,New Car,2130000,12,9.64,43200,11900,3.0,1,Rejected,0,2023-10-06,0,
APP804099,CUST102757,2024-04-09,Home,Home Construction,7083000,60,10.09,26300,2100,3.0,1,Rejected,0,2024-04-15,0,
APP804100,CUST101612,2022-10-27,Education,Skill Certification,1301000,120,11.21,44600,11200,0.657,0,Approved,1012000,2022-11-04,1,0
APP804101,CUST104374,2022-07-19,Home,Balance Transfer,4746000,48,9.32,68600,15700,1.96,1,Approved,4148000,2022-08-07,1,0
APP804102,CUST103553,2022-12-07,Personal,Travel,290000,84,21.33,10000,1100,0.777,1,Rejected,0,2022-12-13,0,
APP804103,CUST103945,2023-07-31,Education,Study Abroad,1197000,60,9.17,18800,2500,1.458,0,Rejected,0,2023-08-19,0,
APP804104,CUST103926,2022-11-22,Auto,Used Car,773000,60,11.29,67500,8800,0.381,1,Rejected,0,2022-11-26,0,
APP804105,CUST101853,2023-03-07,Personal,Medical Emergency,1345000,60,18.78,39200,10600,1.155,0,Approved,1344000,2023-03-20,1,0
APP804106,CUST102185,2022-07-04,Personal,Travel,132000,12,14.45,15000,2300,0.947,0,Approved,127000,2022-07-14,1,1
APP804107,CUST101419,2024-05-31,Personal,Debt Consolidation,574000,24,11.49,19900,3100,1.509,0,Under Review,0,,0,
APP804108,CUST100942,2023-03-27,Personal,Wedding,542000,60,17.34,76300,14100,0.363,0,Approved,444000,2023-04-04,1,0
APP804109,CUST102699,2023-11-13,Personal,Home Renovation,1383000,12,16.59,11400,800,3.0,0,Rejected,0,2023-11-25,0,
APP804110,CUST104855,2023-06-22,Personal,Medical Emergency,369000,24,17.26,70100,13800,0.458,0,Approved,311000,2023-06-24,1,0
APP804111,CUST100011,2023-12-18,Personal,Medical Emergency,1379000,60,19.73,48200,14300,1.049,0,Approved,1052000,2023-12-27,1,1
APP804112,CUST101968,2024-03-04,Home,Plot Purchase,4227000,180,8.32,115700,36800,0.674,1,Approved,3404000,2024-03-13,1,0
APP804113,CUST101549,2024-05-30,Education,Higher Studies India,3605000,48,10.51,13700,3200,3.0,0,Under Review,0,,0,
APP804114,CUST101091,2022-12-14,Home,Plot Purchase,6784000,36,9.13,42500,14300,3.0,1,Rejected,0,2022-12-21,0,
APP804115,CUST100391,2023-03-01,Home,Plot Purchase,2024000,48,10.42,10200,2100,3.0,1,Rejected,0,2023-03-20,0,
APP804116,CUST101373,2022-08-21,Auto,Used Car,319000,48,10.39,13200,4100,0.929,1,Approved,283000,2022-09-09,1,1
APP804117,CUST101201,2022-12-10,Personal,Debt Consolidation,1027000,12,17.52,37700,4700,2.613,1,Rejected,0,2022-12-18,0,
APP804118,CUST103388,2024-06-13,Personal,Wedding,1466000,24,19.4,27600,600,2.705,0,Under Review,0,,0,
APP804119,CUST103246,2023-07-02,Personal,Travel,1448000,84,13.96,65500,700,0.424,0,Approved,1421000,2023-07-03,1,0
APP804120,CUST100554,2023-04-18,Personal,Home Renovation,652000,84,18.98,30800,7900,0.713,0,Rejected,0,2023-04-30,0,
APP804121,CUST103482,2022-11-19,Personal,Medical Emergency,1025000,36,15.06,69600,14000,0.712,0,Approved,803000,2022-11-28,1,0
APP804122,CUST102478,2023-03-21,Personal,Wedding,787000,60,20.52,45500,9500,0.672,1,Approved,639000,2023-03-30,1,0
APP804123,CUST101950,2023-04-19,Gold,Gold Loan,101000,12,13.9,28600,5200,0.499,1,Rejected,0,2023-04-26,0,
APP804124,CUST104387,2022-12-31,Business,Business Expansion,396000,12,18.35,69400,600,0.533,0,Rejected,0,2023-01-03,0,
APP804125,CUST103670,2023-07-04,Gold,Gold Loan,677000,36,13.69,17400,2000,1.438,1,Rejected,0,2023-07-10,0,
APP804126,CUST101390,2022-11-29,Education,Study Abroad,1630000,120,10.61,117100,36300,0.499,0,Approved,1359000,2022-12-14,1,0
APP804127,CUST104535,2022-12-31,Personal,Travel,1497000,36,19.4,45900,13500,1.497,1,Rejected,0,2023-01-06,0,
APP804128,CUST104462,2024-04-06,Business,Business Expansion,3470000,12,14.22,51500,7800,3.0,0,Rejected,0,2024-04-17,0,
APP804129,CUST101904,2022-08-22,Business,Business Expansion,1782000,48,16.42,35400,4000,1.549,0,Rejected,0,2022-09-09,0,
APP804130,CUST100828,2023-10-31,Home,Plot Purchase,6687000,36,8.11,37200,7000,3.0,1,Rejected,0,2023-11-06,0,
APP804131,CUST103804,2024-06-01,Personal,Wedding,412000,84,12.37,10000,700,0.805,0,Under Review,0,,0,
APP804132,CUST101098,2023-01-30,Business,Working Capital,6901000,84,17.04,54500,1000,2.608,0,Rejected,0,2023-02-04,0,
APP804133,CUST104622,2023-02-06,Gold,Gold Loan,44000,12,10.5,46400,10700,0.314,1,Approved,34000,2023-02-11,1,1
APP804134,CUST101643,2023-09-24,Personal,Wedding,675000,84,18.04,57000,9900,0.423,0,Approved,561000,2023-10-03,1,0
APP804135,CUST103263,2023-05-10,Personal,Travel,257000,36,16.36,35600,9600,0.524,1,Approved,248000,2023-05-15,1,0
APP804136,CUST103412,2022-10-25,Personal,Debt Consolidation,185000,60,16.21,108600,14300,0.173,1,Approved,144000,2022-11-05,1,0
APP804137,CUST101458,2023-03-15,Auto,Used Car,1125000,60,11.67,36100,6800,0.876,1,Approved,1037000,2023-03-16,1,0
APP804138,CUST104762,2024-03-07,Personal,Wedding,1297000,36,15.08,40400,12600,1.427,0,Approved,1030000,2024-03-25,1,1
APP804139,CUST104059,2024-02-27,Business,Equipment Purchase,5833000,24,19.0,75300,6800,3.0,0,Rejected,0,2024-03-03,0,
APP804140,CUST101835,2023-08-03,Personal,Wedding,210000,84,18.77,57700,4600,0.158,0,Approved,207000,2023-08-15,1,0
APP804141,CUST102769,2024-03-07,Business,Business Expansion,2040000,36,17.65,58200,9800,1.429,0,Approved,1606000,2024-03-27,1,0
APP804142,CUST101204,2023-07-13,Personal,Travel,688000,60,18.22,45000,13900,0.699,0,Approved,626000,2023-07-14,1,0
APP804143,CUST104865,2024-03-29,Gold,Gold Loan,176000,24,10.15,57200,10900,0.333,1,Approved,169000,2024-04-18,1,0
APP804144,CUST103436,2024-05-30,Business,Equipment Purchase,2027000,24,17.77,16600,1100,3.0,0,Rejected,0,2024-06-02,0,
APP804145,CUST100605,2022-12-17,Personal,Medical Emergency,214000,24,14.06,11600,500,0.933,0,Rejected,0,2023-01-03,0,
APP804146,CUST102599,2023-04-25,Business,Business Expansion,735000,48,15.76,24600,6800,1.121,0,Rejected,0,2023-05-07,0,
APP804147,CUST104369,2023-08-30,Home,Balance Transfer,11708000,180,9.02,26800,7300,3.0,1,Rejected,0,2023-09-14,0,
APP804148,CUST100555,2023-01-31,Education,Higher Studies India,1495000,120,9.74,63200,6200,0.408,0,Approved,1311000,2023-02-09,1,0
APP804149,CUST101330,2022-07-05,Personal,Home Renovation,1117000,24,23.39,38900,3700,1.606,0,Approved,999000,2022-07-13,1,1
APP804150,CUST102526,2023-02-20,Home,Balance Transfer,11560000,48,9.09,74300,25600,3.0,1,Rejected,0,2023-03-04,0,
APP804151,CUST101459,2024-03-28,Auto,New Car,1302000,48,9.74,123800,10700,0.352,1,Approved,1178000,2024-04-09,1,0
APP804152,CUST104499,2022-10-08,Home,Plot Purchase,5081000,84,9.74,18200,2300,3.0,1,Rejected,0,2022-10-11,0,
APP804153,CUST104377,2024-02-20,Personal,Debt Consolidation,326000,84,15.15,31100,6400,0.409,0,Rejected,0,2024-03-05,0,
APP804154,CUST103078,2023-07-10,Personal,Medical Emergency,914000,48,14.1,117500,21900,0.399,0,Approved,826000,2023-07-21,1,1
APP804155,CUST100958,2024-01-19,Education,Study Abroad,1499000,12,9.04,10000,2400,3.0,0,Rejected,0,2024-01-28,0,
APP804156,CUST101872,2022-07-18,Gold,Gold Loan,686000,36,10.44,30900,3200,0.823,1,Rejected,0,2022-08-02,0,
APP804157,CUST101061,2024-02-22,Personal,Debt Consolidation,1124000,48,22.84,28200,6300,1.5,0,Approved,1009000,2024-03-13,1,0
APP804158,CUST100700,2023-04-14,Home,Balance Transfer,9638000,120,9.9,43300,7600,3.0,1,Rejected,0,2023-04-22,0,
APP804159,CUST104734,2023-04-15,Business,Business Expansion,4898000,48,13.11,106400,29100,1.511,0,Rejected,0,2023-04-19,0,
APP804160,CUST104334,2023-09-24,Auto,Two Wheeler,773000,48,13.36,30300,6600,0.908,1,Approved,554000,2023-10-05,1,0
APP804161,CUST104335,2022-12-24,Auto,New Car,359000,84,10.0,18000,5100,0.615,1,Approved,313000,2023-01-01,1,0
APP804162,CUST103363,2024-04-01,Home,Home Purchase,7709000,48,9.19,23500,4400,3.0,1,Rejected,0,2024-04-04,0,
APP804163,CUST100296,2023-01-11,Personal,Travel,980000,12,22.73,77500,25500,1.518,0,Approved,719000,2023-01-14,1,1
APP804164,CUST103059,2023-03-12,Auto,Two Wheeler,1690000,24,10.8,54800,17400,1.751,1,Approved,1661000,2023-04-01,1,0
APP804165,CUST101584,2022-07-04,Business,Equipment Purchase,6557000,84,18.39,29200,3200,3.0,0,Rejected,0,2022-07-17,0,
APP804166,CUST102436,2024-03-02,Personal,Travel,1308000,36,17.35,59200,3400,0.849,1,Approved,1084000,2024-03-20,1,1
APP804167,CUST104806,2024-02-20,Personal,Home Renovation,226000,84,20.76,26100,3900,0.346,0,Approved,224000,2024-02-26,1,0
APP804168,CUST103120,2023-05-18,Personal,Wedding,740000,84,17.44,133300,9000,0.182,0,Approved,569000,2023-05-23,1,0
APP804169,CUST104665,2024-01-27,Auto,New Car,676000,60,9.29,34300,1900,0.467,1,Approved,518000,2024-02-16,1,0
APP804170,CUST104521,2024-03-27,Business,Working Capital,4070000,60,14.29,37200,5300,2.702,0,Rejected,0,2024-04-11,0,
APP804171,CUST102074,2022-11-17,Education,Higher Studies India,446000,84,9.38,58700,5300,0.214,0,Approved,377000,2022-12-05,1,0
APP804172,CUST101743,2023-08-08,Personal,Debt Consolidation,595000,36,18.66,43000,1800,0.547,0,Approved,576000,2023-08-19,1,1
APP804173,CUST104239,2024-05-12,Education,Study Abroad,2744000,24,10.77,88800,18600,1.646,0,Rejected,0,2024-05-16,0,
APP804174,CUST104293,2022-07-13,Personal,Wedding,589000,48,13.18,10000,1300,1.715,0,Rejected,0,2022-07-28,0,
APP804175,CUST103361,2023-11-20,Personal,Travel,1209000,84,22.7,36000,5700,0.96,0,Approved,1155000,2023-12-09,1,1
APP804176,CUST100710,2023-12-03,Personal,Medical Emergency,126000,60,19.95,38100,100,0.09,0,Rejected,0,2023-12-04,0,
APP804177,CUST100199,2024-04-03,Gold,Gold Loan,610000,36,13.51,17300,3200,1.385,1,Rejected,0,2024-04-14,0,
APP804178,CUST100594,2022-09-23,Auto,Used Car,1997000,60,11.48,53300,15300,1.111,1,Rejected,0,2022-09-25,0,
APP804179,CUST104761,2024-03-18,Education,Higher Studies India,1486000,84,9.58,77800,3800,0.362,0,Approved,1269000,2024-03-26,1,0
APP804180,CUST104837,2024-01-08,Gold,Gold Loan,502000,24,13.15,50400,8300,0.639,1,Approved,419000,2024-01-14,1,0
APP804181,CUST101784,2022-12-12,Auto,Used Car,2353000,12,13.4,24100,5200,3.0,1,Rejected,0,2022-12-17,0,
APP804182,CUST101988,2023-08-04,Business,Business Expansion,3556000,24,16.88,188800,32100,1.1,0,Approved,2746000,2023-08-10,1,0
APP804183,CUST102575,2022-12-21,Home,Plot Purchase,5293000,180,8.37,29300,2600,1.856,1,Rejected,0,2022-12-31,0,
APP804184,CUST103616,2024-01-17,Home,Balance Transfer,11718000,240,8.47,92800,11200,1.214,1,Approved,10855000,2024-01-24,1,0
APP804185,CUST100656,2023-06-29,Business,Equipment Purchase,4100000,12,14.48,46800,16000,3.0,0,Rejected,0,2023-07-17,0,
APP804186,CUST101642,2023-12-07,Personal,Medical Emergency,903000,60,13.7,40400,13700,0.857,0,Rejected,0,2023-12-27,0,
APP804187,CUST100794,2023-10-08,Home,Balance Transfer,7565000,84,9.58,55700,3900,2.295,1,Approved,6325000,2023-10-27,1,1
APP804188,CUST104173,2023-09-05,Home,Plot Purchase,9052000,36,10.33,99900,6700,3.0,1,Rejected,0,2023-09-17,0,
APP804189,CUST101372,2024-04-27,Home,Balance Transfer,5955000,12,10.4,41200,5000,3.0,1,Rejected,0,2024-05-01,0,
APP804190,CUST100044,2024-06-14,Home,Home Purchase,4206000,36,9.29,89500,11300,1.628,1,Under Review,0,,0,
APP804191,CUST102192,2024-02-26,Personal,Home Renovation,1351000,48,23.24,175900,42500,0.489,0,Approved,1256000,2024-03-03,1,0
APP804192,CUST103863,2023-07-13,Home,Home Purchase,3373000,48,8.18,28700,3300,2.995,1,Rejected,0,2023-07-20,0,
APP804193,CUST100629,2024-04-13,Gold,Gold Loan,338000,24,10.94,19900,6800,1.135,1,Approved,328000,2024-04-30,1,0
APP804194,CUST100496,2022-11-12,Home,Plot Purchase,11971000,12,9.66,31800,2800,3.0,1,Rejected,0,2022-11-27,0,
APP804195,CUST103067,2023-10-07,Education,Study Abroad,1532000,24,9.5,61100,8700,1.294,1,Approved,1272000,2023-10-23,1,0
APP804196,CUST101224,2024-04-16,Auto,Used Car,1134000,60,9.39,59400,12700,0.614,1,Approved,896000,2024-05-03,1,0
APP804197,CUST101487,2023-05-30,Personal,Home Renovation,1219000,60,12.02,85600,6500,0.393,1,Approved,1059000,2023-06-12,1,0
APP804198,CUST103988,2023-06-25,Personal,Wedding,941000,60,22.94,48600,1000,0.566,0,Approved,797000,2023-07-12,1,0
APP804199,CUST104323,2023-06-08,Home,Home Purchase,8474000,180,9.85,61000,15900,1.739,1,Approved,7687000,2023-06-11,1,0
APP804200,CUST103274,2024-05-16,Auto,New Car,1280000,36,9.8,28300,400,1.468,1,Approved,972000,2024-05-26,1,1
APP804201,CUST103268,2024-04-13,Auto,New Car,1503000,60,12.57,18100,5100,2.153,1,Rejected,0,2024-05-03,0,
APP804202,CUST101654,2022-12-17,Home,Home Purchase,11943000,24,8.44,39500,5700,3.0,1,Rejected,0,2023-01-04,0,
APP804203,CUST100843,2022-12-17,Business,Business Expansion,5448000,12,19.45,14400,4200,3.0,0,Rejected,0,2022-12-31,0,
APP804204,CUST104606,2024-05-02,Home,Home Construction,11063000,24,8.93,61600,4900,3.0,1,Rejected,0,2024-05-04,0,
APP804205,CUST101998,2023-09-14,Personal,Medical Emergency,315000,84,18.93,29000,1800,0.296,0,Rejected,0,2023-09-22,0,
APP804206,CUST103333,2022-10-21,Auto,New Car,2205000,84,9.29,52400,10200,0.878,1,Approved,2150000,2022-11-09,1,0
APP804207,CUST103460,2023-08-26,Home,Balance Transfer,11174000,60,9.24,116900,10500,2.085,1,Rejected,0,2023-09-04,0,
APP804208,CUST103155,2024-05-31,Home,Home Purchase,2075000,84,10.15,10000,200,3.0,1,Rejected,0,2024-06-05,0,
APP804209,CUST100598,2023-01-31,Auto,Used Car,1346000,60,13.78,60400,3900,0.581,1,Rejected,0,2023-02-20,0,
APP804210,CUST101527,2023-06-30,Personal,Travel,125000,84,23.76,39600,9300,0.312,0,Approved,90000,2023-07-02,1,0
APP804211,CUST101575,2023-05-18,Gold,Gold Loan,55000,12,12.56,10000,1300,0.62,1,Rejected,0,2023-05-24,0,
APP804212,CUST101961,2022-09-19,Business,Equipment Purchase,1767000,84,15.71,23100,5000,1.721,0,Rejected,0,2022-10-04,0,
APP804213,CUST104107,2024-04-01,Personal,Wedding,484000,24,16.87,110800,500,0.22,0,Rejected,0,2024-04-06,0,
APP804214,CUST100130,2023-04-07,Personal,Wedding,1058000,36,22.38,40200,6600,1.173,0,Rejected,0,2023-04-08,0,
APP804215,CUST104295,2022-11-29,Personal,Medical Emergency,1265000,84,22.92,66800,19200,0.742,0,Approved,962000,2022-12-01,1,1
APP804216,CUST103752,2024-01-05,Personal,Medical Emergency,1373000,48,14.52,30100,1200,1.297,1,Rejected,0,2024-01-23,0,
APP804217,CUST102458,2022-12-27,Business,Working Capital,5197000,60,17.15,56100,9000,2.47,1,Rejected,0,2023-01-12,0,
APP804218,CUST104908,2022-12-05,Personal,Wedding,1385000,48,21.61,12700,400,3.0,0,Rejected,0,2022-12-20,0,
APP804219,CUST102815,2023-01-14,Home,Home Purchase,2659000,240,9.87,135300,15200,0.3,1,Approved,2623000,2023-01-15,1,0
APP804220,CUST101694,2023-07-29,Auto,New Car,396000,12,13.32,11200,3500,3.0,1,Rejected,0,2023-08-18,0,
APP804221,CUST103407,2023-03-28,Home,Home Purchase,10876000,12,8.27,38500,8500,3.0,1,Rejected,0,2023-04-12,0,
APP804222,CUST101031,2022-10-06,Gold,Gold Loan,632000,24,10.5,86900,9100,0.442,1,Approved,558000,2022-10-17,1,0
APP804223,CUST102604,2024-03-14,Home,Home Construction,5638000,84,9.84,39000,13100,2.726,1,Rejected,0,2024-04-02,0,
APP804224,CUST101649,2024-04-08,Auto,New Car,791000,24,13.58,26600,9300,1.771,1,Rejected,0,2024-04-09,0,
APP804225,CUST104345,2023-04-04,Personal,Medical Emergency,410000,84,15.49,26000,6800,0.571,0,Approved,343000,2023-04-20,1,0
APP804226,CUST104314,2023-12-23,Business,Business Expansion,2873000,24,14.28,32000,3300,3.0,0,Rejected,0,2023-12-30,0,
APP804227,CUST104433,2022-09-20,Auto,Used Car,700000,36,11.35,51800,9900,0.635,1,Rejected,0,2022-10-01,0,
APP804228,CUST100225,2022-09-17,Home,Plot Purchase,10257000,84,9.91,69100,800,2.469,1,Approved,8590000,2022-10-06,1,1
APP804229,CUST103172,2024-04-17,Personal,Travel,1126000,48,13.28,46400,1400,0.684,0,Rejected,0,2024-04-23,0,
APP804230,CUST100471,2022-10-19,Personal,Wedding,1346000,84,19.28,57900,6200,0.613,0,Approved,948000,2022-10-28,1,1
APP804231,CUST103718,2023-09-27,Personal,Medical Emergency,1033000,48,23.47,23300,7000,1.732,0,Approved,911000,2023-10-10,1,0
APP804232,CUST102597,2023-12-09,Business,Business Expansion,6599000,60,15.22,23400,400,3.0,0,Approved,5966000,2023-12-28,1,0
APP804233,CUST100614,2022-12-17,Auto,Used Car,2351000,60,10.61,20200,5600,2.783,1,Rejected,0,2022-12-21,0,
APP804234,CUST103567,2024-04-02,Home,Home Construction,8169000,84,9.66,27600,2500,3.0,1,Rejected,0,2024-04-21,0,
APP804235,CUST103247,2022-08-28,Personal,Medical Emergency,334000,48,20.38,66500,20100,0.456,1,Approved,270000,2022-08-30,1,1
APP804236,CUST101923,2024-04-06,Home,Home Purchase,10182000,84,10.07,26500,4100,3.0,1,Rejected,0,2024-04-24,0,
APP804237,CUST104719,2023-06-26,Home,Home Purchase,2010000,24,8.06,105100,32000,1.169,1,Approved,1566000,2023-07-01,1,0
APP804238,CUST103423,2024-06-06,Business,Working Capital,2477000,36,16.52,60300,16200,1.722,0,Approved,1889000,2024-06-22,1,0
APP804239,CUST102779,2024-04-24,Home,Home Construction,10038000,12,10.29,51300,9000,3.0,1,Rejected,0,2024-05-08,0,
APP804240,CUST104127,2023-05-30,Personal,Travel,1319000,36,19.46,53000,14700,1.197,0,Rejected,0,2023-06-14,0,
APP804241,CUST103086,2023-06-21,Personal,Home Renovation,859000,60,15.94,47300,6500,0.578,0,Approved,657000,2023-07-05,1,0
APP804242,CUST102056,2022-11-12,Auto,Used Car,1297000,24,12.48,57300,4500,1.149,1,Approved,958000,2022-11-22,1,1
APP804243,CUST101304,2023-08-29,Home,Home Purchase,6671000,36,9.38,16100,4400,3.0,1,Rejected,0,2023-09-17,0,
APP804244,CUST100316,2023-05-24,Personal,Debt Consolidation,240000,36,22.58,51200,13900,0.452,0,Approved,219000,2023-06-02,1,0
APP804245,CUST104045,2024-02-23,Education,Study Abroad,1551000,48,12.34,50700,16600,1.137,0,Approved,1148000,2024-03-10,1,0
APP804246,CUST103717,2023-09-18,Home,Home Purchase,4796000,240,8.34,138600,10700,0.374,1,Approved,4225000,2023-09-20,1,0
APP804247,CUST102507,2023-03-21,Business,Equipment Purchase,6869000,48,15.92,57100,11300,3.0,0,Rejected,0,2023-03-26,0,
APP804248,CUST104724,2023-01-29,Business,Business Expansion,1642000,12,17.74,85800,24000,2.033,0,Rejected,0,2023-02-05,0,
APP804249,CUST102518,2023-02-04,Business,Working Capital,2069000,36,14.52,17100,2900,3.0,0,Rejected,0,2023-02-07,0,
APP804250,CUST100406,2023-06-16,Business,Business Expansion,2309000,84,13.74,93900,20000,0.67,1,Rejected,0,2023-06-25,0,
APP804251,CUST104053,2023-06-24,Auto,Two Wheeler,1598000,84,10.77,21400,7300,1.612,1,Rejected,0,2023-07-12,0,
APP804252,CUST103821,2022-11-21,Personal,Medical Emergency,154000,24,18.4,16100,1300,0.559,1,Rejected,0,2022-11-30,0,
APP804253,CUST100805,2023-01-31,Personal,Home Renovation,972000,60,23.67,72600,25300,0.732,0,Approved,752000,2023-02-14,1,1
APP804254,CUST101209,2023-01-14,Gold,Gold Loan,489000,24,12.24,31400,7100,0.962,1,Approved,441000,2023-01-30,1,0
APP804255,CUST100326,2023-04-10,Personal,Travel,490000,60,20.65,26000,7200,0.782,0,Rejected,0,2023-04-18,0,
APP804256,CUST102864,2023-11-14,Home,Home Construction,5478000,36,9.56,27800,4200,3.0,1,Rejected,0,2023-11-27,0,
APP804257,CUST103695,2024-02-05,Education,Higher Studies India,1147000,120,11.75,67000,4500,0.31,0,Approved,951000,2024-02-06,1,0
APP804258,CUST104444,2023-03-04,Auto,New Car,1590000,36,11.88,46400,11600,1.385,1,Rejected,0,2023-03-21,0,
APP804259,CUST102906,2024-02-24,Education,Skill Certification,457000,12,11.56,17000,1500,2.477,0,Rejected,0,2024-03-06,0,
APP804260,CUST104117,2022-07-18,Home,Home Purchase,10875000,60,9.17,10000,1900,3.0,1,Rejected,0,2022-08-05,0,
APP804261,CUST102263,2022-10-01,Education,Skill Certification,2364000,60,10.37,29000,2300,1.828,0,Approved,2260000,2022-10-04,1,0
APP804262,CUST104337,2022-08-21,Gold,Gold Loan,555000,36,12.51,58600,3200,0.372,1,Approved,518000,2022-09-03,1,0
APP804263,CUST102406,2023-06-19,Personal,Home Renovation,636000,84,12.28,25700,8700,0.78,0,Approved,533000,2023-07-05,1,1
APP804264,CUST101444,2023-05-25,Home,Home Construction,7251000,60,9.07,52300,5100,2.983,1,Approved,6700000,2023-05-31,1,1
APP804265,CUST104611,2023-06-11,Personal,Wedding,1172000,12,17.66,10000,2500,3.0,0,Rejected,0,2023-06-18,0,
APP804266,CUST101632,2024-01-12,Education,Higher Studies India,1738000,12,12.0,29200,3200,3.0,0,Rejected,0,2024-01-23,0,
APP804267,CUST102281,2022-07-09,Auto,New Car,523000,24,11.68,28200,6000,1.082,1,Approved,440000,2022-07-11,1,0
APP804268,CUST103834,2024-03-03,Personal,Travel,79000,12,16.37,59900,12900,0.335,0,Approved,72000,2024-03-08,1,0
APP804269,CUST103501,2023-04-12,Home,Plot Purchase,6966000,120,8.41,43900,6100,2.099,1,Approved,5145000,2023-04-22,1,1
APP804270,CUST103604,2023-02-23,Home,Home Purchase,7297000,48,8.08,22600,1300,3.0,1,Rejected,0,2023-03-01,0,
APP804271,CUST101813,2023-04-08,Personal,Home Renovation,1198000,36,22.46,262100,13600,0.228,0,Approved,954000,2023-04-13,1,0
APP804272,CUST101415,2023-04-28,Personal,Travel,1355000,60,14.96,77400,5100,0.482,1,Approved,1072000,2023-05-16,1,0
APP804273,CUST101277,2023-04-24,Personal,Wedding,992000,48,23.25,68600,9700,0.607,0,Approved,973000,2023-05-08,1,0
APP804274,CUST104010,2023-09-25,Business,Equipment Purchase,4246000,12,19.3,49200,14900,3.0,0,Approved,3994000,2023-09-29,1,1
APP804275,CUST104477,2022-08-30,Personal,Wedding,1452000,12,13.27,53200,5700,2.548,1,Rejected,0,2022-09-05,0,
APP804276,CUST100466,2024-05-17,Personal,Home Renovation,395000,84,11.13,28200,5000,0.418,0,Approved,336000,2024-05-19,1,0
APP804277,CUST102050,2022-09-17,Personal,Travel,894000,12,11.45,132800,23700,0.775,0,Approved,866000,2022-09-30,1,0
APP804278,CUST103179,2022-08-28,Auto,Two Wheeler,2443000,48,12.44,46200,11300,1.65,1,Approved,2280000,2022-09-09,1,1
APP804279,CUST103501,2023-07-10,Auto,New Car,539000,24,10.49,43900,6500,0.718,1,Rejected,0,2023-07-12,0,
APP804280,CUST101866,2022-09-05,Education,Study Abroad,3466000,48,10.06,10000,1700,3.0,0,Rejected,0,2022-09-11,0,
APP804281,CUST101816,2023-01-07,Personal,Debt Consolidation,321000,36,17.83,65300,4700,0.249,1,Approved,298000,2023-01-13,1,0
APP804282,CUST101922,2023-12-16,Home,Home Purchase,4188000,36,9.49,33300,8200,3.0,1,Rejected,0,2024-01-05,0,
APP804283,CUST102328,2023-11-21,Personal,Wedding,835000,48,21.74,32000,9800,1.126,0,Approved,624000,2023-11-26,1,0
APP804284,CUST103771,2023-02-04,Home,Home Construction,4505000,60,10.08,70200,4000,1.423,1,Approved,3998000,2023-02-17,1,0
APP804285,CUST103991,2023-07-14,Auto,Two Wheeler,1413000,48,10.7,18900,5900,2.236,1,Rejected,0,2023-08-01,0,
APP804286,CUST101066,2022-07-25,Gold,Gold Loan,675000,36,11.95,22900,1900,1.062,1,Approved,608000,2022-07-29,1,1
APP804287,CUST100521,2023-12-01,Personal,Travel,68000,24,22.0,25700,7700,0.437,0,Rejected,0,2023-12-14,0,
APP804288,CUST103979,2024-04-27,Personal,Medical Emergency,520000,24,11.03,17500,3300,1.574,0,Rejected,0,2024-05-16,0,
APP804289,CUST100514,2024-06-06,Education,Study Abroad,3264000,36,10.3,40600,13200,2.93,0,Under Review,0,,0,
APP804290,CUST102307,2023-03-13,Home,Home Purchase,8940000,84,9.11,41100,5300,3.0,1,Rejected,0,2023-03-19,0,
APP804291,CUST101069,2023-01-09,Personal,Debt Consolidation,1366000,60,23.23,18000,2900,2.31,1,Rejected,0,2023-01-19,0,
APP804292,CUST104762,2023-03-07,Gold,Gold Loan,450000,12,13.92,40400,4700,1.117,1,Approved,321000,2023-03-14,1,0
APP804293,CUST104775,2023-11-03,Home,Plot Purchase,4438000,120,9.27,150000,15500,0.482,1,Approved,4002000,2023-11-20,1,0
APP804294,CUST102629,2022-07-08,Home,Home Construction,1585000,48,8.32,58500,3000,0.717,1,Rejected,0,2022-07-26,0,
APP804295,CUST101998,2024-02-28,Education,Higher Studies India,2598000,24,9.48,29000,1900,3.0,0,Rejected,0,2024-03-01,0,
APP804296,CUST102921,2022-09-01,Personal,Wedding,296000,60,16.59,40600,6100,0.33,1,Approved,250000,2022-09-12,1,0
APP804297,CUST101121,2024-02-25,Business,Business Expansion,6313000,12,13.81,83700,10600,3.0,0,Rejected,0,2024-03-02,0,
APP804298,CUST103611,2024-01-04,Business,Working Capital,3933000,24,17.99,20000,5900,3.0,0,Rejected,0,2024-01-09,0,
APP804299,CUST100472,2023-02-06,Home,Balance Transfer,11146000,180,8.53,31600,11100,3.0,1,Rejected,0,2023-02-16,0,
APP804300,CUST104637,2024-06-18,Business,Business Expansion,2931000,48,19.88,60700,6700,1.576,1,Under Review,0,,0,
APP804301,CUST103712,2022-07-19,Personal,Travel,1448000,24,15.95,45600,7200,1.713,0,Rejected,0,2022-07-25,0,
APP804302,CUST104747,2024-02-26,Auto,Used Car,1584000,84,12.86,16500,0,1.735,1,Rejected,0,2024-03-10,0,
APP804303,CUST101227,2023-10-16,Auto,New Car,852000,84,9.77,39000,11700,0.659,1,Rejected,0,2023-10-21,0,
APP804304,CUST100541,2022-11-07,Home,Home Construction,10462000,84,8.27,99800,28000,1.928,1,Approved,7468000,2022-11-22,1,0
APP804305,CUST104057,2024-03-15,Personal,Home Renovation,249000,60,19.91,26900,5600,0.454,0,Approved,230000,2024-03-25,1,0
APP804306,CUST101841,2023-09-21,Business,Working Capital,466000,84,18.33,82800,19900,0.36,0,Approved,444000,2023-10-07,1,0
APP804307,CUST102869,2022-07-02,Personal,Travel,1074000,60,22.52,31800,7500,1.179,0,Rejected,0,2022-07-17,0,
APP804308,CUST102962,2023-03-17,Personal,Medical Emergency,403000,24,12.26,36800,4300,0.634,1,Rejected,0,2023-04-06,0,
APP804309,CUST102238,2023-04-15,Business,Working Capital,6947000,84,18.68,41400,8000,3.0,0,Rejected,0,2023-04-27,0,
APP804310,CUST102120,2023-12-12,Home,Home Construction,8785000,48,9.59,45900,8900,3.0,1,Rejected,0,2023-12-19,0,
APP804311,CUST102176,2022-11-04,Personal,Home Renovation,1309000,48,18.68,10000,2300,3.0,0,Rejected,0,2022-11-16,0,
APP804312,CUST100594,2023-10-17,Education,Higher Studies India,730000,120,11.27,53300,13100,0.436,1,Approved,576000,2023-10-21,1,1
APP804313,CUST102433,2023-11-05,Personal,Travel,1075000,36,17.16,51500,12600,0.99,0,Approved,1051000,2023-11-22,1,0
APP804314,CUST101941,2023-06-20,Home,Home Purchase,3966000,180,8.97,30500,9900,1.641,1,Approved,2994000,2023-07-10,1,1
APP804315,CUST102270,2023-01-29,Gold,Gold Loan,420000,36,10.22,34000,10800,0.719,1,Rejected,0,2023-02-05,0,
APP804316,CUST103443,2023-04-28,Education,Skill Certification,2330000,24,12.27,75700,9400,1.576,1,Approved,2006000,2023-05-17,1,1
APP804317,CUST104542,2023-10-01,Business,Equipment Purchase,3302000,12,19.74,30400,5700,3.0,1,Rejected,0,2023-10-09,0,
APP804318,CUST101844,2024-03-27,Business,Equipment Purchase,6029000,84,13.59,39500,13400,3.0,0,Rejected,0,2024-04-14,0,
APP804319,CUST104542,2023-01-21,Home,Balance Transfer,2825000,180,9.17,30400,7900,1.21,1,Approved,2163000,2023-02-02,1,1
APP804320,CUST102311,2022-07-29,Personal,Home Renovation,715000,36,13.29,94800,10200,0.363,0,Rejected,0,2022-08-17,0,
APP804321,CUST101596,2024-04-15,Personal,Debt Consolidation,243000,48,13.09,22900,7900,0.63,0,Approved,194000,2024-04-21,1,0
APP804322,CUST100988,2024-06-01,Auto,Used Car,330000,48,9.3,11000,100,0.762,1,Rejected,0,2024-06-21,0,
APP804323,CUST101254,2024-06-09,Personal,Travel,522000,84,14.06,35200,0,0.278,1,Approved,500000,2024-06-20,1,1
APP804324,CUST103021,2023-10-23,Business,Working Capital,1168000,24,15.59,74200,19300,1.028,0,Approved,1147000,2023-10-30,1,0
APP804325,CUST104968,2023-01-11,Auto,Two Wheeler,2430000,12,11.8,136600,38500,1.861,1,Approved,2196000,2023-01-20,1,0
APP804326,CUST102989,2023-03-26,Auto,Used Car,1817000,60,13.31,195100,58500,0.513,1,Approved,1320000,2023-04-10,1,0
APP804327,CUST102144,2023-12-10,Personal,Travel,1364000,24,19.35,37200,10400,2.132,0,Approved,1051000,2023-12-11,1,1
APP804328,CUST101499,2024-01-17,Personal,Medical Emergency,790000,12,21.5,18100,4000,3.0,0,Approved,621000,2024-01-20,1,0
APP804329,CUST101398,2022-11-06,Education,Study Abroad,3994000,48,10.06,38200,500,2.664,0,Rejected,0,2022-11-21,0,
APP804330,CUST104618,2024-03-08,Personal,Medical Emergency,1258000,84,11.71,36200,10400,0.894,0,Approved,1113000,2024-03-24,1,0
APP804331,CUST104339,2023-05-17,Personal,Travel,816000,36,23.58,77100,7800,0.514,0,Approved,673000,2023-06-03,1,0
APP804332,CUST102020,2023-08-25,Education,Skill Certification,830000,48,9.85,45100,12900,0.752,0,Approved,742000,2023-09-11,1,0
APP804333,CUST100601,2024-01-16,Auto,New Car,2046000,84,10.29,18700,600,1.867,1,Rejected,0,2024-02-03,0,
APP804334,CUST100309,2022-11-23,Auto,Two Wheeler,1580000,60,10.38,126400,31500,0.517,1,Approved,1106000,2022-12-06,1,0
APP804335,CUST103645,2024-02-29,Personal,Travel,113000,84,22.42,34800,6300,0.258,0,Approved,80000,2024-03-01,1,0
APP804336,CUST103131,2022-11-09,Personal,Travel,69000,84,12.44,13300,900,0.16,0,Approved,52000,2022-11-17,1,1
APP804337,CUST104332,2022-09-07,Business,Working Capital,6782000,36,16.69,27400,8500,3.0,1,Rejected,0,2022-09-27,0,
APP804338,CUST102834,2023-07-09,Business,Working Capital,5069000,48,12.05,21100,6600,3.0,0,Rejected,0,2023-07-16,0,
APP804339,CUST102209,2023-08-23,Education,Skill Certification,3171000,60,11.44,41900,14300,2.005,0,Rejected,0,2023-09-02,0,
APP804340,CUST104957,2024-02-02,Personal,Debt Consolidation,156000,84,13.21,149200,40400,0.29,0,Approved,153000,2024-02-03,1,0
APP804341,CUST101547,2024-04-29,Business,Business Expansion,1115000,12,15.41,46100,8800,2.377,1,Rejected,0,2024-05-13,0,
APP804342,CUST100287,2022-10-23,Home,Plot Purchase,9343000,12,8.72,56800,400,3.0,1,Rejected,0,2022-10-27,0,
APP804343,CUST102720,2022-11-17,Home,Home Construction,6377000,48,10.28,29300,1600,3.0,1,Rejected,0,2022-11-21,0,
APP804344,CUST103694,2023-05-10,Business,Working Capital,1950000,48,15.88,26600,800,2.099,0,Rejected,0,2023-05-29,0,
APP804345,CUST103564,2022-10-29,Home,Home Construction,11399000,84,10.24,47700,9200,3.0,1,Rejected,0,2022-11-04,0,
APP804346,CUST103415,2023-06-04,Personal,Home Renovation,986000,36,13.27,27500,4100,1.361,0,Rejected,0,2023-06-21,0,
APP804347,CUST104841,2023-12-21,Business,Equipment Purchase,3429000,84,12.84,18700,3800,3.0,0,Rejected,0,2024-01-10,0,
APP804348,CUST100990,2023-03-18,Personal,Wedding,508000,24,12.25,48600,100,0.495,0,Approved,445000,2023-04-06,1,0
APP804349,CUST101657,2024-05-10,Personal,Home Renovation,229000,12,19.23,20600,1200,1.086,0,Rejected,0,2024-05-11,0,
APP804350,CUST100626,2023-12-17,Business,Business Expansion,6313000,60,12.29,30200,6900,3.0,0,Rejected,0,2023-12-31,0,
APP804351,CUST102160,2024-05-30,Personal,Wedding,79000,12,20.96,35700,8000,0.43,0,Approved,68000,2024-06-09,1,0
APP804352,CUST104574,2023-05-20,Business,Business Expansion,5022000,60,17.44,46700,11600,2.945,0,Rejected,0,2023-06-02,0,
APP804353,CUST103721,2023-02-04,Personal,Travel,1411000,60,11.91,25800,2600,1.312,0,Approved,1353000,2023-02-17,1,0
APP804354,CUST102850,2024-02-10,Auto,Used Car,2088000,24,13.54,11600,2700,3.0,1,Rejected,0,2024-02-19,0,
APP804355,CUST100137,2024-04-17,Auto,Two Wheeler,571000,84,11.52,19500,6000,0.818,1,Rejected,0,2024-05-01,0,
APP804356,CUST101798,2023-06-05,Personal,Wedding,1425000,84,15.28,33800,11300,1.155,0,Approved,1289000,2023-06-24,1,0
APP804357,CUST103808,2023-06-25,Personal,Home Renovation,98000,84,12.4,42000,13600,0.366,0,Approved,75000,2023-07-14,1,0
APP804358,CUST103737,2024-01-03,Auto,New Car,1674000,84,9.54,17600,1900,1.667,1,Rejected,0,2024-01-10,0,
APP804359,CUST100878,2023-09-22,Business,Working Capital,6415000,24,19.55,29700,7500,3.0,0,Rejected,0,2023-09-28,0,
APP804360,CUST100016,2023-02-09,Gold,Gold Loan,42000,24,11.58,28100,6300,0.294,1,Approved,38000,2023-02-14,1,0
APP804361,CUST103599,2024-06-26,Auto,New Car,1084000,36,10.95,43000,1000,0.848,1,Approved,937000,2024-06-29,1,0
APP804362,CUST101975,2024-03-16,Auto,Two Wheeler,1534000,36,12.51,49500,15600,1.352,1,Approved,1435000,2024-04-01,1,1
APP804363,CUST100352,2022-08-08,Education,Higher Studies India,518000,48,12.2,11200,3200,1.505,0,Rejected,0,2022-08-18,0,
APP804364,CUST101202,2022-10-15,Personal,Medical Emergency,1030000,84,22.07,80500,15800,0.497,0,Approved,914000,2022-10-26,1,0
APP804365,CUST100914,2024-02-11,Home,Home Purchase,9373000,180,9.84,51000,9300,2.137,1,Approved,8635000,2024-02-28,1,0
APP804366,CUST102536,2023-02-22,Auto,New Car,2215000,12,10.64,42400,6000,3.0,1,Rejected,0,2023-02-25,0,
APP804367,CUST101728,2024-06-28,Personal,Debt Consolidation,739000,36,20.49,66400,2800,0.458,0,Approved,606000,2024-07-13,1,0
APP804368,CUST103647,2023-12-14,Business,Working Capital,5188000,36,13.21,10000,500,3.0,0,Rejected,0,2023-12-18,0,
APP804369,CUST102512,2024-02-20,Gold,Gold Loan,636000,12,9.24,81900,12500,0.832,1,Approved,499000,2024-02-27,1,0
APP804370,CUST100926,2023-02-22,Auto,Used Car,1625000,48,11.74,26400,1200,1.661,1,Rejected,0,2023-03-03,0,
APP804371,CUST102046,2022-12-03,Home,Plot Purchase,9052000,12,9.28,20500,6100,3.0,1,Rejected,0,2022-12-05,0,
APP804372,CUST103452,2022-10-13,Personal,Travel,1014000,48,20.0,35700,12300,1.207,0,Approved,733000,2022-10-27,1,0
APP804373,CUST102372,2022-07-04,Home,Plot Purchase,3616000,36,9.03,42500,1000,2.731,1,Rejected,0,2022-07-07,0,
APP804374,CUST104352,2023-11-11,Auto,Used Car,1084000,12,11.26,26300,6000,3.0,1,Rejected,0,2023-11-23,0,
APP804375,CUST103228,2022-08-26,Home,Plot Purchase,4598000,84,8.06,22600,7800,3.0,1,Approved,3390000,2022-08-30,1,1
APP804376,CUST104230,2023-05-30,Gold,Gold Loan,55000,36,11.95,71700,23100,0.348,1,Approved,44000,2023-06-07,1,0
APP804377,CUST102074,2024-02-12,Auto,Two Wheeler,390000,12,12.67,58700,18500,0.907,1,Rejected,0,2024-03-02,0,
APP804378,CUST100755,2022-07-01,Personal,Home Renovation,708000,36,18.32,118100,31400,0.483,0,Approved,627000,2022-07-05,1,0
APP804379,CUST102972,2022-12-08,Education,Skill Certification,2496000,12,11.95,56900,13200,3.0,0,Rejected,0,2022-12-17,0,
APP804380,CUST104688,2022-07-14,Auto,Two Wheeler,1006000,24,13.09,16500,300,2.912,1,Rejected,0,2022-07-20,0,
APP804381,CUST103617,2023-06-13,Business,Equipment Purchase,6827000,24,12.87,40500,8400,3.0,0,Rejected,0,2023-07-03,0,
APP804382,CUST100085,2023-10-09,Business,Working Capital,6607000,12,14.94,20800,3600,3.0,0,Rejected,0,2023-10-23,0,
APP804383,CUST104946,2023-04-25,Business,Working Capital,3776000,24,14.74,45200,14800,3.0,0,Rejected,0,2023-05-03,0,
APP804384,CUST100913,2023-09-09,Personal,Home Renovation,428000,48,18.42,18400,6300,1.031,0,Rejected,0,2023-09-29,0,
APP804385,CUST103034,2024-03-30,Auto,Used Car,1035000,24,12.04,10000,700,3.0,1,Rejected,0,2024-04-09,0,
APP804386,CUST100420,2022-08-28,Home,Home Purchase,11606000,240,9.5,84900,18600,1.494,1,Approved,11238000,2022-09-03,1,0
APP804387,CUST103610,2023-02-28,Personal,Medical Emergency,1063000,84,16.09,10000,800,2.197,0,Rejected,0,2023-03-05,0,
APP804388,CUST104757,2022-08-15,Education,Higher Studies India,1458000,12,11.39,84200,27500,1.861,0,Approved,1119000,2022-09-04,1,0
APP804389,CUST104186,2022-10-28,Auto,Two Wheeler,772000,36,10.34,34500,4800,0.865,1,Approved,635000,2022-11-09,1,0
APP804390,CUST104896,2023-06-27,Personal,Wedding,489000,12,16.5,45900,8400,1.153,0,Rejected,0,2023-07-17,0,
APP804391,CUST104879,2023-07-23,Personal,Medical Emergency,1316000,60,18.84,33900,8400,1.252,0,Approved,945000,2023-07-29,1,0
APP804392,CUST102686,2023-11-29,Personal,Debt Consolidation,1148000,60,19.46,25500,4500,1.354,0,Rejected,0,2023-12-06,0,
APP804393,CUST104934,2023-10-17,Personal,Medical Emergency,622000,12,15.4,35900,9600,1.835,0,Rejected,0,2023-10-19,0,
APP804394,CUST104642,2023-02-02,Home,Home Construction,8732000,84,8.04,162500,23800,0.985,1,Approved,8524000,2023-02-10,1,0
APP804395,CUST103744,2023-05-24,Education,Higher Studies India,3029000,84,12.68,10000,3500,3.0,1,Rejected,0,2023-06-08,0,
APP804396,CUST103205,2023-08-04,Auto,Two Wheeler,469000,36,10.24,138400,9300,0.177,1,Approved,361000,2023-08-15,1,0
APP804397,CUST100125,2023-03-26,Home,Balance Transfer,8872000,24,9.8,11800,2000,3.0,1,Rejected,0,2023-04-02,0,
APP804398,CUST101675,2023-12-11,Gold,Gold Loan,388000,12,10.54,15900,1600,2.246,1,Rejected,0,2023-12-17,0,
APP804399,CUST102423,2024-05-10,Auto,New Car,2277000,12,10.55,19800,0,3.0,1,Rejected,0,2024-05-24,0,
APP804400,CUST103720,2023-08-07,Personal,Home Renovation,980000,48,21.31,20300,4500,1.721,0,Rejected,0,2023-08-22,0,
APP804401,CUST104963,2023-04-21,Personal,Medical Emergency,1050000,36,16.66,47500,14800,1.095,0,Approved,818000,2023-04-24,1,0
APP804402,CUST100515,2023-06-22,Home,Home Construction,2899000,60,8.47,32300,5900,2.025,1,Rejected,0,2023-07-03,0,
APP804403,CUST103738,2024-05-16,Personal,Wedding,1291000,36,13.31,27300,7600,1.879,0,Rejected,0,2024-06-05,0,
APP804404,CUST103769,2024-01-05,Home,Home Construction,6822000,24,8.41,41700,8900,3.0,1,Rejected,0,2024-01-14,0,
APP804405,CUST103561,2023-07-09,Education,Skill Certification,3800000,24,9.64,43900,14100,3.0,0,Rejected,0,2023-07-11,0,
APP804406,CUST101075,2022-07-09,Personal,Home Renovation,431000,60,15.28,40800,4900,0.373,0,Approved,379000,2022-07-22,1,0
APP804407,CUST103251,2022-10-02,Auto,Used Car,2062000,60,12.32,46400,1700,1.033,1,Rejected,0,2022-10-13,0,
APP804408,CUST103244,2024-01-23,Business,Business Expansion,2694000,84,15.65,70900,700,0.757,1,Rejected,0,2024-01-29,0,
APP804409,CUST102427,2023-10-11,Personal,Home Renovation,319000,36,18.79,52900,16100,0.525,0,Approved,238000,2023-10-17,1,0
APP804410,CUST103232,2022-07-19,Education,Skill Certification,3900000,84,12.41,16200,2400,3.0,0,Rejected,0,2022-07-31,0,
APP804411,CUST102950,2022-10-12,Auto,New Car,400000,24,9.52,40400,8400,0.663,1,Approved,321000,2022-10-28,1,0
APP804412,CUST102669,2022-08-16,Personal,Travel,915000,12,19.46,45600,15600,2.195,0,Rejected,0,2022-08-26,0,
APP804413,CUST104184,2022-11-03,Home,Home Purchase,4697000,48,9.39,35200,6000,3.0,1,Approved,4518000,2022-11-19,1,0
APP804414,CUST103906,2024-04-27,Personal,Medical Emergency,1144000,84,14.47,201900,41900,0.315,0,Approved,1038000,2024-05-12,1,0
APP804415,CUST104142,2022-11-15,Home,Home Purchase,4226000,120,9.39,27100,5100,2.195,1,Rejected,0,2022-11-19,0,
APP804416,CUST101452,2022-11-19,Auto,New Car,1021000,36,10.83,20200,4800,1.891,1,Approved,956000,2022-12-09,1,0
APP804417,CUST102476,2023-09-07,Business,Business Expansion,589000,48,15.09,60600,9300,0.424,0,Approved,456000,2023-09-24,1,0
APP804418,CUST100580,2023-11-15,Education,Skill Certification,3280000,24,9.23,31100,7200,3.0,0,Rejected,0,2023-11-22,0,
APP804419,CUST104062,2022-11-18,Auto,Used Car,2217000,84,12.34,36300,9000,1.336,1,Rejected,0,2022-11-22,0,
APP804420,CUST101559,2023-03-12,Home,Balance Transfer,5148000,84,9.86,37500,7300,2.465,1,Rejected,0,2023-03-21,0,
APP804421,CUST100591,2023-12-14,Business,Equipment Purchase,5275000,60,18.71,10000,2700,3.0,0,Rejected,0,2023-12-27,0,
APP804422,CUST103033,2024-05-01,Personal,Travel,884000,48,11.03,30400,7400,0.995,0,Approved,856000,2024-05-05,1,1
APP804423,CUST101133,2022-08-30,Home,Home Purchase,1791000,84,8.71,29000,7800,1.254,1,Rejected,0,2022-09-15,0,
APP804424,CUST101289,2023-11-28,Home,Home Construction,2569000,60,8.27,84700,25400,0.919,1,Approved,2050000,2023-12-01,1,0
APP804425,CUST104709,2023-08-10,Gold,Gold Loan,578000,12,9.37,18500,4500,2.978,1,Rejected,0,2023-08-22,0,
APP804426,CUST100492,2024-06-26,Business,Business Expansion,3797000,36,15.35,70200,1100,1.9,0,Under Review,0,,0,
APP804427,CUST101486,2023-05-18,Personal,Medical Emergency,436000,48,16.64,21800,2500,0.688,0,Approved,372000,2023-05-24,1,0
APP804428,CUST104484,2023-02-27,Auto,New Car,469000,24,10.23,52500,9500,0.594,1,Approved,369000,2023-03-09,1,0
APP804429,CUST101604,2023-01-18,Auto,New Car,1610000,60,11.12,11800,600,3.0,1,Rejected,0,2023-02-02,0,
APP804430,CUST102609,2022-08-31,Personal,Medical Emergency,131000,24,20.55,48600,3700,0.214,0,Approved,121000,2022-09-03,1,0
APP804431,CUST103514,2023-10-06,Personal,Home Renovation,418000,24,20.89,60000,19600,0.684,1,Rejected,0,2023-10-25,0,
APP804432,CUST104933,2023-03-21,Home,Balance Transfer,8282000,84,9.75,46800,5600,3.0,1,Rejected,0,2023-04-02,0,
APP804433,CUST102583,2024-03-04,Business,Equipment Purchase,1451000,36,12.76,50200,13800,1.245,0,Rejected,0,2024-03-14,0,
APP804434,CUST100632,2022-08-30,Personal,Debt Consolidation,69000,48,13.67,17700,2500,0.247,0,Rejected,0,2022-09-15,0,
APP804435,CUST100428,2023-06-25,Personal,Home Renovation,1455000,60,14.45,49600,8600,0.863,0,Rejected,0,2023-06-30,0,
APP804436,CUST101994,2023-02-17,Business,Working Capital,3336000,60,14.26,87800,2700,0.92,0,Approved,2594000,2023-03-09,1,0
APP804437,CUST103451,2022-08-15,Education,Skill Certification,3480000,60,10.58,75700,25600,1.328,0,Approved,3059000,2022-08-29,1,0
APP804438,CUST104109,2023-04-18,Auto,Used Car,2208000,36,11.67,35200,6300,2.253,1,Rejected,0,2023-04-23,0,
APP804439,CUST100154,2022-11-16,Personal,Home Renovation,87000,60,16.67,30800,1800,0.128,0,Approved,82000,2022-11-22,1,0
APP804440,CUST104017,2023-09-01,Home,Home Purchase,3055000,84,9.75,29700,5600,1.884,1,Approved,3013000,2023-09-18,1,0
APP804441,CUST103979,2023-06-30,Home,Plot Purchase,11382000,60,9.96,17500,1800,3.0,1,Approved,10016000,2023-07-08,1,1
APP804442,CUST101715,2023-04-02,Personal,Medical Emergency,439000,84,23.63,22000,2100,0.583,0,Rejected,0,2023-04-18,0,
APP804443,CUST100560,2023-11-17,Personal,Wedding,1070000,60,13.71,42000,9700,0.819,0,Rejected,0,2023-11-24,0,
APP804444,CUST103808,2023-08-03,Personal,Travel,1148000,48,22.4,42000,13500,1.189,0,Approved,874000,2023-08-12,1,0
APP804445,CUST104481,2022-07-21,Business,Working Capital,3588000,24,15.6,21300,3500,3.0,0,Rejected,0,2022-07-30,0,
APP804446,CUST102145,2024-03-19,Home,Balance Transfer,9787000,180,10.28,10700,1000,3.0,1,Rejected,0,2024-03-22,0,
APP804447,CUST104903,2023-12-04,Personal,Home Renovation,465000,48,17.08,31400,400,0.44,0,Approved,328000,2023-12-11,1,0
APP804448,CUST104715,2023-04-07,Personal,Wedding,746000,48,17.9,17300,600,1.296,0,Rejected,0,2023-04-16,0,
APP804449,CUST101994,2022-08-12,Personal,Wedding,437000,84,14.58,87800,27400,0.407,0,Approved,358000,2022-08-13,1,0
APP804450,CUST101579,2024-01-31,Home,Home Construction,2712000,180,8.76,41100,8500,0.866,1,Rejected,0,2024-02-14,0,
APP804451,CUST102658,2024-02-22,Home,Home Construction,2796000,120,8.14,116300,19800,0.464,1,Approved,2784000,2024-02-27,1,0
APP804452,CUST102947,2023-03-25,Home,Home Construction,9436000,48,9.62,93200,18400,2.746,1,Rejected,0,2023-04-02,0,
APP804453,CUST104400,2023-02-20,Business,Business Expansion,5709000,24,12.68,85400,29300,3.0,0,Rejected,0,2023-03-03,0,
APP804454,CUST102196,2024-06-02,Home,Home Construction,10523000,120,8.52,92800,15000,1.568,1,Under Review,0,,0,
APP804455,CUST100269,2024-04-29,Auto,Two Wheeler,1599000,12,11.36,30000,1200,3.0,1,Approved,1197000,2024-05-19,1,1
APP804456,CUST102640,2023-04-22,Personal,Medical Emergency,740000,84,23.41,11400,700,1.645,0,Rejected,0,2023-04-27,0,
APP804457,CUST100490,2022-08-02,Personal,Travel,642000,48,14.26,60200,1400,0.316,1,Approved,478000,2022-08-21,1,0
APP804458,CUST100403,2024-05-18,Personal,Medical Emergency,773000,12,23.19,71600,13500,1.206,0,Under Review,0,,0,
APP804459,CUST104344,2023-09-17,Home,Home Construction,2572000,24,9.95,67800,7600,1.862,1,Approved,2383000,2023-10-05,1,1
APP804460,CUST103194,2023-10-27,Auto,Used Car,2271000,84,10.34,62000,10500,0.784,1,Rejected,0,2023-11-13,0,
APP804461,CUST101194,2024-03-10,Personal,Home Renovation,1462000,60,21.01,102600,2700,0.412,0,Rejected,0,2024-03-15,0,
APP804462,CUST101998,2022-12-30,Auto,Two Wheeler,709000,24,9.58,29000,6100,1.333,1,Rejected,0,2023-01-18,0,
APP804463,CUST101045,2024-02-22,Business,Equipment Purchase,5925000,84,19.17,137900,39200,1.217,0,Rejected,0,2024-02-26,0,
APP804464,CUST101208,2022-12-04,Home,Balance Transfer,9164000,240,10.35,41800,10000,2.408,1,Rejected,0,2022-12-16,0,
APP804465,CUST101338,2023-10-26,Home,Plot Purchase,10357000,84,8.79,16600,2900,3.0,1,Approved,7976000,2023-11-15,1,0
APP804466,CUST102118,2023-12-09,Personal,Travel,391000,12,20.09,42100,8400,1.06,0,Approved,370000,2023-12-14,1,0
APP804467,CUST100291,2023-07-10,Auto,Two Wheeler,1242000,24,12.34,94000,20900,0.846,1,Approved,949000,2023-07-11,1,0
APP804468,CUST101214,2023-07-17,Personal,Home Renovation,109000,12,16.88,17500,1400,0.649,1,Rejected,0,2023-07-26,0,
APP804469,CUST100146,2024-03-23,Education,Skill Certification,1536000,60,9.6,56200,3100,0.63,1,Approved,1226000,2024-04-08,1,0
APP804470,CUST103041,2022-10-16,Personal,Medical Emergency,299000,36,14.98,66600,17500,0.419,0,Rejected,0,2022-10-29,0,
APP804471,CUST101894,2022-07-20,Education,Study Abroad,2557000,24,11.19,123200,41400,1.305,0,Rejected,0,2022-08-01,0,
APP804472,CUST102817,2023-09-13,Personal,Travel,1030000,24,18.72,13700,2400,3.0,0,Rejected,0,2023-09-15,0,
APP804473,CUST101089,2023-04-22,Personal,Medical Emergency,1149000,84,14.61,21900,5200,1.24,0,Rejected,0,2023-04-29,0,
APP804474,CUST101799,2022-11-09,Auto,Two Wheeler,1095000,60,9.15,15500,2900,1.655,1,Rejected,0,2022-11-29,0,
APP804475,CUST103462,2022-10-19,Gold,Gold Loan,792000,24,13.39,37100,8100,1.236,1,Rejected,0,2022-11-06,0,
APP804476,CUST103045,2023-06-21,Auto,Two Wheeler,2135000,24,11.18,50800,15100,2.258,1,Rejected,0,2023-07-01,0,
APP804477,CUST102203,2024-06-24,Home,Plot Purchase,6153000,120,9.24,10000,3100,3.0,1,Rejected,0,2024-07-09,0,
APP804478,CUST100862,2023-06-17,Gold,Gold Loan,453000,24,14.56,43200,8900,0.713,1,Approved,447000,2023-06-18,1,0
APP804479,CUST102163,2023-09-02,Home,Plot Purchase,11568000,60,9.41,62400,7400,3.0,1,Rejected,0,2023-09-18,0,
APP804480,CUST102273,2022-12-24,Auto,Two Wheeler,784000,60,10.83,15800,4100,1.335,1,Rejected,0,2022-12-28,0,
APP804481,CUST104270,2024-01-13,Personal,Travel,418000,12,17.47,187400,58500,0.516,0,Rejected,0,2024-02-01,0,
APP804482,CUST103445,2022-11-19,Business,Business Expansion,4693000,24,14.96,38700,12100,3.0,0,Rejected,0,2022-11-30,0,
APP804483,CUST104065,2024-02-22,Auto,New Car,835000,48,11.65,18200,1600,1.285,1,Approved,769000,2024-02-23,1,0
APP804484,CUST101417,2024-03-04,Auto,New Car,1570000,48,13.31,113600,16000,0.514,1,Approved,1250000,2024-03-14,1,0
APP804485,CUST102555,2023-07-02,Business,Equipment Purchase,3158000,48,14.46,47200,5500,1.96,0,Approved,2905000,2023-07-21,1,0
APP804486,CUST101524,2024-01-21,Personal,Debt Consolidation,1297000,84,17.42,30100,8500,1.172,1,Rejected,0,2024-02-04,0,
APP804487,CUST100551,2023-01-26,Business,Equipment Purchase,6083000,48,15.11,58400,13000,3.0,0,Approved,5389000,2023-02-13,1,1
APP804488,CUST102910,2022-11-28,Home,Balance Transfer,7267000,48,8.56,37400,9300,3.0,1,Rejected,0,2022-12-02,0,
APP804489,CUST102530,2022-12-16,Personal,Travel,425000,24,13.18,46100,600,0.452,0,Rejected,0,2022-12-18,0,
APP804490,CUST100988,2023-08-30,Education,Higher Studies India,803000,36,12.94,11000,3100,2.748,0,Rejected,0,2023-09-12,0,
APP804491,CUST103714,2023-09-25,Personal,Travel,850000,48,12.87,49800,9100,0.64,1,Approved,725000,2023-10-04,1,0
APP804492,CUST103182,2023-02-26,Personal,Home Renovation,640000,24,17.32,47100,12900,0.947,0,Approved,456000,2023-03-05,1,0
APP804493,CUST101240,2023-11-07,Home,Balance Transfer,8589000,24,8.78,279200,96100,1.746,1,Approved,7085000,2023-11-26,1,0
APP804494,CUST102856,2022-07-06,Personal,Medical Emergency,1161000,36,11.47,60000,12200,0.841,0,Approved,1057000,2022-07-11,1,0
APP804495,CUST103898,2024-06-27,Auto,Two Wheeler,1731000,36,9.85,40300,900,1.405,1,Under Review,0,,0,
APP804496,CUST100679,2022-11-22,Home,Home Purchase,10265000,12,9.91,21700,1100,3.0,1,Rejected,0,2022-11-26,0,
APP804497,CUST103481,2022-10-30,Personal,Medical Emergency,505000,60,17.69,61600,5800,0.301,0,Approved,435000,2022-11-14,1,0
APP804498,CUST101290,2024-02-27,Personal,Wedding,1313000,36,17.17,49800,12700,1.198,0,Approved,1305000,2024-02-29,1,1
APP804499,CUST101595,2024-03-24,Home,Balance Transfer,7863000,240,8.06,48400,2000,1.407,1,Approved,5961000,2024-03-31,1,0
APP804500,CUST103063,2024-04-25,Personal,Medical Emergency,1357000,60,13.64,63600,15500,0.737,0,Approved,1273000,2024-04-29,1,0
APP804501,CUST102100,2023-04-03,Auto,New Car,1527000,36,10.47,34900,9300,1.69,1,Approved,1249000,2023-04-13,1,0
APP804502,CUST104787,2023-04-14,Auto,Used Car,2166000,36,11.37,26700,8600,2.994,1,Rejected,0,2023-04-25,0,
APP804503,CUST100063,2023-08-21,Education,Study Abroad,3918000,36,12.46,43400,10300,3.0,1,Rejected,0,2023-09-09,0,
APP804504,CUST104040,2023-11-11,Personal,Debt Consolidation,837000,48,14.94,14400,3400,1.846,0,Rejected,0,2023-11-21,0,
APP804505,CUST100019,2022-09-09,Business,Business Expansion,6685000,12,12.4,45600,10600,3.0,0,Rejected,0,2022-09-21,0,
APP804506,CUST102843,2023-10-13,Personal,Debt Consolidation,642000,60,16.25,34600,8500,0.699,0,Approved,601000,2023-10-27,1,0
APP804507,CUST104186,2022-10-09,Home,Plot Purchase,7703000,120,8.11,34500,8600,2.971,1,Rejected,0,2022-10-27,0,
APP804508,CUST104105,2023-12-23,Business,Working Capital,3423000,24,17.75,37000,3800,3.0,0,Rejected,0,2024-01-09,0,
APP804509,CUST100748,2024-06-18,Auto,New Car,734000,60,10.26,26400,8400,0.912,1,Under Review,0,,0,
APP804510,CUST104348,2023-05-16,Personal,Debt Consolidation,833000,36,22.66,40400,5100,0.92,0,Rejected,0,2023-06-01,0,
APP804511,CUST104057,2022-07-18,Auto,Used Car,793000,60,13.29,26900,3200,0.795,1,Rejected,0,2022-08-01,0,
APP804512,CUST103049,2024-04-11,Business,Business Expansion,6219000,36,19.95,34400,5600,3.0,0,Rejected,0,2024-04-12,0,
APP804513,CUST101171,2023-04-09,Auto,New Car,885000,36,9.88,34700,2600,0.896,1,Approved,688000,2023-04-26,1,0
APP804514,CUST104375,2024-06-24,Personal,Debt Consolidation,493000,60,18.96,22400,300,0.585,0,Approved,470000,2024-06-28,1,0
APP804515,CUST102003,2023-08-01,Personal,Home Renovation,313000,36,12.18,13000,3900,1.104,0,Approved,227000,2023-08-19,1,1
APP804516,CUST104318,2022-12-08,Home,Plot Purchase,10948000,240,10.4,88700,25900,1.516,1,Approved,8908000,2022-12-18,1,0
APP804517,CUST101466,2022-10-24,Personal,Wedding,347000,36,15.74,49000,15500,0.564,0,Approved,312000,2022-10-29,1,0
APP804518,CUST104963,2024-05-16,Home,Plot Purchase,11636000,24,8.68,47500,3500,3.0,1,Rejected,0,2024-05-31,0,
APP804519,CUST104095,2023-01-13,Home,Plot Purchase,6863000,24,8.73,34300,11300,3.0,1,Rejected,0,2023-01-16,0,
APP804520,CUST101157,2023-02-11,Education,Study Abroad,2993000,48,9.64,23700,4300,3.0,0,Rejected,0,2023-02-22,0,
APP804521,CUST101817,2024-02-06,Education,Study Abroad,2228000,36,9.83,21600,4000,3.0,0,Rejected,0,2024-02-18,0,
APP804522,CUST102443,2024-03-03,Auto,Two Wheeler,527000,36,10.94,20300,3000,0.995,1,Approved,485000,2024-03-19,1,1
APP804523,CUST100233,2023-09-28,Personal,Medical Emergency,701000,84,12.09,23800,6700,0.802,0,Rejected,0,2023-10-14,0,
APP804524,CUST100534,2023-10-16,Education,Higher Studies India,3718000,12,10.87,52900,8400,3.0,1,Rejected,0,2023-11-04,0,
APP804525,CUST101287,2024-05-22,Personal,Travel,107000,48,13.33,106500,20300,0.218,0,Approved,84000,2024-05-26,1,0
APP804526,CUST103775,2023-02-18,Home,Home Purchase,6042000,180,8.69,27200,8800,2.537,1,Rejected,0,2023-03-06,0,
APP804527,CUST100454,2023-04-19,Gold,Gold Loan,235000,12,9.06,154100,25800,0.301,1,Approved,192000,2023-05-06,1,0
APP804528,CUST101680,2023-06-26,Personal,Medical Emergency,520000,48,17.94,14600,3900,1.308,0,Rejected,0,2023-07-09,0,
APP804529,CUST101290,2023-02-26,Personal,Home Renovation,588000,60,17.05,49800,10500,0.505,0,Approved,439000,2023-03-16,1,0
APP804530,CUST100785,2023-04-17,Education,Skill Certification,727000,60,11.92,31200,2800,0.606,0,Approved,568000,2023-04-23,1,0
APP804531,CUST101672,2024-01-10,Auto,Used Car,643000,12,11.22,68900,8900,0.954,1,Rejected,0,2024-01-17,0,
APP804532,CUST101791,2024-05-18,Business,Business Expansion,356000,36,14.25,33700,10800,0.682,0,Approved,315000,2024-05-22,1,0
APP804533,CUST104840,2022-11-19,Gold,Gold Loan,66000,36,10.53,43900,12700,0.338,1,Approved,64000,2022-11-29,1,0
APP804534,CUST104089,2023-08-06,Business,Equipment Purchase,389000,36,19.77,64800,7900,0.344,1,Approved,300000,2023-08-17,1,0
APP804535,CUST104010,2024-03-29,Home,Plot Purchase,2516000,24,9.21,49200,8700,2.517,1,Rejected,0,2024-04-13,0,
APP804536,CUST100090,2023-07-12,Home,Balance Transfer,2876000,12,9.31,51200,3400,3.0,1,Approved,2154000,2023-07-18,1,0
APP804537,CUST104658,2023-07-05,Personal,Travel,257000,60,21.74,32100,3500,0.329,0,Rejected,0,2023-07-19,0,
APP804538,CUST102080,2023-11-24,Personal,Travel,985000,60,23.97,88000,22000,0.572,1,Approved,783000,2023-11-28,1,0
APP804539,CUST100006,2023-03-27,Personal,Medical Emergency,1190000,12,18.24,61600,1100,1.79,0,Rejected,0,2023-04-10,0,
APP804540,CUST103701,2022-11-19,Home,Balance Transfer,8163000,48,8.77,83000,4600,2.491,1,Approved,6640000,2022-11-30,1,0
APP804541,CUST101494,2024-06-15,Business,Equipment Purchase,1797000,12,12.11,138800,40500,1.443,0,Under Review,0,,0,
APP804542,CUST102718,2024-04-23,Business,Working Capital,3585000,12,16.34,34200,8500,3.0,0,Rejected,0,2024-05-12,0,
APP804543,CUST104946,2022-11-30,Business,Working Capital,5179000,48,16.03,45200,700,3.0,0,Rejected,0,2022-12-09,0,
APP804544,CUST101116,2023-12-23,Personal,Travel,116000,24,21.24,24600,0,0.242,0,Approved,99000,2024-01-12,1,0
APP804545,CUST103002,2024-02-07,Gold,Gold Loan,505000,36,14.25,51000,1100,0.361,1,Approved,459000,2024-02-24,1,0
APP804546,CUST104015,2023-04-27,Business,Equipment Purchase,2419000,60,16.09,82600,12700,0.868,0,Approved,2158000,2023-05-03,1,0
APP804547,CUST103148,2023-03-10,Gold,Gold Loan,190000,12,12.62,25200,8000,0.99,1,Rejected,0,2023-03-13,0,
APP804548,CUST103424,2024-02-18,Personal,Wedding,69000,24,15.88,19700,1600,0.253,0,Approved,49000,2024-02-29,1,0
APP804549,CUST102815,2023-06-14,Personal,Medical Emergency,734000,24,20.77,135300,33600,0.527,1,Approved,703000,2023-06-29,1,0
APP804550,CUST104971,2023-12-08,Auto,Two Wheeler,339000,48,13.88,51800,2500,0.227,1,Approved,292000,2023-12-24,1,0
APP804551,CUST101643,2023-10-24,Education,Study Abroad,2010000,48,12.86,57000,10100,1.121,0,Approved,1411000,2023-11-01,1,0
APP804552,CUST100549,2024-03-10,Personal,Debt Consolidation,66000,24,19.37,23600,2900,0.264,0,Approved,47000,2024-03-19,1,0
APP804553,CUST100050,2023-03-10,Business,Working Capital,1295000,24,18.39,15600,1200,3.0,0,Rejected,0,2023-03-26,0,
APP804554,CUST103684,2023-07-01,Personal,Travel,392000,48,18.37,57200,16800,0.496,0,Approved,385000,2023-07-21,1,0
APP804555,CUST103735,2023-08-31,Business,Business Expansion,948000,84,13.07,36900,4100,0.579,1,Approved,848000,2023-09-06,1,0
APP804556,CUST103055,2023-05-24,Auto,New Car,1280000,12,13.2,65500,20900,2.065,1,Approved,1117000,2023-05-27,1,0
APP804557,CUST104496,2024-03-11,Gold,Gold Loan,193000,12,11.41,81000,2000,0.236,1,Rejected,0,2024-03-21,0,
APP804558,CUST100994,2024-04-23,Business,Equipment Purchase,2430000,48,16.68,27100,800,2.602,0,Approved,2120000,2024-05-01,1,1
APP804559,CUST104622,2024-06-19,Personal,Medical Emergency,409000,36,22.53,46400,12500,0.608,0,Rejected,0,2024-07-01,0,
APP804560,CUST100922,2023-09-16,Business,Business Expansion,3249000,36,12.87,11200,3900,3.0,1,Rejected,0,2023-09-23,0,
APP804561,CUST101778,2023-12-07,Personal,Travel,938000,12,21.16,207000,43700,0.633,0,Approved,933000,2023-12-21,1,0
APP804562,CUST102528,2022-10-17,Auto,New Car,347000,60,11.44,70200,4100,0.167,1,Approved,254000,2022-10-30,1,0
APP804563,CUST100101,2024-02-10,Business,Equipment Purchase,5236000,12,18.59,98500,5400,3.0,0,Rejected,0,2024-02-14,0,
APP804564,CUST104939,2023-06-17,Home,Plot Purchase,7797000,120,9.17,16000,4500,3.0,1,Rejected,0,2023-06-23,0,
APP804565,CUST101548,2022-07-05,Auto,Two Wheeler,1216000,24,12.83,38800,4000,1.59,1,Rejected,0,2022-07-09,0,
APP804566,CUST101229,2022-09-16,Home,Balance Transfer,5251000,84,8.89,77100,26900,1.441,1,Rejected,0,2022-09-30,0,
APP804567,CUST101575,2024-05-01,Home,Home Construction,4224000,84,9.91,10000,2900,3.0,1,Approved,3612000,2024-05-12,1,1
APP804568,CUST103128,2022-09-10,Personal,Home Renovation,1164000,36,11.82,48400,12100,1.048,0,Approved,880000,2022-09-23,1,1
APP804569,CUST102824,2022-07-04,Education,Study Abroad,2476000,120,9.15,57200,2300,0.592,0,Approved,2273000,2022-07-19,1,0
APP804570,CUST101487,2023-11-13,Auto,New Car,1721000,84,13.13,85600,26100,0.672,1,Approved,1394000,2023-11-23,1,0
APP804571,CUST102491,2023-03-02,Business,Working Capital,1505000,48,18.91,90800,29000,0.814,0,Approved,1343000,2023-03-03,1,0
APP804572,CUST101337,2022-12-08,Home,Home Purchase,5522000,120,9.6,70100,22800,1.348,1,Approved,3930000,2022-12-15,1,0
APP804573,CUST101998,2024-02-26,Home,Plot Purchase,4176000,12,10.39,29000,8600,3.0,1,Rejected,0,2024-03-10,0,
APP804574,CUST104583,2023-11-14,Education,Skill Certification,3223000,12,11.35,36700,1300,3.0,0,Rejected,0,2023-12-01,0,
APP804575,CUST101798,2023-04-10,Business,Equipment Purchase,6898000,48,15.05,33800,10800,3.0,0,Rejected,0,2023-04-17,0,
APP804576,CUST100936,2023-08-20,Gold,Gold Loan,57000,24,13.19,10000,900,0.361,1,Rejected,0,2023-08-25,0,
APP804577,CUST104431,2023-11-15,Home,Plot Purchase,9412000,84,8.58,28200,4000,3.0,1,Rejected,0,2023-11-20,0,
APP804578,CUST103264,2024-02-27,Education,Higher Studies India,2558000,36,12.83,43400,11200,2.238,0,Approved,2542000,2024-03-14,1,0
APP804579,CUST102181,2022-11-15,Education,Study Abroad,2366000,84,12.07,11800,600,3.0,0,Rejected,0,2022-12-01,0,
APP804580,CUST104376,2023-10-24,Home,Home Construction,8878000,12,9.24,10000,200,3.0,1,Rejected,0,2023-11-05,0,
APP804581,CUST104741,2023-05-02,Education,Study Abroad,1474000,120,11.49,104000,25300,0.442,0,Approved,1108000,2023-05-15,1,0
APP804582,CUST100169,2022-12-14,Personal,Wedding,611000,48,17.38,70200,16500,0.488,0,Approved,434000,2022-12-29,1,0
APP804583,CUST100591,2022-09-08,Home,Home Construction,3004000,36,9.94,10000,1100,3.0,1,Rejected,0,2022-09-22,0,
APP804584,CUST103320,2024-06-28,Auto,New Car,2016000,12,12.81,66800,15900,2.932,1,Rejected,0,2024-07-06,0,
APP804585,CUST102547,2023-09-01,Personal,Travel,1465000,48,21.84,69300,1300,0.683,0,Approved,1045000,2023-09-11,1,0
APP804586,CUST101154,2023-11-28,Education,Study Abroad,3483000,12,12.66,17100,4400,3.0,1,Rejected,0,2023-12-09,0,
APP804587,CUST100990,2023-05-02,Personal,Medical Emergency,760000,24,22.67,48600,16500,1.155,0,Approved,616000,2023-05-11,1,0
APP804588,CUST103202,2023-04-24,Auto,Used Car,594000,24,10.45,53000,4200,0.599,1,Approved,548000,2023-04-25,1,1
APP804589,CUST104911,2024-02-06,Business,Working Capital,6350000,84,19.82,126900,15700,1.229,0,Rejected,0,2024-02-25,0,
APP804590,CUST100451,2022-07-01,Home,Balance Transfer,8599000,60,9.88,28300,8700,3.0,1,Rejected,0,2022-07-12,0,
APP804591,CUST100364,2022-09-02,Personal,Debt Consolidation,1063000,12,19.64,22700,4200,3.0,1,Rejected,0,2022-09-07,0,
APP804592,CUST101826,2024-01-27,Business,Equipment Purchase,980000,36,15.56,61000,16200,0.826,0,Approved,692000,2024-02-09,1,0
APP804593,CUST102318,2023-09-20,Gold,Gold Loan,714000,36,9.32,54700,7200,0.549,1,Approved,596000,2023-09-23,1,0
APP804594,CUST101059,2023-02-07,Personal,Travel,868000,48,13.49,26000,5700,1.122,1,Rejected,0,2023-02-25,0,
APP804595,CUST102926,2024-01-21,Home,Plot Purchase,9430000,12,10.11,20800,1700,3.0,1,Rejected,0,2024-01-30,0,
APP804596,CUST102435,2023-08-18,Education,Skill Certification,2515000,24,12.5,40200,4900,3.0,0,Rejected,0,2023-08-21,0,
APP804597,CUST104076,2023-06-01,Personal,Home Renovation,221000,12,18.95,49000,900,0.434,0,Approved,218000,2023-06-20,1,0
APP804598,CUST100866,2023-04-22,Personal,Home Renovation,754000,36,20.07,76600,26100,0.707,0,Approved,735000,2023-05-10,1,0
APP804599,CUST100141,2023-01-11,Education,Study Abroad,263000,84,9.55,27500,4400,0.316,0,Rejected,0,2023-01-13,0,
APP804600,CUST103525,2023-02-28,Home,Home Construction,5766000,180,8.1,28400,1900,2.017,1,Rejected,0,2023-03-02,0,
APP804601,CUST103687,2023-12-14,Business,Equipment Purchase,1580000,60,18.63,38000,8800,1.301,0,Rejected,0,2023-12-23,0,
APP804602,CUST102475,2022-10-29,Home,Home Construction,2176000,24,8.77,12600,3100,3.0,1,Rejected,0,2022-11-05,0,
APP804603,CUST101794,2022-10-03,Education,Study Abroad,1695000,12,12.05,13000,3800,3.0,1,Rejected,0,2022-10-14,0,
APP804604,CUST104287,2024-06-21,Auto,New Car,1402000,84,10.0,33700,5600,0.858,1,Under Review,0,,0,
APP804605,CUST101493,2022-12-27,Personal,Wedding,577000,12,18.42,32400,2100,1.703,0,Approved,430000,2022-12-29,1,1
APP804606,CUST103346,2024-01-20,Business,Equipment Purchase,4397000,84,18.86,31100,1200,3.0,0,Approved,3800000,2024-02-01,1,1
APP804607,CUST100628,2023-10-28,Auto,Two Wheeler,1096000,48,10.59,39100,5300,0.854,1,Approved,866000,2023-11-14,1,0
APP804608,CUST103735,2023-06-24,Auto,New Car,836000,84,13.88,36900,3100,0.507,1,Approved,616000,2023-07-12,1,0
APP804609,CUST101114,2023-10-17,Auto,Two Wheeler,557000,12,12.73,19200,2700,2.723,1,Rejected,0,2023-10-21,0,
APP804610,CUST102546,2024-03-18,Education,Study Abroad,2107000,12,12.84,62500,20100,3.0,0,Approved,1868000,2024-04-07,1,1
APP804611,CUST101622,2022-09-05,Home,Home Construction,4583000,120,8.45,41500,13700,1.696,1,Rejected,0,2022-09-25,0,
APP804612,CUST100820,2024-05-14,Education,Higher Studies India,3450000,12,12.61,44500,3800,3.0,0,Rejected,0,2024-05-20,0,
APP804613,CUST103595,2024-03-11,Home,Home Purchase,9758000,60,8.83,21400,1300,3.0,1,Approved,7982000,2024-03-29,1,1
APP804614,CUST100348,2024-04-22,Personal,Travel,935000,60,13.32,12500,700,1.77,0,Rejected,0,2024-05-09,0,
APP804615,CUST100756,2022-12-14,Personal,Home Renovation,987000,24,17.66,56900,13900,1.108,0,Approved,700000,2022-12-21,1,0
APP804616,CUST100688,2023-02-27,Personal,Wedding,758000,48,16.8,18500,4400,1.413,0,Rejected,0,2023-03-02,0,
APP804617,CUST101372,2022-12-05,Personal,Medical Emergency,485000,60,20.28,41200,3000,0.386,0,Approved,480000,2022-12-18,1,1
APP804618,CUST100441,2023-10-14,Business,Working Capital,5478000,36,13.91,86500,10400,2.283,0,Rejected,0,2023-10-22,0,
APP804619,CUST100919,2022-07-30,Business,Equipment Purchase,5194000,36,13.82,18000,2300,3.0,0,Rejected,0,2022-08-13,0,
APP804620,CUST101191,2023-09-15,Personal,Home Renovation,344000,84,18.32,20100,4600,0.592,1,Approved,303000,2023-09-25,1,0
APP804621,CUST100333,2023-05-16,Business,Business Expansion,2953000,48,12.08,48500,12100,1.854,0,Rejected,0,2023-05-25,0,
APP804622,CUST103351,2023-06-17,Home,Home Purchase,11602000,60,8.82,14500,4600,3.0,1,Rejected,0,2023-06-27,0,
APP804623,CUST100326,2024-06-17,Personal,Debt Consolidation,985000,48,18.84,26000,2000,1.205,0,Rejected,0,2024-07-03,0,
APP804624,CUST100270,2024-05-05,Home,Plot Purchase,5545000,180,8.2,143200,15700,0.484,1,Approved,4363000,2024-05-06,1,0
APP804625,CUST103647,2024-06-19,Home,Balance Transfer,3509000,36,9.27,10000,700,3.0,1,Rejected,0,2024-06-20,0,
APP804626,CUST102999,2023-01-07,Gold,Gold Loan,738000,24,13.59,18500,5700,2.221,1,Rejected,0,2023-01-09,0,
APP804627,CUST103970,2024-06-06,Personal,Medical Emergency,1428000,36,19.67,10000,0,3.0,0,Rejected,0,2024-06-21,0,
APP804628,CUST101302,2023-01-01,Gold,Gold Loan,493000,24,14.65,44600,2200,0.584,1,Approved,403000,2023-01-15,1,0
APP804629,CUST101263,2023-01-02,Personal,Wedding,276000,24,23.75,30700,5000,0.638,0,Approved,204000,2023-01-15,1,0
APP804630,CUST101679,2023-10-20,Personal,Home Renovation,1333000,60,22.06,61500,200,0.603,0,Approved,987000,2023-11-03,1,1
APP804631,CUST103566,2023-12-15,Auto,Two Wheeler,1125000,48,10.65,42100,13200,1.0,1,Approved,1080000,2023-12-25,1,0
APP804632,CUST101657,2023-01-24,Business,Working Capital,5024000,24,15.43,20600,6500,3.0,0,Rejected,0,2023-01-27,0,
APP804633,CUST103849,2022-08-04,Home,Home Purchase,1761000,48,8.26,42200,9500,1.249,1,Rejected,0,2022-08-05,0,
APP804634,CUST101578,2024-06-11,Auto,Two Wheeler,1437000,36,13.52,10000,2900,3.0,1,Rejected,0,2024-06-19,0,
APP804635,CUST100448,2023-04-15,Personal,Wedding,1156000,12,16.9,16600,3800,3.0,0,Rejected,0,2023-05-05,0,
APP804636,CUST102821,2023-10-22,Gold,Gold Loan,721000,12,12.07,61100,4200,1.117,1,Approved,693000,2023-10-28,1,0
APP804637,CUST100603,2022-09-21,Personal,Wedding,62000,60,11.87,41200,2800,0.101,0,Approved,46000,2022-09-26,1,0
APP804638,CUST104959,2023-04-04,Auto,New Car,1927000,36,13.53,11900,1900,3.0,1,Rejected,0,2023-04-15,0,
APP804639,CUST100286,2022-09-04,Personal,Travel,493000,84,11.3,38200,10400,0.495,1,Approved,480000,2022-09-09,1,0
APP804640,CUST100205,2022-12-14,Home,Home Purchase,10913000,48,10.38,10000,2900,3.0,1,Rejected,0,2022-12-17,0,
APP804641,CUST104458,2023-11-12,Home,Home Construction,10225000,24,10.34,18200,200,3.0,1,Rejected,0,2023-11-23,0,
APP804642,CUST100937,2023-09-27,Personal,Wedding,574000,48,13.03,146000,9100,0.168,0,Approved,450000,2023-10-12,1,1
APP804643,CUST100355,2023-10-03,Personal,Medical Emergency,257000,48,12.92,107200,7400,0.133,0,Approved,181000,2023-10-09,1,0
APP804644,CUST104833,2022-10-02,Auto,Used Car,523000,36,13.84,100300,1000,0.188,1,Approved,475000,2022-10-03,1,0
APP804645,CUST102494,2023-02-07,Auto,Used Car,510000,36,10.81,28900,200,0.583,1,Approved,502000,2023-02-22,1,0
APP804646,CUST101297,2023-05-15,Home,Home Construction,5188000,84,10.05,31000,0,2.779,1,Rejected,0,2023-05-27,0,
APP804647,CUST104730,2023-07-24,Gold,Gold Loan,143000,24,12.88,19200,2100,0.463,1,Approved,113000,2023-07-27,1,0
APP804648,CUST101565,2023-02-09,Gold,Gold Loan,702000,24,14.31,126500,31400,0.515,1,Approved,546000,2023-02-19,1,0
APP804649,CUST103471,2023-08-07,Business,Working Capital,6521000,84,18.97,90300,4300,1.607,0,Rejected,0,2023-08-09,0,
APP804650,CUST104478,2024-05-14,Personal,Medical Emergency,413000,48,21.69,54600,9200,0.405,0,Approved,313000,2024-05-22,1,0
APP804651,CUST101948,2022-07-07,Personal,Wedding,683000,24,15.53,84200,23900,0.679,0,Approved,614000,2022-07-16,1,0
APP804652,CUST101285,2023-06-18,Home,Balance Transfer,10143000,36,8.81,82000,19000,3.0,1,Rejected,0,2023-06-25,0,
APP804653,CUST101294,2024-02-25,Personal,Wedding,1204000,84,11.17,30500,7300,0.919,0,Approved,1019000,2024-03-12,1,1
APP804654,CUST101749,2024-05-31,Home,Balance Transfer,2580000,180,8.01,25800,300,0.97,1,Approved,2449000,2024-06-10,1,0
APP804655,CUST104128,2023-03-06,Personal,Travel,538000,48,14.36,29900,3700,0.619,0,Approved,435000,2023-03-10,1,1
APP804656,CUST100636,2022-08-11,Education,Skill Certification,2450000,120,12.79,79800,4700,0.513,0,Approved,2044000,2022-08-27,1,1
APP804657,CUST101300,2024-04-22,Business,Business Expansion,3925000,24,13.43,56500,19700,3.0,0,Rejected,0,2024-04-27,0,
APP804658,CUST103525,2023-10-29,Business,Business Expansion,5502000,84,18.18,28400,5400,3.0,0,Rejected,0,2023-11-07,0,
APP804659,CUST104708,2023-01-07,Auto,New Car,312000,12,12.49,49000,6600,0.702,1,Approved,301000,2023-01-25,1,0
APP804660,CUST102467,2022-09-03,Business,Equipment Purchase,2627000,60,15.83,47300,1700,1.383,1,Rejected,0,2022-09-09,0,
APP804661,CUST101571,2023-08-04,Personal,Debt Consolidation,698000,84,15.73,68900,17500,0.453,0,Approved,566000,2023-08-10,1,0
APP804662,CUST104821,2023-04-28,Business,Equipment Purchase,2562000,84,15.5,37900,2900,1.4,0,Rejected,0,2023-05-04,0,
APP804663,CUST101006,2023-03-14,Business,Business Expansion,6084000,60,12.8,10000,200,3.0,0,Rejected,0,2023-04-03,0,
APP804664,CUST102661,2022-12-10,Personal,Wedding,680000,84,19.29,48800,11000,0.529,0,Approved,513000,2022-12-15,1,0
APP804665,CUST103914,2024-05-02,Home,Balance Transfer,9957000,120,9.3,44500,13500,3.0,1,Rejected,0,2024-05-20,0,
APP804666,CUST103910,2023-11-06,Personal,Medical Emergency,1071000,12,14.55,52600,15200,2.121,0,Rejected,0,2023-11-10,0,
APP804667,CUST101083,2023-10-21,Auto,Used Car,1459000,60,12.19,108900,29400,0.569,1,Approved,1090000,2023-10-25,1,0
APP804668,CUST100204,2023-04-11,Business,Business Expansion,3501000,48,13.05,84300,800,1.125,0,Approved,2791000,2023-04-23,1,0
APP804669,CUST103880,2023-03-30,Business,Business Expansion,3818000,36,17.34,33400,4500,3.0,0,Rejected,0,2023-04-10,0,
APP804670,CUST103448,2022-07-16,Gold,Gold Loan,693000,12,11.61,10000,200,3.0,1,Rejected,0,2022-08-04,0,
APP804671,CUST104525,2023-10-05,Home,Plot Purchase,11584000,36,9.5,94400,5900,3.0,1,Approved,9400000,2023-10-09,1,1
APP804672,CUST102125,2023-09-28,Personal,Home Renovation,370000,84,17.38,29500,7500,0.513,0,Rejected,0,2023-10-01,0,
APP804673,CUST103561,2024-05-19,Personal,Medical Emergency,1013000,84,14.7,43900,1300,0.471,0,Approved,724000,2024-06-08,1,1
APP804674,CUST104426,2024-05-16,Personal,Travel,1220000,48,20.62,29300,2200,1.356,0,Under Review,0,,0,
APP804675,CUST102689,2023-08-28,Business,Equipment Purchase,6502000,24,16.17,116700,30500,2.995,0,Rejected,0,2023-08-31,0,
APP804676,CUST102746,2023-01-28,Home,Balance Transfer,2151000,60,9.7,27500,2100,1.726,1,Rejected,0,2023-02-10,0,
APP804677,CUST102064,2024-03-09,Auto,Used Car,929000,60,12.18,44000,14100,0.793,1,Approved,734000,2024-03-11,1,0
APP804678,CUST103130,2022-11-06,Auto,New Car,655000,24,11.69,46000,5700,0.792,1,Approved,631000,2022-11-15,1,0
APP804679,CUST103205,2023-05-27,Personal,Medical Emergency,783000,84,14.23,138400,47300,0.448,1,Approved,642000,2023-06-11,1,0
APP804680,CUST101731,2023-05-16,Gold,Gold Loan,592000,36,10.18,28900,2800,0.759,1,Approved,514000,2023-05-30,1,1
APP804681,CUST102919,2023-04-08,Auto,New Car,2456000,48,10.53,43200,1200,1.484,1,Approved,1797000,2023-04-21,1,1
APP804682,CUST100992,2023-02-16,Business,Working Capital,2384000,12,14.31,32900,8300,3.0,0,Rejected,0,2023-02-27,0,
APP804683,CUST100841,2022-11-15,Home,Home Construction,6718000,240,8.15,27500,1100,2.103,1,Rejected,0,2022-12-04,0,
APP804684,CUST102239,2023-02-24,Personal,Wedding,1103000,60,22.96,96100,6200,0.388,0,Approved,963000,2023-03-15,1,0
APP804685,CUST100814,2023-07-19,Gold,Gold Loan,538000,24,13.14,23600,5100,1.299,1,Approved,419000,2023-08-03,1,0
APP804686,CUST102208,2023-03-31,Personal,Travel,720000,24,11.91,31900,8100,1.317,0,Rejected,0,2023-04-07,0,
APP804687,CUST104751,2023-04-07,Home,Balance Transfer,8312000,84,9.87,43300,10800,3.0,1,Rejected,0,2023-04-15,0,
APP804688,CUST104355,2023-01-25,Personal,Travel,855000,12,12.38,58000,1000,1.33,0,Rejected,0,2023-02-06,0,
APP804689,CUST100244,2024-05-24,Personal,Wedding,978000,36,13.06,23200,7900,1.764,0,Under Review,0,,0,
APP804690,CUST103348,2024-06-02,Home,Plot Purchase,4056000,84,10.42,30500,9700,2.552,1,Under Review,0,,0,
APP804691,CUST102004,2023-04-30,Personal,Wedding,135000,24,21.01,31600,900,0.248,0,Rejected,0,2023-05-15,0,
APP804692,CUST104205,2024-04-02,Personal,Debt Consolidation,991000,48,15.78,13000,1800,2.29,0,Rejected,0,2024-04-21,0,
APP804693,CUST103901,2023-06-22,Auto,Used Car,1722000,24,9.73,70400,6500,1.218,1,Rejected,0,2023-07-02,0,
APP804694,CUST100424,2022-08-26,Business,Business Expansion,4284000,60,16.0,36300,2200,2.928,0,Rejected,0,2022-09-10,0,
APP804695,CUST101619,2023-12-27,Business,Working Capital,6884000,36,15.59,98000,19100,2.651,0,Rejected,0,2024-01-04,0,
APP804696,CUST104303,2024-05-04,Education,Higher Studies India,817000,12,9.9,38800,6800,2.027,0,Approved,813000,2024-05-20,1,0
APP804697,CUST103455,2022-08-21,Home,Plot Purchase,5985000,120,9.84,25000,4100,3.0,1,Approved,4591000,2022-08-28,1,1
APP804698,CUST100332,2024-02-14,Gold,Gold Loan,223000,24,9.16,15400,4700,0.966,1,Rejected,0,2024-02-20,0,
APP804699,CUST100800,2024-04-06,Gold,Gold Loan,87000,36,12.49,43800,5400,0.19,1,Approved,77000,2024-04-22,1,0
APP804700,CUST101899,2022-10-27,Personal,Travel,486000,84,17.8,63200,10400,0.325,0,Approved,352000,2022-11-03,1,0
APP804701,CUST100477,2024-02-01,Business,Equipment Purchase,5349000,60,12.04,17600,700,3.0,0,Rejected,0,2024-02-03,0,
APP804702,CUST102775,2023-12-25,Education,Study Abroad,1004000,36,12.62,24700,6200,1.613,0,Rejected,0,2024-01-09,0,
APP804703,CUST100819,2024-02-28,Personal,Travel,1377000,24,11.04,46100,15600,1.73,1,Rejected,0,2024-03-06,0,
APP804704,CUST104885,2024-01-09,Personal,Home Renovation,385000,84,13.35,78800,26000,0.42,0,Rejected,0,2024-01-26,0,
APP804705,CUST102552,2024-05-05,Gold,Gold Loan,535000,24,13.14,42500,14000,0.929,1,Rejected,0,2024-05-24,0,
APP804706,CUST100799,2024-02-09,Education,Skill Certification,2720000,12,10.19,84100,7600,2.936,0,Rejected,0,2024-02-18,0,
APP804707,CUST104790,2023-04-07,Auto,Two Wheeler,1702000,12,11.27,31300,8200,3.0,1,Rejected,0,2023-04-19,0,
APP804708,CUST103406,2023-08-02,Business,Business Expansion,2177000,60,14.17,50100,9900,1.213,0,Rejected,0,2023-08-05,0,
APP804709,CUST104849,2023-04-17,Education,Skill Certification,1726000,60,9.98,66600,2400,0.587,0,Approved,1682000,2023-05-06,1,0
APP804710,CUST100771,2023-03-23,Gold,Gold Loan,429000,12,11.44,97000,8500,0.479,1,Approved,334000,2023-04-04,1,0
APP804711,CUST103695,2023-10-20,Business,Business Expansion,2348000,36,18.38,67000,6100,1.365,1,Rejected,0,2023-11-05,0,
APP804712,CUST104396,2022-09-07,Home,Plot Purchase,5703000,180,10.02,110100,21600,0.754,1,Rejected,0,2022-09-22,0,
APP804713,CUST101555,2023-04-26,Home,Home Purchase,5027000,12,8.65,23900,7400,3.0,1,Rejected,0,2023-05-13,0,
APP804714,CUST103781,2023-05-03,Personal,Wedding,919000,60,19.35,48100,1400,0.529,0,Approved,840000,2023-05-16,1,0
APP804715,CUST102861,2023-05-01,Education,Skill Certification,3371000,84,11.48,146600,24900,0.569,0,Approved,3241000,2023-05-14,1,0
APP804716,CUST101483,2023-12-28,Home,Plot Purchase,5918000,60,10.17,28300,8900,3.0,1,Rejected,0,2024-01-15,0,
APP804717,CUST104749,2022-10-01,Personal,Wedding,624000,36,23.77,12900,3500,2.16,0,Approved,549000,2022-10-20,1,0
APP804718,CUST100357,2022-09-18,Home,Plot Purchase,9312000,60,9.02,10000,600,3.0,1,Rejected,0,2022-09-25,0,
APP804719,CUST104784,2022-11-04,Gold,Gold Loan,243000,12,14.83,64300,12400,0.533,1,Approved,183000,2022-11-05,1,0
APP804720,CUST103493,2024-05-04,Business,Equipment Purchase,1565000,48,19.26,104400,25200,0.692,0,Approved,1441000,2024-05-16,1,0
APP804721,CUST101232,2023-10-08,Gold,Gold Loan,374000,12,13.66,47300,5900,0.834,1,Approved,338000,2023-10-17,1,1
APP804722,CUST101478,2023-11-22,Education,Higher Studies India,460000,48,9.86,73700,15000,0.361,0,Approved,353000,2023-12-02,1,0
APP804723,CUST100838,2023-01-31,Personal,Medical Emergency,965000,36,14.58,64600,15800,0.76,0,Approved,897000,2023-02-04,1,0
APP804724,CUST104369,2023-01-31,Home,Home Purchase,8798000,60,8.16,26800,6500,3.0,1,Rejected,0,2023-02-14,0,
APP804725,CUST101776,2024-06-01,Personal,Travel,1115000,36,18.85,38200,10300,1.336,0,Under Review,0,,0,
APP804726,CUST104382,2022-08-12,Education,Skill Certification,525000,120,11.97,22000,1200,0.397,0,Approved,463000,2022-08-28,1,1
APP804727,CUST100511,2023-11-24,Gold,Gold Loan,106000,12,12.97,120900,8300,0.147,1,Approved,97000,2023-12-13,1,0
APP804728,CUST104510,2022-07-28,Home,Home Construction,4611000,36,10.15,94800,9600,1.674,1,Approved,3503000,2022-08-10,1,0
APP804729,CUST101393,2024-06-09,Home,Home Construction,2592000,240,9.12,33400,7000,0.915,1,Rejected,0,2024-06-21,0,
APP804730,CUST103573,2024-02-05,Business,Business Expansion,3914000,84,15.46,22200,3600,3.0,1,Rejected,0,2024-02-06,0,
APP804731,CUST101946,2023-07-19,Auto,Used Car,617000,36,13.35,21300,2400,1.092,1,Rejected,0,2023-08-08,0,
APP804732,CUST102611,2022-10-14,Home,Home Purchase,7393000,12,10.46,48200,11700,3.0,1,Rejected,0,2022-10-21,0,
APP804733,CUST102806,2024-05-17,Auto,Two Wheeler,449000,36,9.06,48400,7300,0.446,1,Under Review,0,,0,
APP804734,CUST101162,2022-07-06,Personal,Debt Consolidation,306000,48,13.85,78000,5500,0.177,1,Approved,263000,2022-07-16,1,0
APP804735,CUST100810,2023-06-09,Gold,Gold Loan,59000,36,12.16,117700,21600,0.2,1,Approved,50000,2023-06-11,1,0
APP804736,CUST103250,2023-11-30,Personal,Travel,915000,60,14.17,57500,4400,0.448,0,Rejected,0,2023-12-11,0,
APP804737,CUST103845,2023-12-09,Auto,Used Car,1614000,12,12.62,58000,7000,2.602,1,Approved,1359000,2023-12-27,1,1
APP804738,CUST102433,2023-09-08,Personal,Medical Emergency,1015000,36,16.74,51500,13600,0.964,0,Approved,772000,2023-09-18,1,1
APP804739,CUST102434,2023-10-30,Home,Balance Transfer,4168000,36,8.47,23600,1900,3.0,1,Rejected,0,2023-11-14,0,
APP804740,CUST102420,2023-04-14,Business,Business Expansion,2758000,24,18.39,50700,12300,2.966,0,Rejected,0,2023-04-21,0,
APP804741,CUST102286,2023-04-21,Personal,Wedding,1358000,48,18.7,28500,5400,1.606,0,Approved,1115000,2023-04-29,1,1
APP804742,CUST101928,2023-04-19,Auto,New Car,1598000,24,13.46,40900,2500,1.927,1,Rejected,0,2023-05-02,0,
APP804743,CUST104434,2024-06-21,Auto,Used Car,340000,84,12.2,13300,3200,0.692,1,Under Review,0,,0,
APP804744,CUST101956,2024-01-03,Business,Working Capital,2771000,84,13.67,21200,6000,2.707,0,Approved,2439000,2024-01-22,1,0
APP804745,CUST103387,2023-04-12,Gold,Gold Loan,563000,12,12.87,37600,4600,1.457,1,Rejected,0,2023-04-22,0,
APP804746,CUST102487,2023-12-17,Personal,Medical Emergency,945000,84,20.6,13200,4600,1.97,0,Rejected,0,2023-12-20,0,
APP804747,CUST102687,2023-09-29,Gold,Gold Loan,381000,12,12.37,49200,2200,0.734,1,Rejected,0,2023-10-11,0,
APP804748,CUST104450,2024-04-16,Gold,Gold Loan,299000,12,14.03,20900,4500,1.498,1,Rejected,0,2024-05-03,0,
APP804749,CUST101426,2023-08-05,Personal,Travel,1356000,48,21.57,17800,4800,2.656,0,Rejected,0,2023-08-10,0,
APP804750,CUST103698,2023-08-10,Personal,Home Renovation,906000,12,12.27,10000,1400,3.0,0,Rejected,0,2023-08-24,0,
APP804751,CUST103260,2022-08-04,Education,Higher Studies India,626000,12,11.87,38200,7400,1.651,0,Rejected,0,2022-08-10,0,
APP804752,CUST104051,2022-10-14,Business,Working Capital,615000,36,16.21,45600,6400,0.615,0,Rejected,0,2022-10-27,0,
APP804753,CUST104197,2023-09-29,Personal,Home Renovation,1091000,36,11.07,28900,5700,1.434,0,Approved,1064000,2023-10-02,1,0
APP804754,CUST101425,2023-04-17,Auto,Used Car,1558000,84,11.0,30600,6600,1.086,1,Rejected,0,2023-04-26,0,
APP804755,CUST104433,2023-07-27,Home,Plot Purchase,2764000,180,9.28,51800,10800,0.758,1,Approved,2076000,2023-07-28,1,0
APP804756,CUST103132,2022-09-04,Business,Working Capital,5487000,12,13.26,53800,6600,3.0,0,Rejected,0,2022-09-24,0,
APP804757,CUST101095,2022-08-10,Personal,Wedding,1302000,24,15.87,87400,9200,0.833,0,Approved,1177000,2022-08-26,1,0
APP804758,CUST103733,2022-07-17,Personal,Debt Consolidation,1299000,48,19.74,10000,1400,3.0,0,Rejected,0,2022-08-01,0,
APP804759,CUST103319,2022-08-24,Personal,Travel,1295000,36,18.64,22300,1500,2.186,0,Rejected,0,2022-08-26,0,
APP804760,CUST103945,2023-07-05,Home,Home Purchase,5185000,120,8.92,18800,1300,3.0,1,Rejected,0,2023-07-15,0,
APP804761,CUST102881,2023-03-13,Home,Plot Purchase,2494000,240,9.32,20600,3400,1.276,1,Approved,2470000,2023-03-17,1,1
APP804762,CUST102101,2024-04-12,Gold,Gold Loan,636000,12,13.91,89200,18800,0.851,1,Approved,506000,2024-04-28,1,0
APP804763,CUST100268,2023-06-12,Business,Business Expansion,5300000,84,16.88,20000,2200,3.0,0,Rejected,0,2023-06-23,0,
APP804764,CUST100247,2022-11-26,Business,Working Capital,4630000,12,13.58,86800,12300,3.0,0,Rejected,0,2022-11-30,0,
APP804765,CUST100739,2022-07-26,Education,Higher Studies India,2866000,84,11.2,27500,1700,1.859,0,Rejected,0,2022-07-28,0,
APP804766,CUST101631,2024-02-16,Personal,Wedding,1295000,12,17.81,43000,8900,2.966,0,Rejected,0,2024-02-19,0,
APP804767,CUST104425,2024-01-31,Personal,Wedding,981000,36,18.7,55900,6600,0.759,0,Rejected,0,2024-02-19,0,
APP804768,CUST100699,2023-10-20,Personal,Medical Emergency,370000,24,12.0,31700,1200,0.588,0,Rejected,0,2023-10-27,0,
APP804769,CUST104066,2023-07-22,Personal,Home Renovation,934000,12,14.29,17900,3000,3.0,1,Rejected,0,2023-07-26,0,
APP804770,CUST101733,2024-02-22,Auto,Two Wheeler,1103000,60,13.61,65700,5800,0.476,1,Approved,838000,2024-03-01,1,0
APP804771,CUST102243,2023-10-20,Business,Business Expansion,6888000,60,19.92,53100,13800,3.0,0,Rejected,0,2023-10-21,0,
APP804772,CUST102746,2024-02-11,Personal,Medical Emergency,456000,12,22.37,27500,4800,1.728,0,Approved,354000,2024-02-23,1,0
APP804773,CUST101154,2022-12-30,Education,Skill Certification,1976000,48,9.25,17100,5600,3.0,0,Rejected,0,2023-01-19,0,
APP804774,CUST103514,2023-05-17,Education,Study Abroad,1205000,36,12.67,60000,16600,0.949,0,Approved,1159000,2023-05-20,1,0
APP804775,CUST101558,2024-01-27,Auto,Two Wheeler,752000,24,11.65,17200,900,2.098,1,Rejected,0,2024-02-08,0,
APP804776,CUST101100,2023-11-05,Auto,New Car,2197000,84,12.59,18000,2400,2.321,1,Rejected,0,2023-11-09,0,
APP804777,CUST101926,2022-10-08,Personal,Medical Emergency,712000,24,22.83,136900,36700,0.54,0,Approved,691000,2022-10-09,1,0
APP804778,CUST103747,2024-02-21,Education,Higher Studies India,932000,60,10.55,37200,7600,0.743,0,Rejected,0,2024-03-03,0,
APP804779,CUST104289,2024-06-28,Personal,Debt Consolidation,276000,24,15.3,38100,1400,0.389,0,Approved,243000,2024-07-04,1,0
APP804780,CUST100486,2022-09-11,Business,Equipment Purchase,4526000,60,12.7,71800,18300,1.68,0,Rejected,0,2022-09-30,0,
APP804781,CUST102179,2022-09-16,Gold,Gold Loan,685000,24,12.42,10000,2600,3.0,1,Rejected,0,2022-09-24,0,
APP804782,CUST100902,2024-06-04,Gold,Gold Loan,382000,24,14.97,100500,27900,0.462,1,Approved,287000,2024-06-11,1,0
APP804783,CUST103994,2023-07-10,Home,Home Purchase,4184000,36,8.4,10000,800,3.0,1,Rejected,0,2023-07-12,0,
APP804784,CUST102271,2023-03-03,Gold,Gold Loan,537000,24,11.68,21200,2600,1.312,1,Approved,438000,2023-03-08,1,1
APP804785,CUST102333,2024-03-03,Auto,Two Wheeler,1162000,60,10.96,52900,5100,0.573,1,Approved,849000,2024-03-20,1,0
APP804786,CUST101734,2022-07-12,Auto,Used Car,1921000,24,9.22,30900,5600,3.0,1,Approved,1582000,2022-07-27,1,0
APP804787,CUST104430,2023-09-29,Home,Balance Transfer,5258000,84,8.55,14900,1000,3.0,1,Rejected,0,2023-10-18,0,
APP804788,CUST103288,2023-06-05,Personal,Medical Emergency,612000,12,16.51,13600,400,3.0,0,Rejected,0,2023-06-24,0,
APP804789,CUST103563,2023-08-03,Auto,Two Wheeler,426000,24,11.73,18200,900,1.149,1,Rejected,0,2023-08-19,0,
APP804790,CUST104176,2024-02-23,Home,Balance Transfer,10463000,12,8.97,17000,5500,3.0,1,Rejected,0,2024-02-27,0,
APP804791,CUST102534,2024-05-18,Home,Home Construction,1516000,12,8.35,35400,2200,3.0,1,Under Review,0,,0,
APP804792,CUST101296,2024-06-11,Business,Working Capital,2888000,84,16.59,29600,10000,2.309,1,Rejected,0,2024-06-29,0,
APP804793,CUST103825,2024-01-21,Personal,Debt Consolidation,1381000,60,19.34,46900,8900,0.959,0,Rejected,0,2024-01-26,0,
APP804794,CUST101739,2022-07-03,Personal,Wedding,378000,84,16.24,26800,100,0.286,0,Approved,360000,2022-07-20,1,1
APP804795,CUST104014,2024-02-11,Education,Higher Studies India,3173000,24,12.44,49800,8300,3.0,0,Approved,2371000,2024-02-20,1,1
APP804796,CUST102580,2024-01-30,Auto,Two Wheeler,871000,60,11.73,24300,2100,0.878,1,Approved,650000,2024-02-07,1,1
APP804797,CUST100303,2023-03-25,Personal,Debt Consolidation,738000,24,19.57,98700,16400,0.545,0,Rejected,0,2023-04-14,0,
APP804798,CUST104743,2022-12-12,Personal,Debt Consolidation,221000,48,20.16,57800,200,0.12,0,Approved,175000,2022-12-16,1,0
APP804799,CUST102187,2023-01-13,Education,Skill Certification,2339000,84,12.87,43200,1600,1.019,1,Approved,1928000,2023-01-24,1,0
APP804800,CUST101441,2023-01-08,Auto,Two Wheeler,730000,12,11.54,298100,24800,0.3,1,Approved,681000,2023-01-13,1,1
APP804801,CUST100821,2023-11-17,Business,Business Expansion,794000,84,13.35,38200,12400,0.707,0,Approved,618000,2023-11-20,1,0
APP804802,CUST102584,2023-09-10,Home,Balance Transfer,1567000,48,10.11,14300,2600,2.963,1,Rejected,0,2023-09-12,0,
APP804803,CUST103920,2022-07-14,Personal,Wedding,1357000,12,15.58,70900,5800,1.814,0,Rejected,0,2022-07-16,0,
APP804804,CUST101123,2022-07-24,Business,Business Expansion,2101000,24,17.29,79600,6500,1.391,0,Rejected,0,2022-08-02,0,
APP804805,CUST101919,2023-05-25,Home,Home Purchase,9608000,180,8.58,45600,1200,2.109,1,Rejected,0,2023-06-11,0,
APP804806,CUST104657,2023-12-24,Personal,Medical Emergency,128000,24,14.79,71800,20900,0.377,0,Approved,119000,2024-01-05,1,0
APP804807,CUST101538,2022-08-10,Business,Business Expansion,6172000,60,19.91,27300,100,3.0,0,Rejected,0,2022-08-26,0,
APP804808,CUST101849,2023-02-27,Home,Home Construction,3607000,36,8.69,35300,600,3.0,1,Rejected,0,2023-03-07,0,
APP804809,CUST103459,2024-01-06,Auto,Two Wheeler,2244000,12,11.89,74800,2900,2.703,1,Rejected,0,2024-01-11,0,
APP804810,CUST104395,2023-11-12,Home,Balance Transfer,3791000,24,8.23,26000,6200,3.0,1,Rejected,0,2023-11-22,0,
APP804811,CUST104846,2023-06-02,Auto,Used Car,2238000,84,9.55,44700,2400,0.873,1,Rejected,0,2023-06-04,0,
APP804812,CUST102073,2024-04-24,Auto,Two Wheeler,1635000,24,11.22,56400,12500,1.575,1,Approved,1323000,2024-04-25,1,0
APP804813,CUST104864,2023-08-25,Business,Working Capital,562000,60,14.67,64400,1000,0.222,0,Approved,538000,2023-09-14,1,0
APP804814,CUST103813,2023-09-02,Auto,New Car,589000,84,13.27,47700,4200,0.314,1,Approved,483000,2023-09-11,1,0
APP804815,CUST104566,2023-08-04,Home,Balance Transfer,2126000,84,9.74,97100,6300,0.425,1,Approved,2124000,2023-08-18,1,0
APP804816,CUST103434,2024-05-17,Auto,New Car,1289000,60,10.48,21200,4400,1.516,1,Approved,953000,2024-05-24,1,1
APP804817,CUST100231,2022-12-21,Auto,Used Car,780000,84,12.08,49100,2900,0.34,1,Approved,730000,2023-01-05,1,0
APP804818,CUST102550,2022-10-25,Business,Working Capital,551000,12,17.63,50700,12500,1.242,0,Approved,419000,2022-10-26,1,0
APP804819,CUST101210,2023-07-26,Education,Higher Studies India,1580000,120,10.38,14300,4500,1.801,0,Rejected,0,2023-08-14,0,
APP804820,CUST100029,2023-11-16,Home,Plot Purchase,3180000,84,9.74,65400,3800,0.859,1,Approved,3028000,2023-11-22,1,0
APP804821,CUST100762,2022-08-05,Home,Balance Transfer,5964000,24,9.25,21800,5800,3.0,1,Rejected,0,2022-08-10,0,
APP804822,CUST101933,2023-07-03,Personal,Debt Consolidation,191000,60,19.33,56200,14300,0.343,0,Approved,139000,2023-07-11,1,1
APP804823,CUST100589,2023-12-13,Home,Plot Purchase,7905000,48,9.46,60800,10900,3.0,1,Rejected,0,2023-12-27,0,
APP804824,CUST100091,2023-12-26,Home,Home Purchase,8786000,36,10.09,32300,8800,3.0,1,Rejected,0,2023-12-27,0,
APP804825,CUST104081,2023-01-21,Business,Business Expansion,1630000,12,14.8,106600,31400,1.673,1,Approved,1514000,2023-01-27,1,0
APP804826,CUST103662,2022-09-22,Home,Plot Purchase,5054000,180,10.24,40000,13900,1.722,1,Rejected,0,2022-10-11,0,
APP804827,CUST103525,2023-12-30,Auto,New Car,1817000,12,9.31,28400,3700,3.0,1,Rejected,0,2024-01-08,0,
APP804828,CUST103805,2023-09-16,Personal,Medical Emergency,115000,84,21.83,51300,1000,0.072,1,Approved,88000,2023-09-24,1,0
APP804829,CUST103279,2022-09-01,Personal,Wedding,1099000,60,17.07,44600,6700,0.764,1,Approved,909000,2022-09-14,1,0
APP804830,CUST103034,2022-08-20,Personal,Travel,1070000,60,12.52,10000,2900,2.698,1,Rejected,0,2022-08-24,0,
APP804831,CUST104879,2022-08-06,Education,Study Abroad,939000,36,10.9,33900,5400,1.066,0,Approved,707000,2022-08-26,1,0
APP804832,CUST101390,2023-08-20,Education,Higher Studies India,1913000,84,12.85,117100,1600,0.31,1,Approved,1383000,2023-09-01,1,0
APP804833,CUST100988,2024-05-08,Auto,Used Car,1211000,36,11.86,11000,3500,3.0,1,Rejected,0,2024-05-27,0,
APP804834,CUST104033,2023-07-29,Business,Business Expansion,2637000,60,17.25,10000,2900,3.0,0,Rejected,0,2023-08-11,0,
APP804835,CUST100516,2024-01-15,Personal,Medical Emergency,1209000,24,11.34,56300,17100,1.309,1,Approved,1097000,2024-01-25,1,1
APP804836,CUST100626,2023-01-10,Personal,Travel,1049000,36,23.41,30200,7100,1.586,0,Rejected,0,2023-01-26,0,
APP804837,CUST104044,2024-03-06,Home,Plot Purchase,7019000,60,9.17,59600,4300,2.527,1,Rejected,0,2024-03-10,0,
APP804838,CUST102785,2023-01-25,Auto,Two Wheeler,603000,48,12.12,30100,3200,0.634,1,Rejected,0,2023-01-29,0,
APP804839,CUST100183,2023-07-29,Home,Plot Purchase,9939000,120,8.85,38200,11800,3.0,1,Rejected,0,2023-08-11,0,
APP804840,CUST101763,2022-07-17,Auto,Two Wheeler,1521000,12,10.34,34000,5100,3.0,1,Rejected,0,2022-08-02,0,
APP804841,CUST102749,2023-07-22,Education,Higher Studies India,1558000,36,9.42,35700,5900,1.561,0,Rejected,0,2023-07-30,0,
APP804842,CUST101334,2023-11-18,Home,Home Construction,6896000,60,9.53,23200,1700,3.0,1,Rejected,0,2023-12-02,0,
APP804843,CUST101623,2024-04-17,Home,Home Construction,1914000,24,8.67,10000,900,3.0,1,Rejected,0,2024-04-28,0,
APP804844,CUST103587,2024-04-25,Personal,Travel,965000,36,11.55,58400,19800,0.885,1,Approved,802000,2024-05-05,1,0
APP804845,CUST104674,2022-10-24,Business,Working Capital,2199000,24,15.85,51400,6500,2.216,0,Rejected,0,2022-11-11,0,
APP804846,CUST102282,2023-08-13,Auto,Used Car,946000,48,13.78,51600,8300,0.659,1,Approved,854000,2023-08-16,1,0
APP804847,CUST104596,2022-11-15,Personal,Medical Emergency,1359000,36,22.42,37100,3400,1.5,1,Rejected,0,2022-12-02,0,
APP804848,CUST100255,2024-02-15,Auto,Used Car,528000,36,9.96,24600,2000,0.775,1,Rejected,0,2024-02-24,0,
APP804849,CUST103715,2022-11-11,Personal,Wedding,147000,84,11.93,30800,10200,0.415,0,Approved,144000,2022-11-13,1,1
APP804850,CUST101970,2023-12-24,Business,Working Capital,5311000,60,19.42,45500,10600,3.0,0,Rejected,0,2024-01-03,0,
APP804851,CUST102309,2024-02-23,Home,Balance Transfer,3711000,36,9.55,37000,900,3.0,1,Rejected,0,2024-02-28,0,
APP804852,CUST102906,2023-12-07,Auto,New Car,1470000,24,9.22,17000,3200,3.0,1,Rejected,0,2023-12-25,0,
APP804853,CUST102074,2022-07-17,Education,Higher Studies India,3419000,12,10.65,58700,15800,3.0,0,Rejected,0,2022-07-29,0,
APP804854,CUST102419,2024-01-25,Personal,Wedding,1024000,36,13.1,44800,6900,0.924,0,Rejected,0,2024-01-29,0,
APP804855,CUST101631,2024-04-12,Personal,Wedding,1290000,60,14.63,43000,14000,1.034,0,Rejected,0,2024-04-20,0,
APP804856,CUST102972,2023-11-04,Home,Plot Purchase,11985000,120,9.6,56900,19900,3.0,1,Rejected,0,2023-11-22,0,
APP804857,CUST103661,2023-05-15,Education,Higher Studies India,590000,84,11.45,21200,500,0.507,1,Rejected,0,2023-05-24,0,
APP804858,CUST102895,2024-05-31,Personal,Home Renovation,896000,60,12.66,45100,13000,0.736,0,Under Review,0,,0,
APP804859,CUST101222,2023-10-21,Gold,Gold Loan,404000,12,10.52,26900,3100,1.441,1,Rejected,0,2023-11-02,0,
APP804860,CUST100283,2022-08-31,Personal,Wedding,681000,84,16.05,100600,26300,0.396,0,Approved,593000,2022-09-11,1,0
APP804861,CUST101759,2023-04-27,Home,Home Purchase,7509000,12,10.36,30200,6300,3.0,1,Rejected,0,2023-05-10,0,
APP804862,CUST101587,2023-10-14,Business,Business Expansion,2908000,12,14.99,57600,20100,3.0,0,Rejected,0,2023-10-22,0,
APP804863,CUST100688,2022-07-25,Business,Working Capital,524000,84,13.32,18500,1800,0.616,0,Approved,380000,2022-08-14,1,0
APP804864,CUST101781,2023-05-12,Home,Home Construction,4408000,84,10.0,50700,500,1.454,1,Rejected,0,2023-05-20,0,
APP804865,CUST104576,2022-09-11,Gold,Gold Loan,219000,36,14.88,11700,3600,0.953,1,Approved,203000,2022-09-15,1,1
APP804866,CUST102446,2022-10-10,Gold,Gold Loan,343000,24,14.72,25400,6400,0.904,1,Approved,290000,2022-10-22,1,1
APP804867,CUST101061,2024-03-13,Personal,Medical Emergency,1166000,48,15.84,28200,6000,1.384,1,Approved,1067000,2024-04-01,1,1
APP804868,CUST103081,2024-05-28,Personal,Wedding,1041000,48,23.62,42200,7900,0.986,0,Approved,890000,2024-06-03,1,0
APP804869,CUST102463,2023-02-01,Business,Business Expansion,1764000,24,15.66,17900,4300,3.0,0,Rejected,0,2023-02-11,0,
APP804870,CUST101858,2024-05-29,Personal,Medical Emergency,373000,48,17.94,54600,8900,0.363,0,Approved,294000,2024-06-02,1,0
APP804871,CUST100566,2023-01-15,Personal,Home Renovation,647000,24,18.87,25200,4200,1.458,0,Rejected,0,2023-01-26,0,
APP804872,CUST101657,2023-06-29,Business,Business Expansion,1607000,36,17.73,20600,6800,3.0,0,Rejected,0,2023-06-30,0,
APP804873,CUST104009,2022-12-13,Personal,Medical Emergency,988000,36,17.17,20300,1700,1.82,0,Rejected,0,2022-12-27,0,
APP804874,CUST101402,2023-07-13,Auto,Two Wheeler,2479000,24,12.99,48600,13200,2.697,1,Rejected,0,2023-07-20,0,
APP804875,CUST102177,2022-09-01,Home,Home Purchase,3759000,24,9.34,106200,5800,1.677,1,Approved,3405000,2022-09-04,1,1
APP804876,CUST103232,2022-10-23,Personal,Travel,1257000,60,22.52,16200,3300,2.377,0,Approved,895000,2022-11-03,1,1
APP804877,CUST100973,2024-05-01,Business,Business Expansion,4605000,12,14.93,43200,13300,3.0,0,Rejected,0,2024-05-16,0,
APP804878,CUST103962,2024-06-29,Education,Study Abroad,844000,12,9.6,10000,1800,3.0,0,Rejected,0,2024-07-10,0,
APP804879,CUST101430,2023-10-05,Personal,Home Renovation,1212000,84,13.26,73000,7000,0.4,0,Approved,1113000,2023-10-22,1,0
APP804880,CUST100444,2023-07-22,Education,Higher Studies India,290000,48,11.89,27900,6800,0.517,0,Approved,255000,2023-07-26,1,0
APP804881,CUST104209,2024-03-16,Personal,Wedding,1461000,84,14.81,43800,11100,0.894,0,Approved,1166000,2024-04-01,1,0
APP804882,CUST100588,2022-07-11,Business,Working Capital,6166000,84,18.38,23600,1500,3.0,0,Rejected,0,2022-07-17,0,
APP804883,CUST103389,2023-10-02,Auto,Two Wheeler,1183000,84,12.23,37800,9500,0.807,1,Approved,1125000,2023-10-18,1,0
APP804884,CUST103835,2023-06-16,Home,Plot Purchase,2931000,180,8.3,19100,1600,1.574,1,Rejected,0,2023-06-19,0,
APP804885,CUST101122,2023-02-25,Business,Working Capital,2799000,48,14.75,38200,11800,2.337,0,Rejected,0,2023-03-10,0,
APP804886,CUST104350,2024-02-01,Personal,Debt Consolidation,891000,12,23.85,57400,2900,1.519,0,Approved,858000,2024-02-07,1,1
APP804887,CUST103761,2023-03-15,Education,Study Abroad,1106000,36,12.54,16000,300,2.328,0,Rejected,0,2023-03-20,0,
APP804888,CUST104405,2022-08-30,Home,Balance Transfer,8695000,84,9.17,22000,6200,3.0,1,Rejected,0,2022-09-18,0,
APP804889,CUST102335,2022-07-30,Education,Higher Studies India,4000000,48,11.77,52100,4500,2.101,0,Approved,3051000,2022-08-14,1,0
APP804890,CUST101307,2024-06-21,Personal,Medical Emergency,285000,36,18.95,21200,400,0.511,0,Rejected,0,2024-07-11,0,
APP804891,CUST103485,2024-05-28,Gold,Gold Loan,59000,36,9.28,39500,2300,0.106,1,Approved,57000,2024-06-06,1,0
APP804892,CUST100330,2023-08-13,Personal,Debt Consolidation,1487000,24,23.27,33900,2200,2.369,0,Rejected,0,2023-09-02,0,
APP804893,CUST102595,2023-12-26,Gold,Gold Loan,253000,12,13.45,35500,2900,0.72,1,Approved,252000,2024-01-13,1,0
APP804894,CUST103708,2022-10-15,Personal,Travel,169000,60,18.68,94200,32000,0.386,0,Approved,148000,2022-11-03,1,1
APP804895,CUST103061,2023-11-19,Auto,Two Wheeler,260000,36,9.69,78300,19500,0.356,1,Rejected,0,2023-11-28,0,
APP804896,CUST103926,2023-07-29,Personal,Medical Emergency,281000,48,11.32,67500,15900,0.344,1,Approved,208000,2023-08-18,1,0
APP804897,CUST104700,2022-11-27,Auto,Used Car,2129000,84,12.56,16100,5300,2.708,1,Rejected,0,2022-12-03,0,
APP804898,CUST103455,2022-12-28,Personal,Medical Emergency,115000,12,12.45,25000,4700,0.598,0,Approved,101000,2023-01-06,1,0
APP804899,CUST104441,2022-07-05,Personal,Medical Emergency,988000,84,16.36,112500,15100,0.31,0,Approved,945000,2022-07-25,1,0
APP804900,CUST101451,2023-11-22,Personal,Medical Emergency,1032000,60,23.58,63900,4400,0.53,0,Approved,985000,2023-12-12,1,0
APP804901,CUST103048,2024-05-02,Gold,Gold Loan,287000,12,12.05,23600,6800,1.367,1,Approved,275000,2024-05-08,1,0
APP804902,CUST101274,2024-05-26,Home,Balance Transfer,1527000,180,10.46,57900,14600,0.543,1,Under Review,0,,0,
APP804903,CUST100673,2023-02-10,Education,Higher Studies India,2519000,120,9.35,54300,14900,0.871,1,Rejected,0,2023-02-17,0,
APP804904,CUST100844,2023-05-07,Education,Higher Studies India,1504000,84,9.71,49300,700,0.516,0,Approved,1202000,2023-05-25,1,0
APP804905,CUST102078,2022-09-05,Personal,Home Renovation,1351000,48,22.33,32300,8300,1.583,0,Rejected,0,2022-09-23,0,
APP804906,CUST102473,2022-10-07,Personal,Medical Emergency,1396000,84,13.72,64800,8800,0.536,0,Approved,1124000,2022-10-13,1,0
APP804907,CUST100648,2023-01-04,Home,Balance Transfer,11408000,84,8.84,20400,5700,3.0,1,Rejected,0,2023-01-11,0,
APP804908,CUST100578,2023-03-24,Education,Study Abroad,1607000,120,10.78,17800,5100,1.515,0,Rejected,0,2023-04-13,0,
APP804909,CUST101279,2024-05-18,Personal,Wedding,995000,48,19.18,119500,39800,0.583,0,Under Review,0,,0,
APP804910,CUST104029,2023-08-03,Home,Home Purchase,11997000,120,10.43,10000,0,3.0,1,Rejected,0,2023-08-04,0,
APP804911,CUST104258,2023-10-30,Education,Higher Studies India,493000,120,9.93,32200,4100,0.329,0,Approved,350000,2023-11-05,1,0
APP804912,CUST100972,2022-10-10,Personal,Wedding,333000,84,12.88,14300,2400,0.589,0,Approved,260000,2022-10-30,1,1
APP804913,CUST100307,2023-11-17,Personal,Debt Consolidation,120000,48,14.54,33300,5900,0.277,0,Approved,116000,2023-12-02,1,0
APP804914,CUST102455,2022-10-19,Business,Working Capital,5533000,60,12.97,46000,8500,2.92,0,Rejected,0,2022-10-26,0,
APP804915,CUST103566,2023-05-24,Home,Home Construction,9489000,240,9.32,42100,9900,2.311,1,Rejected,0,2023-05-28,0,
APP804916,CUST103880,2024-02-04,Auto,Two Wheeler,1318000,12,13.45,33400,7300,3.0,1,Rejected,0,2024-02-10,0,
APP804917,CUST103372,2023-12-12,Personal,Debt Consolidation,213000,36,18.56,54600,8200,0.292,0,Approved,201000,2024-01-01,1,0
APP804918,CUST103982,2023-06-17,Home,Balance Transfer,8327000,24,9.27,39300,3000,3.0,1,Approved,5853000,2023-06-26,1,1
APP804919,CUST102327,2022-12-19,Gold,Gold Loan,54000,24,10.55,19200,300,0.146,1,Approved,41000,2022-12-20,1,0
APP804920,CUST100706,2022-11-07,Auto,Two Wheeler,2409000,24,9.48,48900,10000,2.465,1,Rejected,0,2022-11-21,0,
APP804921,CUST100479,2024-04-02,Business,Business Expansion,6417000,84,14.29,41200,14000,3.0,0,Rejected,0,2024-04-08,0,
APP804922,CUST104857,2022-09-08,Home,Plot Purchase,6903000,36,8.2,17200,4100,3.0,1,Rejected,0,2022-09-12,0,
APP804923,CUST103898,2024-03-06,Education,Skill Certification,520000,48,9.62,40300,9500,0.561,0,Approved,480000,2024-03-17,1,1
APP804924,CUST103121,2024-03-09,Gold,Gold Loan,490000,12,14.32,55600,19400,1.141,1,Approved,466000,2024-03-14,1,0
APP804925,CUST104485,2022-10-24,Gold,Gold Loan,424000,24,13.68,59000,12200,0.551,1,Approved,314000,2022-11-13,1,0
APP804926,CUST100717,2023-11-16,Home,Plot Purchase,4712000,84,9.62,26500,2700,3.0,1,Approved,4693000,2023-11-24,1,1
APP804927,CUST101247,2024-03-11,Personal,Home Renovation,1321000,60,17.54,36000,3000,1.005,1,Approved,1010000,2024-03-30,1,0
APP804928,CUST101228,2024-03-11,Home,Balance Transfer,6142000,12,8.28,47100,4800,3.0,1,Rejected,0,2024-03-19,0,
APP804929,CUST103749,2023-09-19,Personal,Travel,1101000,84,21.07,47100,1100,0.557,0,Approved,1011000,2023-09-30,1,0
APP804930,CUST100583,2022-09-09,Education,Study Abroad,3277000,120,12.93,68400,9400,0.851,0,Approved,2405000,2022-09-11,1,0
APP804931,CUST100124,2022-08-03,Home,Plot Purchase,11829000,48,8.44,86200,19100,3.0,1,Rejected,0,2022-08-09,0,
APP804932,CUST101420,2023-03-17,Gold,Gold Loan,379000,12,12.25,38800,5900,1.021,1,Rejected,0,2023-03-22,0,
APP804933,CUST103528,2024-06-23,Home,Plot Purchase,10521000,36,8.84,13400,2500,3.0,1,Rejected,0,2024-07-09,0,
APP804934,CUST102070,2024-03-26,Gold,Gold Loan,432000,24,11.81,18600,5100,1.369,1,Approved,342000,2024-04-09,1,1
APP804935,CUST103146,2022-09-09,Auto,New Car,679000,60,13.33,21500,6400,1.024,1,Approved,671000,2022-09-21,1,0
APP804936,CUST100686,2023-08-16,Auto,Two Wheeler,2354000,24,11.48,95300,20900,1.376,1,Approved,2227000,2023-09-02,1,1
APP804937,CUST101476,2023-12-07,Education,Study Abroad,1554000,84,10.71,109000,37100,0.582,0,Approved,1521000,2023-12-15,1,1
APP804938,CUST104836,2023-06-15,Business,Working Capital,3445000,84,16.13,41900,2200,1.691,0,Rejected,0,2023-06-29,0,
APP804939,CUST104234,2022-12-25,Education,Higher Studies India,1942000,60,10.76,31000,2000,1.418,0,Rejected,0,2022-12-30,0,
APP804940,CUST100657,2023-12-01,Personal,Medical Emergency,373000,48,22.37,87400,16100,0.319,0,Rejected,0,2023-12-02,0,
APP804941,CUST104209,2024-05-31,Personal,Medical Emergency,134000,84,20.33,43800,1500,0.103,0,Approved,106000,2024-06-07,1,0
APP804942,CUST103898,2024-06-21,Personal,Wedding,1428000,12,21.16,40300,800,3.0,0,Under Review,0,,0,
APP804943,CUST103240,2024-02-13,Home,Home Construction,1817000,12,8.35,20300,5300,3.0,1,Rejected,0,2024-03-01,0,
APP804944,CUST101697,2023-11-12,Personal,Wedding,1166000,36,11.37,18000,3900,2.355,0,Rejected,0,2023-11-22,0,
APP804945,CUST103535,2022-08-12,Personal,Wedding,1157000,12,12.52,31800,2200,3.0,0,Rejected,0,2022-08-28,0,
APP804946,CUST101079,2023-07-18,Personal,Debt Consolidation,1463000,36,18.29,27500,9300,2.269,0,Rejected,0,2023-07-24,0,
APP804947,CUST104437,2022-09-08,Education,Skill Certification,1586000,24,11.55,35300,9400,2.371,0,Approved,1491000,2022-09-10,1,1
APP804948,CUST103934,2023-06-15,Education,Study Abroad,1075000,60,9.26,22000,5000,1.246,1,Rejected,0,2023-07-04,0,
APP804949,CUST102153,2022-10-18,Home,Home Construction,11355000,180,9.29,10000,2900,3.0,1,Rejected,0,2022-10-20,0,
APP804950,CUST101936,2023-10-15,Business,Working Capital,4907000,12,13.83,87600,19900,3.0,0,Rejected,0,2023-10-28,0,
APP804951,CUST103841,2024-01-14,Personal,Home Renovation,546000,84,16.09,42300,14000,0.588,0,Rejected,0,2024-01-25,0,
APP804952,CUST104230,2022-07-30,Gold,Gold Loan,341000,24,9.07,71700,14200,0.416,1,Approved,285000,2022-08-01,1,0
APP804953,CUST100004,2024-01-15,Gold,Gold Loan,132000,36,9.14,22900,7800,0.524,1,Approved,103000,2024-01-28,1,0
APP804954,CUST104845,2024-03-16,Gold,Gold Loan,130000,12,12.9,20300,1100,0.626,1,Rejected,0,2024-04-03,0,
APP804955,CUST103020,2024-03-03,Education,Higher Studies India,2065000,12,11.63,17400,3300,3.0,0,Rejected,0,2024-03-23,0,
APP804956,CUST101686,2022-07-15,Personal,Medical Emergency,133000,12,21.06,15100,2600,0.99,0,Approved,103000,2022-07-16,1,1
APP804957,CUST102621,2023-11-24,Personal,Debt Consolidation,1094000,48,16.64,45000,500,0.708,1,Approved,794000,2023-12-04,1,0
APP804958,CUST100986,2024-05-08,Personal,Medical Emergency,129000,36,18.11,19400,2800,0.384,0,Rejected,0,2024-05-16,0,
APP804959,CUST103133,2022-07-14,Personal,Travel,819000,12,19.31,42100,3800,1.888,0,Rejected,0,2022-08-01,0,
APP804960,CUST100555,2022-10-01,Business,Equipment Purchase,6985000,36,15.61,63200,5700,3.0,0,Rejected,0,2022-10-11,0,
APP804961,CUST102095,2023-05-23,Education,Higher Studies India,987000,120,11.17,17700,600,0.806,0,Rejected,0,2023-06-03,0,
APP804962,CUST100221,2023-12-06,Auto,New Car,1128000,48,12.95,10000,100,3.0,1,Rejected,0,2023-12-25,0,
APP804963,CUST103562,2023-11-04,Auto,New Car,525000,84,10.37,26300,1600,0.396,1,Approved,481000,2023-11-22,1,0
APP804964,CUST102517,2024-06-20,Auto,Used Car,1615000,48,13.59,62000,14500,0.94,1,Under Review,0,,0,
APP804965,CUST104974,2022-08-30,Auto,New Car,1531000,24,9.2,91700,7900,0.85,1,Approved,1164000,2022-09-17,1,0
APP804966,CUST101844,2023-03-17,Education,Skill Certification,968000,84,9.45,39500,12000,0.704,0,Rejected,0,2023-04-05,0,
APP804967,CUST101819,2023-03-26,Business,Equipment Purchase,1940000,36,16.73,79700,10900,1.002,1,Approved,1455000,2023-04-07,1,1
APP804968,CUST103792,2023-01-05,Personal,Debt Consolidation,1051000,24,11.4,65800,1500,0.77,0,Rejected,0,2023-01-17,0,
APP804969,CUST104726,2023-09-17,Personal,Travel,1398000,60,15.91,31500,10800,1.419,0,Rejected,0,2023-09-18,0,
APP804970,CUST104504,2024-03-19,Home,Home Construction,10041000,12,9.68,14100,300,3.0,1,Rejected,0,2024-04-03,0,
APP804971,CUST102040,2023-02-13,Personal,Debt Consolidation,900000,84,16.07,14900,2700,1.383,0,Rejected,0,2023-03-03,0,
APP804972,CUST102254,2023-05-10,Auto,Two Wheeler,2092000,24,12.95,31400,1800,3.0,1,Rejected,0,2023-05-21,0,
APP804973,CUST102371,2022-10-27,Business,Working Capital,4340000,24,16.76,74900,8300,2.97,0,Approved,3544000,2022-11-09,1,1
APP804974,CUST104878,2022-11-22,Education,Study Abroad,284000,12,12.77,79100,8800,0.431,0,Approved,277000,2022-12-06,1,0
APP804975,CUST102954,2024-02-24,Auto,New Car,268000,84,12.11,42900,800,0.129,1,Approved,238000,2024-03-10,1,0
APP804976,CUST103061,2023-05-17,Personal,Travel,74000,48,19.76,78300,18700,0.267,0,Approved,70000,2023-05-26,1,1
APP804977,CUST101605,2022-08-17,Personal,Travel,1212000,12,20.47,73700,14800,1.729,0,Approved,1035000,2022-09-02,1,0
APP804978,CUST100319,2023-03-05,Gold,Gold Loan,711000,24,12.68,55200,15600,0.893,1,Approved,599000,2023-03-11,1,0
APP804979,CUST104211,2023-08-07,Personal,Medical Emergency,365000,60,19.66,48600,11000,0.424,0,Approved,344000,2023-08-27,1,0
APP804980,CUST101379,2023-12-26,Auto,Two Wheeler,1131000,84,10.58,40600,6000,0.619,1,Rejected,0,2024-01-15,0,
APP804981,CUST102099,2024-05-12,Personal,Travel,1085000,12,20.72,44400,12100,2.546,0,Rejected,0,2024-05-20,0,
APP804982,CUST101984,2022-08-02,Personal,Travel,1466000,84,16.65,17500,2300,1.831,1,Approved,1452000,2022-08-12,1,0
APP804983,CUST101234,2024-01-26,Personal,Debt Consolidation,929000,12,23.49,58900,2400,1.529,0,Approved,810000,2024-02-03,1,1
APP804984,CUST104122,2023-04-27,Personal,Home Renovation,211000,84,21.28,27000,6700,0.428,0,Approved,197000,2023-05-06,1,0
APP804985,CUST104805,2022-10-25,Business,Business Expansion,5804000,12,12.05,24500,6900,3.0,0,Rejected,0,2022-11-07,0,
APP804986,CUST104535,2023-03-21,Personal,Home Renovation,929000,24,17.23,45900,4500,1.102,0,Approved,724000,2023-03-27,1,0
APP804987,CUST101734,2022-12-10,Personal,Travel,1448000,36,13.34,30900,7300,1.824,0,Rejected,0,2022-12-27,0,
APP804988,CUST104181,2023-10-18,Gold,Gold Loan,62000,36,12.45,24100,300,0.099,1,Rejected,0,2023-10-31,0,
APP804989,CUST104601,2024-05-09,Personal,Medical Emergency,382000,84,17.35,41200,6700,0.354,0,Rejected,0,2024-05-12,0,
APP804990,CUST102937,2022-07-09,Auto,New Car,698000,48,13.08,22000,1100,0.903,1,Rejected,0,2022-07-25,0,
APP804991,CUST104025,2023-11-05,Education,Skill Certification,2976000,36,9.16,54600,3300,1.798,1,Approved,2161000,2023-11-20,1,1
APP804992,CUST100109,2024-02-02,Auto,Two Wheeler,2130000,12,12.5,39900,5700,3.0,1,Rejected,0,2024-02-12,0,
APP804993,CUST103404,2024-06-28,Business,Business Expansion,5413000,48,12.16,21100,3100,3.0,1,Rejected,0,2024-07-10,0,
APP804994,CUST102505,2023-02-09,Business,Working Capital,956000,60,12.7,35200,10700,0.919,0,Rejected,0,2023-02-18,0,
APP804995,CUST102456,2024-06-20,Personal,Medical Emergency,1459000,24,16.59,35100,7900,2.274,0,Under Review,0,,0,
APP804996,CUST102990,2024-01-02,Personal,Debt Consolidation,1331000,24,13.45,60800,9700,1.206,0,Rejected,0,2024-01-12,0,
APP804997,CUST104403,2023-11-01,Gold,Gold Loan,632000,12,9.94,117100,22500,0.666,1,Approved,487000,2023-11-09,1,0
APP804998,CUST102988,2024-03-22,Personal,Wedding,325000,36,15.69,14800,2400,0.933,0,Rejected,0,2024-04-07,0,
APP804999,CUST101558,2024-06-18,Personal,Home Renovation,913000,60,19.21,17200,5100,1.676,1,Rejected,0,2024-06-27,0,
APP805000,CUST101897,2024-05-17,Personal,Debt Consolidation,674000,48,18.56,85100,700,0.243,0,Under Review,0,,0,
APP805001,CUST102293,2024-05-05,Education,Skill Certification,3686000,12,9.19,42800,7000,3.0,0,Rejected,0,2024-05-21,0,
APP805002,CUST104121,2023-11-26,Business,Equipment Purchase,2105000,48,18.04,24000,5400,2.805,0,Rejected,0,2023-12-08,0,
APP805003,CUST104688,2023-01-24,Education,Study Abroad,3004000,12,12.73,16500,4000,3.0,0,Rejected,0,2023-02-06,0,
APP805004,CUST100542,2024-03-25,Gold,Gold Loan,407000,36,9.5,47300,5700,0.396,1,Rejected,0,2024-04-05,0,
APP805005,CUST100898,2022-11-24,Home,Balance Transfer,1810000,120,9.38,168300,20000,0.257,1,Approved,1654000,2022-12-09,1,0
APP805006,CUST101714,2023-05-15,Personal,Debt Consolidation,915000,60,16.31,31000,2100,0.789,1,Rejected,0,2023-05-26,0,
APP805007,CUST102670,2023-02-11,Business,Equipment Purchase,2445000,24,18.99,45900,11000,2.923,0,Approved,2135000,2023-02-19,1,1
APP805008,CUST100229,2023-06-13,Gold,Gold Loan,586000,36,13.43,64200,14500,0.536,1,Approved,553000,2023-06-27,1,1
APP805009,CUST101470,2023-10-29,Personal,Home Renovation,981000,36,20.44,73500,9200,0.624,0,Approved,721000,2023-11-09,1,0
APP805010,CUST101601,2023-10-05,Home,Home Construction,9386000,36,8.52,10000,2600,3.0,1,Rejected,0,2023-10-07,0,
APP805011,CUST100119,2022-10-17,Auto,Used Car,1610000,60,9.5,165700,5700,0.238,1,Approved,1587000,2022-11-02,1,1
APP805012,CUST103838,2024-02-08,Personal,Travel,1306000,48,13.68,55800,2000,0.672,0,Approved,1161000,2024-02-20,1,0
APP805013,CUST101214,2022-09-15,Personal,Wedding,1347000,60,23.14,17500,2200,2.305,0,Rejected,0,2022-09-26,0,
APP805014,CUST103233,2024-04-02,Personal,Debt Consolidation,761000,12,15.37,29000,10000,2.715,0,Rejected,0,2024-04-10,0,
APP805015,CUST103479,2024-02-29,Gold,Gold Loan,705000,12,14.71,35200,5200,1.955,1,Rejected,0,2024-03-15,0,
APP805016,CUST101691,2024-05-28,Auto,New Car,1037000,60,13.27,38800,12000,0.921,1,Rejected,0,2024-05-30,0,
APP805017,CUST102929,2023-02-19,Business,Equipment Purchase,5116000,36,13.87,24100,1300,3.0,0,Rejected,0,2023-03-05,0,
APP805018,CUST102725,2022-10-04,Home,Plot Purchase,4380000,120,8.35,36400,4600,1.61,1,Rejected,0,2022-10-16,0,
APP805019,CUST101748,2023-08-31,Business,Equipment Purchase,6792000,84,12.36,316700,93500,0.678,0,Approved,5948000,2023-09-16,1,0
APP805020,CUST104762,2023-11-30,Personal,Wedding,652000,36,12.41,40400,12300,0.844,0,Approved,494000,2023-12-17,1,0
APP805021,CUST104171,2023-06-06,Gold,Gold Loan,728000,24,9.28,38400,9000,1.102,1,Approved,617000,2023-06-18,1,0
APP805022,CUST103539,2024-01-23,Personal,Medical Emergency,1005000,48,19.92,43900,10600,0.936,0,Approved,984000,2024-01-25,1,0
APP805023,CUST103543,2023-01-03,Business,Business Expansion,4370000,60,16.54,122100,31300,1.137,0,Approved,3571000,2023-01-05,1,0
APP805024,CUST102177,2023-08-26,Home,Home Construction,7968000,24,8.32,106200,33900,3.0,1,Approved,7895000,2023-09-06,1,1
APP805025,CUST103286,2024-04-19,Business,Business Expansion,2322000,48,14.71,21800,2700,3.0,0,Approved,2177000,2024-05-05,1,1
APP805026,CUST102449,2023-04-15,Personal,Medical Emergency,152000,84,13.97,56300,11700,0.258,1,Approved,116000,2023-04-26,1,0
APP805027,CUST103705,2024-06-14,Home,Balance Transfer,5772000,12,8.87,13200,1100,3.0,1,Rejected,0,2024-06-26,0,
APP805028,CUST102304,2023-05-01,Business,Working Capital,2355000,60,13.46,42100,2000,1.335,1,Approved,1865000,2023-05-18,1,0
APP805029,CUST104646,2024-03-10,Gold,Gold Loan,774000,24,9.2,202900,65600,0.498,1,Approved,708000,2024-03-24,1,0
APP805030,CUST102876,2023-04-14,Business,Working Capital,4794000,24,12.6,122100,36900,2.162,0,Rejected,0,2023-04-25,0,
APP805031,CUST100300,2022-08-11,Home,Balance Transfer,9026000,12,9.87,51400,13500,3.0,1,Approved,8277000,2022-08-24,1,1
APP805032,CUST101774,2024-02-10,Education,Skill Certification,291000,120,12.94,37800,11200,0.411,0,Approved,217000,2024-02-20,1,0
APP805033,CUST104915,2024-04-05,Education,Study Abroad,757000,36,12.11,36700,7600,0.894,0,Rejected,0,2024-04-20,0,
APP805034,CUST101386,2024-04-24,Gold,Gold Loan,767000,12,14.25,10000,2000,3.0,1,Rejected,0,2024-04-25,0,
APP805035,CUST103954,2023-10-10,Business,Working Capital,1160000,84,12.74,61500,8400,0.477,0,Rejected,0,2023-10-17,0,
APP805036,CUST102131,2022-11-09,Gold,Gold Loan,79000,12,14.22,28200,6100,0.468,1,Approved,71000,2022-11-23,1,0
APP805037,CUST102137,2024-01-22,Business,Working Capital,4796000,36,13.8,46700,7900,3.0,0,Rejected,0,2024-02-06,0,
APP805038,CUST103633,2023-10-08,Personal,Travel,286000,12,21.07,35200,5800,0.922,0,Approved,220000,2023-10-25,1,0
APP805039,CUST102903,2023-01-29,Home,Plot Purchase,7674000,24,9.1,49200,16000,3.0,1,Rejected,0,2023-02-09,0,
APP805040,CUST104832,2022-07-05,Education,Skill Certification,3991000,24,11.51,90700,8500,2.155,0,Approved,3774000,2022-07-07,1,0
APP805041,CUST101179,2022-12-15,Business,Working Capital,5937000,12,12.45,60600,12900,3.0,0,Rejected,0,2022-12-16,0,
APP805042,CUST100076,2022-11-02,Personal,Travel,1135000,12,14.08,47800,11000,2.361,1,Rejected,0,2022-11-04,0,
APP805043,CUST101927,2022-10-20,Business,Business Expansion,4697000,48,18.45,38300,9200,3.0,0,Rejected,0,2022-11-05,0,
APP805044,CUST102967,2022-10-07,Auto,New Car,283000,24,11.57,30200,9700,0.761,1,Rejected,0,2022-10-17,0,
APP805045,CUST100380,2023-04-09,Education,Study Abroad,3801000,36,11.52,27900,3200,3.0,0,Rejected,0,2023-04-14,0,
APP805046,CUST101128,2023-04-07,Personal,Wedding,1223000,84,13.58,112500,31300,0.479,0,Approved,1172000,2023-04-23,1,0
APP805047,CUST101593,2023-06-28,Business,Equipment Purchase,5916000,36,16.36,71600,23200,3.0,0,Rejected,0,2023-07-15,0,
APP805048,CUST104185,2023-02-19,Education,Study Abroad,419000,48,12.22,103800,11600,0.218,0,Approved,304000,2023-03-09,1,0
APP805049,CUST103352,2024-01-05,Auto,Two Wheeler,795000,24,12.86,108600,15000,0.486,1,Rejected,0,2024-01-07,0,
APP805050,CUST104497,2023-06-14,Auto,New Car,1831000,12,11.33,17600,4400,3.0,1,Rejected,0,2023-06-20,0,
APP805051,CUST100809,2023-11-18,Personal,Travel,1474000,84,17.8,58400,1500,0.553,0,Approved,1243000,2023-11-26,1,0
APP805052,CUST104746,2023-08-15,Business,Equipment Purchase,3206000,48,13.78,31500,400,2.781,1,Rejected,0,2023-08-24,0,
APP805053,CUST103375,2023-04-10,Gold,Gold Loan,411000,36,12.55,137200,18700,0.237,1,Approved,358000,2023-04-11,1,0
APP805054,CUST104656,2024-02-17,Home,Plot Purchase,8167000,120,9.12,118100,18400,1.036,1,Approved,8118000,2024-03-01,1,0
APP805055,CUST100698,2022-10-18,Auto,New Car,416000,48,9.65,35400,800,0.319,1,Approved,391000,2022-10-26,1,0
APP805056,CUST100423,2022-07-23,Home,Balance Transfer,4546000,48,8.3,23000,7600,3.0,1,Rejected,0,2022-08-03,0,
APP805057,CUST102653,2024-06-21,Personal,Wedding,111000,12,14.65,45500,3100,0.288,0,Approved,109000,2024-07-08,1,0
APP805058,CUST100228,2022-11-25,Business,Working Capital,6183000,48,12.37,25600,7800,3.0,0,Rejected,0,2022-12-09,0,
APP805059,CUST101481,2023-08-10,Business,Equipment Purchase,2109000,12,12.85,35600,800,3.0,0,Rejected,0,2023-08-12,0,
APP805060,CUST100123,2023-12-28,Business,Business Expansion,4306000,24,17.51,17200,4300,3.0,0,Rejected,0,2024-01-09,0,
APP805061,CUST101988,2024-02-19,Home,Home Purchase,10771000,12,9.3,188800,6700,3.0,1,Rejected,0,2024-02-24,0,
APP805062,CUST103434,2024-01-09,Home,Home Purchase,9174000,84,10.37,21200,3400,3.0,1,Rejected,0,2024-01-17,0,
APP805063,CUST102919,2022-11-30,Auto,Two Wheeler,665000,12,9.42,43200,11100,1.606,1,Rejected,0,2022-12-17,0,
APP805064,CUST104253,2022-11-05,Home,Balance Transfer,6635000,60,10.47,83900,10300,1.822,1,Approved,5659000,2022-11-18,1,1
APP805065,CUST102186,2023-08-18,Business,Working Capital,6596000,36,17.6,35400,4600,3.0,0,Rejected,0,2023-08-26,0,
APP805066,CUST100483,2023-03-13,Personal,Home Renovation,159000,24,22.24,42900,6900,0.354,0,Rejected,0,2023-03-20,0,
APP805067,CUST101421,2024-06-14,Education,Higher Studies India,1775000,48,9.19,14400,4400,3.0,0,Rejected,0,2024-06-17,0,
APP805068,CUST103445,2024-01-15,Personal,Home Renovation,456000,48,19.98,38700,9600,0.606,0,Approved,361000,2024-02-01,1,1
APP805069,CUST102814,2024-01-30,Gold,Gold Loan,91000,24,10.34,32700,7200,0.349,1,Approved,82000,2024-02-05,1,0
APP805070,CUST100230,2022-08-16,Personal,Debt Consolidation,484000,48,19.5,87500,23000,0.43,0,Approved,363000,2022-08-25,1,0
APP805071,CUST102316,2024-04-15,Education,Higher Studies India,1206000,36,11.27,80700,27300,0.829,0,Approved,1034000,2024-04-27,1,1
APP805072,CUST103526,2024-04-11,Personal,Debt Consolidation,826000,84,15.59,21200,6300,1.064,0,Rejected,0,2024-04-28,0,
APP805073,CUST101815,2022-11-13,Personal,Debt Consolidation,321000,84,20.82,51200,8700,0.313,0,Approved,248000,2022-12-01,1,0
APP805074,CUST100082,2023-01-12,Home,Balance Transfer,5665000,84,8.09,15000,3600,3.0,1,Rejected,0,2023-01-27,0,
APP805075,CUST103006,2023-12-17,Gold,Gold Loan,373000,24,13.62,59700,17200,0.587,1,Approved,314000,2023-12-26,1,0
APP805076,CUST101314,2022-12-14,Auto,New Car,1475000,48,13.43,57100,17400,1.003,1,Rejected,0,2023-01-03,0,
APP805077,CUST100251,2024-06-21,Auto,Used Car,1549000,48,11.36,23100,4500,1.942,1,Rejected,0,2024-07-05,0,
APP805078,CUST100402,2024-01-29,Gold,Gold Loan,783000,12,11.78,28800,900,2.447,1,Rejected,0,2024-02-17,0,
APP805079,CUST100362,2024-05-09,Business,Business Expansion,3569000,48,19.58,73100,6400,1.562,0,Approved,2946000,2024-05-18,1,0
APP805080,CUST104293,2023-09-11,Auto,Used Car,1300000,48,13.33,10000,500,3.0,1,Rejected,0,2023-09-27,0,
APP805081,CUST103512,2023-04-03,Personal,Debt Consolidation,470000,24,16.92,10000,400,2.362,0,Rejected,0,2023-04-06,0,
APP805082,CUST100261,2023-03-13,Business,Working Capital,1700000,48,13.8,52500,13300,1.134,0,Approved,1355000,2023-03-19,1,0
APP805083,CUST102971,2023-08-10,Auto,Used Car,515000,36,9.39,43400,11000,0.632,1,Approved,439000,2023-08-13,1,0
APP805084,CUST102351,2024-04-11,Personal,Travel,724000,84,17.25,22500,7600,0.999,0,Approved,545000,2024-04-23,1,0
APP805085,CUST104487,2024-02-11,Home,Home Construction,3982000,12,9.58,19300,3400,3.0,1,Rejected,0,2024-02-18,0,
APP805086,CUST101870,2023-01-24,Personal,Debt Consolidation,549000,48,16.62,150100,21600,0.249,0,Approved,410000,2023-01-27,1,0
APP805087,CUST103608,2024-02-17,Home,Home Purchase,7182000,84,9.2,19000,5300,3.0,1,Rejected,0,2024-02-22,0,
APP805088,CUST101999,2022-12-01,Home,Plot Purchase,10587000,12,8.48,68000,3100,3.0,1,Rejected,0,2022-12-03,0,
APP805089,CUST101713,2024-01-27,Personal,Debt Consolidation,196000,48,22.63,55300,8400,0.265,1,Approved,151000,2024-02-07,1,1
APP805090,CUST103016,2022-11-10,Personal,Debt Consolidation,194000,60,11.87,100800,100,0.044,0,Approved,146000,2022-11-30,1,0
APP805091,CUST101976,2024-06-17,Home,Plot Purchase,11794000,24,10.29,10000,1400,3.0,1,Rejected,0,2024-06-26,0,
APP805092,CUST103934,2022-07-16,Home,Home Construction,4235000,240,8.22,22000,7600,1.979,1,Rejected,0,2022-07-17,0,
APP805093,CUST102738,2023-07-28,Gold,Gold Loan,437000,24,12.48,25000,6200,1.074,1,Approved,337000,2023-07-30,1,0
APP805094,CUST102817,2022-09-03,Auto,New Car,551000,48,10.36,13700,3400,1.272,1,Approved,401000,2022-09-08,1,0
APP805095,CUST104013,2024-01-04,Education,Higher Studies India,1456000,12,12.68,26100,5900,3.0,0,Rejected,0,2024-01-21,0,
APP805096,CUST104401,2023-06-26,Gold,Gold Loan,202000,24,10.7,32000,9900,0.603,1,Rejected,0,2023-07-02,0,
APP805097,CUST100113,2023-07-11,Personal,Home Renovation,768000,84,21.0,41300,6000,0.57,1,Rejected,0,2023-07-15,0,
APP805098,CUST103153,2023-06-08,Gold,Gold Loan,356000,24,13.94,163800,48800,0.402,1,Approved,350000,2023-06-18,1,0
APP805099,CUST101556,2023-07-24,Business,Equipment Purchase,6870000,24,13.55,85300,4800,3.0,0,Rejected,0,2023-08-05,0,
APP805100,CUST102098,2024-05-30,Personal,Debt Consolidation,354000,12,15.33,76400,19200,0.67,0,Approved,352000,2024-06-09,1,1
APP805101,CUST104787,2022-11-30,Gold,Gold Loan,582000,24,10.19,26700,6300,1.245,1,Rejected,0,2022-12-18,0,
APP805102,CUST102131,2023-09-04,Personal,Wedding,504000,12,21.55,28200,100,1.67,1,Approved,457000,2023-09-10,1,0
APP805103,CUST102137,2024-04-20,Home,Home Purchase,3823000,240,9.05,46700,15100,1.063,1,Approved,3271000,2024-04-23,1,1
APP805104,CUST104161,2024-04-23,Home,Home Purchase,7160000,60,9.12,26800,0,3.0,1,Rejected,0,2024-05-09,0,
APP805105,CUST102077,2023-08-14,Personal,Medical Emergency,909000,48,19.09,130600,4500,0.243,0,Approved,814000,2023-08-30,1,0
APP805106,CUST101690,2024-01-21,Auto,New Car,1568000,36,12.18,67000,23100,1.124,1,Rejected,0,2024-02-01,0,
APP805107,CUST100689,2022-11-30,Home,Plot Purchase,9122000,12,8.26,56400,4300,3.0,1,Rejected,0,2022-12-02,0,
APP805108,CUST102175,2023-08-21,Auto,Two Wheeler,401000,48,12.4,10000,500,1.114,1,Approved,320000,2023-08-25,1,1
APP805109,CUST101585,2023-08-17,Personal,Home Renovation,1245000,60,17.03,46600,2200,0.712,1,Approved,1169000,2023-08-19,1,0
APP805110,CUST102995,2022-09-11,Gold,Gold Loan,666000,24,11.3,13100,200,2.392,1,Rejected,0,2022-09-28,0,
APP805111,CUST104796,2024-04-22,Home,Home Purchase,1664000,48,10.36,44500,6300,1.096,1,Rejected,0,2024-05-01,0,
APP805112,CUST102336,2024-04-29,Business,Working Capital,764000,24,18.27,48600,4800,0.886,0,Approved,668000,2024-05-06,1,0
APP805113,CUST104442,2024-01-06,Home,Plot Purchase,4025000,240,10.1,164200,18100,0.348,1,Approved,2886000,2024-01-21,1,0
APP805114,CUST102429,2024-06-07,Education,Skill Certification,1030000,24,11.39,115600,23200,0.618,1,Rejected,0,2024-06-19,0,
APP805115,CUST100240,2022-07-21,Personal,Wedding,1384000,48,21.71,52100,4900,0.928,0,Approved,991000,2022-07-26,1,0
APP805116,CUST103378,2024-04-06,Personal,Debt Consolidation,1017000,36,22.08,54600,5900,0.821,0,Rejected,0,2024-04-14,0,
APP805117,CUST102426,2023-01-14,Personal,Medical Emergency,1492000,84,14.02,49100,13800,0.852,0,Rejected,0,2023-01-25,0,
APP805118,CUST104299,2023-01-23,Personal,Travel,1405000,48,21.78,10000,200,3.0,0,Rejected,0,2023-02-08,0,
APP805119,CUST100483,2024-03-01,Education,Skill Certification,851000,12,12.42,42900,14300,2.101,0,Rejected,0,2024-03-14,0,
APP805120,CUST100775,2022-07-29,Home,Home Construction,10218000,48,9.19,10000,3500,3.0,1,Rejected,0,2022-08-05,0,
APP805121,CUST103561,2023-01-22,Home,Balance Transfer,1683000,48,9.13,43900,3500,1.037,1,Approved,1259000,2023-02-10,1,0
APP805122,CUST104519,2023-03-08,Auto,Used Car,888000,12,13.19,30600,8500,2.874,1,Approved,752000,2023-03-28,1,1
APP805123,CUST102942,2023-06-17,Personal,Travel,916000,12,23.36,51100,1700,1.721,0,Rejected,0,2023-06-24,0,
APP805124,CUST101690,2022-09-19,Auto,Used Car,1406000,84,13.92,67000,3700,0.448,1,Approved,1271000,2022-09-30,1,0
APP805125,CUST103434,2024-01-14,Auto,Used Car,2069000,60,12.5,21200,5700,2.467,1,Rejected,0,2024-02-03,0,
APP805126,CUST102663,2022-09-01,Auto,Used Car,1828000,24,11.65,13300,3400,3.0,1,Approved,1821000,2022-09-08,1,1
APP805127,CUST103521,2024-05-23,Personal,Home Renovation,665000,36,21.77,15700,4700,1.908,0,Approved,632000,2024-06-07,1,0
APP805128,CUST100193,2023-09-27,Personal,Debt Consolidation,635000,84,20.13,78600,15100,0.372,0,Approved,469000,2023-10-02,1,0
APP805129,CUST101998,2023-04-07,Business,Business Expansion,3527000,12,16.53,29000,3600,3.0,1,Rejected,0,2023-04-15,0,
APP805130,CUST100886,2023-11-21,Education,Skill Certification,3729000,12,11.43,25500,1800,3.0,0,Rejected,0,2023-11-29,0,
APP805131,CUST100071,2023-08-25,Personal,Medical Emergency,338000,24,14.79,171700,32800,0.286,0,Rejected,0,2023-09-10,0,
APP805132,CUST102648,2024-03-28,Business,Working Capital,6990000,36,17.15,49400,5700,3.0,0,Rejected,0,2024-04-08,0,
APP805133,CUST100697,2024-06-16,Home,Home Construction,2088000,24,9.94,174000,25600,0.7,1,Under Review,0,,0,
APP805134,CUST102223,2024-06-27,Home,Home Construction,4322000,240,8.18,28000,900,1.343,1,Rejected,0,2024-07-12,0,
APP805135,CUST103034,2022-07-11,Personal,Medical Emergency,675000,84,11.53,10000,3300,1.505,1,Rejected,0,2022-07-20,0,
APP805136,CUST102881,2023-05-30,Business,Equipment Purchase,3447000,60,19.14,20600,600,3.0,0,Rejected,0,2023-06-04,0,
APP805137,CUST101647,2022-07-26,Gold,Gold Loan,516000,24,14.88,62300,17200,0.677,1,Rejected,0,2022-08-12,0,
APP805138,CUST101037,2022-12-04,Business,Working Capital,1344000,60,19.57,33900,3500,1.144,0,Approved,1333000,2022-12-16,1,1
APP805139,CUST102170,2023-11-30,Personal,Wedding,194000,12,11.54,72700,22900,0.551,0,Approved,156000,2023-12-19,1,0
APP805140,CUST104671,2022-12-21,Home,Balance Transfer,8328000,240,9.91,50300,15900,1.904,1,Rejected,0,2022-12-27,0,
APP805141,CUST103347,2023-02-15,Home,Home Purchase,4842000,120,10.35,72300,2100,0.927,1,Approved,4034000,2023-02-23,1,0
APP805142,CUST102144,2023-04-14,Auto,New Car,233000,24,12.1,37200,4200,0.408,1,Approved,206000,2023-05-02,1,0
APP805143,CUST100044,2022-09-09,Personal,Debt Consolidation,619000,84,13.55,89500,16500,0.312,0,Approved,460000,2022-09-18,1,0
APP805144,CUST104354,2022-08-12,Auto,Two Wheeler,1411000,84,10.45,40400,12700,0.902,1,Approved,1039000,2022-08-19,1,0
APP805145,CUST104508,2023-09-14,Personal,Wedding,1445000,12,14.31,77700,14800,1.864,1,Rejected,0,2023-10-03,0,
APP805146,CUST104221,2023-05-30,Auto,Used Car,1598000,84,9.85,62700,2800,0.466,1,Approved,1381000,2023-06-02,1,0
APP805147,CUST102593,2023-03-11,Business,Equipment Purchase,4737000,24,19.95,39000,1200,3.0,0,Rejected,0,2023-03-24,0,
APP805148,CUST103898,2023-12-01,Gold,Gold Loan,688000,36,13.6,40300,6800,0.749,1,Rejected,0,2023-12-19,0,
APP805149,CUST104151,2023-02-06,Personal,Wedding,785000,60,12.59,12300,2700,1.659,0,Rejected,0,2023-02-21,0,
APP805150,CUST104175,2024-05-07,Auto,New Car,2019000,12,12.51,31500,5300,3.0,1,Rejected,0,2024-05-14,0,
APP805151,CUST102198,2022-12-12,Personal,Travel,351000,48,21.18,83000,7100,0.217,1,Rejected,0,2022-12-28,0,
APP805152,CUST101800,2024-02-20,Personal,Home Renovation,105000,60,21.07,13600,2700,0.407,0,Rejected,0,2024-03-05,0,
APP805153,CUST101188,2024-04-16,Personal,Debt Consolidation,568000,48,21.31,49600,9600,0.55,0,Approved,524000,2024-04-25,1,1
APP805154,CUST100801,2024-05-01,Personal,Wedding,439000,36,18.22,46500,9900,0.556,0,Approved,421000,2024-05-04,1,0
APP805155,CUST103502,2023-05-11,Personal,Wedding,1099000,48,23.14,40100,11400,1.165,0,Approved,1067000,2023-05-17,1,1
APP805156,CUST100597,2024-05-27,Personal,Wedding,1308000,84,19.49,40300,7900,0.907,1,Under Review,0,,0,
APP805157,CUST102571,2022-08-05,Personal,Travel,876000,60,17.03,18400,3300,1.361,0,Rejected,0,2022-08-13,0,
APP805158,CUST104862,2022-10-27,Education,Study Abroad,357000,24,9.42,22000,7600,1.091,0,Rejected,0,2022-11-11,0,
APP805159,CUST103759,2022-09-30,Personal,Medical Emergency,584000,48,13.31,32900,1700,0.531,0,Rejected,0,2022-10-02,0,
APP805160,CUST100357,2023-12-16,Education,Skill Certification,2261000,60,11.42,10000,700,3.0,0,Rejected,0,2023-12-17,0,
APP805161,CUST102545,2024-02-16,Personal,Home Renovation,1041000,48,11.51,90300,100,0.302,0,Rejected,0,2024-03-04,0,
APP805162,CUST102201,2024-03-10,Personal,Wedding,785000,48,16.42,10000,400,2.282,0,Rejected,0,2024-03-20,0,
APP805163,CUST100282,2022-10-29,Education,Skill Certification,1585000,24,9.14,24400,300,2.99,0,Rejected,0,2022-11-05,0,
APP805164,CUST103557,2024-03-28,Gold,Gold Loan,490000,24,12.5,53900,16400,0.735,1,Rejected,0,2024-04-07,0,
APP805165,CUST104794,2022-11-05,Education,Higher Studies India,632000,24,11.55,27000,500,1.114,0,Approved,541000,2022-11-21,1,1
APP805166,CUST104962,2023-06-05,Home,Plot Purchase,10199000,24,9.47,24500,5100,3.0,1,Rejected,0,2023-06-14,0,
APP805167,CUST101622,2024-05-12,Auto,Two Wheeler,1823000,36,9.75,41500,5600,1.547,1,Rejected,0,2024-05-30,0,
APP805168,CUST104658,2022-11-13,Education,Study Abroad,848000,24,9.91,32100,10500,1.545,0,Rejected,0,2022-11-14,0,
APP805169,CUST104167,2024-06-04,Home,Plot Purchase,7644000,180,9.7,41800,3400,2.013,1,Under Review,0,,0,
APP805170,CUST101399,2023-06-21,Auto,New Car,634000,36,10.24,18800,1200,1.155,1,Rejected,0,2023-07-04,0,
APP805171,CUST103965,2023-01-09,Home,Plot Purchase,11772000,120,9.0,29000,4400,3.0,1,Rejected,0,2023-01-17,0,
APP805172,CUST100860,2024-06-28,Business,Business Expansion,3989000,84,13.06,71000,10300,1.17,0,Approved,3635000,2024-07-12,1,0
APP805173,CUST101848,2023-06-01,Personal,Wedding,380000,60,12.66,57100,9800,0.322,0,Approved,338000,2023-06-04,1,0
APP805174,CUST100091,2024-05-03,Business,Business Expansion,6435000,60,18.32,32300,10300,3.0,0,Rejected,0,2024-05-09,0,
APP805175,CUST104496,2022-10-19,Auto,Two Wheeler,1088000,60,11.94,81000,200,0.301,1,Approved,796000,2022-10-22,1,1
APP805176,CUST102119,2023-08-08,Home,Plot Purchase,9621000,180,8.08,82800,500,1.122,1,Approved,7328000,2023-08-20,1,0
APP805177,CUST103881,2023-09-29,Auto,Two Wheeler,1434000,24,11.3,56500,14800,1.448,1,Approved,1157000,2023-10-02,1,0
APP805178,CUST104596,2023-02-07,Personal,Travel,1273000,24,19.62,37100,11400,2.05,0,Rejected,0,2023-02-08,0,
APP805179,CUST104910,2024-05-17,Personal,Medical Emergency,928000,48,20.37,11800,2600,2.623,0,Approved,697000,2024-05-28,1,1
APP805180,CUST103008,2022-12-01,Personal,Wedding,1381000,36,22.54,74100,20300,0.991,0,Rejected,0,2022-12-13,0,
APP805181,CUST100702,2023-04-25,Business,Business Expansion,1282000,12,17.3,34100,7900,3.0,0,Rejected,0,2023-05-06,0,
APP805182,CUST104452,2023-05-09,Personal,Home Renovation,682000,48,22.5,31100,10800,1.045,0,Rejected,0,2023-05-29,0,
APP805183,CUST103319,2023-01-17,Auto,New Car,1323000,60,10.79,22300,4600,1.491,1,Rejected,0,2023-02-04,0,
APP805184,CUST100780,2024-05-13,Personal,Wedding,105000,12,21.41,48000,9400,0.4,0,Approved,95000,2024-05-18,1,0
APP805185,CUST101098,2023-01-21,Personal,Home Renovation,1493000,24,19.12,54500,18200,1.716,0,Rejected,0,2023-01-22,0,
APP805186,CUST103526,2023-08-11,Auto,Two Wheeler,2056000,84,9.38,21200,6000,1.866,1,Rejected,0,2023-08-17,0,
APP805187,CUST103084,2024-01-14,Gold,Gold Loan,75000,24,14.33,55600,18600,0.4,1,Rejected,0,2024-02-01,0,
APP805188,CUST101226,2022-10-08,Business,Equipment Purchase,803000,36,19.5,19500,1100,1.578,0,Rejected,0,2022-10-21,0,
APP805189,CUST103864,2024-04-06,Personal,Medical Emergency,685000,60,18.52,213700,58400,0.356,0,Approved,569000,2024-04-25,1,1
APP805190,CUST100566,2023-03-19,Education,Study Abroad,1563000,120,12.87,25200,2700,1.027,0,Rejected,0,2023-03-28,0,
APP805191,CUST103559,2023-09-04,Personal,Debt Consolidation,1274000,36,14.26,11800,1000,3.0,0,Rejected,0,2023-09-07,0,
APP805192,CUST103268,2022-11-04,Home,Home Purchase,5854000,180,9.56,18100,3900,3.0,1,Rejected,0,2022-11-10,0,
APP805193,CUST103863,2022-08-22,Home,Home Purchase,6943000,84,9.63,28700,4300,3.0,1,Approved,6561000,2022-09-05,1,1
APP805194,CUST104782,2024-02-15,Auto,Two Wheeler,1766000,36,10.09,10000,3400,3.0,1,Rejected,0,2024-02-22,0,
APP805195,CUST100099,2023-07-16,Education,Skill Certification,3037000,120,11.34,22400,1900,1.977,0,Approved,2374000,2023-07-30,1,1
APP805196,CUST101466,2023-10-09,Home,Plot Purchase,4610000,180,9.86,49000,8900,1.185,1,Approved,4178000,2023-10-13,1,1
APP805197,CUST102274,2022-10-10,Auto,Two Wheeler,1931000,84,9.39,22700,800,1.421,1,Approved,1405000,2022-10-20,1,1
APP805198,CUST100061,2023-03-19,Personal,Travel,1084000,24,18.66,58200,4800,1.019,0,Approved,827000,2023-03-25,1,0
APP805199,CUST103039,2022-07-18,Personal,Home Renovation,931000,12,22.96,70300,16300,1.477,0,Approved,780000,2022-07-27,1,0
APP805200,CUST101608,2023-06-02,Home,Balance Transfer,3320000,84,9.98,21100,4500,2.82,1,Rejected,0,2023-06-21,0,
APP805201,CUST103131,2023-04-16,Auto,New Car,2219000,84,12.36,13300,500,3.0,1,Rejected,0,2023-04-27,0,
APP805202,CUST103756,2024-04-01,Personal,Medical Emergency,525000,24,12.9,51600,600,0.495,0,Approved,400000,2024-04-10,1,0
APP805203,CUST100199,2023-11-11,Gold,Gold Loan,454000,24,12.26,17300,3800,1.462,1,Approved,352000,2023-11-13,1,1
APP805204,CUST102563,2024-05-12,Personal,Travel,1025000,84,22.46,58000,5100,0.507,0,Approved,816000,2024-05-25,1,0
APP805205,CUST100255,2023-06-13,Education,Skill Certification,2205000,84,12.33,24600,2500,1.702,0,Rejected,0,2023-06-30,0,
APP805206,CUST104393,2023-02-27,Gold,Gold Loan,335000,24,9.72,25800,900,0.632,1,Approved,250000,2023-03-19,1,0
APP805207,CUST100354,2024-03-14,Home,Balance Transfer,4663000,60,8.91,31200,1400,3.0,1,Rejected,0,2024-03-24,0,
APP805208,CUST102808,2024-06-25,Auto,New Car,1467000,48,9.92,23200,800,1.633,1,Rejected,0,2024-06-28,0,
APP805209,CUST102003,2022-12-18,Personal,Medical Emergency,258000,48,21.64,13000,3500,0.892,0,Rejected,0,2022-12-20,0,
APP805210,CUST103386,2023-12-27,Business,Equipment Purchase,6127000,36,12.01,59700,18700,3.0,0,Rejected,0,2023-12-28,0,
APP805211,CUST104651,2022-10-20,Home,Balance Transfer,8032000,48,8.98,13100,3400,3.0,1,Rejected,0,2022-11-01,0,
APP805212,CUST101152,2023-09-09,Business,Business Expansion,5971000,60,16.45,19400,1700,3.0,0,Rejected,0,2023-09-17,0,
APP805213,CUST100647,2022-10-23,Personal,Wedding,136000,12,21.97,54300,17400,0.555,0,Rejected,0,2022-11-12,0,
APP805214,CUST103230,2023-12-14,Personal,Home Renovation,1156000,48,23.48,72600,9000,0.639,0,Approved,882000,2023-12-21,1,0
APP805215,CUST100184,2023-09-07,Personal,Travel,197000,12,12.11,39900,1800,0.484,0,Approved,188000,2023-09-20,1,0
APP805216,CUST102493,2024-05-22,Business,Working Capital,551000,12,18.53,29300,900,1.757,0,Rejected,0,2024-06-04,0,
APP805217,CUST103139,2023-02-21,Personal,Home Renovation,571000,48,12.49,27800,3800,0.684,0,Rejected,0,2023-03-07,0,
APP805218,CUST103717,2024-01-02,Personal,Wedding,1197000,24,14.17,138600,10000,0.488,0,Rejected,0,2024-01-09,0,
APP805219,CUST102976,2024-05-11,Business,Working Capital,314000,60,12.07,169200,31000,0.225,0,Approved,306000,2024-05-18,1,0
APP805220,CUST104807,2023-08-21,Gold,Gold Loan,734000,24,13.04,22800,7300,1.85,1,Rejected,0,2023-09-05,0,
APP805221,CUST104435,2023-12-19,Auto,Used Car,328000,48,10.09,10400,2800,1.07,1,Approved,265000,2024-01-04,1,0
APP805222,CUST101313,2024-05-27,Home,Balance Transfer,10009000,120,9.13,40300,8400,3.0,1,Approved,7808000,2024-06-07,1,0
APP805223,CUST104517,2022-07-03,Auto,New Car,2237000,48,12.35,143000,47200,0.745,1,Approved,2230000,2022-07-05,1,0
APP805224,CUST104718,2022-09-11,Education,Skill Certification,3954000,120,12.72,134500,32900,0.679,0,Approved,3354000,2022-09-14,1,0
APP805225,CUST100906,2024-02-07,Personal,Travel,654000,12,20.63,34300,1100,1.803,0,Rejected,0,2024-02-16,0,
APP805226,CUST103950,2023-08-17,Auto,New Car,1571000,24,13.51,32600,4400,2.437,1,Approved,1532000,2023-08-28,1,0
APP805227,CUST102353,2023-05-08,Auto,Used Car,1866000,12,10.28,42600,5300,3.0,1,Rejected,0,2023-05-22,0,
APP805228,CUST104327,2023-12-04,Business,Working Capital,5868000,84,12.42,22000,4400,3.0,0,Rejected,0,2023-12-18,0,
APP805229,CUST101377,2024-06-06,Home,Balance Transfer,2496000,180,9.77,41200,2800,0.711,1,Approved,2382000,2024-06-22,1,0
APP805230,CUST101869,2023-11-18,Personal,Wedding,809000,24,13.26,29800,5000,1.464,0,Approved,645000,2023-12-05,1,0
APP805231,CUST102163,2022-09-26,Personal,Travel,1064000,84,19.78,62400,3700,0.436,0,Rejected,0,2022-10-16,0,
APP805232,CUST104497,2024-04-22,Auto,Two Wheeler,868000,84,11.13,17600,3900,1.07,1,Rejected,0,2024-04-24,0,
APP805233,CUST102760,2022-12-03,Auto,Two Wheeler,418000,24,11.26,27000,2700,0.823,1,Rejected,0,2022-12-21,0,
APP805234,CUST104259,2022-10-25,Auto,New Car,2221000,84,13.19,14000,3400,3.0,1,Rejected,0,2022-11-11,0,
APP805235,CUST100508,2024-05-30,Personal,Debt Consolidation,881000,48,12.23,22700,7400,1.351,1,Rejected,0,2024-06-03,0,
APP805236,CUST100588,2023-10-19,Personal,Travel,667000,60,16.52,23600,3200,0.832,0,Rejected,0,2023-10-23,0,
APP805237,CUST104007,2024-06-16,Personal,Wedding,686000,60,19.87,10000,1400,1.953,0,Rejected,0,2024-06-24,0,
APP805238,CUST100682,2024-02-08,Home,Plot Purchase,2508000,240,9.45,63300,19600,0.677,1,Rejected,0,2024-02-15,0,
APP805239,CUST100001,2022-12-06,Home,Home Construction,5751000,60,8.67,26400,8900,3.0,1,Rejected,0,2022-12-23,0,
APP805240,CUST104391,2022-12-11,Business,Equipment Purchase,746000,60,19.86,37700,4300,0.637,0,Approved,589000,2022-12-31,1,0
APP805241,CUST100823,2023-06-15,Education,Study Abroad,2582000,48,11.55,30600,8100,2.469,0,Rejected,0,2023-06-29,0,
APP805242,CUST103280,2023-01-30,Business,Business Expansion,1163000,12,15.12,41500,6200,2.679,1,Approved,839000,2023-02-16,1,1
APP805243,CUST100680,2023-05-12,Business,Equipment Purchase,3860000,48,16.24,87800,3600,1.293,0,Approved,2933000,2023-05-31,1,0
APP805244,CUST101641,2022-10-18,Home,Home Purchase,4513000,180,8.07,17400,5200,2.789,1,Rejected,0,2022-10-19,0,
APP805245,CUST102372,2024-01-10,Personal,Medical Emergency,299000,12,21.34,42500,1200,0.685,0,Approved,225000,2024-01-16,1,0
APP805246,CUST103689,2024-04-30,Personal,Travel,984000,48,13.2,17600,400,1.527,0,Rejected,0,2024-05-15,0,
APP805247,CUST104625,2023-07-08,Education,Skill Certification,3417000,84,9.83,32400,4400,1.875,0,Rejected,0,2023-07-28,0,
APP805248,CUST102960,2024-03-24,Personal,Wedding,1341000,60,18.51,15900,2200,2.3,0,Rejected,0,2024-04-08,0,
APP805249,CUST101053,2023-06-26,Gold,Gold Loan,114000,36,13.44,96300,10600,0.15,1,Approved,83000,2023-06-27,1,0
APP805250,CUST101774,2023-02-27,Business,Working Capital,2147000,36,15.18,37800,12600,2.306,0,Rejected,0,2023-03-06,0,
APP805251,CUST103796,2024-05-06,Personal,Wedding,140000,84,19.62,74300,9500,0.169,1,Approved,106000,2024-05-13,1,1
APP805252,CUST103608,2023-04-19,Auto,Used Car,2195000,12,11.73,19000,2300,3.0,1,Rejected,0,2023-05-02,0,
APP805253,CUST101667,2023-06-29,Business,Equipment Purchase,2066000,60,18.82,15800,4600,3.0,0,Rejected,0,2023-07-17,0,
APP805254,CUST101322,2022-10-25,Home,Balance Transfer,7482000,24,9.26,39900,3400,3.0,1,Approved,7313000,2022-11-08,1,0
APP805255,CUST100003,2023-07-06,Business,Equipment Purchase,6026000,12,18.94,14600,4200,3.0,1,Rejected,0,2023-07-17,0,
APP805256,CUST103716,2022-07-27,Gold,Gold Loan,520000,12,10.88,17900,5500,2.87,1,Rejected,0,2022-08-07,0,
APP805257,CUST100841,2023-08-15,Personal,Wedding,231000,48,21.99,27500,3000,0.373,0,Approved,212000,2023-08-21,1,0
APP805258,CUST100515,2022-11-06,Gold,Gold Loan,748000,24,12.12,32300,5000,1.248,1,Rejected,0,2022-11-08,0,
APP805259,CUST103087,2022-12-12,Personal,Travel,398000,12,14.72,27900,2300,1.369,0,Approved,316000,2022-12-14,1,0
APP805260,CUST100311,2023-04-15,Auto,New Car,2379000,48,10.31,35800,11700,2.022,1,Rejected,0,2023-04-26,0,
APP805261,CUST100885,2024-05-17,Education,Skill Certification,968000,48,11.01,60800,13400,0.631,0,Approved,800000,2024-05-21,1,0
APP805262,CUST100727,2023-12-24,Home,Home Construction,2135000,48,8.81,63200,5300,0.921,1,Approved,1757000,2024-01-04,1,1
APP805263,CUST102102,2023-03-28,Personal,Medical Emergency,1402000,84,22.92,104400,14000,0.456,0,Approved,1263000,2023-04-07,1,0
APP805264,CUST102254,2024-05-11,Personal,Travel,718000,84,14.0,31400,9600,0.735,1,Approved,616000,2024-05-29,1,0
APP805265,CUST104585,2022-08-11,Business,Working Capital,469000,84,15.25,28800,9900,0.66,1,Rejected,0,2022-08-25,0,
APP805266,CUST100688,2023-11-25,Gold,Gold Loan,202000,36,11.8,18500,3300,0.539,1,Rejected,0,2023-11-30,0,
APP805267,CUST104955,2022-11-12,Business,Working Capital,6776000,24,14.94,10000,3000,3.0,0,Rejected,0,2022-11-28,0,
APP805268,CUST102224,2022-09-18,Personal,Wedding,182000,60,14.15,46000,7400,0.254,0,Approved,176000,2022-10-01,1,0
APP805269,CUST103663,2023-03-14,Auto,New Car,787000,36,12.68,55300,6300,0.591,1,Approved,594000,2023-03-27,1,0
APP805270,CUST104757,2024-06-29,Auto,Used Car,2339000,36,13.43,84200,8300,1.041,1,Approved,1664000,2024-07-05,1,0
APP805271,CUST103581,2023-10-28,Personal,Medical Emergency,120000,84,14.99,38800,5400,0.199,0,Rejected,0,2023-11-15,0,
APP805272,CUST104570,2024-01-07,Auto,New Car,2261000,12,9.08,29800,4600,3.0,1,Rejected,0,2024-01-11,0,
APP805273,CUST102577,2024-05-06,Business,Working Capital,2562000,48,19.75,10000,800,3.0,0,Rejected,0,2024-05-22,0,
APP805274,CUST100420,2022-11-11,Home,Balance Transfer,5579000,36,8.68,84900,19100,2.306,1,Approved,4292000,2022-11-24,1,0
APP805275,CUST102673,2022-09-06,Personal,Debt Consolidation,657000,12,18.2,18000,4300,3.0,0,Rejected,0,2022-09-23,0,
APP805276,CUST100927,2024-04-21,Personal,Debt Consolidation,552000,36,20.68,30000,7200,0.929,0,Rejected,0,2024-05-07,0,
APP805277,CUST101501,2024-02-17,Auto,Two Wheeler,1133000,12,11.15,55100,2100,1.858,1,Rejected,0,2024-03-03,0,
APP805278,CUST102295,2023-05-17,Personal,Debt Consolidation,1136000,48,17.14,92000,18300,0.556,0,Approved,945000,2023-05-28,1,1
APP805279,CUST103452,2022-09-13,Personal,Home Renovation,1050000,12,14.32,35700,10100,2.925,0,Rejected,0,2022-09-22,0,
APP805280,CUST103823,2024-01-26,Personal,Debt Consolidation,681000,24,18.28,30800,6800,1.329,0,Rejected,0,2024-02-06,0,
APP805281,CUST100459,2023-02-01,Home,Balance Transfer,7451000,24,8.26,43000,12000,3.0,1,Rejected,0,2023-02-19,0,
APP805282,CUST104482,2023-05-26,Personal,Travel,480000,48,11.68,42700,11700,0.569,1,Approved,452000,2023-06-13,1,0
APP805283,CUST104130,2023-07-13,Personal,Debt Consolidation,1078000,24,13.78,18800,2100,2.863,0,Rejected,0,2023-07-22,0,
APP805284,CUST100295,2023-12-06,Auto,Used Car,1271000,24,12.67,14600,4100,3.0,1,Rejected,0,2023-12-07,0,
APP805285,CUST103836,2023-08-27,Business,Equipment Purchase,875000,12,15.32,56300,8400,1.553,0,Approved,804000,2023-08-30,1,0
APP805286,CUST101977,2024-02-18,Home,Home Construction,8761000,60,9.07,28400,1200,3.0,1,Rejected,0,2024-02-26,0,
APP805287,CUST104401,2024-02-11,Personal,Medical Emergency,1405000,12,15.71,32000,10800,3.0,0,Rejected,0,2024-03-02,0,
APP805288,CUST100518,2023-01-20,Personal,Home Renovation,314000,36,20.48,44000,1000,0.29,0,Approved,253000,2023-02-04,1,0
APP805289,CUST103109,2024-03-31,Personal,Home Renovation,951000,84,19.01,86700,1800,0.258,0,Approved,674000,2024-04-16,1,0
APP805290,CUST100212,2023-04-10,Personal,Wedding,270000,36,15.2,55100,7100,0.299,1,Approved,201000,2023-04-22,1,0
APP805291,CUST101836,2023-04-19,Business,Working Capital,1296000,48,13.73,63500,20500,0.877,1,Rejected,0,2023-05-07,0,
APP805292,CUST104552,2023-01-10,Personal,Wedding,831000,48,18.55,58100,18900,0.75,0,Approved,653000,2023-01-17,1,0
APP805293,CUST102387,2023-04-14,Personal,Medical Emergency,1089000,36,11.63,86100,5400,0.48,1,Approved,1030000,2023-04-25,1,0
APP805294,CUST100157,2023-05-28,Home,Home Construction,6978000,180,8.16,70500,3400,1.004,1,Approved,5794000,2023-06-13,1,0
APP805295,CUST104602,2022-12-04,Auto,New Car,1895000,12,10.11,25600,3700,3.0,1,Rejected,0,2022-12-08,0,
APP805296,CUST103664,2023-12-19,Gold,Gold Loan,259000,24,12.51,38600,12600,0.644,1,Approved,201000,2024-01-05,1,0
APP805297,CUST101822,2023-03-12,Personal,Medical Emergency,765000,36,14.1,40800,2500,0.702,0,Approved,601000,2023-03-18,1,0
APP805298,CUST100865,2022-11-29,Personal,Debt Consolidation,1315000,84,12.31,64800,2200,0.396,0,Approved,1242000,2022-12-02,1,0
APP805299,CUST101375,2023-11-05,Auto,Two Wheeler,765000,84,10.27,46200,3700,0.357,1,Approved,571000,2023-11-20,1,0
APP805300,CUST104898,2023-05-08,Personal,Home Renovation,63000,48,18.93,35600,2100,0.112,0,Approved,53000,2023-05-20,1,0
APP805301,CUST102829,2023-02-14,Home,Plot Purchase,4924000,48,9.82,20500,5200,3.0,1,Rejected,0,2023-02-20,0,
APP805302,CUST103115,2023-09-09,Personal,Wedding,68000,60,15.39,35100,6000,0.217,0,Approved,55000,2023-09-13,1,0
APP805303,CUST103334,2023-01-06,Personal,Debt Consolidation,758000,24,11.44,35000,9300,1.28,0,Rejected,0,2023-01-12,0,
APP805304,CUST100396,2023-01-28,Education,Skill Certification,443000,12,9.47,44300,4000,0.967,0,Rejected,0,2023-02-12,0,
APP805305,CUST103350,2024-02-23,Auto,Used Car,1880000,36,12.63,22400,5300,3.0,1,Rejected,0,2024-03-13,0,
APP805306,CUST102126,2022-08-18,Home,Home Purchase,10674000,12,9.35,30000,1200,3.0,1,Rejected,0,2022-09-03,0,
APP805307,CUST103087,2022-11-12,Auto,New Car,553000,60,11.63,27900,8900,0.757,1,Approved,438000,2022-11-24,1,0
APP805308,CUST103806,2024-04-26,Auto,Two Wheeler,2126000,84,10.27,14800,500,2.43,1,Rejected,0,2024-05-01,0,
APP805309,CUST104332,2024-02-11,Home,Home Purchase,3795000,84,8.8,27400,7600,2.494,1,Rejected,0,2024-02-20,0,
APP805310,CUST101168,2023-12-25,Personal,Home Renovation,602000,60,12.29,33300,8500,0.659,0,Rejected,0,2024-01-08,0,
APP805311,CUST104672,2024-06-13,Personal,Debt Consolidation,1193000,12,20.06,93000,14700,1.346,0,Under Review,0,,0,
APP805312,CUST101281,2024-03-06,Home,Home Construction,4827000,60,9.87,30200,2900,3.0,1,Rejected,0,2024-03-19,0,
APP805313,CUST102191,2023-08-26,Auto,New Car,527000,12,9.32,68700,14900,0.889,1,Approved,402000,2023-09-13,1,0
APP805314,CUST104970,2023-09-13,Personal,Medical Emergency,238000,12,17.45,37200,8800,0.821,0,Rejected,0,2023-09-14,0,
APP805315,CUST100280,2023-10-12,Home,Balance Transfer,8972000,180,9.05,10000,2500,3.0,1,Rejected,0,2023-10-14,0,
APP805316,CUST101966,2024-01-17,Education,Higher Studies India,2295000,120,9.01,43500,300,0.675,0,Approved,2089000,2024-02-06,1,1
APP805317,CUST101785,2023-03-31,Auto,New Car,2242000,60,11.43,23200,1900,2.199,1,Approved,1765000,2023-04-04,1,1
APP805318,CUST103647,2023-10-27,Gold,Gold Loan,73000,12,14.41,10000,100,0.667,1,Rejected,0,2023-11-15,0,
APP805319,CUST104806,2023-12-21,Personal,Travel,1451000,84,23.79,26100,2500,1.462,0,Approved,1295000,2024-01-10,1,0
APP805320,CUST102203,2023-10-02,Home,Home Construction,2453000,12,10.36,10000,3000,3.0,1,Rejected,0,2023-10-10,0,
APP805321,CUST102794,2024-06-23,Gold,Gold Loan,365000,24,10.79,41700,10100,0.649,1,Rejected,0,2024-07-03,0,
APP805322,CUST101738,2024-06-22,Business,Business Expansion,3591000,36,14.79,37900,2300,3.0,0,Under Review,0,,0,
APP805323,CUST101862,2024-03-18,Auto,Two Wheeler,1622000,24,13.09,79400,26200,1.303,1,Rejected,0,2024-03-21,0,
APP805324,CUST101466,2023-11-02,Personal,Travel,664000,48,18.45,49000,1100,0.424,0,Approved,636000,2023-11-08,1,0
APP805325,CUST103155,2023-04-05,Auto,Used Car,2333000,12,13.84,10000,1500,3.0,1,Rejected,0,2023-04-24,0,
APP805326,CUST103974,2022-08-15,Home,Home Construction,1737000,12,8.09,36100,4100,3.0,1,Rejected,0,2022-08-20,0,
APP805327,CUST101943,2023-04-18,Home,Home Purchase,11598000,84,8.19,26000,4600,3.0,1,Rejected,0,2023-05-03,0,
APP805328,CUST104516,2022-09-13,Personal,Home Renovation,653000,12,16.07,51600,14700,1.434,0,Rejected,0,2022-09-27,0,
APP805329,CUST103451,2023-02-14,Personal,Medical Emergency,489000,84,18.79,75700,19000,0.39,1,Approved,407000,2023-02-16,1,1
APP805330,CUST102491,2023-06-20,Personal,Medical Emergency,958000,24,18.92,90800,4900,0.585,1,Rejected,0,2023-06-23,0,
APP805331,CUST100090,2023-10-20,Business,Business Expansion,3938000,36,17.09,51200,6700,2.876,1,Rejected,0,2023-11-04,0,
APP805332,CUST101725,2023-09-11,Home,Plot Purchase,7673000,60,9.95,70000,7100,2.428,1,Approved,5630000,2023-09-28,1,1
APP805333,CUST103816,2023-06-27,Home,Home Construction,7499000,60,9.09,52800,13000,3.0,1,Rejected,0,2023-07-13,0,
APP805334,CUST104940,2023-10-18,Home,Balance Transfer,5768000,120,10.36,10200,2500,3.0,1,Rejected,0,2023-10-19,0,
APP805335,CUST101386,2022-10-10,Education,Study Abroad,570000,12,11.58,10000,1800,3.0,0,Rejected,0,2022-10-28,0,
APP805336,CUST104306,2023-02-23,Personal,Debt Consolidation,1286000,60,11.91,69300,22200,0.733,0,Rejected,0,2023-03-14,0,
APP805337,CUST104806,2023-05-15,Personal,Wedding,464000,24,12.48,26100,8800,1.18,0,Approved,400000,2023-05-20,1,0
APP805338,CUST103179,2022-07-22,Personal,Medical Emergency,1387000,84,14.95,46200,8900,0.772,0,Rejected,0,2022-07-30,0,
APP805339,CUST101667,2024-01-31,Education,Study Abroad,3057000,120,10.48,15800,2800,2.778,1,Rejected,0,2024-02-02,0,
APP805340,CUST102004,2023-01-24,Gold,Gold Loan,363000,36,10.95,31600,7000,0.597,1,Approved,333000,2023-02-04,1,1
APP805341,CUST104554,2023-07-28,Home,Home Purchase,7485000,24,8.67,57900,19800,3.0,1,Rejected,0,2023-08-11,0,
APP805342,CUST100347,2023-01-27,Auto,New Car,1970000,48,9.48,38100,12800,1.635,1,Approved,1698000,2023-02-15,1,0
APP805343,CUST100313,2022-08-28,Auto,Two Wheeler,1677000,12,13.35,40400,2700,3.0,1,Rejected,0,2022-08-30,0,
APP805344,CUST100322,2024-01-21,Personal,Wedding,333000,84,11.19,27600,8400,0.513,0,Rejected,0,2024-02-01,0,
APP805345,CUST104706,2024-03-28,Personal,Medical Emergency,1051000,36,13.06,19600,4200,2.021,0,Rejected,0,2024-03-29,0,
APP805346,CUST103433,2022-07-13,Education,Study Abroad,744000,24,11.63,88700,18800,0.605,0,Approved,686000,2022-07-27,1,0
APP805347,CUST103664,2023-04-24,Personal,Medical Emergency,1258000,48,19.33,38600,5000,1.11,0,Approved,1223000,2023-05-09,1,0
APP805348,CUST100732,2023-10-17,Business,Working Capital,2816000,24,16.61,16400,5000,3.0,0,Rejected,0,2023-10-27,0,
APP805349,CUST103149,2022-09-21,Business,Business Expansion,3876000,84,14.78,28600,2400,2.682,1,Approved,3851000,2022-10-01,1,1
APP805350,CUST100539,2023-03-22,Personal,Wedding,1127000,24,11.27,18400,5200,3.0,0,Rejected,0,2023-04-08,0,
APP805351,CUST100908,2024-05-06,Education,Skill Certification,281000,84,11.93,81600,15800,0.254,0,Approved,272000,2024-05-19,1,0
APP805352,CUST101225,2024-06-06,Auto,Two Wheeler,1864000,12,10.61,26400,4700,3.0,1,Rejected,0,2024-06-14,0,
APP805353,CUST100920,2022-10-10,Auto,Used Car,311000,84,13.85,105600,11900,0.168,1,Approved,306000,2022-10-29,1,1
APP805354,CUST102193,2023-02-02,Personal,Wedding,75000,84,15.65,57500,600,0.036,0,Approved,74000,2023-02-16,1,1
APP805355,CUST102477,2022-08-21,Personal,Medical Emergency,969000,60,20.54,26500,4500,1.15,0,Approved,729000,2022-08-27,1,1
APP805356,CUST104894,2022-09-22,Gold,Gold Loan,666000,12,11.6,68400,13100,1.055,1,Approved,608000,2022-10-01,1,0
APP805357,CUST104420,2023-12-02,Home,Home Construction,2197000,36,10.29,88900,30300,1.142,1,Approved,1842000,2023-12-05,1,0
APP805358,CUST102319,2023-11-26,Auto,New Car,2462000,60,12.76,50700,12000,1.335,1,Rejected,0,2023-12-08,0,
APP805359,CUST100265,2022-10-04,Personal,Debt Consolidation,504000,12,23.35,29700,300,1.611,0,Rejected,0,2022-10-06,0,
APP805360,CUST100165,2023-04-06,Home,Home Purchase,2574000,48,9.68,29900,2100,2.24,1,Rejected,0,2023-04-13,0,
APP805361,CUST104362,2024-06-22,Gold,Gold Loan,57000,24,10.37,20400,2300,0.242,1,Approved,47000,2024-07-10,1,0
APP805362,CUST102818,2023-07-02,Business,Equipment Purchase,1945000,48,17.53,110600,34300,0.822,1,Approved,1419000,2023-07-20,1,1
APP805363,CUST102796,2022-09-20,Personal,Medical Emergency,654000,36,22.29,12200,1100,2.141,0,Approved,465000,2022-10-07,1,1
APP805364,CUST100181,2023-07-04,Auto,New Car,1140000,12,11.22,64200,18000,1.853,1,Approved,826000,2023-07-18,1,1
APP805365,CUST102241,2024-06-28,Personal,Debt Consolidation,898000,48,20.54,50300,7500,0.697,0,Approved,645000,2024-07-10,1,0
APP805366,CUST101470,2023-09-03,Personal,Medical Emergency,358000,12,18.61,73500,18200,0.696,0,Approved,350000,2023-09-10,1,0
APP805367,CUST100148,2023-10-23,Auto,Two Wheeler,676000,12,10.3,34400,1800,1.785,1,Approved,567000,2023-11-05,1,0
APP805368,CUST104331,2023-05-03,Auto,New Car,2174000,12,11.01,39500,8200,3.0,1,Rejected,0,2023-05-17,0,
APP805369,CUST102376,2023-12-22,Gold,Gold Loan,758000,12,14.61,22400,6200,3.0,1,Rejected,0,2024-01-04,0,
APP805370,CUST102145,2022-09-14,Business,Equipment Purchase,4709000,84,18.65,10700,3100,3.0,1,Rejected,0,2022-10-02,0,
APP805371,CUST103142,2024-02-03,Auto,Used Car,1044000,12,11.12,41500,2900,2.297,1,Rejected,0,2024-02-17,0,
APP805372,CUST101558,2024-06-14,Auto,Two Wheeler,404000,24,9.76,17200,3800,1.299,1,Rejected,0,2024-06-17,0,
APP805373,CUST102028,2024-01-07,Business,Working Capital,4509000,60,12.58,21700,3700,3.0,1,Rejected,0,2024-01-23,0,
APP805374,CUST102048,2023-05-29,Education,Skill Certification,3503000,120,12.33,19500,3800,2.81,0,Rejected,0,2023-06-11,0,
APP805375,CUST103308,2024-04-23,Home,Home Construction,2026000,60,8.63,79200,13400,0.696,1,Approved,1503000,2024-04-24,1,1
APP805376,CUST103954,2023-02-11,Personal,Wedding,952000,48,20.94,61500,15900,0.737,1,Approved,749000,2023-02-16,1,0
APP805377,CUST104228,2023-11-20,Personal,Wedding,969000,60,17.41,61600,6700,0.503,0,Approved,727000,2023-12-06,1,0
APP805378,CUST102792,2023-04-25,Personal,Wedding,146000,84,21.86,43600,13900,0.397,1,Rejected,0,2023-05-15,0,
APP805379,CUST103247,2023-01-25,Education,Study Abroad,2494000,48,9.65,66500,22400,1.281,0,Approved,2453000,2023-01-26,1,1
APP805380,CUST100526,2022-10-24,Personal,Home Renovation,577000,24,15.03,22100,2900,1.397,0,Rejected,0,2022-11-10,0,
APP805381,CUST103207,2022-12-05,Business,Equipment Purchase,1092000,60,15.24,62000,4800,0.499,0,Rejected,0,2022-12-24,0,
APP805382,CUST104170,2022-12-08,Personal,Home Renovation,1221000,84,16.05,93900,17100,0.441,0,Approved,1001000,2022-12-14,1,0
APP805383,CUST101302,2022-12-28,Personal,Home Renovation,522000,48,15.88,44600,6500,0.477,1,Approved,516000,2022-12-31,1,1
APP805384,CUST104693,2023-05-27,Personal,Medical Emergency,228000,24,22.75,25700,1600,0.525,0,Approved,173000,2023-06-07,1,1
APP805385,CUST104624,2024-03-08,Auto,New Car,2349000,36,11.99,33900,1700,2.35,1,Rejected,0,2024-03-26,0,
APP805386,CUST102090,2023-01-09,Business,Equipment Purchase,4669000,12,19.43,15500,3400,3.0,0,Rejected,0,2023-01-24,0,
APP805387,CUST103200,2024-03-04,Auto,Used Car,1403000,24,12.82,91000,12700,0.871,1,Approved,1377000,2024-03-15,1,0
APP805388,CUST103398,2023-06-24,Home,Home Purchase,8927000,240,8.71,63800,3600,1.289,1,Approved,7030000,2023-06-28,1,0
APP805389,CUST102379,2022-11-05,Education,Study Abroad,3270000,48,10.3,37900,1400,2.239,1,Rejected,0,2022-11-15,0,
APP805390,CUST100593,2022-09-03,Personal,Medical Emergency,1019000,60,12.81,22400,1300,1.09,0,Approved,760000,2022-09-06,1,0
APP805391,CUST104455,2023-07-01,Home,Balance Transfer,9245000,120,9.17,38000,7500,3.0,1,Rejected,0,2023-07-07,0,
APP805392,CUST103220,2024-04-07,Business,Equipment Purchase,6564000,36,19.28,25800,7400,3.0,0,Rejected,0,2024-04-22,0,
APP805393,CUST100862,2022-12-10,Personal,Wedding,1437000,12,11.35,43200,12700,3.0,0,Rejected,0,2022-12-27,0,
APP805394,CUST101363,2024-02-04,Personal,Travel,590000,84,14.04,29700,3900,0.504,1,Approved,523000,2024-02-12,1,0
APP805395,CUST104477,2022-09-27,Auto,New Car,536000,84,10.93,53200,10700,0.373,1,Rejected,0,2022-10-05,0,
APP805396,CUST104545,2022-08-01,Personal,Wedding,300000,60,13.9,26100,2500,0.363,0,Approved,259000,2022-08-14,1,0
APP805397,CUST103369,2023-04-09,Business,Working Capital,3498000,60,12.86,125800,38000,0.933,0,Approved,2517000,2023-04-27,1,0
APP805398,CUST104591,2023-10-16,Gold,Gold Loan,435000,12,11.5,36700,10500,1.336,1,Approved,419000,2023-10-22,1,1
APP805399,CUST102308,2023-08-13,Auto,Used Car,2351000,12,9.8,20600,3500,3.0,1,Approved,2344000,2023-08-23,1,0
APP805400,CUST102248,2024-04-18,Business,Business Expansion,1658000,60,18.04,10000,2600,3.0,0,Rejected,0,2024-04-28,0,
APP805401,CUST104778,2024-06-04,Personal,Debt Consolidation,722000,84,22.23,70300,1500,0.263,0,Approved,677000,2024-06-08,1,0
APP805402,CUST102905,2023-11-21,Auto,Two Wheeler,2020000,24,12.24,38900,3000,2.525,1,Rejected,0,2023-11-30,0,
APP805403,CUST103427,2023-04-04,Home,Home Construction,7483000,240,8.74,21100,6600,3.0,1,Rejected,0,2023-04-15,0,
APP805404,CUST104024,2023-12-28,Business,Equipment Purchase,1527000,36,18.15,10600,2300,3.0,0,Rejected,0,2024-01-12,0,
APP805405,CUST101597,2023-01-08,Personal,Travel,950000,60,11.27,16700,3400,1.445,0,Rejected,0,2023-01-28,0,
APP805406,CUST102710,2023-07-06,Home,Home Construction,11100000,84,9.61,39000,4600,3.0,1,Rejected,0,2023-07-15,0,
APP805407,CUST103381,2023-04-26,Home,Plot Purchase,5218000,12,8.4,16100,5400,3.0,1,Rejected,0,2023-04-27,0,
APP805408,CUST101539,2022-07-27,Personal,Wedding,696000,60,15.89,91600,13700,0.334,0,Rejected,0,2022-08-16,0,
APP805409,CUST102545,2023-05-29,Home,Plot Purchase,9746000,24,9.02,90300,21900,3.0,1,Rejected,0,2023-06-18,0,
APP805410,CUST102574,2023-05-01,Education,Skill Certification,3861000,24,12.34,41700,9100,3.0,1,Rejected,0,2023-05-20,0,
APP805411,CUST102924,2024-01-13,Personal,Travel,641000,48,15.84,43000,400,0.431,1,Rejected,0,2024-01-19,0,
APP805412,CUST102346,2024-05-16,Home,Balance Transfer,5566000,12,10.06,10900,1100,3.0,1,Rejected,0,2024-06-05,0,
APP805413,CUST103882,2024-04-08,Personal,Travel,478000,84,18.12,24300,1600,0.481,0,Rejected,0,2024-04-18,0,
APP805414,CUST103907,2023-06-09,Auto,New Car,569000,60,11.24,105600,17500,0.283,1,Approved,475000,2023-06-17,1,0
APP805415,CUST102824,2023-10-18,Home,Plot Purchase,6733000,180,9.02,57200,15600,1.469,1,Rejected,0,2023-11-05,0,
APP805416,CUST104171,2022-12-29,Gold,Gold Loan,755000,12,12.75,38400,8200,1.965,1,Rejected,0,2022-12-31,0,
APP805417,CUST104798,2023-09-04,Personal,Debt Consolidation,1498000,12,12.52,26200,2300,3.0,0,Rejected,0,2023-09-21,0,
APP805418,CUST102461,2024-06-13,Auto,Used Car,928000,12,9.18,25500,6100,3.0,1,Under Review,0,,0,
APP805419,CUST100960,2024-01-17,Home,Home Purchase,7538000,48,9.11,44100,2000,3.0,1,Rejected,0,2024-02-02,0,
APP805420,CUST104574,2024-02-06,Personal,Travel,356000,48,20.19,46700,5000,0.34,0,Approved,350000,2024-02-09,1,0
APP805421,CUST100383,2022-12-01,Gold,Gold Loan,306000,24,9.8,10000,1500,1.559,1,Rejected,0,2022-12-20,0,
APP805422,CUST100944,2024-06-19,Auto,Used Car,1480000,24,12.13,92000,11200,0.88,1,Approved,1228000,2024-06-20,1,0
APP805423,CUST102459,2023-05-27,Personal,Debt Consolidation,1359000,48,14.04,54400,100,0.685,0,Approved,966000,2023-05-29,1,0
APP805424,CUST104259,2023-12-21,Gold,Gold Loan,570000,36,14.55,14000,1900,1.536,1,Rejected,0,2023-12-23,0,
APP805425,CUST103790,2023-02-16,Personal,Medical Emergency,1469000,48,18.28,45600,9100,1.151,0,Approved,1228000,2023-02-24,1,0
APP805426,CUST101350,2022-12-06,Personal,Wedding,241000,24,19.87,122800,39600,0.422,0,Approved,225000,2022-12-17,1,0
APP805427,CUST102475,2023-09-26,Business,Business Expansion,5922000,36,19.15,12600,500,3.0,0,Rejected,0,2023-10-07,0,
APP805428,CUST100299,2023-11-03,Home,Balance Transfer,3265000,240,8.89,17600,2500,1.802,1,Rejected,0,2023-11-05,0,
APP805429,CUST100063,2023-11-03,Business,Equipment Purchase,6753000,84,15.89,43400,3100,3.0,0,Rejected,0,2023-11-14,0,
APP805430,CUST104089,2024-01-01,Personal,Debt Consolidation,673000,12,21.79,64800,1000,0.987,0,Rejected,0,2024-01-16,0,
APP805431,CUST104401,2023-04-27,Personal,Travel,151000,48,22.92,32000,5300,0.317,0,Approved,150000,2023-05-16,1,0
APP805432,CUST103531,2024-05-01,Personal,Wedding,1115000,84,18.55,63600,16400,0.632,0,Approved,976000,2024-05-20,1,0
APP805433,CUST103721,2024-01-19,Personal,Travel,766000,24,19.56,25800,5600,1.718,0,Rejected,0,2024-01-29,0,
APP805434,CUST103916,2022-09-09,Personal,Wedding,1320000,24,22.66,117600,13400,0.7,0,Rejected,0,2022-09-18,0,
APP805435,CUST100052,2024-01-17,Home,Plot Purchase,2835000,48,9.71,12600,2100,3.0,1,Rejected,0,2024-01-29,0,
APP805436,CUST103567,2022-09-03,Home,Home Purchase,10920000,240,8.69,27600,7900,3.0,1,Rejected,0,2022-09-05,0,
APP805437,CUST100526,2023-04-27,Gold,Gold Loan,641000,36,12.41,22100,3300,1.118,1,Approved,616000,2023-05-17,1,0
APP805438,CUST103187,2022-08-21,Personal,Debt Consolidation,394000,12,19.27,100800,6800,0.428,0,Approved,293000,2022-08-24,1,0
APP805439,CUST102177,2024-04-08,Personal,Travel,1034000,36,19.72,106200,27300,0.618,0,Approved,911000,2024-04-22,1,1
APP805440,CUST101197,2024-02-13,Business,Business Expansion,470000,60,18.31,42400,1000,0.307,0,Approved,459000,2024-02-19,1,0
APP805441,CUST103298,2024-01-02,Personal,Debt Consolidation,1317000,24,12.01,21500,3300,3.0,0,Rejected,0,2024-01-22,0,
APP805442,CUST101605,2022-08-16,Home,Plot Purchase,4597000,36,8.48,73700,4100,2.025,1,Approved,3932000,2022-08-21,1,1
APP805443,CUST102792,2022-07-11,Home,Home Purchase,1813000,12,9.06,43600,2500,3.0,1,Rejected,0,2022-07-30,0,
APP805444,CUST100282,2024-04-24,Auto,New Car,352000,36,12.48,24400,6700,0.759,1,Rejected,0,2024-05-01,0,
APP805445,CUST100527,2022-10-07,Personal,Travel,299000,24,23.88,34000,9200,0.736,0,Rejected,0,2022-10-14,0,
APP805446,CUST100712,2024-03-13,Personal,Medical Emergency,1461000,84,19.42,75700,12800,0.591,0,Approved,1078000,2024-03-23,1,0
APP805447,CUST100967,2024-05-04,Home,Balance Transfer,8691000,12,8.01,12200,100,3.0,1,Rejected,0,2024-05-17,0,
APP805448,CUST103055,2023-07-29,Personal,Medical Emergency,1287000,24,23.21,65500,19500,1.328,0,Approved,1248000,2023-08-17,1,1
APP805449,CUST104121,2024-03-26,Auto,New Car,1638000,24,10.54,24000,8100,3.0,1,Approved,1360000,2024-03-28,1,1
APP805450,CUST102738,2023-07-09,Business,Equipment Purchase,2775000,60,18.34,25000,200,2.846,1,Rejected,0,2023-07-29,0,
APP805451,CUST102139,2023-02-14,Business,Working Capital,6551000,36,18.49,41700,7600,3.0,0,Rejected,0,2023-02-18,0,
APP805452,CUST100216,2023-03-30,Personal,Wedding,766000,60,14.2,47800,3200,0.441,0,Approved,711000,2023-04-07,1,0
APP805453,CUST102741,2022-09-26,Auto,Used Car,1909000,84,9.54,37900,6200,0.987,1,Rejected,0,2022-10-13,0,
APP805454,CUST104505,2023-12-10,Personal,Medical Emergency,942000,12,13.24,54600,8300,1.696,0,Approved,730000,2023-12-21,1,1
APP805455,CUST101324,2022-11-12,Personal,Wedding,1256000,60,22.52,36000,7800,1.191,0,Rejected,0,2022-11-17,0,
APP805456,CUST102509,2023-05-26,Business,Working Capital,4198000,60,14.4,21500,5900,3.0,0,Rejected,0,2023-06-05,0,
APP805457,CUST100604,2022-11-03,Business,Equipment Purchase,6144000,36,16.66,84000,28800,2.94,0,Rejected,0,2022-11-08,0,
APP805458,CUST103736,2023-06-06,Personal,Debt Consolidation,907000,24,14.79,49000,7700,1.054,0,Rejected,0,2023-06-23,0,
APP805459,CUST104588,2023-03-16,Personal,Medical Emergency,79000,12,18.89,80200,24700,0.399,1,Approved,56000,2023-03-22,1,0
APP805460,CUST103810,2023-06-22,Personal,Wedding,413000,24,15.36,10000,2600,2.27,0,Rejected,0,2023-07-02,0,
APP805461,CUST100251,2023-02-22,Personal,Wedding,919000,24,12.68,23100,2100,1.979,0,Approved,741000,2023-03-12,1,1
APP805462,CUST104790,2023-05-05,Education,Study Abroad,2667000,120,10.58,31300,2000,1.218,0,Rejected,0,2023-05-09,0,
APP805463,CUST100846,2023-01-09,Business,Equipment Purchase,5347000,60,19.13,59500,4100,2.405,0,Approved,4685000,2023-01-16,1,1
APP805464,CUST104260,2022-10-15,Gold,Gold Loan,198000,12,14.49,28200,1600,0.69,1,Rejected,0,2022-10-30,0,
APP805465,CUST104078,2023-05-24,Auto,New Car,422000,60,13.2,76500,3600,0.173,1,Approved,383000,2023-06-09,1,0
APP805466,CUST102062,2024-01-05,Home,Plot Purchase,8819000,60,8.66,29800,6600,3.0,1,Rejected,0,2024-01-21,0,
APP805467,CUST102973,2023-06-27,Auto,Used Car,253000,48,9.46,24100,3900,0.426,1,Approved,216000,2023-07-02,1,1
APP805468,CUST100553,2024-03-13,Auto,Two Wheeler,493000,60,12.2,21000,2700,0.652,1,Approved,475000,2024-03-16,1,0
APP805469,CUST104013,2023-01-29,Auto,Two Wheeler,308000,84,12.03,26100,5800,0.431,1,Rejected,0,2023-02-12,0,
APP805470,CUST100416,2024-03-25,Business,Working Capital,2007000,60,13.66,71000,15400,0.87,0,Approved,1567000,2024-03-28,1,0
APP805471,CUST102100,2023-03-19,Auto,Used Car,1024000,12,13.87,34900,8900,2.89,1,Rejected,0,2023-03-27,0,
APP805472,CUST100540,2023-05-05,Business,Business Expansion,4294000,48,12.96,52400,6300,2.316,0,Approved,3972000,2023-05-09,1,1
APP805473,CUST102296,2024-06-06,Personal,Debt Consolidation,1494000,48,20.04,10000,1900,3.0,0,Rejected,0,2024-06-25,0,
APP805474,CUST104640,2023-01-22,Education,Skill Certification,3469000,84,12.67,58300,15500,1.338,0,Rejected,0,2023-02-02,0,
APP805475,CUST100809,2024-05-27,Education,Study Abroad,905000,120,11.86,58400,6500,0.332,0,Approved,852000,2024-06-06,1,0
APP805476,CUST100487,2022-07-09,Personal,Debt Consolidation,1168000,84,23.33,96700,5200,0.347,1,Approved,1009000,2022-07-16,1,0
APP805477,CUST101071,2023-12-25,Education,Skill Certification,1649000,12,10.58,57700,17800,2.828,0,Approved,1487000,2024-01-14,1,1
APP805478,CUST102701,2023-05-15,Personal,Wedding,1170000,12,12.56,88300,8800,1.281,0,Approved,917000,2023-05-21,1,0
APP805479,CUST100188,2023-12-29,Home,Home Construction,11130000,12,9.52,154900,12000,3.0,1,Approved,8190000,2024-01-18,1,1
APP805480,CUST104634,2023-12-04,Auto,Used Car,676000,48,9.61,49700,5700,0.457,1,Approved,616000,2023-12-12,1,0
APP805481,CUST104066,2022-11-08,Auto,New Car,2480000,48,10.49,17900,1400,3.0,1,Rejected,0,2022-11-15,0,
APP805482,CUST102097,2023-02-23,Education,Higher Studies India,3055000,12,12.69,38800,8600,3.0,0,Rejected,0,2023-03-02,0,
APP805483,CUST102923,2024-01-26,Auto,Two Wheeler,1332000,12,9.82,33900,100,3.0,1,Rejected,0,2024-01-27,0,
APP805484,CUST100302,2023-08-08,Personal,Travel,588000,48,12.12,66400,8400,0.36,0,Approved,553000,2023-08-23,1,1
APP805485,CUST104252,2023-05-01,Auto,Used Car,1465000,24,13.73,44300,7600,1.756,1,Approved,1313000,2023-05-19,1,0
APP805486,CUST102404,2024-05-11,Business,Business Expansion,6759000,24,12.6,146900,35800,2.422,0,Approved,6714000,2024-05-26,1,1
APP805487,CUST101086,2024-05-05,Business,Working Capital,3104000,12,14.1,48200,2000,3.0,0,Rejected,0,2024-05-10,0,
APP805488,CUST102285,2023-11-24,Home,Home Purchase,8466000,240,8.61,45300,4700,1.739,1,Approved,7223000,2023-11-25,1,1
APP805489,CUST103472,2023-04-17,Business,Working Capital,811000,60,12.37,61400,3600,0.355,0,Approved,679000,2023-04-27,1,0
APP805490,CUST101079,2022-08-23,Home,Balance Transfer,11359000,84,8.32,27500,9400,3.0,1,Rejected,0,2022-08-31,0,
APP805491,CUST100949,2023-10-02,Auto,Two Wheeler,1884000,84,12.37,43200,4500,0.884,1,Rejected,0,2023-10-11,0,
APP805492,CUST104885,2022-12-17,Home,Home Purchase,6997000,12,9.1,78800,19500,3.0,1,Rejected,0,2022-12-18,0,
APP805493,CUST103157,2022-07-12,Education,Skill Certification,2210000,60,9.91,19100,4000,2.662,0,Rejected,0,2022-07-23,0,
APP805494,CUST100720,2023-02-04,Personal,Home Renovation,155000,48,16.61,29200,3700,0.279,0,Approved,126000,2023-02-13,1,0
APP805495,CUST101536,2023-01-13,Home,Balance Transfer,1620000,120,9.82,22000,6700,1.272,1,Rejected,0,2023-01-22,0,
APP805496,CUST104223,2023-12-19,Personal,Medical Emergency,1292000,84,14.0,51800,7300,0.609,0,Approved,1276000,2024-01-06,1,0
APP805497,CUST100729,2024-02-29,Home,Balance Transfer,7998000,120,8.7,42100,3700,2.465,1,Rejected,0,2024-03-20,0,
APP805498,CUST103004,2022-08-12,Personal,Travel,274000,84,17.9,28500,7200,0.454,0,Rejected,0,2022-08-21,0,
APP805499,CUST102040,2024-06-05,Home,Home Construction,6204000,36,8.22,14900,2800,3.0,1,Under Review,0,,0,
APP805500,CUST103530,2023-10-25,Personal,Medical Emergency,209000,84,17.72,36000,2400,0.188,1,Rejected,0,2023-11-13,0,
APP805501,CUST104226,2022-08-26,Personal,Travel,1397000,24,21.72,97400,13000,0.876,0,Approved,993000,2022-09-10,1,0
APP805502,CUST102768,2022-10-13,Auto,Used Car,401000,24,10.44,19900,4600,1.168,1,Approved,372000,2022-10-20,1,1
APP805503,CUST101567,2024-05-15,Personal,Medical Emergency,784000,24,21.83,44300,4200,1.012,0,Rejected,0,2024-05-24,0,
APP805504,CUST103085,2023-04-15,Home,Home Purchase,4190000,36,8.81,16200,3000,3.0,1,Rejected,0,2023-04-28,0,
APP805505,CUST104601,2023-09-12,Business,Business Expansion,4355000,84,17.37,41200,8000,2.374,0,Rejected,0,2023-09-20,0,
APP805506,CUST101129,2023-05-13,Business,Equipment Purchase,4226000,12,17.63,35500,1200,3.0,0,Rejected,0,2023-05-14,0,
APP805507,CUST101812,2022-12-23,Personal,Wedding,799000,60,13.18,141200,39000,0.405,0,Approved,597000,2023-01-10,1,0
APP805508,CUST101169,2023-12-22,Home,Balance Transfer,8656000,12,9.96,35800,10900,3.0,1,Rejected,0,2023-12-28,0,
APP805509,CUST102684,2023-11-01,Education,Study Abroad,304000,24,10.01,82700,9300,0.282,1,Rejected,0,2023-11-19,0,
APP805510,CUST103194,2024-02-29,Personal,Wedding,346000,84,13.9,62000,3800,0.166,0,Approved,308000,2024-03-01,1,1
APP805511,CUST101777,2022-09-06,Auto,New Car,2236000,84,13.37,42800,7300,1.13,1,Approved,1651000,2022-09-26,1,0
APP805512,CUST101572,2023-04-16,Auto,New Car,773000,60,13.51,16000,1100,1.181,1,Approved,688000,2023-04-29,1,0
APP805513,CUST101059,2024-03-24,Auto,Two Wheeler,459000,84,11.25,26000,8400,0.627,1,Approved,427000,2024-04-08,1,1
APP805514,CUST100903,2024-02-25,Gold,Gold Loan,148000,12,13.75,103800,27800,0.396,1,Approved,137000,2024-03-15,1,0
APP805515,CUST103211,2022-09-21,Business,Working Capital,2917000,24,12.24,72700,15000,2.099,0,Rejected,0,2022-10-04,0,
APP805516,CUST104495,2022-10-26,Personal,Medical Emergency,1300000,36,15.52,90600,3700,0.542,0,Approved,1138000,2022-11-09,1,0
APP805517,CUST103546,2024-01-22,Gold,Gold Loan,366000,36,10.38,43000,500,0.288,1,Approved,346000,2024-01-24,1,0
APP805518,CUST102251,2023-11-14,Personal,Travel,310000,36,12.01,25800,5800,0.623,0,Approved,229000,2023-11-20,1,0
APP805519,CUST101814,2024-02-19,Home,Balance Transfer,10387000,60,8.05,117400,19600,1.963,1,Rejected,0,2024-02-28,0,
APP805520,CUST101588,2023-10-29,Auto,New Car,2208000,12,9.93,107300,9400,1.895,1,Approved,2124000,2023-11-07,1,0
APP805521,CUST104346,2022-11-12,Gold,Gold Loan,251000,12,10.56,61400,16800,0.634,1,Approved,226000,2022-12-02,1,0
APP805522,CUST100802,2023-04-09,Personal,Medical Emergency,802000,48,18.69,41100,1600,0.619,0,Approved,686000,2023-04-26,1,0
APP805523,CUST104014,2022-09-18,Auto,Used Car,1175000,24,12.81,49800,7500,1.27,1,Approved,1150000,2022-10-06,1,0
APP805524,CUST104164,2023-04-17,Education,Skill Certification,3923000,84,9.76,27100,2700,2.482,0,Rejected,0,2023-04-24,0,
APP805525,CUST102852,2023-11-24,Home,Plot Purchase,2728000,24,8.35,34700,8400,3.0,1,Rejected,0,2023-12-10,0,
APP805526,CUST103839,2022-12-18,Home,Plot Purchase,8224000,36,8.89,51700,9700,3.0,1,Rejected,0,2023-01-03,0,
APP805527,CUST104128,2022-10-25,Education,Higher Studies India,712000,120,10.76,29900,7000,0.559,0,Approved,632000,2022-10-26,1,0
APP805528,CUST102961,2022-10-03,Personal,Home Renovation,615000,60,21.0,67700,4900,0.318,0,Rejected,0,2022-10-15,0,
APP805529,CUST101513,2024-06-29,Auto,Used Car,2008000,48,9.72,15300,1900,3.0,1,Rejected,0,2024-07-08,0,
APP805530,CUST103534,2022-08-24,Auto,Two Wheeler,1485000,24,12.16,10000,200,3.0,1,Rejected,0,2022-09-02,0,
APP805531,CUST102317,2023-04-01,Business,Working Capital,5726000,84,19.03,32900,11200,3.0,0,Rejected,0,2023-04-11,0,
APP805532,CUST103862,2023-07-21,Personal,Travel,703000,84,22.01,43300,3200,0.454,0,Approved,569000,2023-07-31,1,0
APP805533,CUST100883,2022-10-23,Personal,Home Renovation,1138000,12,17.56,148300,7900,0.755,0,Approved,1077000,2022-10-29,1,0
APP805534,CUST101474,2023-09-26,Education,Study Abroad,2326000,84,12.39,42700,13400,1.287,1,Rejected,0,2023-09-27,0,
APP805535,CUST100911,2023-06-02,Home,Home Construction,10389000,60,8.96,150100,26100,1.61,1,Approved,7718000,2023-06-20,1,1
APP805536,CUST104690,2023-04-08,Home,Plot Purchase,7759000,36,9.25,39400,12400,3.0,1,Rejected,0,2023-04-22,0,
APP805537,CUST100195,2022-08-11,Business,Working Capital,4073000,12,12.1,21300,3100,3.0,0,Rejected,0,2022-08-20,0,
APP805538,CUST104750,2024-02-26,Personal,Wedding,915000,60,22.68,72900,16900,0.583,0,Approved,706000,2024-03-05,1,0
APP805539,CUST102265,2023-01-25,Home,Home Construction,7374000,180,10.22,71200,4300,1.188,1,Rejected,0,2023-01-28,0,
APP805540,CUST101582,2023-03-21,Personal,Debt Consolidation,875000,48,18.67,63600,21100,0.741,0,Approved,738000,2023-04-02,1,0
APP805541,CUST102811,2023-08-10,Business,Business Expansion,4517000,48,13.22,29300,1900,3.0,0,Rejected,0,2023-08-28,0,
APP805542,CUST100426,2022-11-09,Auto,Used Car,432000,48,10.34,124600,22700,0.271,1,Approved,415000,2022-11-20,1,0
APP805543,CUST100501,2023-04-27,Personal,Travel,343000,12,18.09,47800,3100,0.724,0,Approved,299000,2023-05-02,1,1
APP805544,CUST100989,2024-05-29,Personal,Wedding,1428000,36,16.42,26400,9000,2.255,0,Under Review,0,,0,
APP805545,CUST103504,2023-01-04,Personal,Wedding,921000,48,12.08,43100,7400,0.735,0,Approved,713000,2023-01-08,1,0
APP805546,CUST103411,2024-02-13,Home,Home Purchase,2110000,60,8.12,68200,15300,0.854,1,Rejected,0,2024-03-01,0,
APP805547,CUST102140,2024-06-28,Gold,Gold Loan,736000,12,12.95,94100,21000,0.922,1,Rejected,0,2024-07-17,0,
APP805548,CUST101965,2024-02-25,Personal,Medical Emergency,148000,48,23.08,23900,6700,0.48,0,Approved,130000,2024-03-15,1,0
APP805549,CUST104830,2023-01-27,Auto,New Car,2220000,12,10.8,46200,2300,3.0,1,Rejected,0,2023-01-29,0,
APP805550,CUST103798,2023-04-18,Personal,Debt Consolidation,1159000,36,22.44,28900,9900,1.886,0,Rejected,0,2023-04-20,0,
APP805551,CUST103313,2023-07-24,Personal,Debt Consolidation,280000,12,23.3,16300,1000,1.683,0,Approved,277000,2023-08-03,1,1
APP805552,CUST103235,2023-10-19,Personal,Home Renovation,96000,24,22.54,31300,10500,0.496,1,Approved,95000,2023-10-29,1,0
APP805553,CUST101437,2023-12-21,Personal,Debt Consolidation,150000,24,18.19,17000,4300,0.693,0,Rejected,0,2024-01-02,0,
APP805554,CUST102866,2022-08-29,Auto,Used Car,1446000,36,12.28,10000,3200,3.0,1,Rejected,0,2022-09-12,0,
APP805555,CUST101943,2023-06-29,Business,Business Expansion,4279000,60,15.27,26000,7200,3.0,0,Approved,4173000,2023-07-07,1,0
APP805556,CUST102534,2024-01-20,Auto,New Car,808000,12,11.74,35400,7100,2.225,1,Rejected,0,2024-02-08,0,
APP805557,CUST100543,2024-06-01,Auto,Two Wheeler,344000,60,13.0,92500,19900,0.3,1,Approved,341000,2024-06-12,1,0
APP805558,CUST104542,2022-10-25,Personal,Debt Consolidation,1413000,48,21.48,30400,5700,1.636,1,Approved,1128000,2022-11-12,1,1
APP805559,CUST104997,2022-11-13,Auto,Two Wheeler,206000,84,12.16,44300,4900,0.193,1,Approved,145000,2022-11-20,1,0
APP805560,CUST100791,2022-07-10,Auto,Used Car,1664000,24,13.54,70300,13400,1.322,1,Rejected,0,2022-07-26,0,
APP805561,CUST103597,2023-07-15,Gold,Gold Loan,108000,36,9.85,10000,1200,0.468,1,Rejected,0,2023-08-01,0,
APP805562,CUST103475,2023-05-05,Home,Home Construction,1685000,24,10.41,74000,24400,1.384,1,Approved,1323000,2023-05-14,1,1
APP805563,CUST101861,2023-02-13,Home,Home Purchase,8756000,120,8.22,60800,12300,1.966,1,Rejected,0,2023-02-22,0,
APP805564,CUST101592,2023-09-06,Personal,Debt Consolidation,465000,48,19.07,59900,11700,0.427,0,Approved,359000,2023-09-22,1,1
APP805565,CUST101750,2023-12-11,Home,Home Construction,6308000,48,9.1,21600,5300,3.0,1,Rejected,0,2023-12-31,0,
APP805566,CUST101205,2022-09-17,Auto,Two Wheeler,1682000,84,9.51,38600,9700,0.963,1,Approved,1534000,2022-09-22,1,1
APP805567,CUST101197,2022-11-15,Personal,Home Renovation,748000,36,11.92,42400,13900,0.913,0,Rejected,0,2022-11-19,0,
APP805568,CUST103823,2024-03-11,Personal,Medical Emergency,584000,24,14.15,30800,8500,1.189,0,Rejected,0,2024-03-26,0,
APP805569,CUST103950,2024-02-19,Home,Home Purchase,2644000,48,8.58,32600,4800,2.149,1,Approved,2225000,2024-02-29,1,1
APP805570,CUST102020,2024-01-12,Personal,Home Renovation,1027000,60,12.8,45100,10600,0.752,0,Approved,763000,2024-01-31,1,0
APP805571,CUST101321,2022-12-16,Gold,Gold Loan,783000,24,10.43,29100,8500,1.54,1,Rejected,0,2022-12-27,0,
APP805572,CUST100833,2022-09-10,Home,Home Purchase,8533000,84,8.75,72000,20700,2.179,1,Rejected,0,2022-09-25,0,
APP805573,CUST100752,2023-06-24,Home,Balance Transfer,11517000,60,8.08,26800,4200,3.0,1,Rejected,0,2023-07-01,0,
APP805574,CUST101620,2024-04-05,Personal,Wedding,102000,12,23.03,37700,1800,0.302,0,Approved,101000,2024-04-12,1,0
APP805575,CUST100823,2023-03-23,Education,Higher Studies India,1590000,84,11.48,30600,10500,1.246,0,Approved,1487000,2023-03-28,1,0
APP805576,CUST104625,2023-04-29,Home,Balance Transfer,5971000,180,10.28,32400,5400,2.177,1,Rejected,0,2023-05-09,0,
APP805577,CUST104990,2024-01-11,Auto,New Car,601000,48,10.09,61700,3300,0.301,1,Approved,593000,2024-01-13,1,0
APP805578,CUST101924,2024-06-18,Gold,Gold Loan,513000,12,9.17,33900,11800,1.674,1,Approved,359000,2024-07-07,1,0
APP805579,CUST103954,2023-01-28,Personal,Medical Emergency,94000,48,23.41,61500,21100,0.392,0,Approved,86000,2023-02-11,1,0
APP805580,CUST101400,2023-01-20,Home,Home Construction,2301000,60,10.22,41700,3600,1.266,1,Approved,2126000,2023-02-08,1,0
APP805581,CUST102549,2023-02-26,Gold,Gold Loan,239000,36,9.44,22200,1300,0.402,1,Approved,227000,2023-03-16,1,0
APP805582,CUST101881,2023-11-17,Auto,Used Car,2306000,24,12.62,36800,8700,3.0,1,Rejected,0,2023-11-26,0,
APP805583,CUST103810,2023-01-23,Personal,Wedding,717000,36,19.8,10000,1200,2.777,0,Rejected,0,2023-01-27,0,
APP805584,CUST104474,2022-12-28,Auto,Two Wheeler,729000,60,11.29,91600,7600,0.257,1,Approved,689000,2023-01-16,1,0
APP805585,CUST101200,2023-11-17,Gold,Gold Loan,497000,12,14.1,45700,4900,1.084,1,Rejected,0,2023-11-21,0,
APP805586,CUST101399,2023-04-09,Auto,Used Car,375000,12,12.11,18800,4600,2.017,1,Rejected,0,2023-04-12,0,
APP805587,CUST104031,2022-07-19,Business,Business Expansion,1033000,48,15.72,10000,1900,3.0,0,Rejected,0,2022-07-20,0,
APP805588,CUST102506,2023-06-23,Personal,Medical Emergency,132000,48,22.54,60400,8600,0.212,0,Approved,131000,2023-07-11,1,0
APP805589,CUST104284,2024-05-28,Auto,Two Wheeler,1858000,60,12.57,33400,8900,1.522,1,Under Review,0,,0,
APP805590,CUST102109,2022-12-03,Personal,Debt Consolidation,529000,60,11.24,50100,2600,0.283,0,Rejected,0,2022-12-06,0,
APP805591,CUST102762,2023-05-03,Home,Home Purchase,11457000,48,9.77,47200,7600,3.0,1,Approved,9420000,2023-05-17,1,0
APP805592,CUST102613,2022-09-15,Personal,Debt Consolidation,486000,60,11.45,49400,2800,0.273,0,Approved,469000,2022-10-01,1,0
APP805593,CUST103512,2024-03-07,Auto,Two Wheeler,1120000,12,9.75,10000,2700,3.0,1,Rejected,0,2024-03-20,0,
APP805594,CUST101452,2023-05-23,Education,Skill Certification,2424000,36,9.9,20200,2900,3.0,1,Rejected,0,2023-06-06,0,
APP805595,CUST102704,2023-10-23,Auto,Two Wheeler,1495000,24,12.48,19400,5800,3.0,1,Rejected,0,2023-11-10,0,
APP805596,CUST101627,2023-12-03,Personal,Debt Consolidation,1274000,60,19.08,106200,28300,0.578,1,Approved,954000,2023-12-08,1,0
APP805597,CUST104402,2023-10-12,Gold,Gold Loan,114000,36,13.18,38100,5700,0.251,1,Rejected,0,2023-10-20,0,
APP805598,CUST103382,2022-10-12,Auto,Two Wheeler,669000,60,12.04,26600,6800,0.815,1,Rejected,0,2022-10-15,0,
APP805599,CUST103869,2024-06-06,Personal,Home Renovation,990000,12,23.75,30100,3800,3.0,1,Rejected,0,2024-06-10,0,
APP805600,CUST100882,2024-04-30,Gold,Gold Loan,326000,24,12.92,10000,700,1.619,1,Rejected,0,2024-05-15,0,
APP805601,CUST102040,2024-01-06,Auto,New Car,1991000,48,10.34,14900,4800,3.0,1,Rejected,0,2024-01-25,0,
APP805602,CUST101145,2023-09-10,Personal,Home Renovation,962000,60,14.39,83000,15200,0.455,1,Rejected,0,2023-09-19,0,
APP805603,CUST100095,2023-09-13,Auto,Used Car,988000,12,12.77,86800,13900,1.175,1,Approved,792000,2023-09-24,1,0
APP805604,CUST104171,2022-09-20,Auto,Two Wheeler,1150000,12,9.84,38400,4400,2.742,1,Rejected,0,2022-10-06,0,
APP805605,CUST102013,2023-01-14,Auto,New Car,1878000,12,13.34,23100,5700,3.0,1,Rejected,0,2023-01-24,0,
APP805606,CUST103344,2022-10-28,Personal,Debt Consolidation,1149000,12,12.68,12000,1400,3.0,0,Rejected,0,2022-11-11,0,
APP805607,CUST103983,2023-02-10,Business,Working Capital,1520000,24,16.65,109500,6700,0.745,0,Rejected,0,2023-02-16,0,
APP805608,CUST104584,2023-05-01,Business,Equipment Purchase,6391000,36,17.01,149200,43800,1.82,0,Rejected,0,2023-05-21,0,
APP805609,CUST101428,2022-08-28,Personal,Home Renovation,1328000,36,23.28,65800,4700,0.855,1,Approved,954000,2022-09-08,1,0
APP805610,CUST100529,2024-01-10,Personal,Travel,1327000,12,20.78,40700,4100,3.0,1,Rejected,0,2024-01-26,0,
APP805611,CUST102855,2022-07-25,Education,Higher Studies India,417000,120,10.65,40300,10600,0.404,1,Rejected,0,2022-07-28,0,
APP805612,CUST100836,2023-05-23,Education,Study Abroad,3677000,12,11.95,63600,18100,3.0,0,Rejected,0,2023-06-10,0,
APP805613,CUST104915,2024-06-25,Education,Skill Certification,3665000,48,12.39,36700,900,2.675,0,Under Review,0,,0,
APP805614,CUST100156,2023-07-24,Home,Plot Purchase,6953000,180,9.86,26100,8000,3.0,1,Rejected,0,2023-07-28,0,
APP805615,CUST102862,2024-05-21,Education,Study Abroad,2074000,48,9.59,10300,2300,3.0,0,Under Review,0,,0,
APP805616,CUST100378,2022-11-27,Auto,Used Car,362000,12,11.44,23400,4600,1.566,1,Rejected,0,2022-12-14,0,
APP805617,CUST103390,2024-04-15,Business,Working Capital,4624000,36,15.69,44900,6400,3.0,1,Approved,3952000,2024-04-18,1,0
APP805618,CUST104709,2024-06-05,Personal,Medical Emergency,726000,48,14.76,18500,5900,1.405,0,Under Review,0,,0,
APP805619,CUST103375,2023-05-10,Auto,New Car,545000,36,13.14,137200,45400,0.465,1,Approved,434000,2023-05-19,1,0
APP805620,CUST101057,2024-02-18,Auto,Used Car,259000,12,9.63,34600,2100,0.717,1,Approved,195000,2024-02-25,1,0
APP805621,CUST101247,2022-11-12,Home,Home Construction,5820000,60,8.72,36000,8900,3.0,1,Rejected,0,2022-11-20,0,
APP805622,CUST104455,2023-04-15,Education,Study Abroad,813000,36,11.57,38000,7900,0.915,1,Rejected,0,2023-05-05,0,
APP805623,CUST100704,2024-06-14,Auto,Used Car,1327000,84,10.05,25300,6600,1.131,1,Rejected,0,2024-06-25,0,
APP805624,CUST100415,2024-02-04,Personal,Medical Emergency,928000,36,21.05,69100,11500,0.672,0,Approved,824000,2024-02-09,1,1
APP805625,CUST103092,2023-09-29,Home,Home Construction,7985000,120,9.51,47400,14000,2.477,1,Approved,6593000,2023-10-03,1,1
APP805626,CUST101770,2022-10-31,Education,Study Abroad,876000,60,12.64,30200,7900,0.918,0,Approved,757000,2022-11-06,1,0
APP805627,CUST103513,2024-02-27,Personal,Medical Emergency,1421000,84,14.58,49200,4300,0.638,0,Rejected,0,2024-03-15,0,
APP805628,CUST100755,2024-01-06,Auto,Two Wheeler,236000,12,9.65,118100,2100,0.193,1,Approved,226000,2024-01-10,1,0
APP805629,CUST100307,2024-04-02,Personal,Medical Emergency,1034000,60,19.18,33300,6900,1.016,1,Rejected,0,2024-04-16,0,
APP805630,CUST102922,2023-11-04,Personal,Travel,935000,60,17.15,16200,5100,1.757,0,Rejected,0,2023-11-22,0,
APP805631,CUST102780,2022-12-24,Home,Balance Transfer,5684000,60,8.99,34800,400,3.0,1,Rejected,0,2023-01-13,0,
APP805632,CUST104794,2024-06-25,Personal,Medical Emergency,1241000,84,17.56,27000,2100,1.03,0,Under Review,0,,0,
APP805633,CUST104019,2024-01-01,Home,Home Purchase,7483000,84,8.76,74000,23100,1.927,1,Rejected,0,2024-01-08,0,
APP805634,CUST100889,2024-02-09,Business,Working Capital,958000,60,17.19,34300,3200,0.79,0,Rejected,0,2024-02-22,0,
APP805635,CUST101671,2023-07-21,Gold,Gold Loan,134000,24,9.61,24800,7300,0.542,1,Approved,105000,2023-07-22,1,1
APP805636,CUST102741,2022-08-19,Personal,Medical Emergency,642000,24,20.12,37900,3400,0.952,0,Approved,484000,2022-08-28,1,0
APP805637,CUST103449,2024-01-29,Personal,Home Renovation,268000,84,21.88,34700,8200,0.417,0,Approved,265000,2024-02-10,1,0
APP805638,CUST103266,2022-07-07,Gold,Gold Loan,80000,24,12.76,10000,1800,0.559,1,Rejected,0,2022-07-16,0,
APP805639,CUST101912,2022-07-20,Auto,Used Car,2173000,24,12.5,41200,3200,2.572,1,Rejected,0,2022-07-21,0,
APP805640,CUST102262,2022-07-13,Business,Working Capital,2291000,48,15.09,16200,2600,3.0,0,Rejected,0,2022-07-23,0,
APP805641,CUST102639,2023-07-19,Personal,Medical Emergency,331000,60,17.67,39400,6800,0.384,0,Approved,284000,2023-08-05,1,0
APP805642,CUST104697,2023-10-08,Gold,Gold Loan,675000,24,13.64,23100,6900,1.694,1,Rejected,0,2023-10-10,0,
APP805643,CUST103734,2022-11-07,Business,Business Expansion,5722000,24,13.27,48300,2300,3.0,0,Rejected,0,2022-11-16,0,
APP805644,CUST103415,2022-11-27,Auto,New Car,795000,48,10.79,27500,2000,0.817,1,Approved,646000,2022-12-02,1,0
APP805645,CUST103596,2023-07-27,Auto,New Car,1547000,12,9.98,35800,900,3.0,1,Approved,1274000,2023-08-10,1,1
APP805646,CUST102209,2022-09-28,Auto,Used Car,1747000,84,9.54,41900,700,0.7,1,Approved,1513000,2022-10-18,1,0
APP805647,CUST104629,2022-11-21,Personal,Home Renovation,1084000,24,15.27,26300,4400,2.174,0,Approved,1083000,2022-12-01,1,0
APP805648,CUST102853,2022-11-24,Personal,Debt Consolidation,154000,36,19.39,14200,1200,0.484,0,Rejected,0,2022-11-25,0,
APP805649,CUST102970,2022-08-19,Personal,Medical Emergency,521000,12,11.07,94900,15600,0.65,0,Approved,386000,2022-08-29,1,0
APP805650,CUST101589,2023-01-13,Auto,New Car,321000,12,12.61,36600,8400,1.011,1,Approved,294000,2023-01-28,1,0
APP805651,CUST102845,2024-04-08,Business,Business Expansion,345000,24,19.98,28800,900,0.64,0,Approved,324000,2024-04-21,1,0
APP805652,CUST102157,2022-07-15,Personal,Medical Emergency,58000,60,23.02,45700,1000,0.058,0,Rejected,0,2022-07-24,0,
APP805653,CUST103696,2023-11-10,Education,Skill Certification,1901000,24,10.29,51400,10900,1.922,1,Rejected,0,2023-11-28,0,
APP805654,CUST101245,2023-12-20,Personal,Wedding,260000,36,15.23,18900,6000,0.795,1,Rejected,0,2023-12-25,0,
APP805655,CUST101493,2023-05-08,Personal,Medical Emergency,1040000,36,13.37,32400,6600,1.292,0,Approved,903000,2023-05-24,1,0
APP805656,CUST102485,2022-08-25,Home,Balance Transfer,7780000,180,10.13,19600,6100,3.0,1,Rejected,0,2022-09-04,0,
APP805657,CUST104792,2023-05-01,Personal,Travel,783000,48,19.74,71400,16900,0.569,0,Approved,573000,2023-05-17,1,0
APP805658,CUST104243,2023-01-24,Gold,Gold Loan,619000,36,12.53,98300,20900,0.423,1,Approved,564000,2023-02-01,1,0
APP805659,CUST103534,2023-02-05,Personal,Travel,115000,12,14.24,10000,2800,1.314,0,Rejected,0,2023-02-14,0,
APP805660,CUST104309,2024-06-11,Business,Equipment Purchase,3083000,48,15.58,11600,2000,3.0,0,Under Review,0,,0,
APP805661,CUST102425,2023-01-22,Personal,Wedding,675000,84,14.03,10500,2500,1.447,0,Rejected,0,2023-01-30,0,
APP805662,CUST103930,2022-07-25,Education,Study Abroad,3515000,120,10.59,43500,11800,1.366,0,Approved,3165000,2022-07-31,1,0
APP805663,CUST101697,2023-12-21,Auto,New Car,2187000,60,13.75,18000,2200,2.942,1,Rejected,0,2023-12-27,0,
APP805664,CUST104383,2023-01-18,Education,Skill Certification,1066000,24,11.76,55400,11500,1.112,0,Rejected,0,2023-01-30,0,
APP805665,CUST103046,2023-10-03,Auto,Two Wheeler,1499000,12,12.72,82500,21000,1.875,1,Rejected,0,2023-10-07,0,
APP805666,CUST102932,2024-02-21,Home,Plot Purchase,2600000,180,8.39,27300,1700,0.993,1,Rejected,0,2024-03-08,0,
APP805667,CUST103055,2022-10-30,Home,Balance Transfer,8777000,84,9.35,65500,21200,2.502,1,Rejected,0,2022-11-08,0,
APP805668,CUST104245,2024-01-18,Auto,Used Car,1077000,48,10.89,77100,4600,0.42,1,Approved,806000,2024-01-28,1,0
APP805669,CUST102436,2023-11-18,Home,Home Purchase,4202000,24,9.01,59200,3700,3.0,1,Rejected,0,2023-11-26,0,
APP805670,CUST102408,2023-10-03,Personal,Medical Emergency,659000,84,11.43,17700,4500,0.899,0,Rejected,0,2023-10-18,0,
APP805671,CUST101488,2022-12-01,Personal,Wedding,718000,36,20.63,74100,11600,0.52,1,Approved,698000,2022-12-06,1,0
APP805672,CUST100111,2024-06-13,Home,Plot Purchase,10774000,120,10.09,60100,9100,2.53,1,Rejected,0,2024-06-26,0,
APP805673,CUST102961,2022-11-06,Home,Home Purchase,4780000,84,9.21,67700,14400,1.355,1,Approved,4589000,2022-11-25,1,0
APP805674,CUST104561,2022-12-22,Auto,Two Wheeler,336000,48,12.78,48900,4800,0.282,1,Approved,329000,2023-01-03,1,0
APP805675,CUST100285,2024-03-31,Gold,Gold Loan,686000,12,11.86,17400,5800,3.0,1,Rejected,0,2024-04-18,0,
APP805676,CUST103363,2022-10-09,Auto,New Car,1089000,48,9.93,23500,5100,1.391,1,Rejected,0,2022-10-26,0,
APP805677,CUST101515,2023-02-09,Personal,Home Renovation,1394000,48,16.19,58900,4000,0.741,0,Approved,981000,2023-02-10,1,0
APP805678,CUST101760,2024-06-02,Personal,Home Renovation,1322000,84,16.89,98100,16900,0.447,0,Approved,1237000,2024-06-04,1,0
APP805679,CUST102707,2023-06-26,Auto,Used Car,800000,84,9.36,53300,5100,0.34,1,Rejected,0,2023-07-07,0,
APP805680,CUST102917,2023-09-09,Auto,Two Wheeler,2198000,36,10.09,52200,9300,1.54,1,Approved,1566000,2023-09-24,1,1
APP805681,CUST104260,2024-06-03,Personal,Travel,1280000,84,12.47,28200,2100,0.888,0,Under Review,0,,0,
APP805682,CUST100792,2023-11-22,Personal,Medical Emergency,1441000,24,11.68,14400,4000,3.0,0,Rejected,0,2023-12-10,0,
APP805683,CUST104677,2023-02-15,Auto,New Car,564000,24,10.65,16200,4900,1.925,1,Rejected,0,2023-02-23,0,
APP805684,CUST102396,2023-03-21,Personal,Home Renovation,305000,60,22.22,53100,15200,0.445,0,Approved,249000,2023-04-01,1,0
APP805685,CUST103614,2022-10-07,Auto,Used Car,356000,24,12.59,67500,18200,0.519,1,Approved,289000,2022-10-20,1,0
APP805686,CUST102121,2023-09-11,Business,Working Capital,4135000,84,13.06,30100,5700,2.695,0,Rejected,0,2023-09-18,0,
APP805687,CUST100980,2023-10-18,Business,Equipment Purchase,6937000,24,17.32,100100,33400,3.0,1,Rejected,0,2023-10-31,0,
APP805688,CUST100638,2023-11-20,Business,Working Capital,3279000,48,18.81,88300,16300,1.291,0,Rejected,0,2023-11-25,0,
APP805689,CUST104669,2024-03-01,Personal,Home Renovation,1178000,48,19.9,19200,3900,2.064,0,Rejected,0,2024-03-19,0,
APP805690,CUST101858,2023-04-28,Personal,Medical Emergency,988000,84,21.33,54600,7700,0.557,0,Rejected,0,2023-04-29,0,
APP805691,CUST102217,2024-01-15,Personal,Home Renovation,1470000,84,21.59,40500,11300,1.121,1,Approved,1286000,2024-01-27,1,0
APP805692,CUST102205,2023-07-29,Business,Working Capital,4603000,12,16.89,18000,900,3.0,0,Rejected,0,2023-08-10,0,
APP805693,CUST103897,2023-05-09,Personal,Home Renovation,211000,12,17.66,33000,2900,0.674,0,Approved,186000,2023-05-16,1,1
APP805694,CUST101182,2023-05-24,Personal,Medical Emergency,1286000,36,14.59,21000,900,2.159,0,Rejected,0,2023-05-26,0,
APP805695,CUST101663,2024-02-25,Home,Home Construction,11885000,48,8.47,59100,6400,3.0,1,Rejected,0,2024-02-29,0,
APP805696,CUST104778,2024-04-02,Business,Equipment Purchase,3319000,84,17.15,70300,23800,1.307,1,Rejected,0,2024-04-05,0,
APP805697,CUST102067,2023-07-12,Education,Study Abroad,629000,84,11.44,51400,15000,0.504,0,Approved,580000,2023-07-26,1,0
APP805698,CUST102010,2023-01-13,Personal,Travel,422000,48,21.41,54000,13500,0.494,0,Approved,295000,2023-01-14,1,1
APP805699,CUST103370,2023-10-27,Business,Working Capital,4862000,24,16.13,61500,5700,3.0,0,Rejected,0,2023-11-02,0,
APP805700,CUST102146,2024-01-10,Personal,Travel,706000,12,21.31,63800,3500,1.086,0,Approved,552000,2024-01-24,1,0
APP805701,CUST101721,2023-09-23,Personal,Debt Consolidation,1075000,12,15.61,25800,8300,3.0,0,Rejected,0,2023-10-13,0,
APP805702,CUST104668,2023-01-29,Gold,Gold Loan,36000,24,13.9,41800,9100,0.259,1,Approved,29000,2023-02-14,1,0
APP805703,CUST101831,2024-05-13,Education,Skill Certification,1556000,24,10.43,92700,6500,0.848,0,Approved,1236000,2024-05-28,1,1
APP805704,CUST100747,2023-11-01,Gold,Gold Loan,222000,36,9.67,41400,500,0.184,1,Rejected,0,2023-11-19,0,
APP805705,CUST100794,2023-02-28,Personal,Home Renovation,600000,60,21.71,55700,14000,0.547,0,Approved,466000,2023-03-11,1,0
APP805706,CUST101102,2024-05-17,Auto,Two Wheeler,1093000,12,13.51,54900,14400,2.044,1,Under Review,0,,0,
APP805707,CUST102191,2022-10-29,Home,Home Construction,11583000,60,9.09,68700,19300,3.0,1,Rejected,0,2022-11-04,0,
APP805708,CUST101664,2023-09-10,Business,Equipment Purchase,6095000,48,15.91,23000,1500,3.0,0,Rejected,0,2023-09-18,0,
APP805709,CUST100304,2023-08-18,Education,Skill Certification,2484000,24,12.76,29500,8900,3.0,0,Rejected,0,2023-08-21,0,
APP805710,CUST103863,2023-09-26,Auto,New Car,2210000,12,13.32,28700,7500,3.0,1,Rejected,0,2023-10-01,0,
APP805711,CUST101616,2022-10-26,Auto,Two Wheeler,844000,12,13.88,47600,11500,1.834,1,Rejected,0,2022-11-03,0,
APP805712,CUST103735,2024-01-29,Business,Equipment Purchase,6204000,48,18.05,36900,12400,3.0,0,Rejected,0,2024-02-04,0,
APP805713,CUST103222,2023-01-03,Personal,Medical Emergency,972000,12,16.25,15700,2100,3.0,0,Rejected,0,2023-01-17,0,
APP805714,CUST102245,2022-10-13,Gold,Gold Loan,493000,12,12.87,79000,3800,0.605,1,Approved,474000,2022-10-27,1,0
APP805715,CUST102744,2024-04-16,Personal,Travel,734000,24,16.31,49200,6000,0.855,1,Approved,541000,2024-04-17,1,0
APP805716,CUST101427,2023-05-30,Auto,New Car,2362000,84,13.87,16300,2500,2.853,1,Approved,2141000,2023-05-31,1,1
APP805717,CUST104969,2023-12-25,Auto,New Car,915000,60,13.45,59100,900,0.371,1,Approved,682000,2024-01-07,1,0
APP805718,CUST100438,2023-08-27,Personal,Travel,1255000,24,11.44,31000,9400,2.195,0,Approved,894000,2023-09-05,1,0
APP805719,CUST102899,2023-04-14,Business,Equipment Purchase,3393000,24,13.82,22600,6500,3.0,0,Rejected,0,2023-04-22,0,
APP805720,CUST101064,2023-10-16,Business,Business Expansion,3584000,36,13.52,24600,7300,3.0,0,Rejected,0,2023-10-29,0,
APP805721,CUST102448,2022-07-14,Personal,Medical Emergency,51000,24,15.62,51000,17500,0.392,1,Approved,38000,2022-08-03,1,0
APP805722,CUST100932,2022-08-30,Personal,Debt Consolidation,971000,60,14.11,80600,13400,0.447,0,Approved,818000,2022-09-05,1,0
APP805723,CUST100691,2023-08-29,Home,Plot Purchase,3768000,240,8.86,15400,900,2.233,1,Rejected,0,2023-09-04,0,
APP805724,CUST103218,2023-06-26,Auto,Used Car,1353000,36,11.43,15600,3800,3.0,1,Rejected,0,2023-07-13,0,
APP805725,CUST101401,2022-07-26,Home,Plot Purchase,2544000,36,9.04,61100,6900,1.437,1,Rejected,0,2022-07-27,0,
APP805726,CUST104565,2024-06-07,Gold,Gold Loan,570000,12,13.03,15400,1600,3.0,1,Under Review,0,,0,
APP805727,CUST102950,2023-03-09,Auto,Used Car,826000,48,11.08,40400,7000,0.703,1,Approved,808000,2023-03-20,1,0
APP805728,CUST100903,2023-07-31,Personal,Debt Consolidation,274000,24,15.07,103800,23200,0.352,1,Approved,220000,2023-08-09,1,0
APP805729,CUST103990,2023-12-20,Business,Business Expansion,1058000,24,12.23,174000,18000,0.39,1,Approved,876000,2023-12-24,1,0
APP805730,CUST100930,2022-10-02,Auto,Two Wheeler,1950000,24,13.41,26300,8700,3.0,1,Rejected,0,2022-10-06,0,
APP805731,CUST101961,2023-05-17,Business,Business Expansion,6254000,12,16.4,23100,3700,3.0,0,Rejected,0,2023-05-31,0,
APP805732,CUST104014,2024-01-09,Auto,Used Car,905000,84,13.72,49800,7800,0.494,1,Approved,833000,2024-01-11,1,0
APP805733,CUST102173,2023-02-08,Personal,Wedding,498000,24,14.68,15100,1500,1.691,0,Rejected,0,2023-02-27,0,
APP805734,CUST104292,2023-11-29,Gold,Gold Loan,214000,36,14.05,18900,6300,0.72,1,Approved,212000,2023-12-16,1,0
APP805735,CUST104044,2023-10-28,Home,Home Purchase,8479000,180,8.36,59600,1500,1.415,1,Rejected,0,2023-11-12,0,
APP805736,CUST101399,2023-08-26,Personal,Medical Emergency,808000,36,12.68,18800,5400,1.728,0,Approved,631000,2023-09-10,1,0
APP805737,CUST100637,2023-06-08,Home,Home Purchase,10394000,24,8.66,21900,700,3.0,1,Rejected,0,2023-06-26,0,
APP805738,CUST102636,2024-06-21,Home,Plot Purchase,2312000,48,9.74,47900,1300,1.246,1,Rejected,0,2024-06-30,0,
APP805739,CUST102108,2023-09-23,Auto,Two Wheeler,666000,60,10.04,57200,1600,0.276,1,Approved,495000,2023-09-27,1,0
APP805740,CUST103489,2023-04-06,Personal,Travel,337000,24,22.86,35900,8100,0.717,0,Approved,265000,2023-04-21,1,0
APP805741,CUST102164,2022-12-20,Business,Equipment Purchase,4977000,60,17.74,154000,26100,0.986,1,Approved,4343000,2022-12-28,1,0
APP805742,CUST100933,2024-03-06,Personal,Travel,841000,36,11.23,47300,3200,0.651,0,Rejected,0,2024-03-18,0,
APP805743,CUST100236,2024-04-13,Home,Home Purchase,2629000,60,9.26,101500,16100,0.699,1,Approved,2416000,2024-04-14,1,0
APP805744,CUST103004,2023-03-06,Auto,Used Car,1710000,24,13.63,28500,500,2.886,1,Rejected,0,2023-03-11,0,
APP805745,CUST101936,2022-10-15,Personal,Home Renovation,872000,48,22.33,87600,12500,0.458,0,Approved,650000,2022-11-04,1,0
APP805746,CUST102373,2022-09-12,Personal,Wedding,351000,12,12.79,18400,1900,1.803,0,Rejected,0,2022-09-30,0,
APP805747,CUST104603,2024-03-12,Business,Working Capital,4441000,48,19.4,25900,7200,3.0,0,Rejected,0,2024-03-21,0,
APP805748,CUST103697,2022-09-02,Auto,New Car,1037000,24,9.81,45200,3800,1.141,1,Approved,911000,2022-09-10,1,1
APP805749,CUST104741,2023-12-31,Personal,Debt Consolidation,1253000,24,23.79,104000,31400,0.938,0,Approved,1043000,2024-01-20,1,0
APP805750,CUST100060,2024-02-11,Gold,Gold Loan,111000,36,11.8,25100,6200,0.394,1,Approved,92000,2024-02-26,1,0
APP805751,CUST101059,2022-07-29,Home,Home Purchase,1642000,48,8.99,26000,6900,1.834,1,Rejected,0,2022-08-03,0,
APP805752,CUST100002,2023-05-15,Home,Plot Purchase,3725000,120,8.19,10000,2400,3.0,1,Rejected,0,2023-05-18,0,
APP805753,CUST103051,2022-11-19,Education,Higher Studies India,1308000,12,9.74,37800,11900,3.0,0,Rejected,0,2022-11-25,0,
APP805754,CUST103747,2023-03-20,Personal,Medical Emergency,295000,48,19.86,37200,2300,0.303,0,Rejected,0,2023-04-08,0,
APP805755,CUST102416,2023-04-02,Home,Balance Transfer,8404000,24,10.11,60200,5900,3.0,1,Rejected,0,2023-04-10,0,
APP805756,CUST101216,2024-02-05,Home,Balance Transfer,2613000,24,9.94,172000,29600,0.873,1,Approved,2341000,2024-02-09,1,0
APP805757,CUST103923,2023-10-17,Auto,Used Car,2378000,48,13.23,64100,20500,1.319,1,Approved,2319000,2023-10-31,1,0
APP805758,CUST100391,2022-11-22,Gold,Gold Loan,385000,24,12.34,10200,3100,2.094,1,Rejected,0,2022-11-26,0,
APP805759,CUST100652,2023-11-13,Education,Higher Studies India,2404000,36,9.94,65400,16000,1.43,1,Approved,1837000,2023-11-23,1,1
APP805760,CUST101412,2023-10-24,Personal,Debt Consolidation,701000,60,16.08,43200,1900,0.439,0,Approved,529000,2023-11-02,1,0
APP805761,CUST104798,2022-11-15,Home,Plot Purchase,3839000,120,8.36,26200,500,1.825,1,Rejected,0,2022-11-22,0,
APP805762,CUST101458,2023-11-21,Gold,Gold Loan,162000,36,9.53,36100,5200,0.288,1,Approved,119000,2023-11-26,1,0
APP805763,CUST102816,2023-04-07,Education,Skill Certification,2229000,12,10.59,23700,2800,3.0,1,Rejected,0,2023-04-13,0,
APP805764,CUST100429,2023-01-28,Personal,Travel,1284000,36,12.1,35700,1800,1.248,1,Approved,1101000,2023-02-02,1,0
APP805765,CUST101838,2023-05-04,Gold,Gold Loan,429000,12,9.04,61200,20300,0.946,1,Approved,410000,2023-05-24,1,1
APP805766,CUST103993,2022-09-28,Home,Balance Transfer,9688000,60,8.71,16400,5100,3.0,1,Rejected,0,2022-10-10,0,
APP805767,CUST101528,2024-01-20,Personal,Medical Emergency,722000,48,14.78,16100,5500,1.582,0,Rejected,0,2024-01-27,0,
APP805768,CUST104650,2023-02-15,Business,Equipment Purchase,999000,36,14.26,43300,9700,1.016,0,Rejected,0,2023-02-27,0,
APP805769,CUST103927,2023-06-17,Auto,Two Wheeler,754000,48,11.6,24800,200,0.803,1,Rejected,0,2023-06-25,0,
APP805770,CUST104667,2023-06-16,Personal,Travel,821000,60,18.12,91900,28100,0.533,0,Approved,578000,2023-07-03,1,0
APP805771,CUST103892,2024-03-18,Personal,Medical Emergency,1294000,60,23.4,53500,3600,0.754,0,Approved,1260000,2024-03-25,1,0
APP805772,CUST104724,2024-05-28,Auto,Two Wheeler,2202000,84,13.1,85800,29100,0.808,1,Approved,2184000,2024-06-15,1,0
APP805773,CUST102121,2022-09-20,Home,Home Construction,8877000,240,9.17,30100,2200,2.761,1,Rejected,0,2022-10-09,0,
APP805774,CUST101122,2023-11-02,Business,Business Expansion,6588000,12,19.95,38200,9100,3.0,0,Approved,5750000,2023-11-22,1,0
APP805775,CUST100464,2023-06-08,Business,Business Expansion,6189000,48,13.45,107400,4500,1.6,0,Approved,4739000,2023-06-17,1,1
APP805776,CUST101501,2023-04-02,Education,Study Abroad,3751000,12,9.13,55100,19200,3.0,0,Rejected,0,2023-04-07,0,
APP805777,CUST101246,2023-12-26,Home,Plot Purchase,6155000,240,10.39,24800,8100,2.781,1,Rejected,0,2023-12-28,0,
APP805778,CUST100307,2023-07-14,Personal,Travel,1027000,12,18.95,33300,10200,3.0,0,Rejected,0,2023-07-15,0,
APP805779,CUST101915,2024-05-17,Personal,Travel,1428000,84,21.16,23400,1100,1.444,0,Approved,1269000,2024-06-06,1,1
APP805780,CUST103483,2022-09-30,Personal,Wedding,815000,48,17.89,34100,5900,0.874,0,Rejected,0,2022-10-06,0,
APP805781,CUST100004,2022-10-07,Auto,Two Wheeler,2230000,48,11.38,22900,4600,2.733,1,Rejected,0,2022-10-23,0,
APP805782,CUST100356,2024-02-29,Personal,Home Renovation,534000,12,15.43,30400,5700,1.776,1,Approved,392000,2024-03-02,1,0
APP805783,CUST102707,2023-02-03,Auto,Two Wheeler,593000,84,13.67,53300,10800,0.409,1,Approved,466000,2023-02-23,1,0
APP805784,CUST103299,2023-07-27,Education,Study Abroad,445000,60,12.78,38500,9600,0.511,0,Approved,328000,2023-08-05,1,1
APP805785,CUST104547,2023-04-01,Business,Equipment Purchase,2566000,48,18.13,13100,700,3.0,0,Rejected,0,2023-04-16,0,
APP805786,CUST102094,2022-08-31,Personal,Travel,583000,24,19.96,53500,6300,0.672,0,Approved,461000,2022-09-14,1,0
APP805787,CUST103906,2023-09-10,Personal,Medical Emergency,997000,24,11.21,201900,54700,0.502,0,Approved,762000,2023-09-22,1,0
APP805788,CUST103779,2023-05-18,Auto,New Car,1116000,36,11.57,28300,2300,1.384,1,Approved,1021000,2023-05-20,1,1
APP805789,CUST104301,2022-07-15,Home,Balance Transfer,9583000,120,8.1,57800,16200,2.302,1,Rejected,0,2022-07-26,0,
APP805790,CUST100423,2023-09-08,Personal,Debt Consolidation,364000,36,16.05,23000,5800,0.81,0,Approved,364000,2023-09-09,1,1
APP805791,CUST102284,2022-07-09,Personal,Travel,1112000,84,20.63,29700,5600,1.035,0,Approved,1069000,2022-07-20,1,0
APP805792,CUST104849,2024-05-15,Business,Business Expansion,3932000,48,17.44,66600,14400,1.935,0,Rejected,0,2024-05-24,0,
APP805793,CUST103600,2022-12-15,Business,Business Expansion,4322000,12,13.06,60700,6200,3.0,0,Rejected,0,2022-12-29,0,
APP805794,CUST101730,2024-05-15,Business,Working Capital,3462000,60,19.46,23300,1700,3.0,0,Rejected,0,2024-05-16,0,
APP805795,CUST104842,2023-09-02,Personal,Home Renovation,264000,12,23.27,36800,12800,1.024,0,Approved,192000,2023-09-12,1,1
APP805796,CUST100972,2024-06-14,Business,Business Expansion,1281000,24,14.64,14300,3100,3.0,0,Rejected,0,2024-06-16,0,
APP805797,CUST100946,2023-06-11,Auto,Two Wheeler,319000,48,10.49,42800,4900,0.305,1,Approved,302000,2023-06-27,1,0
APP805798,CUST103655,2022-12-16,Business,Equipment Purchase,6947000,84,14.29,22500,5700,3.0,0,Rejected,0,2022-12-26,0,
APP805799,CUST103517,2023-11-01,Home,Home Construction,1661000,84,8.43,33800,9600,1.061,1,Approved,1343000,2023-11-19,1,0
APP805800,CUST102515,2022-07-10,Personal,Home Renovation,1160000,12,17.53,45800,900,2.338,0,Rejected,0,2022-07-21,0,
APP805801,CUST103158,2022-12-25,Gold,Gold Loan,355000,12,11.02,47600,8800,0.844,1,Rejected,0,2022-12-27,0,
APP805802,CUST102719,2023-09-15,Education,Skill Certification,706000,120,11.67,57300,8200,0.317,0,Approved,650000,2023-09-21,1,0
APP805803,CUST100321,2023-09-08,Gold,Gold Loan,438000,24,9.66,12200,1000,1.731,1,Rejected,0,2023-09-12,0,
APP805804,CUST102347,2022-11-08,Auto,Used Car,650000,60,11.02,44400,6400,0.462,1,Approved,577000,2022-11-28,1,1
APP805805,CUST102916,2022-08-08,Personal,Travel,855000,12,16.8,88400,30000,1.221,0,Approved,653000,2022-08-15,1,0
APP805806,CUST101799,2023-09-20,Home,Home Construction,7081000,12,8.33,15500,5100,3.0,1,Rejected,0,2023-09-27,0,
APP805807,CUST100055,2024-05-26,Home,Balance Transfer,8384000,240,8.05,57000,3200,1.291,1,Under Review,0,,0,
APP805808,CUST101985,2022-12-29,Home,Balance Transfer,8844000,120,8.31,163100,45000,0.943,1,Approved,7179000,2023-01-14,1,0
APP805809,CUST100215,2023-09-09,Personal,Medical Emergency,920000,24,14.29,60400,15100,0.984,0,Approved,719000,2023-09-15,1,1
APP805810,CUST103322,2023-12-16,Home,Balance Transfer,4443000,48,9.84,40000,10100,3.0,1,Rejected,0,2023-12-22,0,
APP805811,CUST100945,2023-11-27,Home,Home Construction,11570000,12,8.6,77300,19500,3.0,1,Rejected,0,2023-12-13,0,
APP805812,CUST100873,2023-11-03,Education,Higher Studies India,2643000,60,12.28,46100,5100,1.395,1,Rejected,0,2023-11-10,0,
APP805813,CUST102283,2023-10-09,Personal,Debt Consolidation,1475000,36,12.21,76200,18700,0.89,0,Approved,1433000,2023-10-18,1,1
APP805814,CUST103842,2023-04-14,Home,Home Construction,1802000,60,10.23,60400,18800,0.949,1,Rejected,0,2023-05-01,0,
APP805815,CUST102636,2023-09-28,Personal,Travel,422000,84,22.29,47900,12000,0.459,0,Approved,336000,2023-10-12,1,0
APP805816,CUST100982,2022-11-27,Gold,Gold Loan,449000,36,12.31,146900,33700,0.331,1,Approved,319000,2022-12-03,1,0
APP805817,CUST102218,2024-02-21,Personal,Wedding,1465000,24,17.74,130900,16500,0.684,1,Approved,1165000,2024-03-04,1,0
APP805818,CUST101308,2023-03-27,Personal,Medical Emergency,1071000,12,18.87,155500,53300,0.977,0,Approved,903000,2023-03-31,1,0
APP805819,CUST104006,2023-12-02,Home,Home Construction,6679000,48,9.0,50800,8100,3.0,1,Approved,6139000,2023-12-10,1,0
APP805820,CUST102909,2024-03-30,Personal,Medical Emergency,1361000,48,18.81,23900,5700,1.933,0,Rejected,0,2024-04-06,0,
APP805821,CUST100314,2022-11-06,Home,Home Construction,11478000,12,10.33,46000,2200,3.0,1,Rejected,0,2022-11-24,0,
APP805822,CUST100096,2024-06-14,Business,Equipment Purchase,3375000,60,12.11,386400,97400,0.447,0,Approved,3327000,2024-06-23,1,0
APP805823,CUST100300,2023-07-02,Business,Business Expansion,802000,84,14.67,51400,16700,0.623,0,Approved,681000,2023-07-14,1,0
APP805824,CUST101402,2023-12-16,Gold,Gold Loan,75000,24,11.37,48600,16200,0.406,1,Approved,57000,2023-12-25,1,0
APP805825,CUST101786,2022-11-05,Auto,Used Car,1422000,36,13.65,75700,23500,0.949,1,Rejected,0,2022-11-16,0,
APP805826,CUST102307,2023-08-03,Personal,Travel,737000,60,13.85,41100,12400,0.718,0,Approved,688000,2023-08-13,1,0
APP805827,CUST103224,2023-03-10,Personal,Home Renovation,1350000,84,12.33,69900,3400,0.393,0,Approved,1337000,2023-03-30,1,0
APP805828,CUST103643,2024-04-26,Gold,Gold Loan,303000,36,11.52,23600,7100,0.724,1,Rejected,0,2024-05-13,0,
APP805829,CUST102202,2022-07-16,Personal,Travel,180000,12,15.98,31800,7000,0.733,0,Rejected,0,2022-07-26,0,
APP805830,CUST101947,2023-06-22,Business,Equipment Purchase,709000,84,19.77,136600,34000,0.363,0,Approved,538000,2023-07-10,1,1
APP805831,CUST100086,2022-08-04,Education,Higher Studies India,1659000,12,12.63,18000,800,3.0,0,Rejected,0,2022-08-16,0,
APP805832,CUST100432,2023-02-18,Business,Business Expansion,6830000,84,15.82,20100,4600,3.0,0,Rejected,0,2023-02-23,0,
APP805833,CUST100152,2023-08-09,Auto,New Car,1575000,36,10.9,31600,7700,1.874,1,Approved,1518000,2023-08-18,1,1
APP805834,CUST103424,2023-01-11,Auto,New Car,1890000,24,11.93,19700,2300,3.0,1,Approved,1629000,2023-01-24,1,0
APP805835,CUST100149,2024-03-28,Personal,Medical Emergency,157000,12,11.81,41300,6600,0.498,0,Approved,139000,2024-04-10,1,0
APP805836,CUST102721,2023-03-18,Business,Equipment Purchase,3826000,36,16.12,24200,400,3.0,0,Rejected,0,2023-03-28,0,
APP805837,CUST104249,2024-04-25,Home,Home Purchase,8651000,12,8.47,33800,7200,3.0,1,Rejected,0,2024-05-06,0,
APP805838,CUST103561,2022-08-18,Personal,Medical Emergency,1128000,48,19.27,43900,4600,0.878,0,Approved,1069000,2022-08-28,1,1
APP805839,CUST104271,2023-04-02,Business,Equipment Purchase,6640000,24,13.17,30200,6200,3.0,0,Rejected,0,2023-04-09,0,
APP805840,CUST101194,2023-10-29,Auto,New Car,1829000,48,12.19,102600,11900,0.587,1,Approved,1792000,2023-11-09,1,0
APP805841,CUST101477,2022-11-26,Home,Plot Purchase,5613000,12,9.59,51600,2600,3.0,1,Rejected,0,2022-12-16,0,
APP805842,CUST104448,2024-04-19,Auto,Used Car,2011000,24,11.69,39500,9100,2.62,1,Rejected,0,2024-05-07,0,
APP805843,CUST101272,2024-03-30,Gold,Gold Loan,125000,24,11.22,13800,2900,0.633,1,Approved,107000,2024-04-05,1,0
APP805844,CUST101914,2024-02-10,Business,Equipment Purchase,3172000,48,16.76,63200,19600,1.751,0,Approved,2948000,2024-02-26,1,1
APP805845,CUST102322,2023-04-01,Home,Plot Purchase,11173000,24,8.97,28300,4400,3.0,1,Approved,11037000,2023-04-13,1,1
APP805846,CUST103715,2023-05-27,Auto,Two Wheeler,1944000,48,10.05,30800,3400,1.711,1,Rejected,0,2023-06-01,0,
APP805847,CUST102213,2024-01-31,Auto,New Car,2068000,84,12.72,73600,7400,0.608,1,Approved,1596000,2024-02-18,1,0
APP805848,CUST102062,2024-01-31,Home,Home Construction,3144000,240,9.24,29800,2700,1.055,1,Rejected,0,2024-02-19,0,
APP805849,CUST100094,2023-07-01,Personal,Travel,961000,12,15.31,29600,300,2.941,0,Rejected,0,2023-07-02,0,
APP805850,CUST102601,2024-03-28,Personal,Travel,1428000,84,21.3,38300,900,0.881,0,Rejected,0,2024-04-05,0,
APP805851,CUST103623,2023-09-16,Personal,Travel,1207000,84,12.62,64700,3600,0.391,1,Approved,1206000,2023-09-30,1,0
APP805852,CUST103138,2024-06-07,Personal,Medical Emergency,1271000,48,14.4,101000,22200,0.566,1,Approved,1081000,2024-06-26,1,1
APP805853,CUST103966,2023-11-08,Auto,Used Car,1232000,24,10.25,16300,4500,3.0,1,Rejected,0,2023-11-27,0,
APP805854,CUST100531,2024-02-26,Personal,Medical Emergency,1125000,48,19.41,46100,2100,0.78,0,Approved,893000,2024-03-03,1,0
APP805855,CUST103293,2024-03-17,Personal,Medical Emergency,1035000,48,21.14,57600,900,0.573,0,Approved,745000,2024-03-25,1,0
APP805856,CUST104522,2023-08-30,Education,Skill Certification,1568000,48,10.62,16700,4100,2.652,0,Rejected,0,2023-09-14,0,
APP805857,CUST104098,2022-07-15,Auto,New Car,2355000,36,9.92,81000,1700,0.958,1,Rejected,0,2022-07-27,0,
APP805858,CUST103450,2023-04-22,Auto,Used Car,1577000,60,13.08,57200,6400,0.74,1,Rejected,0,2023-05-10,0,
APP805859,CUST102676,2022-07-01,Personal,Home Renovation,618000,84,12.66,21900,6600,0.81,0,Approved,559000,2022-07-08,1,0
APP805860,CUST100147,2022-11-07,Personal,Wedding,1274000,84,11.05,32100,200,0.687,0,Approved,1190000,2022-11-08,1,1
APP805861,CUST104624,2023-09-18,Personal,Travel,543000,12,15.56,33900,2800,1.531,1,Rejected,0,2023-10-03,0,
APP805862,CUST102324,2024-05-05,Personal,Debt Consolidation,270000,24,17.76,39400,4000,0.443,0,Approved,214000,2024-05-10,1,0
APP805863,CUST102276,2022-09-09,Auto,Used Car,2065000,60,10.51,16100,2700,2.922,1,Rejected,0,2022-09-25,0,
APP805864,CUST102216,2023-02-07,Personal,Wedding,472000,24,17.18,27800,6800,1.087,0,Rejected,0,2023-02-12,0,
APP805865,CUST102686,2024-05-15,Personal,Home Renovation,731000,24,18.0,25500,3400,1.562,0,Rejected,0,2024-05-24,0,
APP805866,CUST104235,2022-11-10,Auto,New Car,1444000,36,11.14,71700,23300,0.986,1,Rejected,0,2022-11-15,0,
APP805867,CUST101550,2023-08-21,Gold,Gold Loan,662000,24,10.64,33400,9900,1.218,1,Approved,536000,2023-08-27,1,1
APP805868,CUST101967,2022-10-09,Education,Study Abroad,1266000,120,9.48,34400,5300,0.63,0,Approved,887000,2022-10-18,1,0
APP805869,CUST101613,2023-02-12,Business,Equipment Purchase,5896000,36,14.19,37300,12600,3.0,0,Rejected,0,2023-02-26,0,
APP805870,CUST100684,2022-11-03,Education,Higher Studies India,2392000,24,9.31,47600,1300,2.33,0,Rejected,0,2022-11-09,0,
APP805871,CUST100344,2023-12-03,Personal,Travel,724000,60,17.7,11500,2400,1.798,0,Rejected,0,2023-12-13,0,
APP805872,CUST103380,2023-09-25,Personal,Medical Emergency,290000,36,15.62,16600,5300,0.931,0,Rejected,0,2023-10-05,0,
APP805873,CUST104643,2023-04-05,Personal,Wedding,601000,84,22.78,43300,10300,0.569,0,Approved,493000,2023-04-20,1,0
APP805874,CUST100961,2023-06-15,Business,Business Expansion,4357000,48,16.63,45500,11100,2.989,0,Rejected,0,2023-06-16,0,
APP805875,CUST100136,2022-12-08,Home,Home Purchase,1621000,240,8.43,57900,2000,0.276,1,Approved,1382000,2022-12-10,1,0
APP805876,CUST100759,2022-12-07,Gold,Gold Loan,454000,12,12.69,132600,23800,0.485,1,Approved,389000,2022-12-23,1,1
APP805877,CUST102240,2024-02-18,Personal,Wedding,519000,60,15.12,22600,5100,0.775,0,Rejected,0,2024-02-28,0,
APP805878,CUST101582,2023-06-29,Home,Home Construction,8321000,60,8.94,63600,19500,3.0,1,Rejected,0,2023-07-16,0,
APP805879,CUST100262,2023-03-02,Home,Home Purchase,10579000,60,9.2,21200,3700,3.0,1,Rejected,0,2023-03-09,0,
APP805880,CUST100206,2023-04-20,Personal,Travel,76000,24,14.15,33000,2300,0.18,1,Approved,61000,2023-05-04,1,0
APP805881,CUST101686,2022-10-03,Auto,Used Car,2049000,60,10.36,15100,4300,3.0,1,Rejected,0,2022-10-22,0,
APP805882,CUST100363,2022-12-18,Personal,Medical Emergency,1078000,84,17.47,115600,24900,0.409,0,Approved,820000,2023-01-01,1,0
APP805883,CUST104116,2024-06-06,Auto,Used Car,1392000,24,13.56,52500,5400,1.371,1,Rejected,0,2024-06-16,0,
APP805884,CUST104048,2024-06-09,Business,Business Expansion,2737000,36,15.37,31600,8800,3.0,1,Rejected,0,2024-06-27,0,
APP805885,CUST101378,2023-12-18,Gold,Gold Loan,217000,12,11.63,91100,900,0.221,1,Approved,195000,2024-01-06,1,0
APP805886,CUST100647,2024-04-09,Personal,Wedding,1421000,60,15.12,54300,8900,0.788,0,Rejected,0,2024-04-21,0,
APP805887,CUST103006,2023-05-15,Gold,Gold Loan,584000,12,13.57,59700,4600,0.953,1,Rejected,0,2023-06-03,0,
APP805888,CUST104708,2022-12-14,Home,Plot Purchase,7404000,84,8.09,49000,10700,2.58,1,Approved,6195000,2022-12-27,1,0
APP805889,CUST101392,2022-08-04,Personal,Debt Consolidation,509000,24,20.72,43300,5700,0.734,1,Rejected,0,2022-08-14,0,
APP805890,CUST102716,2023-01-08,Home,Home Construction,8556000,24,10.23,19500,5900,3.0,1,Approved,7861000,2023-01-26,1,0
APP805891,CUST104302,2024-04-04,Personal,Travel,1387000,48,15.54,12800,3000,3.0,0,Rejected,0,2024-04-09,0,
APP805892,CUST102211,2023-06-10,Education,Higher Studies India,3225000,48,11.46,11200,2000,3.0,0,Rejected,0,2023-06-30,0,
APP805893,CUST104337,2024-03-10,Personal,Wedding,802000,48,12.13,58600,11100,0.551,0,Rejected,0,2024-03-22,0,
APP805894,CUST100275,2022-11-15,Personal,Wedding,862000,24,19.48,49400,9900,1.084,1,Rejected,0,2022-11-25,0,
APP805895,CUST100443,2023-04-11,Personal,Travel,1294000,36,23.14,21800,1000,2.35,0,Approved,1083000,2023-04-25,1,1
APP805896,CUST101899,2024-04-29,Personal,Wedding,1442000,84,18.92,63200,20400,0.815,0,Approved,1201000,2024-05-11,1,0
APP805897,CUST103865,2022-12-10,Personal,Travel,600000,24,15.5,40200,2500,0.789,0,Approved,468000,2022-12-20,1,1
APP805898,CUST103309,2023-06-21,Gold,Gold Loan,519000,24,13.32,92000,11100,0.39,1,Approved,385000,2023-07-07,1,0
APP805899,CUST104149,2023-01-27,Personal,Debt Consolidation,505000,48,22.73,19900,2600,0.942,0,Rejected,0,2023-02-06,0,
APP805900,CUST101967,2023-11-28,Business,Equipment Purchase,864000,24,15.3,34400,1200,1.256,0,Rejected,0,2023-12-04,0,
APP805901,CUST104475,2022-07-05,Personal,Travel,770000,84,16.07,29600,1800,0.578,0,Approved,769000,2022-07-09,1,0
APP805902,CUST103410,2022-11-19,Business,Working Capital,1584000,12,15.05,70500,1300,2.046,0,Rejected,0,2022-11-28,0,
APP805903,CUST103231,2024-04-04,Business,Business Expansion,2236000,36,18.55,45300,4100,1.887,1,Rejected,0,2024-04-06,0,
APP805904,CUST102250,2024-03-05,Home,Home Purchase,8722000,12,9.6,23800,2100,3.0,1,Rejected,0,2024-03-15,0,
APP805905,CUST104875,2023-01-02,Auto,New Car,1503000,60,10.43,75600,6300,0.51,1,Approved,1497000,2023-01-08,1,0
APP805906,CUST103277,2023-12-23,Auto,New Car,1699000,24,13.37,75400,11600,1.23,1,Approved,1595000,2024-01-04,1,0
APP805907,CUST102541,2024-04-20,Business,Equipment Purchase,5587000,12,15.99,105900,16900,3.0,0,Rejected,0,2024-04-24,0,
APP805908,CUST100642,2022-10-05,Home,Plot Purchase,5896000,48,8.98,48600,3800,3.0,1,Rejected,0,2022-10-09,0,
APP805909,CUST103633,2022-12-16,Personal,Debt Consolidation,161000,48,14.82,35200,3000,0.212,0,Approved,133000,2022-12-17,1,1
APP805910,CUST100346,2024-06-07,Education,Study Abroad,1881000,60,11.48,148200,30200,0.483,0,Under Review,0,,0,
APP805911,CUST101250,2023-01-13,Personal,Medical Emergency,281000,48,11.09,51000,3500,0.211,0,Approved,273000,2023-02-02,1,0
APP805912,CUST104684,2023-04-08,Personal,Wedding,1317000,48,15.09,24600,7900,1.811,0,Rejected,0,2023-04-12,0,
APP805913,CUST101077,2023-12-08,Education,Study Abroad,2806000,84,9.02,81300,19900,0.8,0,Approved,2572000,2023-12-25,1,0
APP805914,CUST102245,2024-01-19,Auto,New Car,2209000,48,9.43,79000,24400,1.01,1,Approved,1639000,2024-01-25,1,0
APP805915,CUST102707,2024-03-04,Home,Home Purchase,7820000,12,8.66,53300,15400,3.0,1,Rejected,0,2024-03-08,0,
APP805916,CUST103596,2024-06-27,Business,Equipment Purchase,6818000,48,17.24,35800,1200,3.0,1,Under Review,0,,0,
APP805917,CUST103155,2023-07-07,Gold,Gold Loan,308000,12,13.08,10000,800,2.832,1,Rejected,0,2023-07-24,0,
APP805918,CUST104281,2022-12-24,Personal,Travel,455000,12,17.29,54100,11800,0.987,0,Approved,433000,2022-12-26,1,0
APP805919,CUST100314,2024-06-23,Auto,Used Car,1622000,12,11.3,46000,6200,3.0,1,Rejected,0,2024-06-28,0,
APP805920,CUST102560,2022-11-10,Personal,Travel,243000,48,16.04,69900,4700,0.166,0,Approved,214000,2022-11-24,1,1
APP805921,CUST102514,2024-03-13,Auto,Two Wheeler,1652000,24,12.0,34200,9900,2.564,1,Rejected,0,2024-03-17,0,
APP805922,CUST101544,2023-06-28,Gold,Gold Loan,73000,12,11.19,31100,3900,0.333,1,Approved,61000,2023-06-30,1,1
APP805923,CUST101706,2024-03-06,Home,Home Construction,10157000,36,8.34,45800,13900,3.0,1,Rejected,0,2024-03-09,0,
APP805924,CUST100858,2023-07-24,Home,Home Construction,10061000,48,9.57,43800,1300,3.0,1,Approved,7878000,2023-08-09,1,1
APP805925,CUST103184,2023-09-26,Gold,Gold Loan,677000,12,14.39,18200,6200,3.0,1,Rejected,0,2023-10-01,0,
APP805926,CUST104026,2022-10-06,Auto,Used Car,1306000,12,11.51,28700,1200,3.0,1,Rejected,0,2022-10-16,0,
APP805927,CUST103784,2023-09-18,Business,Business Expansion,4210000,60,15.65,74300,13600,1.551,0,Approved,3785000,2023-10-07,1,0
APP805928,CUST104809,2024-01-20,Auto,Used Car,1221000,60,11.64,28600,3600,1.066,1,Rejected,0,2024-01-22,0,
APP805929,CUST100230,2024-02-23,Business,Working Capital,1675000,24,19.92,87500,5800,1.04,1,Rejected,0,2024-03-01,0,
APP805930,CUST100318,2023-02-09,Home,Balance Transfer,8580000,120,10.15,88600,3600,1.328,1,Approved,8100000,2023-02-19,1,0
APP805931,CUST104086,2024-04-20,Auto,Used Car,1019000,48,11.73,34400,2200,0.84,1,Rejected,0,2024-04-23,0,
APP805932,CUST103808,2024-04-25,Business,Equipment Purchase,5226000,12,16.18,42000,9200,3.0,0,Rejected,0,2024-05-06,0,
APP805933,CUST101515,2024-05-08,Personal,Wedding,1235000,12,13.05,58900,11100,2.062,0,Approved,1203000,2024-05-17,1,1
APP805934,CUST100923,2022-10-21,Education,Skill Certification,889000,84,9.7,52400,9400,0.459,0,Approved,626000,2022-11-08,1,0
APP805935,CUST100637,2023-11-26,Auto,Two Wheeler,1636000,48,9.97,21900,5200,2.133,1,Rejected,0,2023-12-07,0,
APP805936,CUST104668,2023-09-07,Education,Skill Certification,980000,24,12.56,41800,14100,1.447,1,Rejected,0,2023-09-17,0,
APP805937,CUST102775,2023-02-18,Business,Working Capital,1410000,36,18.55,24700,7500,2.383,0,Rejected,0,2023-02-23,0,
APP805938,CUST102174,2022-12-31,Personal,Debt Consolidation,206000,84,21.83,20500,500,0.259,0,Approved,175000,2023-01-14,1,0
APP805939,CUST102865,2024-06-06,Education,Skill Certification,1121000,60,9.62,11000,300,2.177,0,Under Review,0,,0,
APP805940,CUST100541,2023-09-27,Personal,Travel,1317000,84,17.53,99800,13400,0.408,0,Rejected,0,2023-09-28,0,
APP805941,CUST102091,2023-01-19,Education,Study Abroad,3075000,48,9.76,60500,16600,1.557,0,Rejected,0,2023-01-31,0,
APP805942,CUST102449,2023-07-09,Business,Business Expansion,1077000,36,16.04,56300,300,0.678,0,Approved,781000,2023-07-13,1,0
APP805943,CUST101171,2023-02-17,Business,Equipment Purchase,4713000,36,16.4,34700,11900,3.0,1,Rejected,0,2023-03-07,0,
APP805944,CUST102738,2023-08-10,Education,Higher Studies India,3428000,120,12.72,25000,7700,2.332,0,Rejected,0,2023-08-18,0,
APP805945,CUST103449,2022-09-05,Business,Business Expansion,759000,24,15.11,34700,10200,1.357,0,Rejected,0,2022-09-20,0,
APP805946,CUST101754,2023-10-17,Education,Study Abroad,3448000,120,11.48,37000,500,1.322,0,Approved,2976000,2023-10-26,1,0
APP805947,CUST104076,2022-11-15,Personal,Debt Consolidation,388000,60,19.57,49000,8800,0.387,0,Rejected,0,2022-11-24,0,
APP805948,CUST100921,2023-06-05,Gold,Gold Loan,444000,12,14.36,58600,12900,0.902,1,Approved,423000,2023-06-21,1,1
APP805949,CUST100261,2024-05-20,Education,Study Abroad,504000,84,12.7,52500,800,0.188,1,Approved,393000,2024-06-09,1,0
APP805950,CUST103140,2024-06-18,Home,Home Purchase,4202000,180,9.26,18500,600,2.377,1,Under Review,0,,0,
APP805951,CUST104523,2023-12-25,Personal,Medical Emergency,1000000,36,16.16,28300,6500,1.477,0,Approved,776000,2024-01-06,1,0
APP805952,CUST103579,2023-12-21,Auto,Two Wheeler,2191000,36,12.5,88600,13100,0.975,1,Approved,1569000,2023-12-27,1,0
APP805953,CUST102243,2023-11-11,Business,Business Expansion,2765000,60,12.86,53100,5100,1.276,0,Approved,2119000,2023-11-14,1,0
APP805954,CUST100700,2024-05-14,Personal,Medical Emergency,391000,84,21.92,43300,8200,0.401,1,Approved,360000,2024-05-21,1,0
APP805955,CUST103570,2023-12-13,Education,Study Abroad,1069000,120,11.59,44000,11500,0.604,0,Rejected,0,2023-12-27,0,
APP805956,CUST102759,2023-12-08,Auto,Two Wheeler,1934000,60,12.42,70200,15600,0.841,1,Approved,1826000,2023-12-23,1,0
APP805957,CUST104007,2023-02-18,Personal,Travel,476000,36,14.67,10000,900,1.732,0,Rejected,0,2023-03-07,0,
APP805958,CUST102965,2023-07-01,Auto,New Car,2094000,48,9.83,18300,5300,3.0,1,Rejected,0,2023-07-10,0,
APP805959,CUST100153,2023-02-25,Home,Home Construction,3605000,240,10.28,18300,5800,2.254,1,Rejected,0,2023-03-04,0,
APP805960,CUST101056,2023-11-24,Personal,Travel,305000,84,23.82,47400,7100,0.308,0,Approved,239000,2023-11-26,1,0
APP805961,CUST101086,2022-07-22,Personal,Home Renovation,193000,12,19.87,48200,7900,0.535,0,Rejected,0,2022-07-26,0,
APP805962,CUST104590,2023-11-07,Education,Higher Studies India,1463000,24,12.01,49400,14500,1.687,1,Rejected,0,2023-11-11,0,
APP805963,CUST103699,2023-12-01,Auto,Used Car,1891000,36,13.3,12000,1600,3.0,1,Rejected,0,2023-12-04,0,
APP805964,CUST101714,2022-10-23,Gold,Gold Loan,223000,12,12.26,31000,5000,0.8,1,Approved,172000,2022-11-08,1,1
APP805965,CUST102115,2023-07-25,Auto,New Car,2020000,84,11.6,33200,5300,1.223,1,Approved,1443000,2023-07-30,1,0
APP805966,CUST101813,2023-06-20,Home,Balance Transfer,5424000,120,8.52,262100,60400,0.487,1,Approved,4747000,2023-06-29,1,0
APP805967,CUST102170,2023-11-12,Auto,Used Car,1880000,84,13.17,72700,4200,0.53,1,Rejected,0,2023-11-26,0,
APP805968,CUST100916,2022-10-12,Home,Home Purchase,7852000,24,9.56,105900,3100,3.0,1,Rejected,0,2022-10-15,0,
APP805969,CUST100936,2024-04-22,Education,Study Abroad,2552000,120,12.51,10000,3200,3.0,0,Rejected,0,2024-04-29,0,
APP805970,CUST100762,2023-11-04,Auto,New Car,2331000,12,9.25,21800,5400,3.0,1,Rejected,0,2023-11-17,0,
APP805971,CUST102701,2022-07-03,Home,Home Purchase,10346000,180,8.1,88300,13400,1.278,1,Approved,7408000,2022-07-19,1,1
APP805972,CUST102796,2024-02-23,Personal,Debt Consolidation,956000,84,22.74,12200,900,1.941,0,Rejected,0,2024-02-27,0,
APP805973,CUST101826,2023-04-12,Personal,Travel,1382000,60,13.94,61000,7000,0.641,1,Rejected,0,2023-04-16,0,
APP805974,CUST101984,2023-10-23,Auto,Two Wheeler,2082000,60,11.69,17500,600,2.668,1,Rejected,0,2023-11-11,0,
APP805975,CUST101808,2022-08-04,Education,Skill Certification,1134000,36,12.13,82000,8900,0.568,0,Approved,888000,2022-08-18,1,0
APP805976,CUST104674,2023-07-25,Home,Home Construction,4063000,180,8.22,51400,4200,0.847,1,Rejected,0,2023-07-31,0,
APP805977,CUST104321,2024-02-12,Home,Home Construction,2739000,120,8.95,103800,20800,0.534,1,Approved,2209000,2024-02-24,1,0
APP805978,CUST100534,2024-04-19,Business,Working Capital,524000,60,18.76,52900,14800,0.535,1,Rejected,0,2024-04-29,0,
APP805979,CUST103788,2023-11-11,Personal,Medical Emergency,890000,24,20.66,59400,3100,0.819,1,Approved,632000,2023-11-26,1,1
APP805980,CUST102212,2022-08-23,Personal,Debt Consolidation,734000,60,18.7,19900,3300,1.115,1,Rejected,0,2022-09-11,0,
APP805981,CUST103654,2023-12-17,Home,Plot Purchase,8973000,84,9.86,15600,1500,3.0,1,Rejected,0,2024-01-03,0,
APP805982,CUST102913,2022-09-08,Personal,Home Renovation,1347000,12,15.23,35100,6300,3.0,0,Rejected,0,2022-09-17,0,
APP805983,CUST103478,2024-06-28,Auto,New Car,914000,60,13.72,18200,4200,1.392,1,Rejected,0,2024-07-13,0,
APP805984,CUST103468,2024-03-18,Personal,Medical Emergency,1314000,12,20.18,53600,18400,2.616,1,Rejected,0,2024-03-28,0,
APP805985,CUST104906,2024-06-20,Education,Study Abroad,228000,36,10.15,88800,20400,0.313,0,Approved,194000,2024-06-21,1,0
APP805986,CUST103988,2023-04-17,Personal,Travel,969000,12,18.64,48600,1100,1.856,0,Approved,963000,2023-04-18,1,1
APP805987,CUST100445,2024-02-09,Auto,Two Wheeler,340000,84,12.65,10000,200,0.629,1,Rejected,0,2024-02-26,0,
APP805988,CUST103281,2024-01-07,Personal,Travel,799000,36,11.62,73800,21500,0.649,0,Approved,778000,2024-01-22,1,0
APP805989,CUST100819,2024-02-25,Business,Working Capital,1009000,84,17.47,46100,12000,0.713,0,Rejected,0,2024-03-16,0,
APP805990,CUST102094,2023-07-20,Auto,Used Car,2345000,36,12.66,53500,15700,1.763,1,Rejected,0,2023-07-30,0,
APP805991,CUST102159,2024-02-14,Business,Working Capital,904000,48,15.47,32600,2700,0.861,0,Approved,860000,2024-03-02,1,0
APP805992,CUST100821,2022-08-12,Education,Study Abroad,2631000,12,9.78,38200,4100,3.0,0,Rejected,0,2022-08-25,0,
APP805993,CUST104184,2024-01-19,Business,Business Expansion,353000,84,14.77,35200,3700,0.297,0,Approved,292000,2024-01-22,1,0
APP805994,CUST100612,2023-10-30,Business,Equipment Purchase,3164000,48,13.62,45900,12100,2.132,0,Rejected,0,2023-11-16,0,
APP805995,CUST104867,2022-07-31,Auto,New Car,2223000,48,10.72,32900,1300,1.779,1,Rejected,0,2022-08-18,0,
APP805996,CUST103195,2023-02-14,Home,Plot Purchase,11502000,12,8.23,53000,15200,3.0,1,Rejected,0,2023-02-23,0,
APP805997,CUST102281,2024-06-21,Business,Business Expansion,3857000,12,17.38,28200,2800,3.0,0,Under Review,0,,0,
APP805998,CUST103234,2022-09-11,Personal,Home Renovation,544000,84,16.51,66200,13900,0.376,0,Approved,386000,2022-09-28,1,0
APP805999,CUST104228,2023-02-10,Home,Balance Transfer,6989000,12,9.51,61600,4700,3.0,1,Rejected,0,2023-02-18,0,
APP806000,CUST103558,2023-01-13,Gold,Gold Loan,622000,36,13.76,97600,20000,0.422,1,Approved,607000,2023-01-19,1,0
APP806001,CUST102328,2022-12-31,Personal,Wedding,1473000,12,15.13,32000,9900,3.0,0,Rejected,0,2023-01-02,0,
APP806002,CUST103006,2023-04-19,Home,Plot Purchase,5806000,48,10.41,59700,8600,2.628,1,Rejected,0,2023-05-03,0,
APP806003,CUST104931,2024-03-25,Auto,Two Wheeler,1215000,48,9.37,45500,8300,0.851,1,Approved,857000,2024-04-13,1,1
APP806004,CUST101008,2023-08-10,Personal,Travel,1049000,24,20.84,36400,9400,1.737,0,Approved,744000,2023-08-15,1,0
APP806005,CUST102005,2023-12-22,Personal,Medical Emergency,968000,24,18.57,51900,7500,1.081,0,Approved,932000,2023-12-29,1,0
APP806006,CUST101432,2024-02-12,Education,Skill Certification,1296000,48,10.98,39900,3800,0.934,0,Approved,1106000,2024-02-26,1,0
APP806007,CUST102755,2024-06-15,Business,Equipment Purchase,4484000,48,17.62,86000,14700,1.691,0,Under Review,0,,0,
APP806008,CUST101482,2023-11-22,Auto,Two Wheeler,1835000,48,9.33,102200,6100,0.509,1,Approved,1570000,2023-12-08,1,0
APP806009,CUST102804,2023-01-16,Auto,Used Car,1727000,12,10.01,51800,11900,3.0,1,Rejected,0,2023-01-24,0,
APP806010,CUST100111,2024-05-07,Business,Equipment Purchase,3623000,36,17.11,60100,1000,2.17,0,Rejected,0,2024-05-20,0,
APP806011,CUST104736,2022-12-05,Personal,Travel,76000,60,20.92,43500,13100,0.348,0,Approved,74000,2022-12-12,1,0
APP806012,CUST103743,2023-08-03,Gold,Gold Loan,267000,24,10.6,26200,3000,0.587,1,Approved,208000,2023-08-05,1,0
APP806013,CUST102370,2022-07-24,Home,Balance Transfer,2754000,60,9.42,50400,9900,1.343,1,Approved,2043000,2022-08-01,1,0
APP806014,CUST101385,2023-06-17,Education,Higher Studies India,903000,12,10.24,66100,5800,1.29,1,Approved,886000,2023-06-25,1,0
APP806015,CUST101599,2023-02-27,Gold,Gold Loan,326000,36,12.16,114200,2300,0.115,1,Approved,309000,2023-03-01,1,0
APP806016,CUST100222,2023-08-16,Personal,Debt Consolidation,233000,24,20.98,25100,2300,0.568,0,Approved,166000,2023-09-05,1,0
APP806017,CUST104143,2022-12-21,Business,Working Capital,3781000,84,17.91,24100,2000,3.0,0,Rejected,0,2022-12-28,0,
APP806018,CUST100970,2022-08-24,Business,Working Capital,6384000,48,14.19,63000,17400,3.0,0,Rejected,0,2022-08-25,0,
APP806019,CUST101547,2023-05-25,Education,Skill Certification,780000,84,9.66,46100,4400,0.373,0,Rejected,0,2023-06-05,0,
APP806020,CUST104933,2024-05-04,Business,Working Capital,3207000,48,18.58,46800,10000,2.247,0,Approved,3027000,2024-05-20,1,1
APP806021,CUST103646,2023-10-01,Business,Working Capital,4551000,12,16.84,68400,6600,3.0,0,Rejected,0,2023-10-11,0,
APP806022,CUST100871,2023-05-22,Auto,Two Wheeler,633000,24,11.68,21600,1200,1.429,1,Approved,586000,2023-06-07,1,1
APP806023,CUST100120,2022-12-13,Business,Working Capital,6586000,12,16.68,23000,3700,3.0,0,Rejected,0,2022-12-26,0,
APP806024,CUST101078,2022-07-16,Personal,Medical Emergency,407000,24,13.83,56500,11500,0.549,0,Approved,349000,2022-08-04,1,0
APP806025,CUST103625,2022-08-30,Personal,Debt Consolidation,770000,12,14.37,74500,1100,0.945,0,Rejected,0,2022-09-03,0,
APP806026,CUST103455,2022-12-06,Auto,Used Car,1282000,24,9.83,25000,2400,2.46,1,Approved,1275000,2022-12-18,1,0
APP806027,CUST103705,2023-03-28,Personal,Medical Emergency,1200000,48,16.95,13200,3900,2.92,0,Rejected,0,2023-03-30,0,
APP806028,CUST104255,2024-02-14,Auto,Two Wheeler,628000,36,11.16,68400,3300,0.349,1,Approved,565000,2024-03-04,1,0
APP806029,CUST102608,2022-11-30,Personal,Medical Emergency,1333000,84,11.26,97800,31800,0.561,0,Approved,1038000,2022-12-17,1,0
APP806030,CUST101929,2024-02-02,Personal,Debt Consolidation,1251000,60,22.19,61500,400,0.57,0,Approved,1206000,2024-02-08,1,0
APP806031,CUST101037,2022-09-06,Personal,Travel,526000,60,11.19,33900,5000,0.486,1,Approved,484000,2022-09-22,1,0
APP806032,CUST101525,2022-12-26,Home,Plot Purchase,5429000,240,8.19,60700,3600,0.819,1,Approved,4188000,2022-12-31,1,1
APP806033,CUST102113,2022-11-13,Personal,Medical Emergency,664000,24,16.13,42400,4100,0.864,0,Approved,621000,2022-11-16,1,0
APP806034,CUST102431,2023-09-24,Personal,Travel,1371000,12,13.24,36500,3100,3.0,0,Rejected,0,2023-10-02,0,
APP806035,CUST103825,2024-04-06,Home,Plot Purchase,9563000,60,8.78,46900,4000,3.0,1,Rejected,0,2024-04-14,0,
APP806036,CUST100105,2023-09-12,Business,Business Expansion,5045000,60,16.37,33500,1500,3.0,0,Approved,4280000,2023-09-13,1,1
APP806037,CUST101813,2022-08-11,Business,Equipment Purchase,2303000,60,19.44,262100,12300,0.277,1,Approved,2276000,2022-08-28,1,0
APP806038,CUST104913,2023-03-03,Auto,Used Car,1250000,12,9.09,19400,6400,3.0,1,Rejected,0,2023-03-21,0,
APP806039,CUST103594,2023-02-15,Gold,Gold Loan,328000,24,12.39,14600,1500,1.167,1,Approved,301000,2023-02-19,1,0
APP806040,CUST103552,2022-11-23,Business,Business Expansion,1057000,84,16.33,85000,15500,0.432,0,Approved,882000,2022-12-06,1,0
APP806041,CUST100587,2024-05-15,Home,Home Construction,3792000,240,10.43,71400,17400,0.772,1,Approved,3748000,2024-05-20,1,0
APP806042,CUST104440,2022-07-13,Business,Working Capital,508000,24,14.46,71900,2000,0.369,0,Rejected,0,2022-07-24,0,
APP806043,CUST103141,2022-10-25,Home,Home Purchase,8188000,48,9.25,32300,4400,3.0,1,Rejected,0,2022-11-14,0,
APP806044,CUST103895,2024-05-03,Home,Home Purchase,9416000,84,8.54,36900,400,3.0,1,Rejected,0,2024-05-10,0,
APP806045,CUST104804,2022-10-03,Home,Plot Purchase,2487000,60,10.37,111900,4200,0.514,1,Approved,2107000,2022-10-09,1,0
APP806046,CUST102924,2024-02-28,Business,Business Expansion,327000,12,19.75,43000,5400,0.83,0,Approved,258000,2024-03-18,1,0
APP806047,CUST101313,2024-05-15,Education,Study Abroad,3564000,60,11.52,40300,3400,2.028,0,Rejected,0,2024-05-19,0,
APP806048,CUST100767,2023-08-21,Home,Home Construction,2076000,84,8.43,62700,20400,0.849,1,Approved,1709000,2023-08-23,1,0
APP806049,CUST104552,2024-06-26,Personal,Debt Consolidation,207000,84,13.0,58100,13900,0.304,0,Rejected,0,2024-06-27,0,
APP806050,CUST103306,2024-05-05,Home,Home Construction,3162000,120,9.55,36700,8800,1.358,1,Rejected,0,2024-05-09,0,
APP806051,CUST104269,2022-11-18,Auto,New Car,469000,36,12.11,68500,12700,0.413,1,Rejected,0,2022-11-20,0,
APP806052,CUST101875,2022-07-28,Business,Equipment Purchase,1067000,60,16.02,39400,3700,0.754,0,Approved,1018000,2022-08-16,1,1
APP806053,CUST100214,2024-04-20,Education,Study Abroad,292000,120,10.44,37200,2300,0.167,0,Rejected,0,2024-05-05,0,
APP806054,CUST104938,2022-12-21,Auto,New Car,1005000,84,13.72,84200,3400,0.262,1,Approved,917000,2022-12-30,1,0
APP806055,CUST103529,2023-02-07,Home,Plot Purchase,2552000,12,10.28,93800,10900,2.511,1,Rejected,0,2023-02-09,0,
APP806056,CUST100221,2022-07-06,Personal,Travel,522000,12,22.41,10000,2400,3.0,0,Rejected,0,2022-07-22,0,
APP806057,CUST103202,2024-02-05,Personal,Wedding,924000,84,19.04,53000,7600,0.521,0,Approved,798000,2024-02-12,1,0
APP806058,CUST104625,2023-09-11,Personal,Home Renovation,464000,36,20.04,32400,2700,0.615,0,Approved,402000,2023-09-14,1,0
APP806059,CUST101050,2024-02-16,Personal,Wedding,992000,24,22.13,36200,4500,1.55,0,Approved,765000,2024-02-22,1,1
APP806060,CUST103603,2023-02-01,Home,Home Purchase,5388000,60,10.47,45400,1500,2.582,1,Approved,4893000,2023-02-19,1,0
APP806061,CUST100187,2024-02-24,Business,Business Expansion,2979000,12,17.99,82500,13800,3.0,0,Rejected,0,2024-02-26,0,
APP806062,CUST100065,2023-06-21,Gold,Gold Loan,167000,12,14.88,72700,12800,0.383,1,Approved,140000,2023-07-04,1,1
APP806063,CUST104510,2024-03-12,Personal,Debt Consolidation,293000,60,23.35,94800,8100,0.173,0,Approved,205000,2024-03-18,1,0
APP806064,CUST102902,2023-10-08,Auto,Two Wheeler,1259000,36,13.41,49700,9400,1.047,1,Rejected,0,2023-10-25,0,
APP806065,CUST102498,2024-05-02,Home,Home Construction,2052000,240,8.43,37800,9100,0.709,1,Approved,1494000,2024-05-05,1,0
APP806066,CUST104666,2023-06-01,Gold,Gold Loan,110000,12,12.13,58900,16500,0.446,1,Approved,93000,2023-06-06,1,0
APP806067,CUST103405,2022-09-12,Auto,Used Car,675000,48,12.03,45800,300,0.395,1,Approved,532000,2022-09-25,1,0
APP806068,CUST104159,2024-06-05,Business,Working Capital,4375000,24,16.9,42200,14100,3.0,0,Rejected,0,2024-06-06,0,
APP806069,CUST101662,2022-09-22,Home,Plot Purchase,11316000,36,9.03,67200,5500,3.0,1,Rejected,0,2022-10-12,0,
APP806070,CUST101693,2023-05-08,Personal,Medical Emergency,1470000,24,23.45,52500,7800,1.621,0,Rejected,0,2023-05-23,0,
APP806071,CUST100595,2024-03-14,Gold,Gold Loan,239000,24,13.34,15900,300,0.735,1,Rejected,0,2024-03-31,0,
APP806072,CUST103753,2023-12-25,Education,Study Abroad,3551000,60,11.59,100700,33900,1.114,0,Approved,3187000,2024-01-07,1,0
APP806073,CUST102858,2022-10-28,Personal,Travel,1408000,12,18.53,20300,4900,3.0,0,Rejected,0,2022-11-15,0,
APP806074,CUST100573,2023-04-10,Auto,Used Car,1606000,12,9.93,52100,6800,2.84,1,Rejected,0,2023-04-20,0,
APP806075,CUST104794,2024-04-05,Home,Plot Purchase,10371000,84,8.95,27000,1900,3.0,1,Rejected,0,2024-04-11,0,
APP806076,CUST102273,2023-12-27,Personal,Travel,409000,48,17.58,15800,2400,0.907,0,Rejected,0,2024-01-03,0,
APP806077,CUST101696,2024-05-15,Business,Equipment Purchase,1167000,84,12.89,43400,9400,0.705,0,Approved,1017000,2024-05-29,1,0
APP806078,CUST102549,2024-02-24,Auto,Two Wheeler,1053000,84,9.67,22200,2200,0.877,1,Approved,984000,2024-03-02,1,1
APP806079,CUST103612,2024-03-08,Business,Working Capital,5155000,24,13.38,19600,1900,3.0,0,Rejected,0,2024-03-25,0,
APP806080,CUST103256,2023-04-18,Education,Higher Studies India,2891000,120,9.66,102700,26700,0.627,0,Approved,2129000,2023-05-07,1,0
APP806081,CUST104407,2023-01-03,Home,Plot Purchase,1591000,48,9.13,10000,2600,3.0,1,Rejected,0,2023-01-09,0,
APP806082,CUST101519,2023-12-20,Home,Plot Purchase,9500000,84,10.19,20600,5600,3.0,1,Rejected,0,2023-12-23,0,
APP806083,CUST100089,2022-08-14,Auto,Two Wheeler,2376000,12,9.6,10000,2400,3.0,1,Rejected,0,2022-08-20,0,
APP806084,CUST103194,2022-12-23,Auto,Used Car,561000,60,11.56,62000,10600,0.37,1,Approved,548000,2022-12-30,1,0
APP806085,CUST100242,2023-01-07,Personal,Wedding,618000,12,12.76,21400,3500,2.734,0,Rejected,0,2023-01-08,0,
APP806086,CUST104432,2023-09-20,Personal,Wedding,339000,84,22.32,98200,600,0.088,0,Approved,300000,2023-10-07,1,0
APP806087,CUST102615,2022-08-15,Gold,Gold Loan,36000,12,9.06,10000,3300,0.645,1,Rejected,0,2022-08-23,0,
APP806088,CUST103238,2024-01-23,Personal,Wedding,1352000,84,17.48,18500,4900,1.775,0,Rejected,0,2024-01-27,0,
APP806089,CUST101759,2023-06-12,Personal,Travel,586000,48,20.82,30200,2300,0.676,0,Rejected,0,2023-06-13,0,
APP806090,CUST105000,2023-11-12,Business,Equipment Purchase,4021000,36,19.94,16000,1900,3.0,1,Rejected,0,2023-11-17,0,
APP806091,CUST102666,2023-07-28,Personal,Travel,1204000,84,18.29,33700,6500,0.95,0,Rejected,0,2023-08-05,0,
APP806092,CUST101652,2024-06-12,Home,Home Purchase,5368000,36,10.38,12200,800,3.0,1,Under Review,0,,0,
APP806093,CUST103183,2024-05-13,Home,Home Purchase,4307000,12,10.41,24800,4600,3.0,1,Rejected,0,2024-05-30,0,
APP806094,CUST102812,2023-02-15,Personal,Home Renovation,1260000,12,23.04,29200,800,3.0,1,Rejected,0,2023-03-03,0,
APP806095,CUST102430,2022-12-02,Education,Skill Certification,1561000,12,12.74,30900,6500,3.0,1,Rejected,0,2022-12-06,0,
APP806096,CUST103827,2022-10-31,Personal,Home Renovation,647000,84,14.03,14200,4300,1.158,0,Approved,559000,2022-11-19,1,0
APP806097,CUST104681,2024-01-09,Personal,Medical Emergency,1230000,12,17.81,174900,19400,0.755,0,Approved,1227000,2024-01-23,1,0
APP806098,CUST103622,2024-01-19,Personal,Travel,817000,48,17.81,20700,900,1.2,0,Approved,583000,2024-01-26,1,0
APP806099,CUST100123,2023-05-19,Business,Business Expansion,4667000,12,14.99,17200,1700,3.0,0,Rejected,0,2023-06-06,0,
APP806100,CUST102285,2022-10-11,Home,Home Purchase,7613000,60,10.43,45300,10200,3.0,1,Rejected,0,2022-10-30,0,
APP806101,CUST101703,2024-06-20,Auto,Two Wheeler,286000,12,9.03,32700,10700,1.094,1,Approved,202000,2024-07-03,1,0
APP806102,CUST102986,2024-05-02,Business,Working Capital,4162000,60,19.14,17800,2600,3.0,0,Rejected,0,2024-05-21,0,
APP806103,CUST103046,2024-03-11,Home,Plot Purchase,8339000,120,8.04,82500,20800,1.48,1,Approved,7893000,2024-03-31,1,0
APP806104,CUST102801,2023-08-03,Business,Working Capital,1956000,60,15.84,12600,500,3.0,0,Rejected,0,2023-08-10,0,
APP806105,CUST100413,2024-06-18,Home,Plot Purchase,5221000,60,9.65,64200,20400,2.031,1,Approved,5204000,2024-06-23,1,0
APP806106,CUST103701,2022-07-27,Personal,Home Renovation,1220000,24,15.21,83000,19500,0.949,0,Approved,994000,2022-08-04,1,0
APP806107,CUST101689,2022-11-04,Business,Business Expansion,2005000,12,15.18,58800,17300,3.0,0,Rejected,0,2022-11-06,0,
APP806108,CUST101882,2022-12-20,Personal,Wedding,1023000,36,19.75,36000,2600,1.124,0,Approved,826000,2022-12-30,1,0
APP806109,CUST101366,2024-04-22,Auto,New Car,2378000,48,9.92,64500,3100,0.982,1,Approved,2124000,2024-05-05,1,0
APP806110,CUST101734,2024-05-17,Personal,Home Renovation,369000,36,15.65,30900,7400,0.658,0,Rejected,0,2024-05-28,0,
APP806111,CUST104059,2024-05-20,Education,Higher Studies India,754000,12,10.73,75300,10600,1.025,0,Under Review,0,,0,
APP806112,CUST104122,2022-07-09,Personal,Medical Emergency,741000,24,14.19,27000,5400,1.521,0,Rejected,0,2022-07-19,0,
APP806113,CUST102770,2023-10-30,Home,Home Construction,8977000,84,10.46,11200,2300,3.0,1,Rejected,0,2023-11-08,0,
APP806114,CUST100316,2023-06-11,Home,Home Construction,8413000,12,8.41,51200,7500,3.0,1,Rejected,0,2023-06-18,0,
APP806115,CUST104184,2024-02-29,Business,Working Capital,4641000,84,17.47,35200,10700,3.0,0,Rejected,0,2024-03-13,0,
APP806116,CUST100167,2022-11-18,Auto,New Car,906000,60,11.61,71400,17800,0.529,1,Approved,876000,2022-11-25,1,0
APP806117,CUST101728,2023-12-15,Home,Plot Purchase,9186000,240,8.1,66400,21900,1.495,1,Rejected,0,2023-12-17,0,
APP806118,CUST100379,2023-04-30,Business,Business Expansion,1980000,48,13.6,119000,11800,0.551,0,Approved,1404000,2023-05-20,1,0
APP806119,CUST100796,2022-12-03,Education,Skill Certification,1074000,48,10.32,28000,2300,1.062,0,Rejected,0,2022-12-06,0,
APP806120,CUST100639,2022-12-09,Personal,Home Renovation,802000,12,19.54,17600,5000,3.0,0,Rejected,0,2022-12-19,0,
APP806121,CUST102046,2024-03-02,Business,Business Expansion,5506000,24,12.12,20500,3700,3.0,0,Rejected,0,2024-03-10,0,
APP806122,CUST103777,2022-08-02,Home,Home Purchase,2081000,240,9.74,17900,4100,1.33,1,Rejected,0,2022-08-19,0,
APP806123,CUST102474,2024-01-05,Home,Plot Purchase,6491000,60,9.26,29700,9700,3.0,1,Rejected,0,2024-01-25,0,
APP806124,CUST103205,2023-09-30,Personal,Home Renovation,170000,24,14.87,138400,30500,0.28,0,Approved,122000,2023-10-02,1,0
APP806125,CUST104045,2023-02-03,Home,Home Construction,6538000,120,8.36,50700,10300,1.791,1,Approved,5551000,2023-02-17,1,1
APP806126,CUST101701,2023-04-01,Business,Working Capital,2509000,84,16.49,72400,14700,0.902,0,Approved,2335000,2023-04-10,1,1
APP806127,CUST102717,2023-01-30,Personal,Medical Emergency,453000,24,15.16,21600,5000,1.248,0,Rejected,0,2023-02-14,0,
APP806128,CUST101884,2023-04-13,Personal,Medical Emergency,1146000,48,17.35,49800,10200,0.873,0,Approved,1114000,2023-04-22,1,1
APP806129,CUST103438,2024-06-08,Business,Equipment Purchase,6161000,12,12.86,42600,3800,3.0,0,Rejected,0,2024-06-13,0,
APP806130,CUST104385,2023-08-10,Gold,Gold Loan,166000,24,12.8,40300,11500,0.481,1,Approved,154000,2023-08-14,1,0
APP806131,CUST103684,2023-07-08,Business,Equipment Purchase,1505000,36,17.41,57200,3200,1.0,0,Approved,1369000,2023-07-21,1,0
APP806132,CUST101250,2024-03-14,Home,Plot Purchase,9653000,120,10.42,51000,10500,2.752,1,Rejected,0,2024-03-31,0,
APP806133,CUST101859,2023-04-11,Personal,Medical Emergency,358000,48,21.41,34300,11200,0.652,0,Rejected,0,2023-05-01,0,
APP806134,CUST103691,2023-06-16,Business,Business Expansion,874000,48,15.39,38000,1600,0.687,0,Approved,822000,2023-06-18,1,0
APP806135,CUST103049,2023-06-24,Personal,Wedding,338000,36,13.71,34400,4500,0.465,0,Approved,265000,2023-07-02,1,1
APP806136,CUST100174,2023-10-06,Personal,Travel,1224000,24,11.37,104800,34800,0.878,0,Approved,919000,2023-10-13,1,0
APP806137,CUST102125,2024-05-17,Home,Plot Purchase,11671000,60,9.38,29500,9700,3.0,1,Under Review,0,,0,
APP806138,CUST102029,2023-11-17,Personal,Debt Consolidation,623000,24,22.38,26200,3400,1.37,0,Approved,594000,2023-12-05,1,0
APP806139,CUST101576,2022-10-04,Personal,Wedding,430000,12,15.05,20800,7000,2.2,0,Rejected,0,2022-10-18,0,
APP806140,CUST103717,2023-11-07,Education,Higher Studies India,3148000,48,10.49,138600,21100,0.734,1,Approved,2567000,2023-11-08,1,0
APP806141,CUST104088,2022-10-25,Education,Skill Certification,211000,120,10.51,50300,12400,0.303,0,Approved,179000,2022-10-26,1,0
APP806142,CUST102432,2023-01-11,Gold,Gold Loan,299000,24,14.75,16200,1700,1.0,1,Rejected,0,2023-01-30,0,
APP806143,CUST104865,2022-12-26,Personal,Medical Emergency,617000,12,20.78,57200,3200,1.059,0,Rejected,0,2023-01-14,0,
APP806144,CUST103540,2023-04-16,Personal,Debt Consolidation,1248000,36,23.27,64200,3000,0.802,0,Rejected,0,2023-04-20,0,
APP806145,CUST102628,2022-08-20,Personal,Wedding,916000,60,18.05,23300,7400,1.319,0,Rejected,0,2022-08-23,0,
APP806146,CUST102199,2022-11-10,Home,Home Construction,5316000,24,8.57,17900,5400,3.0,1,Rejected,0,2022-11-24,0,
APP806147,CUST104113,2022-07-01,Auto,Used Car,545000,60,13.56,38200,5400,0.47,1,Rejected,0,2022-07-08,0,
APP806148,CUST103276,2022-09-06,Home,Home Purchase,5420000,120,9.6,24200,2200,2.995,1,Rejected,0,2022-09-08,0,
APP806149,CUST100122,2023-07-24,Auto,Two Wheeler,1760000,36,13.19,10000,400,3.0,1,Rejected,0,2023-07-26,0,
APP806150,CUST102750,2024-05-03,Personal,Home Renovation,968000,12,11.6,27600,1400,3.0,0,Rejected,0,2024-05-18,0,
APP806151,CUST102860,2022-12-25,Personal,Home Renovation,958000,48,21.73,31900,5400,1.113,0,Rejected,0,2022-12-28,0,
APP806152,CUST104276,2023-01-21,Auto,Used Car,1284000,12,12.84,22200,3300,3.0,1,Rejected,0,2023-02-07,0,
APP806153,CUST100345,2024-03-20,Personal,Travel,723000,84,19.24,40700,4600,0.5,0,Approved,695000,2024-04-07,1,0
APP806154,CUST103891,2023-09-27,Personal,Home Renovation,137000,48,12.85,14400,700,0.303,1,Rejected,0,2023-09-29,0,
APP806155,CUST104275,2023-11-08,Business,Working Capital,5326000,84,14.4,67200,12400,1.688,0,Approved,4577000,2023-11-09,1,0
APP806156,CUST102295,2022-07-08,Education,Study Abroad,1153000,84,12.65,92000,15400,0.393,0,Approved,1038000,2022-07-09,1,0
APP806157,CUST103257,2024-02-02,Personal,Medical Emergency,1329000,36,23.58,30600,1300,1.734,0,Rejected,0,2024-02-20,0,
APP806158,CUST101368,2024-01-09,Auto,New Car,1010000,36,13.94,28900,5100,1.371,1,Approved,742000,2024-01-12,1,0
APP806159,CUST102637,2023-01-14,Education,Higher Studies India,2373000,24,11.81,16000,2100,3.0,0,Rejected,0,2023-01-21,0,
APP806160,CUST102089,2022-12-04,Personal,Home Renovation,1198000,36,17.01,14200,1100,3.0,0,Rejected,0,2022-12-17,0,
APP806161,CUST103393,2024-04-30,Education,Skill Certification,426000,36,9.96,21200,600,0.677,0,Approved,371000,2024-05-04,1,0
APP806162,CUST104066,2023-12-01,Home,Home Purchase,10381000,48,9.29,17900,4500,3.0,1,Rejected,0,2023-12-11,0,
APP806163,CUST100540,2023-08-26,Auto,Two Wheeler,227000,84,12.3,52400,6300,0.197,1,Approved,164000,2023-09-12,1,0
APP806164,CUST102659,2023-08-11,Business,Working Capital,6059000,24,18.08,24100,200,3.0,0,Rejected,0,2023-08-23,0,
APP806165,CUST100682,2024-05-31,Personal,Travel,1297000,84,16.03,63300,21300,0.744,1,Approved,1133000,2024-06-04,1,0
APP806166,CUST101412,2022-11-27,Auto,Two Wheeler,2139000,24,10.16,43200,14500,2.625,1,Rejected,0,2022-12-05,0,
APP806167,CUST102118,2023-12-13,Personal,Wedding,1136000,36,15.99,42100,10500,1.198,0,Approved,827000,2023-12-23,1,0
APP806168,CUST100620,2023-04-21,Business,Business Expansion,3202000,24,12.34,37200,3500,3.0,0,Rejected,0,2023-05-11,0,
APP806169,CUST102137,2023-07-21,Auto,Used Car,1769000,24,9.41,46700,8900,1.93,1,Approved,1469000,2023-07-29,1,0
APP806170,CUST102063,2023-02-10,Auto,Used Car,1653000,12,13.18,20800,6900,3.0,1,Approved,1594000,2023-02-23,1,0
APP806171,CUST103205,2024-02-23,Auto,Used Car,1421000,60,9.47,138400,30100,0.433,1,Approved,1396000,2024-03-07,1,0
APP806172,CUST103030,2023-12-06,Personal,Travel,171000,84,21.06,88900,7000,0.123,0,Rejected,0,2023-12-07,0,
APP806173,CUST101975,2023-04-25,Business,Business Expansion,2122000,48,12.49,49500,14600,1.434,1,Rejected,0,2023-05-02,0,
APP806174,CUST100474,2022-08-20,Education,Higher Studies India,2009000,84,11.73,74400,15900,0.686,0,Approved,1950000,2022-09-05,1,1
APP806175,CUST102243,2023-11-20,Home,Plot Purchase,9870000,60,10.22,53100,10200,3.0,1,Rejected,0,2023-11-28,0,
APP806176,CUST104296,2023-07-11,Education,Skill Certification,1742000,120,11.62,75100,14500,0.521,0,Rejected,0,2023-07-26,0,
APP806177,CUST102540,2023-01-07,Personal,Home Renovation,570000,12,23.83,33300,100,1.622,1,Rejected,0,2023-01-08,0,
APP806178,CUST104935,2023-10-25,Business,Business Expansion,4852000,12,15.54,16300,1400,3.0,0,Rejected,0,2023-11-12,0,
APP806179,CUST101784,2023-09-02,Gold,Gold Loan,701000,36,14.06,24100,2900,1.115,1,Rejected,0,2023-09-09,0,
APP806180,CUST101948,2024-05-08,Home,Home Construction,8925000,120,8.97,84200,25500,1.643,1,Approved,7915000,2024-05-26,1,0
APP806181,CUST100999,2023-06-07,Personal,Debt Consolidation,540000,60,17.42,24000,400,0.582,0,Approved,449000,2023-06-08,1,0
APP806182,CUST102288,2023-06-29,Auto,Two Wheeler,1009000,84,9.81,24300,100,0.689,1,Rejected,0,2023-07-10,0,
APP806183,CUST103400,2023-05-20,Home,Balance Transfer,3292000,60,8.18,48800,16400,1.708,1,Approved,2669000,2023-06-05,1,0
APP806184,CUST102076,2022-07-18,Education,Study Abroad,1435000,36,12.54,63100,1400,0.783,0,Approved,1207000,2022-07-22,1,0
APP806185,CUST103530,2023-06-05,Personal,Wedding,277000,84,15.01,36000,12400,0.493,0,Approved,246000,2023-06-14,1,0
APP806186,CUST102914,2023-01-24,Gold,Gold Loan,381000,36,11.17,28100,5000,0.624,1,Rejected,0,2023-02-01,0,
APP806187,CUST100961,2024-03-08,Personal,Wedding,70000,36,15.89,45500,4800,0.16,0,Approved,50000,2024-03-20,1,1
APP806188,CUST100521,2023-04-26,Personal,Wedding,588000,36,11.22,25700,1100,0.795,0,Rejected,0,2023-04-28,0,
APP806189,CUST100735,2024-06-07,Personal,Home Renovation,175000,12,16.55,41200,8100,0.582,0,Rejected,0,2024-06-11,0,
APP806190,CUST103734,2023-01-12,Auto,Used Car,419000,60,10.08,48300,4700,0.282,1,Approved,404000,2023-02-01,1,0
APP806191,CUST100107,2023-07-17,Personal,Debt Consolidation,541000,48,18.75,27700,1200,0.625,0,Approved,447000,2023-07-30,1,0
APP806192,CUST102965,2023-10-20,Personal,Wedding,913000,12,15.04,18300,4600,3.0,0,Rejected,0,2023-11-05,0,
APP806193,CUST101891,2022-12-28,Home,Home Construction,2508000,12,10.34,10000,1700,3.0,1,Rejected,0,2023-01-10,0,
APP806194,CUST100332,2024-06-27,Business,Equipment Purchase,5945000,48,16.52,15400,1700,3.0,1,Under Review,0,,0,
APP806195,CUST104107,2023-01-09,Auto,New Car,1462000,36,10.04,110800,16100,0.571,1,Approved,1115000,2023-01-15,1,0
APP806196,CUST101142,2022-08-09,Home,Home Construction,5593000,84,9.07,40600,8700,2.438,1,Approved,4676000,2022-08-28,1,0
APP806197,CUST101661,2024-04-04,Home,Home Construction,4796000,12,8.13,35900,5600,3.0,1,Rejected,0,2024-04-23,0,
APP806198,CUST103480,2023-03-22,Personal,Home Renovation,1129000,24,19.61,47300,2100,1.254,0,Approved,1084000,2023-04-02,1,0
APP806199,CUST102820,2023-01-15,Business,Working Capital,2047000,36,12.74,28200,9400,2.767,1,Rejected,0,2023-01-26,0,
APP806200,CUST100059,2023-06-03,Auto,Used Car,2108000,60,11.23,31200,4000,1.604,1,Approved,2009000,2023-06-14,1,0
APP806201,CUST102546,2024-06-13,Personal,Travel,1128000,36,20.59,62500,9500,0.828,0,Approved,1108000,2024-06-30,1,0
APP806202,CUST104601,2023-10-31,Business,Working Capital,366000,24,18.52,41200,11300,0.719,0,Approved,271000,2023-11-08,1,0
APP806203,CUST102570,2022-10-16,Personal,Debt Consolidation,961000,12,16.84,23900,6300,3.0,0,Rejected,0,2022-11-05,0,
APP806204,CUST102071,2024-01-21,Personal,Home Renovation,792000,84,17.2,59400,1800,0.304,0,Approved,783000,2024-02-07,1,0
APP806205,CUST103008,2024-01-17,Business,Business Expansion,2472000,24,15.08,74100,24700,1.953,0,Rejected,0,2024-01-19,0,
APP806206,CUST100905,2022-08-27,Education,Higher Studies India,3928000,24,9.16,54000,15900,3.0,0,Rejected,0,2022-09-05,0,
APP806207,CUST103926,2023-07-08,Personal,Wedding,1015000,24,19.67,67500,18000,1.029,1,Rejected,0,2023-07-21,0,
APP806208,CUST102535,2024-02-03,Education,Skill Certification,703000,24,12.77,10000,1400,3.0,0,Rejected,0,2024-02-06,0,
APP806209,CUST100123,2022-11-26,Business,Business Expansion,3469000,12,14.43,17200,4500,3.0,0,Rejected,0,2022-12-11,0,
APP806210,CUST104911,2022-09-30,Home,Plot Purchase,2330000,48,8.55,126900,38300,0.755,1,Rejected,0,2022-10-03,0,
APP806211,CUST100551,2024-02-05,Auto,Used Car,1139000,48,11.95,58400,6100,0.617,1,Approved,876000,2024-02-23,1,0
APP806212,CUST101889,2023-10-13,Personal,Travel,463000,24,18.48,52900,11200,0.651,0,Approved,428000,2023-10-19,1,0
APP806213,CUST101282,2023-10-04,Home,Plot Purchase,1851000,240,9.47,37600,5000,0.591,1,Approved,1734000,2023-10-20,1,0
APP806214,CUST104385,2023-12-25,Personal,Home Renovation,743000,36,15.86,40300,7600,0.836,0,Approved,713000,2024-01-01,1,0
APP806215,CUST101032,2022-07-30,Education,Skill Certification,571000,24,12.66,15300,3500,1.994,0,Rejected,0,2022-08-19,0,
APP806216,CUST103862,2024-05-12,Gold,Gold Loan,357000,36,10.84,43300,4300,0.368,1,Rejected,0,2024-05-14,0,
APP806217,CUST103112,2022-07-17,Home,Plot Purchase,1562000,48,10.15,84200,20500,0.715,1,Approved,1503000,2022-07-24,1,0
APP806218,CUST101184,2024-02-09,Personal,Wedding,1457000,48,23.33,46400,5200,1.123,0,Approved,1331000,2024-02-10,1,1
APP806219,CUST103604,2023-10-26,Auto,New Car,1440000,24,13.21,22600,2100,3.0,1,Rejected,0,2023-11-14,0,
APP806220,CUST101827,2023-12-10,Personal,Wedding,334000,24,12.12,27500,2700,0.67,0,Approved,329000,2023-12-21,1,0
APP806221,CUST100986,2023-02-25,Personal,Wedding,675000,48,18.03,19400,5000,1.277,0,Rejected,0,2023-03-14,0,
APP806222,CUST103041,2023-08-02,Auto,New Car,1715000,48,10.33,66600,9000,0.793,1,Approved,1696000,2023-08-08,1,0
APP806223,CUST100638,2022-07-05,Home,Home Purchase,4532000,120,8.29,88300,15900,0.811,1,Approved,3842000,2022-07-10,1,0
APP806224,CUST100158,2023-05-22,Auto,Used Car,2184000,60,13.67,17300,5400,3.0,1,Approved,1651000,2023-06-06,1,1
APP806225,CUST102318,2022-12-10,Business,Equipment Purchase,2972000,60,15.93,54700,11300,1.527,0,Rejected,0,2022-12-20,0,
APP806226,CUST102757,2023-09-24,Education,Study Abroad,1033000,84,11.65,26300,6200,0.922,0,Rejected,0,2023-10-08,0,
APP806227,CUST100442,2022-07-10,Personal,Travel,977000,36,11.85,31600,8700,1.301,1,Approved,767000,2022-07-27,1,1
APP806228,CUST102981,2024-04-03,Education,Skill Certification,477000,48,9.32,110600,25200,0.336,0,Approved,451000,2024-04-19,1,0
APP806229,CUST102734,2023-05-03,Personal,Home Renovation,1301000,36,12.07,42200,14500,1.37,0,Rejected,0,2023-05-08,0,
APP806230,CUST100704,2022-10-22,Auto,Two Wheeler,2364000,84,10.6,25300,4500,1.756,1,Rejected,0,2022-10-28,0,
APP806231,CUST100215,2023-01-11,Personal,Travel,961000,36,22.54,60400,15800,0.874,1,Approved,931000,2023-01-28,1,0
APP806232,CUST102483,2023-05-28,Business,Equipment Purchase,3912000,60,14.04,10000,3300,3.0,0,Rejected,0,2023-06-04,0,
APP806233,CUST102657,2023-01-06,Education,Skill Certification,3988000,36,10.06,10000,2900,3.0,0,Rejected,0,2023-01-17,0,
APP806234,CUST104435,2023-12-03,Personal,Debt Consolidation,121000,12,21.74,10400,2900,1.366,0,Rejected,0,2023-12-10,0,
APP806235,CUST101011,2023-10-11,Business,Equipment Purchase,5351000,24,15.9,32900,4400,3.0,0,Rejected,0,2023-10-15,0,
APP806236,CUST104789,2023-11-15,Personal,Medical Emergency,1136000,48,13.21,42800,7400,0.889,1,Approved,964000,2023-11-21,1,0
APP806237,CUST102517,2023-03-27,Gold,Gold Loan,641000,36,14.51,62000,4000,0.42,1,Approved,547000,2023-03-30,1,0
APP806238,CUST101814,2023-08-25,Auto,Used Car,275000,84,11.01,117400,8600,0.113,1,Approved,243000,2023-09-09,1,0
APP806239,CUST103996,2023-06-04,Home,Plot Purchase,8306000,48,8.13,48700,2600,3.0,1,Rejected,0,2023-06-07,0,
APP806240,CUST104493,2024-03-09,Gold,Gold Loan,344000,36,9.36,43000,6900,0.417,1,Approved,326000,2024-03-22,1,1
APP806241,CUST103077,2024-01-13,Business,Equipment Purchase,584000,84,19.89,129700,24500,0.289,0,Approved,533000,2024-01-18,1,0
APP806242,CUST102002,2022-08-28,Auto,New Car,2381000,60,12.91,36400,11000,1.788,1,Rejected,0,2022-09-03,0,
APP806243,CUST100668,2024-02-09,Home,Home Purchase,7418000,36,8.67,13100,500,3.0,1,Rejected,0,2024-02-17,0,
APP806244,CUST101292,2022-07-04,Personal,Debt Consolidation,1212000,36,18.45,17300,2300,2.683,1,Rejected,0,2022-07-21,0,
APP806245,CUST102484,2023-06-26,Personal,Medical Emergency,1056000,24,11.41,16100,1600,3.0,0,Rejected,0,2023-07-11,0,
APP806246,CUST104456,2024-06-05,Home,Home Purchase,9930000,84,8.59,95700,15900,1.814,1,Approved,7862000,2024-06-23,1,0
APP806247,CUST102309,2024-06-09,Home,Home Purchase,5855000,24,10.35,37000,7600,3.0,1,Rejected,0,2024-06-14,0,
APP806248,CUST101588,2023-05-27,Education,Study Abroad,3749000,84,9.8,107300,36200,0.914,1,Approved,3319000,2023-06-12,1,1
APP806249,CUST100572,2022-07-09,Education,Higher Studies India,523000,12,11.41,47100,2500,1.037,0,Approved,367000,2022-07-16,1,0
APP806250,CUST104375,2023-05-06,Auto,New Car,1206000,36,11.01,22400,3800,1.935,1,Rejected,0,2023-05-09,0,
APP806251,CUST103551,2022-12-09,Auto,Used Car,2232000,36,12.79,30600,7900,2.709,1,Rejected,0,2022-12-25,0,
APP806252,CUST102016,2022-08-14,Home,Balance Transfer,4477000,36,8.57,56700,15300,2.764,1,Rejected,0,2022-08-30,0,
APP806253,CUST103572,2024-06-04,Auto,Used Car,1619000,12,11.38,59300,2300,2.458,1,Under Review,0,,0,
APP806254,CUST103157,2023-01-11,Auto,New Car,2030000,84,9.99,19100,100,1.768,1,Approved,1875000,2023-01-27,1,1
APP806255,CUST103212,2023-07-09,Home,Home Purchase,10966000,12,8.41,33300,4400,3.0,1,Rejected,0,2023-07-22,0,
APP806256,CUST101544,2022-09-01,Home,Home Purchase,8301000,180,8.25,31100,4900,2.75,1,Rejected,0,2022-09-17,0,
APP806257,CUST104921,2022-09-18,Gold,Gold Loan,303000,24,12.38,53200,15600,0.563,1,Approved,300000,2022-09-28,1,1
APP806258,CUST102269,2023-01-12,Education,Study Abroad,3162000,120,11.76,39600,800,1.156,0,Approved,2284000,2023-01-16,1,0
APP806259,CUST103753,2022-11-01,Personal,Travel,1030000,12,13.41,100700,11400,1.029,0,Approved,748000,2022-11-05,1,0
APP806260,CUST104934,2022-11-18,Auto,Two Wheeler,1015000,60,11.99,35900,10500,0.922,1,Rejected,0,2022-11-24,0,
APP806261,CUST100595,2024-02-02,Auto,New Car,2285000,84,9.34,15900,1100,2.402,1,Rejected,0,2024-02-16,0,
APP806262,CUST101498,2023-12-05,Business,Equipment Purchase,1696000,24,17.97,44800,6600,2.035,0,Rejected,0,2023-12-14,0,
APP806263,CUST100266,2023-04-23,Auto,Two Wheeler,2133000,36,13.4,53600,9700,1.53,1,Approved,1616000,2023-05-05,1,1
APP806264,CUST101064,2022-07-08,Education,Study Abroad,3861000,12,9.95,24600,6800,3.0,0,Rejected,0,2022-07-14,0,
APP806265,CUST102347,2023-02-02,Gold,Gold Loan,500000,12,9.52,44400,6200,1.126,1,Approved,475000,2023-02-16,1,0
APP806266,CUST101385,2022-12-25,Personal,Travel,200000,48,12.98,66100,14000,0.293,0,Approved,153000,2023-01-13,1,0
APP806267,CUST100285,2023-10-03,Personal,Home Renovation,1391000,36,18.65,17400,300,2.929,0,Rejected,0,2023-10-05,0,
APP806268,CUST102889,2023-07-07,Home,Home Purchase,5642000,60,8.53,89600,30500,1.633,1,Approved,4878000,2023-07-10,1,1
APP806269,CUST101354,2023-11-27,Education,Higher Studies India,2787000,24,11.62,51900,7000,2.655,1,Rejected,0,2023-11-28,0,
APP806270,CUST101405,2023-04-14,Business,Equipment Purchase,1382000,48,17.97,39000,4300,1.152,0,Rejected,0,2023-05-03,0,
APP806271,CUST101454,2024-04-12,Education,Higher Studies India,2482000,36,12.1,35100,1600,2.397,1,Rejected,0,2024-04-14,0,
APP806272,CUST102167,2023-04-08,Auto,Used Car,1796000,36,9.82,50400,13600,1.416,1,Rejected,0,2023-04-28,0,
APP806273,CUST104814,2023-03-08,Home,Home Construction,8928000,60,8.74,22700,4500,3.0,1,Rejected,0,2023-03-25,0,
APP806274,CUST104452,2024-04-24,Auto,Two Wheeler,2145000,60,12.27,31100,7600,1.789,1,Rejected,0,2024-04-26,0,
APP806275,CUST103593,2022-12-20,Home,Plot Purchase,8803000,240,10.06,19700,3000,3.0,1,Rejected,0,2023-01-01,0,
APP806276,CUST104285,2022-08-11,Home,Home Construction,1923000,36,9.36,35000,1300,1.795,1,Rejected,0,2022-08-28,0,
APP806277,CUST100085,2023-03-17,Personal,Debt Consolidation,546000,12,17.39,20800,4000,2.59,1,Rejected,0,2023-03-29,0,
APP806278,CUST102179,2024-04-28,Business,Equipment Purchase,955000,24,17.56,10000,2900,3.0,0,Rejected,0,2024-05-11,0,
APP806279,CUST101255,2024-01-25,Gold,Gold Loan,762000,12,11.92,24000,5600,3.0,1,Rejected,0,2024-02-09,0,
APP806280,CUST102066,2023-02-02,Personal,Travel,1290000,84,21.82,38900,7200,0.959,0,Approved,995000,2023-02-09,1,0
APP806281,CUST100361,2024-02-01,Education,Higher Studies India,3514000,120,9.95,39500,12000,1.476,0,Approved,2605000,2024-02-11,1,0
APP806282,CUST103543,2023-01-09,Business,Equipment Purchase,2807000,24,19.42,122100,3500,1.192,0,Approved,2221000,2023-01-12,1,0
APP806283,CUST100293,2023-06-03,Auto,Two Wheeler,2142000,84,11.84,17900,5600,2.414,1,Rejected,0,2023-06-20,0,
APP806284,CUST102392,2023-11-30,Personal,Home Renovation,262000,24,21.49,34900,5500,0.545,0,Approved,206000,2023-12-05,1,0
APP806285,CUST104113,2023-02-01,Personal,Travel,851000,24,21.01,38200,7500,1.342,0,Rejected,0,2023-02-06,0,
APP806286,CUST101836,2022-10-11,Personal,Travel,1171000,24,12.41,63500,3500,0.926,0,Rejected,0,2022-10-12,0,
APP806287,CUST104722,2022-10-01,Gold,Gold Loan,620000,12,13.98,24200,7900,2.621,1,Approved,447000,2022-10-17,1,0
APP806288,CUST104066,2024-02-20,Personal,Medical Emergency,1195000,12,20.63,17900,4700,3.0,0,Rejected,0,2024-03-09,0,
APP806289,CUST100063,2022-08-28,Personal,Home Renovation,353000,24,17.41,43400,9000,0.611,0,Approved,345000,2022-09-12,1,0
APP806290,CUST101153,2023-03-14,Home,Balance Transfer,11666000,60,8.87,149300,32600,1.835,1,Approved,10894000,2023-04-03,1,0
APP806291,CUST100830,2024-03-03,Personal,Debt Consolidation,1236000,36,13.69,13200,500,3.0,1,Rejected,0,2024-03-09,0,
APP806292,CUST100039,2022-10-31,Personal,Medical Emergency,601000,24,17.95,15500,5000,2.251,0,Rejected,0,2022-11-06,0,
APP806293,CUST104044,2023-02-01,Home,Home Construction,8927000,180,8.55,59600,5600,1.574,1,Rejected,0,2023-02-18,0,
APP806294,CUST100709,2023-04-27,Personal,Medical Emergency,1115000,84,20.1,19600,5800,1.567,0,Rejected,0,2023-05-06,0,
APP806295,CUST103383,2023-09-11,Home,Balance Transfer,1993000,180,10.32,127400,19400,0.324,1,Approved,1629000,2023-09-18,1,0
APP806296,CUST101446,2023-10-21,Personal,Wedding,161000,84,22.51,41300,5500,0.226,0,Approved,144000,2023-10-26,1,0
APP806297,CUST103815,2024-01-15,Personal,Medical Emergency,658000,36,15.55,39900,10800,0.846,0,Approved,503000,2024-01-26,1,1
APP806298,CUST103134,2024-04-13,Home,Home Construction,7897000,12,9.26,64400,2500,3.0,1,Rejected,0,2024-04-23,0,
APP806299,CUST100993,2024-06-15,Personal,Travel,473000,48,12.51,34500,2300,0.431,1,Under Review,0,,0,
APP806300,CUST103347,2023-07-26,Home,Home Construction,7764000,36,10.07,72300,8000,3.0,1,Approved,6814000,2023-08-01,1,1
APP806301,CUST101245,2022-12-29,Home,Plot Purchase,10451000,24,8.75,18900,2000,3.0,1,Rejected,0,2023-01-17,0,
APP806302,CUST103873,2023-10-16,Business,Business Expansion,759000,12,13.33,60900,10400,1.286,0,Rejected,0,2023-10-26,0,
APP806303,CUST104269,2024-02-16,Personal,Medical Emergency,54000,36,12.01,68500,17800,0.286,0,Approved,42000,2024-02-20,1,0
APP806304,CUST100638,2023-01-12,Personal,Debt Consolidation,839000,12,14.66,88300,17400,1.053,1,Approved,794000,2023-01-21,1,0
APP806305,CUST104910,2022-10-29,Home,Plot Purchase,1975000,12,9.26,11800,1500,3.0,1,Rejected,0,2022-11-01,0,
APP806306,CUST103625,2022-08-07,Education,Skill Certification,2344000,48,11.1,74500,11900,0.975,0,Approved,2215000,2022-08-24,1,0
APP806307,CUST102556,2022-07-18,Business,Business Expansion,4747000,60,15.53,25200,4400,3.0,1,Rejected,0,2022-07-29,0,
APP806308,CUST100596,2023-08-16,Gold,Gold Loan,225000,24,13.46,49600,800,0.233,1,Approved,210000,2023-08-18,1,0
APP806309,CUST104275,2024-04-17,Auto,New Car,1809000,36,10.83,67200,6700,0.979,1,Approved,1463000,2024-04-23,1,0
APP806310,CUST103668,2022-11-19,Auto,New Car,829000,12,9.06,18500,1800,3.0,1,Rejected,0,2022-12-09,0,
APP806311,CUST102634,2022-12-27,Home,Balance Transfer,11595000,240,8.05,42700,13600,2.6,1,Rejected,0,2022-12-31,0,
APP806312,CUST101345,2023-08-04,Gold,Gold Loan,199000,36,14.05,15900,1900,0.549,1,Rejected,0,2023-08-14,0,
APP806313,CUST100229,2024-04-08,Auto,New Car,1279000,36,9.56,64200,8200,0.767,1,Approved,1137000,2024-04-15,1,1
APP806314,CUST100259,2022-08-19,Personal,Wedding,1182000,84,18.36,59600,4600,0.498,0,Approved,1082000,2022-08-28,1,0
APP806315,CUST102825,2022-10-19,Education,Study Abroad,3798000,84,10.62,65400,21900,1.317,1,Rejected,0,2022-10-27,0,
APP806316,CUST104191,2024-03-15,Personal,Wedding,1213000,24,20.89,27100,7400,2.567,0,Rejected,0,2024-04-01,0,
APP806317,CUST103255,2023-05-06,Home,Home Construction,4675000,240,9.82,80800,2200,0.579,1,Rejected,0,2023-05-23,0,
APP806318,CUST101990,2022-08-12,Business,Equipment Purchase,6122000,24,16.83,46600,8900,3.0,0,Rejected,0,2022-09-01,0,
APP806319,CUST100875,2022-11-28,Auto,Two Wheeler,2340000,84,9.93,80700,9600,0.599,1,Rejected,0,2022-12-01,0,
APP806320,CUST102677,2023-03-24,Personal,Medical Emergency,1076000,24,11.17,27400,100,1.835,0,Rejected,0,2023-04-02,0,
APP806321,CUST103505,2023-02-12,Personal,Debt Consolidation,1200000,12,18.38,62300,20200,2.093,0,Approved,1007000,2023-02-24,1,1
APP806322,CUST100989,2023-02-27,Auto,New Car,2365000,36,9.47,26400,6300,3.0,1,Rejected,0,2023-03-03,0,
APP806323,CUST100878,2022-07-23,Business,Business Expansion,1344000,36,19.32,29700,8500,1.952,0,Rejected,0,2022-08-10,0,
APP806324,CUST101039,2023-03-16,Gold,Gold Loan,542000,24,13.91,29700,700,0.9,1,Approved,484000,2023-03-26,1,1
APP806325,CUST102234,2023-07-26,Auto,Two Wheeler,1862000,24,11.24,22100,800,3.0,1,Rejected,0,2023-08-03,0,
APP806326,CUST101291,2023-03-08,Personal,Medical Emergency,81000,48,21.63,55000,5200,0.141,0,Rejected,0,2023-03-09,0,
APP806327,CUST100018,2023-07-25,Auto,Used Car,1551000,24,11.81,105100,11000,0.798,1,Approved,1127000,2023-08-07,1,1
APP806328,CUST103097,2022-11-03,Auto,New Car,634000,12,10.99,50800,15900,1.417,1,Approved,458000,2022-11-21,1,0
APP806329,CUST103614,2024-05-07,Personal,Medical Emergency,1331000,60,22.26,67500,22100,0.875,0,Rejected,0,2024-05-24,0,
APP806330,CUST104993,2023-03-14,Personal,Debt Consolidation,630000,36,12.61,41700,1600,0.545,0,Approved,456000,2023-03-20,1,1
APP806331,CUST104827,2023-05-03,Home,Balance Transfer,10662000,36,8.09,85200,20800,3.0,1,Approved,10365000,2023-05-22,1,0
APP806332,CUST101445,2024-01-22,Gold,Gold Loan,203000,24,10.81,27000,7200,0.617,1,Rejected,0,2024-02-09,0,
APP806333,CUST104125,2023-11-25,Personal,Debt Consolidation,127000,60,20.12,80000,11500,0.186,0,Approved,104000,2023-12-13,1,0
APP806334,CUST101867,2023-04-24,Auto,New Car,357000,48,12.93,48600,14600,0.498,1,Approved,296000,2023-05-07,1,0
APP806335,CUST100151,2024-06-23,Business,Working Capital,6134000,84,16.41,343600,64100,0.545,0,Under Review,0,,0,
APP806336,CUST100659,2024-06-28,Home,Plot Purchase,8047000,84,9.69,11500,2900,3.0,1,Under Review,0,,0,
APP806337,CUST101303,2023-07-19,Education,Study Abroad,1854000,36,10.22,26200,800,2.322,1,Rejected,0,2023-08-02,0,
APP806338,CUST100893,2023-05-20,Business,Working Capital,2872000,84,14.39,26500,6400,2.295,0,Rejected,0,2023-05-23,0,
APP806339,CUST100703,2022-09-18,Home,Home Construction,6075000,12,8.83,10000,1200,3.0,1,Approved,5590000,2022-09-22,1,0
APP806340,CUST101002,2023-08-19,Business,Business Expansion,1368000,12,14.66,51200,6900,2.54,1,Approved,1124000,2023-09-04,1,1
APP806341,CUST103957,2024-05-21,Gold,Gold Loan,773000,24,12.52,47700,6800,0.91,1,Approved,749000,2024-05-26,1,0
APP806342,CUST101191,2022-10-06,Education,Study Abroad,1196000,24,9.88,20100,5400,3.0,0,Rejected,0,2022-10-16,0,
APP806343,CUST100416,2023-03-04,Personal,Wedding,1147000,12,20.04,71000,5800,1.578,0,Approved,955000,2023-03-20,1,0
APP806344,CUST101573,2023-01-31,Home,Home Construction,10196000,60,8.39,112500,31500,2.135,1,Rejected,0,2023-02-10,0,
APP806345,CUST102935,2023-03-10,Home,Plot Purchase,5180000,24,8.98,51600,2900,3.0,1,Rejected,0,2023-03-27,0,
APP806346,CUST101336,2023-05-31,Business,Business Expansion,6484000,48,14.34,77100,5000,2.377,0,Approved,5315000,2023-06-09,1,0
APP806347,CUST103417,2023-08-13,Personal,Medical Emergency,325000,12,17.7,35100,7800,1.071,0,Rejected,0,2023-08-29,0,
APP806348,CUST104027,2023-05-04,Business,Working Capital,4329000,60,14.86,34000,3200,3.0,0,Approved,4142000,2023-05-15,1,1
APP806349,CUST104521,2023-10-25,Business,Working Capital,816000,24,19.16,37200,11800,1.423,1,Approved,584000,2023-11-07,1,1
APP806350,CUST104058,2023-11-27,Personal,Travel,623000,60,18.67,184800,400,0.089,0,Approved,564000,2023-11-29,1,0
APP806351,CUST103429,2023-08-11,Education,Study Abroad,1100000,60,10.36,27100,5100,1.057,0,Rejected,0,2023-08-16,0,
APP806352,CUST104090,2023-10-07,Auto,Used Car,2496000,36,11.88,48000,11800,1.97,1,Approved,2484000,2023-10-26,1,0
APP806353,CUST103372,2022-10-15,Personal,Debt Consolidation,1480000,12,13.7,54600,5800,2.537,0,Rejected,0,2022-10-27,0,
APP806354,CUST102149,2023-08-27,Personal,Travel,667000,60,15.14,186900,29100,0.241,0,Approved,581000,2023-09-08,1,0
APP806355,CUST103277,2024-06-15,Home,Balance Transfer,7456000,240,8.42,75400,400,0.859,1,Approved,6270000,2024-06-19,1,0
APP806356,CUST103528,2022-07-28,Home,Plot Purchase,6480000,240,9.7,13400,2700,3.0,1,Approved,5549000,2022-08-14,1,0
APP806357,CUST104621,2023-06-04,Gold,Gold Loan,160000,36,9.45,32600,700,0.178,1,Approved,150000,2023-06-11,1,1
APP806358,CUST101848,2023-11-22,Business,Equipment Purchase,6253000,36,16.0,57100,2400,3.0,0,Rejected,0,2023-11-26,0,
APP806359,CUST101990,2024-01-02,Business,Business Expansion,397000,60,19.14,46600,15300,0.551,0,Approved,292000,2024-01-20,1,0
APP806360,CUST101967,2024-04-03,Business,Equipment Purchase,5554000,48,16.43,34400,11400,3.0,0,Rejected,0,2024-04-15,0,
APP806361,CUST100377,2022-12-30,Auto,Used Car,1204000,84,13.95,42400,5100,0.652,1,Rejected,0,2023-01-16,0,
APP806362,CUST100575,2023-06-10,Personal,Home Renovation,1226000,60,20.11,205600,33600,0.322,0,Approved,1222000,2023-06-13,1,0
APP806363,CUST104171,2023-04-12,Auto,Two Wheeler,2288000,84,11.86,38400,5700,1.194,1,Rejected,0,2023-05-01,0,
APP806364,CUST100380,2023-08-26,Business,Business Expansion,1461000,48,19.2,27900,4300,1.726,0,Approved,1343000,2023-08-29,1,0
APP806365,CUST102777,2023-11-16,Business,Equipment Purchase,5146000,60,18.58,36500,10600,3.0,0,Rejected,0,2023-11-26,0,
APP806366,CUST101569,2022-08-28,Home,Plot Purchase,2898000,24,8.58,45300,5800,3.0,1,Rejected,0,2022-09-16,0,
APP806367,CUST103169,2023-10-21,Personal,Home Renovation,423000,12,18.05,55200,7700,0.842,0,Approved,352000,2023-10-30,1,0
APP806368,CUST104899,2022-12-26,Gold,Gold Loan,276000,24,12.86,29700,1700,0.498,1,Approved,204000,2023-01-10,1,0
APP806369,CUST104793,2023-04-10,Auto,Used Car,482000,60,13.69,45100,9000,0.447,1,Approved,418000,2023-04-29,1,0
APP806370,CUST102082,2023-03-06,Personal,Travel,1329000,36,16.99,65600,17600,0.991,0,Approved,987000,2023-03-14,1,0
APP806371,CUST104286,2024-01-03,Home,Home Purchase,9577000,48,10.49,67400,9900,3.0,1,Rejected,0,2024-01-14,0,
APP806372,CUST101659,2023-06-04,Home,Balance Transfer,9288000,60,9.51,33700,1500,3.0,1,Rejected,0,2023-06-19,0,
APP806373,CUST104589,2023-01-30,Personal,Wedding,472000,12,20.13,33300,7100,1.527,0,Approved,428000,2023-02-05,1,0
APP806374,CUST100007,2024-01-20,Education,Skill Certification,3702000,60,10.2,37600,100,2.106,0,Rejected,0,2024-01-28,0,
APP806375,CUST100811,2023-01-28,Personal,Home Renovation,488000,84,16.55,79800,19900,0.373,0,Approved,424000,2023-01-30,1,0
APP806376,CUST103205,2023-10-04,Personal,Home Renovation,682000,36,20.2,138400,47000,0.523,0,Approved,549000,2023-10-08,1,0
APP806377,CUST103800,2023-10-16,Education,Higher Studies India,3234000,36,12.0,38900,3500,2.853,0,Rejected,0,2023-11-02,0,
APP806378,CUST102961,2023-12-27,Education,Skill Certification,430000,36,10.19,67700,19200,0.489,0,Approved,390000,2024-01-14,1,0
APP806379,CUST103381,2023-09-03,Auto,New Car,1306000,48,9.72,16100,200,2.063,1,Rejected,0,2023-09-06,0,
APP806380,CUST103607,2022-11-26,Home,Balance Transfer,9654000,84,8.2,15200,900,3.0,1,Rejected,0,2022-12-12,0,
APP806381,CUST101233,2023-03-15,Business,Business Expansion,4536000,36,19.03,55200,17500,3.0,0,Rejected,0,2023-03-27,0,
APP806382,CUST100127,2024-03-04,Education,Study Abroad,538000,120,9.14,38900,8100,0.384,0,Approved,391000,2024-03-14,1,0
APP806383,CUST103103,2022-09-16,Home,Balance Transfer,11524000,240,9.24,27700,2000,3.0,1,Rejected,0,2022-09-24,0,
APP806384,CUST104560,2023-08-26,Personal,Home Renovation,571000,36,19.08,53500,15600,0.684,0,Approved,512000,2023-09-01,1,0
APP806385,CUST100383,2023-10-26,Business,Equipment Purchase,398000,48,13.15,10000,1000,1.171,0,Rejected,0,2023-11-11,0,
APP806386,CUST102954,2022-09-30,Personal,Debt Consolidation,178000,48,17.32,42900,1100,0.146,0,Approved,144000,2022-10-13,1,0
APP806387,CUST104822,2022-11-27,Personal,Travel,66000,48,16.13,43700,10200,0.276,0,Approved,49000,2022-12-04,1,0
APP806388,CUST102666,2022-07-26,Personal,Debt Consolidation,1340000,24,15.61,33700,3500,2.043,0,Approved,1105000,2022-07-30,1,1
APP806389,CUST101696,2023-07-23,Personal,Home Renovation,1414000,24,11.63,43400,7200,1.695,1,Rejected,0,2023-07-24,0,
APP806390,CUST100987,2023-09-27,Personal,Travel,467000,48,15.74,68000,17600,0.453,0,Rejected,0,2023-10-13,0,
APP806391,CUST104593,2022-08-05,Personal,Travel,1334000,36,15.51,35600,11300,1.623,0,Rejected,0,2022-08-13,0,
APP806392,CUST104881,2023-05-02,Personal,Travel,1029000,84,20.32,49500,900,0.484,0,Approved,941000,2023-05-13,1,0
APP806393,CUST102215,2022-10-20,Business,Working Capital,2375000,48,13.25,76800,19200,1.084,0,Approved,2124000,2022-11-06,1,0
APP806394,CUST102833,2023-09-25,Education,Study Abroad,806000,24,10.36,40000,5000,1.059,0,Rejected,0,2023-10-09,0,
APP806395,CUST103744,2023-12-13,Business,Business Expansion,1641000,36,18.92,10000,2400,3.0,0,Rejected,0,2023-12-15,0,
APP806396,CUST102957,2024-06-28,Auto,Used Car,2367000,60,9.23,236600,71200,0.51,1,Approved,1854000,2024-07-05,1,0
APP806397,CUST100510,2023-10-15,Business,Business Expansion,860000,12,16.59,41000,1600,1.949,0,Rejected,0,2023-11-01,0,
APP806398,CUST100013,2024-05-23,Personal,Medical Emergency,1435000,60,19.81,31500,6500,1.41,0,Approved,1209000,2024-05-31,1,1
APP806399,CUST100784,2023-12-01,Personal,Debt Consolidation,1394000,36,15.81,43600,7600,1.294,1,Rejected,0,2023-12-13,0,
APP806400,CUST100193,2023-08-08,Personal,Medical Emergency,554000,36,16.81,78600,16400,0.46,0,Approved,502000,2023-08-24,1,0
APP806401,CUST100444,2023-05-07,Home,Home Construction,6233000,48,9.32,27900,6400,3.0,1,Rejected,0,2023-05-25,0,
APP806402,CUST104829,2022-09-15,Education,Skill Certification,3397000,84,12.29,84300,5500,0.783,0,Approved,2768000,2022-09-21,1,0
APP806403,CUST101335,2023-03-01,Education,Higher Studies India,2072000,60,9.31,15400,4300,3.0,0,Rejected,0,2023-03-14,0,
APP806404,CUST102973,2024-01-28,Business,Business Expansion,6748000,24,12.65,24100,2200,3.0,0,Rejected,0,2024-02-04,0,
APP806405,CUST101439,2024-02-13,Home,Home Construction,5116000,120,9.85,26400,800,2.576,1,Rejected,0,2024-02-14,0,
APP806406,CUST103566,2024-05-17,Auto,Used Car,578000,84,13.1,42100,5700,0.386,1,Approved,508000,2024-05-23,1,0
APP806407,CUST103758,2022-09-16,Personal,Medical Emergency,791000,36,17.98,96100,14500,0.448,0,Approved,777000,2022-09-20,1,0
APP806408,CUST102423,2023-01-24,Gold,Gold Loan,731000,36,12.34,19800,5300,1.499,1,Rejected,0,2023-01-27,0,
APP806409,CUST101779,2022-10-13,Personal,Travel,186000,24,19.43,39700,4800,0.358,0,Approved,153000,2022-10-21,1,0
APP806410,CUST101792,2024-01-28,Personal,Debt Consolidation,786000,48,14.36,37800,12700,0.908,0,Approved,633000,2024-01-31,1,0
APP806411,CUST100592,2024-04-10,Personal,Medical Emergency,612000,60,14.11,49100,9500,0.485,0,Approved,432000,2024-04-25,1,0
APP806412,CUST102714,2023-11-28,Personal,Wedding,578000,60,23.33,48600,5800,0.456,0,Approved,485000,2023-12-15,1,0
APP806413,CUST100240,2022-10-12,Personal,Home Renovation,212000,60,19.36,52100,8900,0.277,0,Approved,182000,2022-10-29,1,1
APP806414,CUST103923,2024-05-10,Personal,Medical Emergency,956000,60,23.54,64100,5500,0.511,0,Approved,851000,2024-05-11,1,0
APP806415,CUST103935,2023-03-14,Personal,Home Renovation,643000,36,20.93,72000,20500,0.621,1,Approved,454000,2023-03-25,1,0
APP806416,CUST104293,2022-09-27,Personal,Wedding,567000,36,22.05,10000,2700,2.437,0,Rejected,0,2022-10-17,0,
APP806417,CUST103608,2023-05-14,Personal,Travel,574000,24,12.4,19000,5100,1.7,0,Approved,467000,2023-05-17,1,1
APP806418,CUST101460,2023-05-12,Home,Home Purchase,4089000,24,8.12,15800,1800,3.0,1,Rejected,0,2023-05-27,0,
APP806419,CUST100305,2023-07-07,Personal,Home Renovation,163000,24,11.83,33300,4800,0.375,0,Approved,157000,2023-07-23,1,0
APP806420,CUST104832,2023-11-21,Home,Balance Transfer,11865000,60,9.4,90700,400,2.745,1,Rejected,0,2023-12-04,0,
APP806421,CUST100814,2024-02-16,Gold,Gold Loan,203000,12,11.89,23600,5200,0.982,1,Approved,198000,2024-02-28,1,0
APP806422,CUST104636,2023-03-25,Personal,Home Renovation,1055000,48,15.86,25200,8500,1.521,0,Rejected,0,2023-04-05,0,
APP806423,CUST103814,2023-03-21,Personal,Wedding,624000,84,20.63,116700,26200,0.345,1,Rejected,0,2023-03-28,0,
APP806424,CUST100799,2022-12-12,Home,Home Construction,11713000,24,9.41,84100,9400,3.0,1,Rejected,0,2022-12-29,0,
APP806425,CUST101902,2024-05-28,Education,Study Abroad,2318000,120,12.48,14900,4100,2.556,1,Under Review,0,,0,
APP806426,CUST102956,2023-09-28,Personal,Travel,1305000,60,16.23,40000,11500,1.086,0,Approved,959000,2023-10-16,1,0
APP806427,CUST101518,2022-11-20,Education,Skill Certification,2254000,84,10.16,52200,17000,1.047,0,Rejected,0,2022-11-23,0,
APP806428,CUST103712,2023-09-08,Personal,Home Renovation,76000,60,13.62,45600,13300,0.33,0,Rejected,0,2023-09-11,0,
APP806429,CUST101224,2023-07-13,Home,Plot Purchase,11371000,180,9.53,59400,900,2.018,1,Rejected,0,2023-07-29,0,
APP806430,CUST100040,2023-11-28,Home,Home Purchase,8450000,12,10.1,34500,10300,3.0,1,Rejected,0,2023-12-18,0,
APP806431,CUST101853,2023-02-19,Auto,Two Wheeler,2299000,48,12.43,39200,10800,1.83,1,Rejected,0,2023-02-21,0,
APP806432,CUST100911,2022-09-15,Personal,Wedding,1304000,48,18.83,150100,45600,0.563,1,Approved,1254000,2022-10-04,1,0
APP806433,CUST101789,2024-01-25,Business,Equipment Purchase,916000,48,12.29,17000,300,1.448,0,Rejected,0,2024-01-27,0,
APP806434,CUST102056,2023-07-07,Home,Plot Purchase,9522000,48,9.51,57300,7200,3.0,1,Rejected,0,2023-07-11,0,
APP806435,CUST103844,2023-12-07,Personal,Wedding,191000,12,16.1,75500,23100,0.536,0,Approved,189000,2023-12-09,1,0
APP806436,CUST103658,2023-07-04,Business,Equipment Purchase,4171000,36,12.51,36500,1000,3.0,1,Rejected,0,2023-07-17,0,
APP806437,CUST103330,2024-06-11,Business,Equipment Purchase,4577000,24,17.3,35600,4700,3.0,0,Rejected,0,2024-06-22,0,
APP806438,CUST101481,2023-04-14,Gold,Gold Loan,590000,24,10.87,35600,1800,0.823,1,Rejected,0,2023-04-16,0,
APP806439,CUST100356,2022-08-12,Home,Home Construction,3916000,120,9.15,30400,2600,1.727,1,Approved,3208000,2022-08-27,1,0
APP806440,CUST100107,2023-04-09,Personal,Debt Consolidation,518000,60,15.66,27700,600,0.473,0,Approved,398000,2023-04-20,1,0
APP806441,CUST104540,2023-10-25,Auto,Two Wheeler,1722000,24,13.17,15400,2100,3.0,1,Rejected,0,2023-11-10,0,
APP806442,CUST104010,2024-01-14,Personal,Home Renovation,185000,24,19.13,49200,3600,0.263,0,Approved,161000,2024-01-25,1,0
APP806443,CUST100301,2022-07-20,Business,Business Expansion,801000,48,13.04,31400,3600,0.799,0,Approved,563000,2022-08-09,1,0
APP806444,CUST104988,2023-11-07,Home,Balance Transfer,6170000,24,9.77,47400,8500,3.0,1,Rejected,0,2023-11-25,0,
APP806445,CUST101800,2023-12-30,Personal,Medical Emergency,351000,12,13.4,13600,4500,2.639,0,Rejected,0,2024-01-14,0,
APP806446,CUST101147,2023-05-17,Personal,Travel,775000,48,22.11,38200,9600,0.893,0,Rejected,0,2023-05-30,0,
APP806447,CUST102772,2022-10-19,Personal,Debt Consolidation,115000,48,22.96,123400,18500,0.18,1,Approved,85000,2022-10-26,1,0
APP806448,CUST104964,2022-09-12,Personal,Medical Emergency,1362000,24,18.47,98800,11600,0.808,0,Approved,1171000,2022-09-16,1,1
APP806449,CUST101508,2022-08-05,Home,Balance Transfer,7076000,84,8.96,30900,400,3.0,1,Rejected,0,2022-08-17,0,
APP806450,CUST104387,2024-02-16,Business,Business Expansion,3676000,84,18.08,69400,12800,1.3,0,Approved,3642000,2024-02-24,1,0
APP806451,CUST100283,2023-03-13,Education,Higher Studies India,2375000,120,9.02,100600,6600,0.365,0,Approved,2273000,2023-04-01,1,0
APP806452,CUST100307,2022-11-21,Auto,Two Wheeler,1066000,48,9.91,33300,11500,1.156,1,Rejected,0,2022-12-08,0,
APP806453,CUST100874,2024-04-12,Personal,Debt Consolidation,1334000,36,11.93,27400,5900,1.832,0,Rejected,0,2024-05-01,0,
APP806454,CUST101062,2024-02-03,Personal,Home Renovation,1374000,24,21.78,25900,5300,2.951,0,Rejected,0,2024-02-08,0,
APP806455,CUST103553,2022-09-18,Home,Balance Transfer,7216000,12,9.86,10000,1600,3.0,1,Rejected,0,2022-09-29,0,
APP806456,CUST101452,2023-06-22,Personal,Home Renovation,337000,48,23.54,20200,5100,0.793,0,Rejected,0,2023-06-24,0,
APP806457,CUST104634,2023-09-07,Business,Business Expansion,1120000,84,18.32,49700,15900,0.797,0,Approved,1060000,2023-09-26,1,1
APP806458,CUST102452,2023-04-09,Auto,New Car,365000,48,9.21,20800,3500,0.607,1,Approved,326000,2023-04-14,1,0
APP806459,CUST102059,2022-07-21,Auto,New Car,2090000,60,12.61,52700,1100,0.915,1,Approved,2050000,2022-08-06,1,0
APP806460,CUST100761,2022-07-16,Education,Skill Certification,614000,120,12.96,38800,600,0.251,1,Approved,435000,2022-08-02,1,0
APP806461,CUST102184,2023-06-04,Personal,Home Renovation,705000,12,18.53,32000,3300,2.127,0,Approved,621000,2023-06-21,1,0
APP806462,CUST100495,2023-02-03,Home,Home Construction,3133000,60,9.01,18800,5600,3.0,1,Rejected,0,2023-02-07,0,
APP806463,CUST102573,2023-09-20,Home,Plot Purchase,1604000,36,9.72,23600,5700,2.421,1,Rejected,0,2023-10-06,0,
APP806464,CUST101971,2023-06-24,Education,Skill Certification,2759000,36,11.6,36300,12000,2.837,0,Rejected,0,2023-07-13,0,
APP806465,CUST101215,2023-08-05,Gold,Gold Loan,221000,24,12.46,41600,3600,0.338,1,Approved,157000,2023-08-18,1,1
APP806466,CUST103733,2023-09-26,Business,Equipment Purchase,4690000,60,18.4,10000,3100,3.0,0,Rejected,0,2023-10-03,0,
APP806467,CUST100128,2023-11-01,Personal,Debt Consolidation,152000,48,23.46,40100,6500,0.285,1,Approved,108000,2023-11-04,1,0
APP806468,CUST103265,2024-02-13,Auto,Two Wheeler,750000,12,9.15,16800,4500,3.0,1,Rejected,0,2024-02-15,0,
APP806469,CUST102991,2022-08-22,Auto,Used Car,1707000,60,11.29,24400,4600,1.718,1,Rejected,0,2022-09-05,0,
APP806470,CUST103770,2023-10-19,Personal,Medical Emergency,680000,60,15.38,10000,1600,1.791,0,Rejected,0,2023-10-27,0,
APP806471,CUST104112,2024-05-07,Business,Working Capital,3720000,36,14.95,51100,1400,2.549,0,Approved,3497000,2024-05-26,1,1
APP806472,CUST102157,2023-12-27,Home,Home Purchase,10474000,48,10.41,45700,1300,3.0,1,Rejected,0,2023-12-31,0,
APP806473,CUST100949,2023-11-30,Auto,Two Wheeler,2164000,60,9.82,43200,2300,1.114,1,Approved,1805000,2023-12-03,1,0
APP806474,CUST101884,2023-05-27,Gold,Gold Loan,230000,12,12.63,49800,12100,0.655,1,Approved,223000,2023-06-15,1,0
APP806475,CUST104732,2024-06-25,Business,Equipment Purchase,1613000,84,19.71,31400,9700,1.438,0,Approved,1491000,2024-07-07,1,0
APP806476,CUST100213,2023-02-01,Personal,Wedding,305000,24,21.4,30400,9900,0.844,1,Rejected,0,2023-02-14,0,
APP806477,CUST100771,2024-03-12,Education,Higher Studies India,1692000,48,11.24,97000,21800,0.677,0,Approved,1411000,2024-03-18,1,0
APP806478,CUST100151,2023-01-08,Home,Home Purchase,10738000,36,8.26,343600,33500,1.08,1,Approved,9750000,2023-01-22,1,0
APP806479,CUST101719,2023-10-13,Auto,Used Car,2351000,84,9.94,39500,12200,1.296,1,Rejected,0,2023-10-29,0,
APP806480,CUST100509,2023-10-22,Personal,Debt Consolidation,650000,24,22.0,64500,900,0.536,0,Approved,569000,2023-10-26,1,0
APP806481,CUST103674,2022-12-10,Auto,New Car,612000,24,10.77,28100,6500,1.245,1,Rejected,0,2022-12-26,0,
APP806482,CUST103866,2024-02-23,Auto,New Car,2122000,60,12.15,51000,10800,1.141,1,Approved,1951000,2024-03-09,1,0
APP806483,CUST103084,2024-04-30,Personal,Home Renovation,996000,36,20.71,55600,1300,0.696,0,Approved,707000,2024-05-09,1,1
APP806484,CUST101925,2022-10-23,Personal,Medical Emergency,1105000,36,20.35,32800,11200,1.601,0,Approved,891000,2022-10-25,1,0
APP806485,CUST103498,2023-01-10,Personal,Medical Emergency,1447000,60,14.74,58700,15000,0.838,0,Approved,1336000,2023-01-15,1,1
APP806486,CUST102764,2022-11-30,Personal,Debt Consolidation,391000,12,14.04,51500,4000,0.759,0,Rejected,0,2022-12-06,0,
APP806487,CUST104251,2022-08-22,Home,Home Purchase,7868000,60,9.99,95700,13100,1.883,1,Approved,5633000,2022-09-08,1,1
APP806488,CUST103511,2024-05-27,Auto,Two Wheeler,1835000,36,12.62,23400,1200,2.685,1,Approved,1799000,2024-06-14,1,0
APP806489,CUST103595,2023-01-17,Personal,Wedding,515000,60,16.79,21400,5900,0.869,0,Approved,402000,2023-01-18,1,0
APP806490,CUST104336,2022-12-11,Business,Working Capital,6152000,48,17.56,67200,7300,2.779,0,Approved,4564000,2022-12-20,1,0
APP806491,CUST101544,2023-11-07,Education,Skill Certification,1394000,60,10.25,31100,400,0.972,0,Rejected,0,2023-11-08,0,
APP806492,CUST102300,2023-01-20,Gold,Gold Loan,494000,12,10.07,34000,5100,1.428,1,Rejected,0,2023-02-01,0,
APP806493,CUST101817,2023-06-01,Home,Home Purchase,8122000,240,8.3,21600,7400,3.0,1,Rejected,0,2023-06-09,0,
APP806494,CUST102380,2024-06-15,Personal,Wedding,1315000,36,20.85,16500,1700,3.0,0,Under Review,0,,0,
APP806495,CUST102123,2023-09-08,Auto,Two Wheeler,484000,48,12.59,19100,5000,0.934,1,Rejected,0,2023-09-26,0,
APP806496,CUST104354,2022-09-12,Education,Higher Studies India,1834000,48,9.51,40400,9000,1.362,0,Rejected,0,2022-09-22,0,
APP806497,CUST102457,2022-10-23,Education,Higher Studies India,1492000,60,9.96,22400,7400,1.747,1,Approved,1154000,2022-11-09,1,1
APP806498,CUST104660,2023-01-18,Education,Skill Certification,741000,60,12.85,51400,8800,0.499,0,Rejected,0,2023-01-20,0,
APP806499,CUST102106,2023-12-04,Home,Balance Transfer,2698000,24,9.76,103200,19500,1.392,1,Approved,2678000,2023-12-10,1,0
APP806500,CUST101712,2023-06-12,Auto,New Car,732000,36,10.22,72300,2600,0.364,1,Approved,656000,2023-06-14,1,0
APP806501,CUST104597,2022-10-26,Personal,Medical Emergency,710000,60,23.37,28500,6600,0.938,0,Approved,706000,2022-11-09,1,0
APP806502,CUST101839,2023-12-25,Business,Equipment Purchase,3740000,60,14.99,49200,15900,2.133,0,Rejected,0,2024-01-01,0,
APP806503,CUST102747,2024-01-16,Home,Home Construction,11804000,60,8.3,20500,5300,3.0,1,Rejected,0,2024-01-19,0,
APP806504,CUST104704,2023-05-01,Gold,Gold Loan,174000,36,14.58,101900,31800,0.371,1,Approved,168000,2023-05-20,1,0
APP806505,CUST102807,2022-08-15,Personal,Home Renovation,458000,24,15.72,10000,2200,2.456,0,Rejected,0,2022-09-01,0,
APP806506,CUST101506,2023-12-25,Auto,New Car,1852000,24,9.88,16500,3400,3.0,1,Rejected,0,2024-01-14,0,
APP806507,CUST100776,2022-11-15,Gold,Gold Loan,508000,12,9.18,37500,3300,1.275,1,Approved,435000,2022-11-17,1,1
APP806508,CUST102581,2023-05-15,Education,Study Abroad,755000,84,10.74,25800,7200,0.776,0,Approved,684000,2023-05-30,1,1
APP806509,CUST104190,2024-05-19,Gold,Gold Loan,742000,36,10.21,50300,14600,0.768,1,Under Review,0,,0,
APP806510,CUST104078,2024-05-31,Business,Equipment Purchase,2134000,24,12.98,76500,6000,1.404,0,Under Review,0,,0,
APP806511,CUST100475,2022-10-04,Personal,Debt Consolidation,1362000,84,20.1,41400,11700,1.016,1,Approved,997000,2022-10-12,1,0
APP806512,CUST104276,2022-10-14,Personal,Medical Emergency,1223000,24,22.2,22200,6400,3.0,1,Rejected,0,2022-10-24,0,
APP806513,CUST100862,2024-02-25,Business,Equipment Purchase,3402000,24,13.38,43200,6400,3.0,0,Rejected,0,2024-03-01,0,
APP806514,CUST104292,2023-03-19,Gold,Gold Loan,746000,24,13.36,18900,500,1.909,1,Rejected,0,2023-03-28,0,
APP806515,CUST104552,2023-07-29,Auto,Two Wheeler,1133000,84,11.99,58100,14200,0.589,1,Approved,951000,2023-08-11,1,0
APP806516,CUST100831,2022-07-22,Education,Study Abroad,3501000,120,12.55,39900,11100,1.564,0,Approved,3379000,2022-07-27,1,0
APP806517,CUST103349,2024-06-26,Auto,Used Car,2459000,24,12.92,14200,1800,3.0,1,Rejected,0,2024-07-01,0,
APP806518,CUST103008,2024-02-11,Auto,Used Car,1000000,24,10.43,74100,16600,0.85,1,Approved,993000,2024-02-12,1,0
APP806519,CUST103124,2022-11-19,Home,Plot Purchase,3242000,60,10.06,39100,4800,1.889,1,Approved,2873000,2022-12-03,1,1
APP806520,CUST103126,2022-07-26,Auto,Used Car,545000,60,12.72,56100,18400,0.548,1,Approved,443000,2022-08-09,1,1
APP806521,CUST103883,2023-03-06,Business,Business Expansion,1786000,36,19.95,78000,2400,0.882,0,Approved,1294000,2023-03-16,1,0
APP806522,CUST101996,2022-11-12,Home,Balance Transfer,3891000,240,9.59,31400,9200,1.454,1,Approved,2805000,2022-11-19,1,0
APP806523,CUST102362,2023-12-10,Business,Working Capital,6593000,48,19.85,64300,13800,3.0,1,Rejected,0,2023-12-25,0,
APP806524,CUST103785,2023-07-25,Personal,Home Renovation,152000,12,19.6,114500,10400,0.214,0,Approved,141000,2023-07-29,1,0
APP806525,CUST103676,2024-06-23,Personal,Home Renovation,1141000,84,20.07,19800,3300,1.448,0,Approved,1023000,2024-07-05,1,0
APP806526,CUST104946,2022-11-30,Home,Home Purchase,6817000,12,10.48,45200,1000,3.0,1,Rejected,0,2022-12-16,0,
APP806527,CUST100504,2023-07-06,Personal,Debt Consolidation,585000,60,13.97,118400,900,0.122,0,Approved,415000,2023-07-22,1,0
APP806528,CUST102651,2024-05-10,Home,Home Purchase,3697000,84,10.35,15100,5000,3.0,1,Rejected,0,2024-05-13,0,
APP806529,CUST102397,2022-11-21,Personal,Debt Consolidation,190000,24,19.05,15500,5000,0.943,0,Approved,153000,2022-12-05,1,0
APP806530,CUST101022,2023-03-25,Auto,Two Wheeler,544000,84,12.95,136700,7800,0.129,1,Rejected,0,2023-04-12,0,
APP806531,CUST102150,2024-01-19,Personal,Travel,494000,36,13.09,77200,600,0.224,0,Approved,455000,2024-01-28,1,0
APP806532,CUST104259,2024-04-18,Education,Skill Certification,348000,48,9.83,14000,1000,0.699,0,Rejected,0,2024-04-27,0,
APP806533,CUST101744,2023-12-01,Home,Home Purchase,3758000,12,8.92,54400,8900,3.0,1,Rejected,0,2023-12-18,0,
APP806534,CUST104757,2022-10-22,Personal,Wedding,1106000,84,13.44,84200,4200,0.292,0,Approved,983000,2022-11-11,1,0
APP806535,CUST103610,2023-05-19,Education,Skill Certification,637000,120,9.7,10000,200,0.851,0,Rejected,0,2023-05-31,0,
APP806536,CUST103153,2023-10-08,Education,Higher Studies India,1159000,48,11.93,163800,47200,0.474,0,Approved,1041000,2023-10-16,1,1
APP806537,CUST103134,2022-09-18,Home,Plot Purchase,10373000,120,8.97,64400,14500,2.265,1,Rejected,0,2022-09-25,0,
APP806538,CUST102473,2023-10-18,Personal,Travel,352000,36,17.69,64800,20400,0.51,0,Approved,327000,2023-10-19,1,0
APP806539,CUST100467,2022-08-01,Auto,New Car,1373000,24,13.69,11100,3800,3.0,1,Rejected,0,2022-08-19,0,
APP806540,CUST104005,2024-03-23,Personal,Medical Emergency,788000,12,14.51,109100,18800,0.823,0,Approved,725000,2024-04-07,1,0
APP806541,CUST104849,2022-11-18,Business,Business Expansion,414000,84,17.49,66600,9100,0.266,1,Approved,369000,2022-11-20,1,0
APP806542,CUST102279,2024-02-05,Business,Business Expansion,840000,24,13.74,31600,7900,1.522,0,Rejected,0,2024-02-22,0,
APP806543,CUST100647,2023-12-09,Personal,Home Renovation,454000,12,17.87,54300,18900,1.114,0,Rejected,0,2023-12-17,0,
APP806544,CUST104220,2023-02-09,Education,Higher Studies India,810000,48,10.68,168600,26900,0.283,0,Rejected,0,2023-02-22,0,
APP806545,CUST104626,2024-02-23,Auto,Two Wheeler,927000,12,10.12,52700,9600,1.731,1,Approved,910000,2024-02-26,1,0
APP806546,CUST102455,2023-05-27,Personal,Home Renovation,614000,24,23.92,46000,1200,0.731,0,Approved,591000,2023-06-03,1,1
APP806547,CUST104223,2024-02-17,Personal,Wedding,1440000,36,23.71,51800,9700,1.274,0,Approved,1393000,2024-02-18,1,0
APP806548,CUST102520,2023-04-27,Gold,Gold Loan,261000,36,13.5,25100,1600,0.417,1,Approved,229000,2023-05-03,1,1
APP806549,CUST100718,2023-08-22,Auto,Used Car,1147000,48,12.32,50600,7100,0.741,1,Approved,1010000,2023-09-10,1,0
APP806550,CUST103726,2022-09-24,Home,Home Construction,4907000,240,8.4,15600,1600,2.812,1,Rejected,0,2022-10-03,0,
APP806551,CUST102633,2024-01-07,Personal,Travel,744000,60,21.18,146800,41100,0.418,0,Approved,611000,2024-01-16,1,0
APP806552,CUST103440,2024-06-07,Personal,Debt Consolidation,446000,84,19.17,91300,15900,0.28,0,Under Review,0,,0,
APP806553,CUST104926,2022-07-31,Business,Working Capital,3619000,84,12.58,122100,13400,0.642,0,Approved,2583000,2022-08-05,1,1
APP806554,CUST103004,2023-08-12,Personal,Medical Emergency,818000,60,18.69,28500,5700,0.939,0,Approved,774000,2023-08-15,1,0
APP806555,CUST103223,2023-08-24,Personal,Travel,963000,48,20.22,98100,24700,0.552,0,Approved,768000,2023-09-12,1,0
APP806556,CUST104358,2023-10-13,Auto,Two Wheeler,2435000,12,9.58,24100,6300,3.0,1,Rejected,0,2023-11-01,0,
APP806557,CUST101312,2022-09-10,Business,Working Capital,1304000,48,12.19,47900,8000,0.887,0,Approved,971000,2022-09-18,1,0
APP806558,CUST103032,2023-08-03,Gold,Gold Loan,757000,12,10.74,43600,7600,1.707,1,Rejected,0,2023-08-12,0,
APP806559,CUST100808,2023-06-23,Personal,Medical Emergency,1317000,48,17.36,34600,3800,1.214,0,Rejected,0,2023-07-10,0,
APP806560,CUST104590,2024-04-22,Personal,Debt Consolidation,259000,24,11.21,49400,8500,0.417,1,Approved,249000,2024-05-09,1,0
APP806561,CUST101435,2023-12-12,Business,Business Expansion,4129000,36,17.65,96500,19400,1.74,0,Rejected,0,2023-12-25,0,
APP806562,CUST102458,2023-05-01,Personal,Debt Consolidation,495000,24,20.42,56100,4500,0.531,0,Approved,485000,2023-05-20,1,0
APP806563,CUST100109,2024-03-16,Auto,New Car,1885000,12,11.09,39900,9200,3.0,1,Approved,1694000,2024-04-05,1,0
APP806564,CUST104762,2024-02-01,Education,Higher Studies India,878000,84,9.62,40400,500,0.369,0,Rejected,0,2024-02-09,0,
APP806565,CUST104641,2023-05-25,Personal,Debt Consolidation,1100000,36,19.76,19100,1400,2.209,0,Rejected,0,2023-06-06,0,
APP806566,CUST103405,2022-12-29,Education,Higher Studies India,3158000,48,9.23,45800,2600,1.779,0,Approved,2805000,2023-01-06,1,0
APP806567,CUST100226,2023-12-11,Personal,Wedding,60000,48,23.88,97200,16300,0.188,0,Approved,55000,2023-12-20,1,0
APP806568,CUST103087,2023-09-06,Home,Plot Purchase,8017000,180,9.37,27900,3100,3.0,1,Rejected,0,2023-09-26,0,
APP806569,CUST104603,2022-08-08,Personal,Medical Emergency,940000,24,16.85,25900,3900,1.941,0,Rejected,0,2022-08-22,0,
APP806570,CUST100488,2023-07-24,Home,Balance Transfer,9719000,120,8.67,71700,6300,1.782,1,Approved,8322000,2023-08-01,1,0
APP806571,CUST102626,2022-10-18,Auto,Two Wheeler,1051000,36,9.29,54900,7600,0.75,1,Approved,991000,2022-10-22,1,1
APP806572,CUST103544,2024-01-12,Gold,Gold Loan,125000,24,9.3,67000,3900,0.144,1,Approved,111000,2024-01-13,1,0
APP806573,CUST100672,2024-04-22,Home,Balance Transfer,8893000,24,9.54,50600,7900,3.0,1,Rejected,0,2024-05-05,0,
APP806574,CUST103599,2023-04-08,Personal,Home Renovation,91000,12,12.67,43000,15000,0.537,0,Approved,89000,2023-04-11,1,0
APP806575,CUST103555,2023-11-03,Auto,Used Car,2258000,12,13.03,57600,5200,3.0,1,Approved,2059000,2023-11-18,1,1
APP806576,CUST104082,2023-10-12,Home,Home Purchase,5864000,48,10.19,59000,4800,2.611,1,Rejected,0,2023-10-25,0,
APP806577,CUST104061,2023-02-05,Home,Plot Purchase,11565000,240,9.81,72400,4700,1.585,1,Rejected,0,2023-02-21,0,
APP806578,CUST102320,2023-04-01,Gold,Gold Loan,606000,24,14.15,21800,3300,1.487,1,Approved,554000,2023-04-18,1,1
APP806579,CUST101150,2023-04-25,Personal,Home Renovation,1454000,24,20.84,19000,800,3.0,0,Rejected,0,2023-05-11,0,
APP806580,CUST102660,2022-11-18,Home,Balance Transfer,1935000,84,9.96,71400,20200,0.732,1,Approved,1872000,2022-11-28,1,1
APP806581,CUST104989,2023-05-03,Auto,Used Car,847000,48,9.52,11000,1500,2.081,1,Rejected,0,2023-05-07,0,
APP806582,CUST102347,2024-03-24,Personal,Debt Consolidation,800000,84,11.05,44400,9900,0.531,0,Approved,644000,2024-04-06,1,0
APP806583,CUST102836,2024-03-18,Auto,New Car,925000,60,12.73,38600,1100,0.57,1,Rejected,0,2024-04-06,0,
APP806584,CUST104745,2024-05-17,Personal,Home Renovation,110000,12,23.46,90200,21600,0.354,1,Under Review,0,,0,
APP806585,CUST103158,2023-09-30,Education,Skill Certification,1124000,12,12.48,47600,11800,2.352,0,Rejected,0,2023-10-11,0,
APP806586,CUST101342,2024-04-28,Auto,Two Wheeler,724000,48,12.96,149200,18000,0.251,1,Approved,647000,2024-04-30,1,0
APP806587,CUST102694,2024-03-04,Personal,Medical Emergency,1140000,60,15.78,63700,12600,0.631,0,Approved,961000,2024-03-08,1,0
APP806588,CUST103676,2022-12-06,Personal,Wedding,880000,84,21.13,19800,3900,1.213,0,Rejected,0,2022-12-14,0,
APP806589,CUST101981,2022-08-04,Home,Home Construction,6842000,36,9.86,49700,2800,3.0,1,Rejected,0,2022-08-14,0,
APP806590,CUST103903,2022-08-16,Personal,Medical Emergency,574000,24,13.52,71500,19500,0.656,0,Approved,470000,2022-08-22,1,0
APP806591,CUST104922,2024-03-02,Education,Higher Studies India,239000,12,11.32,56200,7700,0.514,1,Approved,233000,2024-03-14,1,0
APP806592,CUST100499,2024-04-13,Personal,Medical Emergency,593000,48,14.16,68600,13300,0.431,0,Approved,476000,2024-04-24,1,0
APP806593,CUST103932,2023-12-31,Personal,Travel,1386000,60,11.25,106200,15300,0.429,1,Approved,1009000,2024-01-07,1,0
APP806594,CUST102124,2023-02-19,Personal,Home Renovation,80000,84,11.16,67200,21400,0.339,0,Rejected,0,2023-03-11,0,
APP806595,CUST103858,2024-01-30,Business,Working Capital,1645000,12,13.75,43900,7500,3.0,0,Rejected,0,2024-02-13,0,
APP806596,CUST101359,2024-04-14,Home,Home Construction,11901000,48,10.12,28100,700,3.0,1,Rejected,0,2024-04-27,0,
APP806597,CUST104423,2023-01-15,Auto,Used Car,886000,24,11.06,25300,1700,1.703,1,Rejected,0,2023-01-23,0,
APP806598,CUST104610,2023-07-17,Education,Skill Certification,3540000,36,12.46,40000,13700,3.0,0,Rejected,0,2023-07-30,0,
APP806599,CUST104834,2024-06-24,Auto,Two Wheeler,1791000,12,11.64,43100,900,3.0,1,Rejected,0,2024-07-09,0,
APP806600,CUST102380,2024-01-17,Home,Plot Purchase,4012000,180,8.9,16500,1100,2.512,1,Rejected,0,2024-01-18,0,
APP806601,CUST103662,2023-11-10,Gold,Gold Loan,220000,24,12.73,40000,2100,0.313,1,Rejected,0,2023-11-16,0,
APP806602,CUST104621,2023-11-23,Business,Working Capital,5656000,36,19.02,32600,1200,3.0,0,Rejected,0,2023-12-13,0,
APP806603,CUST104255,2024-06-26,Home,Balance Transfer,5150000,60,9.46,68400,11100,1.742,1,Approved,4079000,2024-06-27,1,0
APP806604,CUST103508,2023-10-12,Personal,Home Renovation,1322000,12,20.71,111400,27500,1.35,0,Rejected,0,2023-10-18,0,
APP806605,CUST103101,2024-05-07,Business,Business Expansion,4933000,60,13.5,30100,8200,3.0,0,Rejected,0,2024-05-26,0,
APP806606,CUST100573,2022-07-13,Auto,Two Wheeler,462000,12,10.46,52100,10300,0.98,1,Approved,458000,2022-07-19,1,0
APP806607,CUST102161,2023-09-20,Home,Plot Purchase,8283000,240,10.35,34700,1400,2.401,1,Rejected,0,2023-09-27,0,
APP806608,CUST100160,2023-08-13,Personal,Debt Consolidation,1400000,60,16.36,10000,500,3.0,0,Rejected,0,2023-08-23,0,
APP806609,CUST100421,2023-11-09,Home,Plot Purchase,1544000,120,9.48,35200,11100,0.883,1,Rejected,0,2023-11-24,0,
APP806610,CUST102657,2024-04-23,Personal,Travel,1360000,36,17.69,10000,1000,3.0,0,Rejected,0,2024-05-07,0,
APP806611,CUST104790,2023-07-10,Home,Balance Transfer,6263000,120,9.6,31300,400,2.614,1,Rejected,0,2023-07-28,0,
APP806612,CUST101394,2023-04-13,Auto,Used Car,946000,60,9.03,38200,7600,0.714,1,Approved,899000,2023-04-17,1,1
APP806613,CUST101939,2024-01-30,Home,Balance Transfer,9845000,60,8.62,55000,10500,3.0,1,Rejected,0,2024-02-08,0,
APP806614,CUST101510,2022-08-16,Personal,Wedding,1076000,48,11.86,58000,6800,0.604,0,Approved,810000,2022-09-02,1,0
APP806615,CUST103265,2023-05-20,Home,Home Purchase,3384000,180,9.76,16800,100,2.138,1,Rejected,0,2023-05-31,0,
APP806616,CUST103630,2023-08-14,Gold,Gold Loan,437000,12,14.49,145100,2800,0.29,1,Approved,339000,2023-08-19,1,0
APP806617,CUST100716,2022-08-18,Personal,Travel,1332000,60,22.65,33100,3400,1.229,0,Approved,1121000,2022-09-02,1,0
APP806618,CUST100231,2024-05-08,Education,Higher Studies India,2904000,36,10.86,49100,10000,2.136,0,Rejected,0,2024-05-19,0,
APP806619,CUST100853,2023-08-25,Home,Balance Transfer,5307000,12,10.45,41700,1500,3.0,1,Rejected,0,2023-09-11,0,
APP806620,CUST101875,2023-04-15,Gold,Gold Loan,120000,12,14.95,39400,11900,0.578,1,Approved,87000,2023-04-19,1,0
APP806621,CUST100339,2023-02-04,Business,Business Expansion,1302000,48,18.36,18400,5700,2.405,0,Rejected,0,2023-02-08,0,
APP806622,CUST103615,2022-09-23,Auto,Used Car,717000,48,12.88,84300,3200,0.266,1,Approved,565000,2022-10-01,1,0
APP806623,CUST100377,2022-10-20,Gold,Gold Loan,236000,12,11.76,42400,5700,0.628,1,Rejected,0,2022-11-07,0,
APP806624,CUST101596,2024-01-19,Personal,Medical Emergency,331000,24,19.5,22900,1200,0.785,0,Approved,239000,2024-02-03,1,0
APP806625,CUST101398,2022-10-26,Home,Balance Transfer,3996000,48,9.27,38200,3800,2.713,1,Rejected,0,2022-11-04,0,
APP806626,CUST101996,2022-09-01,Personal,Wedding,143000,48,13.02,31400,7800,0.37,0,Rejected,0,2022-09-06,0,
APP806627,CUST101836,2023-07-29,Business,Working Capital,4380000,24,18.86,63500,14400,3.0,0,Rejected,0,2023-08-14,0,
APP806628,CUST103706,2022-10-19,Education,Higher Studies India,1485000,84,10.29,63900,14800,0.621,0,Approved,1449000,2022-11-01,1,0
APP806629,CUST100616,2023-06-16,Auto,New Car,360000,36,12.67,98500,27100,0.398,1,Approved,295000,2023-07-01,1,0
APP806630,CUST100389,2023-09-02,Education,Skill Certification,1270000,84,11.16,148500,27900,0.335,0,Approved,1118000,2023-09-19,1,0
APP806631,CUST104391,2024-06-12,Gold,Gold Loan,655000,12,9.54,37700,400,1.535,1,Rejected,0,2024-06-20,0,
APP806632,CUST104050,2023-02-14,Home,Home Construction,8932000,60,9.45,40100,1800,3.0,1,Approved,7660000,2023-02-19,1,0
APP806633,CUST103853,2024-06-16,Home,Plot Purchase,5415000,84,8.82,37900,8600,2.515,1,Rejected,0,2024-06-22,0,
APP806634,CUST101656,2023-07-04,Education,Study Abroad,1965000,24,10.15,67100,3400,1.404,0,Approved,1654000,2023-07-05,1,1
APP806635,CUST103076,2023-11-25,Personal,Wedding,857000,24,11.94,128600,4000,0.345,0,Approved,737000,2023-11-27,1,0
APP806636,CUST104379,2022-12-01,Personal,Medical Emergency,556000,12,22.98,49100,11100,1.291,0,Approved,424000,2022-12-07,1,0
APP806637,CUST104287,2023-07-10,Personal,Medical Emergency,1284000,84,13.74,33700,4600,0.846,0,Approved,1253000,2023-07-23,1,0
APP806638,CUST103450,2022-11-04,Personal,Debt Consolidation,942000,84,20.56,57200,14300,0.621,0,Approved,889000,2022-11-13,1,1
APP806639,CUST103470,2023-02-04,Personal,Wedding,1368000,24,21.72,32800,2400,2.228,0,Rejected,0,2023-02-05,0,
APP806640,CUST103321,2024-05-03,Business,Business Expansion,1868000,36,19.33,48900,15100,1.717,1,Rejected,0,2024-05-14,0,
APP806641,CUST102992,2023-05-15,Personal,Travel,93000,60,18.96,171900,41100,0.253,0,Approved,85000,2023-06-04,1,0
APP806642,CUST102709,2023-02-25,Gold,Gold Loan,486000,36,9.21,64200,1300,0.262,1,Approved,397000,2023-02-27,1,0
APP806643,CUST100224,2023-05-16,Business,Working Capital,6868000,36,14.34,157200,30100,1.692,0,Approved,4902000,2023-05-18,1,0
APP806644,CUST101371,2023-05-19,Personal,Wedding,877000,36,18.18,34000,9700,1.222,0,Rejected,0,2023-06-06,0,
APP806645,CUST103168,2024-05-13,Personal,Travel,671000,84,13.88,22800,1700,0.625,0,Rejected,0,2024-05-18,0,
APP806646,CUST101485,2024-05-11,Personal,Medical Emergency,649000,24,13.78,44100,5600,0.831,0,Approved,509000,2024-05-29,1,0
APP806647,CUST101149,2022-12-01,Personal,Debt Consolidation,1167000,24,11.8,41800,7100,1.482,0,Rejected,0,2022-12-06,0,
APP806648,CUST102500,2024-01-06,Business,Working Capital,2915000,12,13.39,27000,1700,3.0,0,Rejected,0,2024-01-08,0,
APP806649,CUST101583,2022-10-29,Home,Plot Purchase,2333000,180,9.66,14400,3700,1.968,1,Rejected,0,2022-11-01,0,
APP806650,CUST100101,2023-07-21,Education,Study Abroad,2123000,12,9.79,98500,10900,2.003,0,Rejected,0,2023-08-09,0,
APP806651,CUST104346,2022-07-03,Personal,Debt Consolidation,1215000,84,13.53,61400,19700,0.686,0,Approved,1165000,2022-07-23,1,0
APP806652,CUST104498,2022-12-25,Personal,Wedding,1130000,84,11.73,115800,25800,0.394,0,Approved,849000,2023-01-03,1,0
APP806653,CUST103730,2023-05-03,Personal,Travel,453000,36,22.82,61000,21000,0.631,0,Approved,408000,2023-05-21,1,0
APP806654,CUST100762,2023-02-07,Business,Business Expansion,1413000,48,18.91,21800,3000,2.077,0,Rejected,0,2023-02-15,0,
APP806655,CUST104325,2023-10-11,Education,Study Abroad,404000,60,10.15,59200,200,0.149,0,Approved,352000,2023-10-23,1,0
APP806656,CUST104048,2022-07-16,Auto,Two Wheeler,948000,36,10.19,31600,4800,1.123,1,Approved,857000,2022-07-24,1,0
APP806657,CUST104736,2022-08-02,Home,Home Construction,3538000,84,10.37,43500,6800,1.521,1,Rejected,0,2022-08-09,0,
APP806658,CUST101380,2024-04-12,Personal,Home Renovation,108000,60,13.75,104400,31300,0.324,0,Approved,76000,2024-04-13,1,0
APP806659,CUST103349,2024-05-03,Home,Home Purchase,2173000,12,8.17,14200,600,3.0,1,Rejected,0,2024-05-20,0,
APP806660,CUST101690,2024-06-04,Education,Study Abroad,1026000,120,11.76,67000,600,0.227,0,Under Review,0,,0,
APP806661,CUST102653,2024-05-14,Gold,Gold Loan,84000,24,9.56,45500,1200,0.111,1,Approved,82000,2024-05-21,1,0
APP806662,CUST104269,2023-01-10,Education,Skill Certification,2237000,84,12.16,68500,200,0.582,0,Approved,1667000,2023-01-11,1,0
APP806663,CUST100504,2024-04-13,Business,Working Capital,2616000,60,12.87,118400,27500,0.733,0,Approved,2150000,2024-04-14,1,1
APP806664,CUST104476,2023-11-28,Personal,Wedding,572000,48,21.14,47200,10400,0.596,1,Approved,465000,2023-12-13,1,1
APP806665,CUST101887,2023-06-19,Home,Balance Transfer,6803000,180,8.09,55200,11200,1.386,1,Approved,5658000,2023-06-23,1,0
APP806666,CUST100450,2024-01-09,Home,Balance Transfer,3422000,120,9.41,13300,4600,3.0,1,Rejected,0,2024-01-15,0,
APP806667,CUST103571,2023-10-18,Business,Business Expansion,1025000,24,14.67,14400,100,3.0,0,Rejected,0,2023-11-07,0,
APP806668,CUST103879,2022-08-04,Business,Working Capital,2687000,60,15.5,47400,6400,1.499,0,Rejected,0,2022-08-09,0,
APP806669,CUST102910,2023-04-30,Business,Working Capital,3166000,48,17.39,37400,2100,2.518,0,Rejected,0,2023-05-07,0,
APP806670,CUST100921,2023-05-19,Personal,Wedding,635000,12,23.96,58600,18100,1.333,0,Rejected,0,2023-05-24,0,
APP806671,CUST100231,2022-08-24,Personal,Wedding,1457000,12,16.31,49100,1600,2.729,0,Rejected,0,2022-09-12,0,
APP806672,CUST101286,2023-10-14,Education,Higher Studies India,1763000,24,9.25,138000,47900,0.932,0,Approved,1646000,2023-11-03,1,0
APP806673,CUST103028,2024-05-23,Education,Study Abroad,940000,24,12.99,24700,7300,2.108,0,Under Review,0,,0,
APP806674,CUST101402,2024-01-12,Personal,Medical Emergency,465000,84,15.08,48600,7300,0.335,0,Approved,431000,2024-01-19,1,0
APP806675,CUST100479,2023-04-14,Personal,Travel,1293000,24,16.62,41200,5600,1.68,0,Approved,977000,2023-04-15,1,0
APP806676,CUST101059,2024-05-02,Business,Equipment Purchase,5263000,60,14.0,26000,1400,3.0,0,Rejected,0,2024-05-04,0,
APP806677,CUST103496,2022-12-14,Gold,Gold Loan,225000,12,12.27,30200,500,0.68,1,Rejected,0,2023-01-03,0,
APP806678,CUST104596,2022-12-31,Business,Equipment Purchase,5390000,48,17.36,37100,5500,3.0,1,Rejected,0,2023-01-06,0,
APP806679,CUST101141,2023-10-24,Home,Home Purchase,2852000,48,8.12,35800,9600,2.215,1,Rejected,0,2023-11-03,0,
APP806680,CUST104785,2024-03-13,Auto,New Car,2453000,48,11.57,59000,16600,1.366,1,Approved,1952000,2024-03-20,1,0
APP806681,CUST102914,2024-06-09,Personal,Wedding,150000,24,13.85,28100,7900,0.538,0,Under Review,0,,0,
APP806682,CUST104009,2022-07-27,Personal,Debt Consolidation,472000,60,19.27,20300,6400,0.92,0,Approved,391000,2022-08-03,1,0
APP806683,CUST103111,2024-05-18,Business,Working Capital,1047000,60,14.47,43500,1400,0.599,0,Approved,1030000,2024-05-22,1,0
APP806684,CUST101484,2024-02-16,Auto,Two Wheeler,1518000,84,9.97,24600,200,1.029,1,Rejected,0,2024-02-26,0,
APP806685,CUST102393,2023-12-30,Auto,Used Car,1324000,36,12.01,103100,4200,0.467,1,Rejected,0,2024-01-15,0,
APP806686,CUST104266,2022-07-23,Auto,Used Car,1449000,48,12.78,26800,3700,1.583,1,Rejected,0,2022-07-29,0,
APP806687,CUST102887,2022-07-08,Personal,Travel,596000,60,23.53,15500,2300,1.242,1,Rejected,0,2022-07-15,0,
APP806688,CUST100539,2022-12-16,Gold,Gold Loan,465000,36,14.4,18400,1500,0.952,1,Rejected,0,2022-12-26,0,
APP806689,CUST101010,2023-08-15,Education,Higher Studies India,1496000,60,11.36,28600,6500,1.374,0,Rejected,0,2023-09-04,0,
APP806690,CUST104910,2022-10-29,Home,Balance Transfer,7145000,12,9.23,11800,3000,3.0,1,Rejected,0,2022-11-11,0,
APP806691,CUST101115,2023-03-01,Personal,Debt Consolidation,243000,24,15.27,46700,16000,0.595,0,Approved,173000,2023-03-08,1,0
APP806692,CUST102394,2024-01-16,Personal,Debt Consolidation,784000,84,14.36,51000,14100,0.568,0,Rejected,0,2024-01-31,0,
APP806693,CUST102738,2023-03-02,Personal,Wedding,835000,84,17.09,25000,7900,1.0,0,Rejected,0,2023-03-18,0,
APP806694,CUST100915,2022-08-26,Business,Business Expansion,1344000,84,14.54,30000,4700,1.009,0,Rejected,0,2022-09-14,0,
APP806695,CUST100687,2024-01-28,Personal,Home Renovation,1300000,12,17.29,14200,800,3.0,0,Rejected,0,2024-02-08,0,
APP806696,CUST102076,2023-11-26,Home,Plot Purchase,6078000,12,10.05,63100,4800,3.0,1,Approved,4883000,2023-12-13,1,1
APP806697,CUST103553,2022-12-27,Home,Balance Transfer,1559000,24,10.33,10000,700,3.0,1,Rejected,0,2023-01-11,0,
APP806698,CUST101352,2023-03-18,Auto,Two Wheeler,1548000,84,11.03,86500,3300,0.345,1,Approved,1181000,2023-04-04,1,0
APP806699,CUST100224,2023-06-21,Home,Plot Purchase,1863000,36,10.35,157200,9700,0.446,1,Approved,1533000,2023-07-10,1,0
APP806700,CUST100146,2023-02-18,Education,Study Abroad,3151000,48,11.42,56200,12000,1.674,0,Rejected,0,2023-02-28,0,
APP806701,CUST101703,2023-05-16,Auto,Two Wheeler,2272000,24,13.47,32700,6200,3.0,1,Rejected,0,2023-05-29,0,
APP806702,CUST102261,2022-09-10,Gold,Gold Loan,36000,24,13.48,79900,18100,0.248,1,Approved,32000,2022-09-15,1,0
APP806703,CUST101765,2023-12-25,Gold,Gold Loan,643000,12,9.85,33400,3900,1.809,1,Approved,578000,2024-01-10,1,0
APP806704,CUST101565,2024-03-19,Gold,Gold Loan,301000,24,10.53,126500,1400,0.121,1,Approved,295000,2024-03-30,1,0
APP806705,CUST103561,2022-10-07,Home,Home Construction,7024000,36,8.66,43900,6800,3.0,1,Rejected,0,2022-10-15,0,
APP806706,CUST104239,2024-03-25,Personal,Debt Consolidation,990000,24,19.52,88800,3900,0.608,0,Approved,758000,2024-04-05,1,1
APP806707,CUST103548,2022-11-19,Auto,Two Wheeler,1882000,84,9.53,82000,500,0.382,1,Approved,1610000,2022-11-30,1,0
APP806708,CUST104933,2023-06-19,Auto,Two Wheeler,2098000,24,10.51,46800,6200,2.212,1,Rejected,0,2023-06-22,0,
APP806709,CUST103250,2023-12-27,Home,Balance Transfer,7577000,12,9.57,57500,13100,3.0,1,Rejected,0,2024-01-03,0,
APP806710,CUST101739,2024-04-06,Home,Plot Purchase,5769000,60,10.23,26800,3400,3.0,1,Rejected,0,2024-04-26,0,
APP806711,CUST104813,2023-02-13,Auto,Used Car,1175000,60,11.63,44000,12400,0.871,1,Approved,1079000,2023-02-28,1,1
APP806712,CUST104200,2022-07-13,Business,Working Capital,5729000,24,19.95,64100,5200,3.0,0,Approved,5220000,2022-07-24,1,0
APP806713,CUST100339,2022-08-27,Personal,Wedding,428000,36,14.97,18400,1800,0.905,0,Rejected,0,2022-09-14,0,
APP806714,CUST103970,2024-04-28,Education,Skill Certification,2380000,120,11.78,10000,2900,3.0,1,Rejected,0,2024-04-29,0,
APP806715,CUST103713,2024-05-22,Auto,Two Wheeler,1076000,84,9.61,23900,8300,1.085,1,Under Review,0,,0,
APP806716,CUST101784,2023-06-22,Auto,New Car,2334000,12,9.33,24100,6100,3.0,1,Rejected,0,2023-07-06,0,
APP806717,CUST100875,2022-12-14,Business,Working Capital,4575000,24,14.9,80700,18600,2.977,0,Rejected,0,2022-12-31,0,
APP806718,CUST104961,2023-01-14,Personal,Home Renovation,501000,84,12.1,85600,29400,0.447,0,Approved,410000,2023-01-23,1,1
APP806719,CUST102045,2023-09-29,Home,Plot Purchase,1959000,24,10.24,40000,5500,2.401,1,Approved,1827000,2023-10-18,1,1
APP806720,CUST102968,2024-03-12,Auto,Two Wheeler,1159000,48,9.4,31900,100,0.913,1,Rejected,0,2024-03-18,0,
APP806721,CUST104565,2023-11-06,Home,Home Construction,8466000,84,8.1,15400,0,3.0,1,Rejected,0,2023-11-11,0,
APP806722,CUST101845,2024-05-02,Home,Home Purchase,3142000,12,8.32,13100,3300,3.0,1,Rejected,0,2024-05-15,0,
APP806723,CUST103856,2023-12-20,Business,Working Capital,1609000,48,14.2,35200,8500,1.493,1,Rejected,0,2024-01-03,0,
APP806724,CUST103300,2023-07-26,Personal,Wedding,482000,24,12.39,20600,1500,1.179,1,Approved,449000,2023-07-30,1,0
APP806725,CUST101312,2023-01-24,Home,Home Construction,9081000,120,8.71,47900,4100,2.459,1,Rejected,0,2023-02-03,0,
APP806726,CUST101642,2024-03-28,Home,Home Purchase,5632000,12,9.16,40400,11500,3.0,1,Rejected,0,2024-04-09,0,
APP806727,CUST101680,2023-10-01,Personal,Home Renovation,332000,36,15.55,14600,1400,0.887,0,Rejected,0,2023-10-04,0,
APP806728,CUST104515,2023-04-03,Gold,Gold Loan,721000,36,14.87,49900,2600,0.552,1,Approved,507000,2023-04-21,1,0
APP806729,CUST104016,2023-05-03,Auto,New Car,2169000,60,13.72,36900,3600,1.458,1,Approved,1675000,2023-05-21,1,0
APP806730,CUST100342,2023-05-24,Personal,Travel,1394000,24,19.31,89200,1600,0.808,0,Approved,1216000,2023-05-25,1,1
APP806731,CUST101212,2023-05-25,Personal,Debt Consolidation,1287000,60,12.66,51800,16000,0.87,0,Approved,1271000,2023-05-30,1,1
APP806732,CUST103710,2023-06-17,Education,Higher Studies India,531000,84,11.19,11300,1700,0.958,1,Approved,472000,2023-06-20,1,1
APP806733,CUST102612,2023-10-18,Personal,Wedding,881000,84,22.62,11700,600,1.838,0,Rejected,0,2023-10-24,0,
APP806734,CUST100108,2023-10-23,Personal,Travel,1318000,84,20.06,46200,10200,0.855,0,Rejected,0,2023-11-04,0,
APP806735,CUST101452,2022-11-01,Business,Business Expansion,5084000,36,14.62,20200,6800,3.0,0,Rejected,0,2022-11-04,0,
APP806736,CUST104438,2024-05-21,Personal,Medical Emergency,693000,24,13.91,24200,6300,1.637,1,Under Review,0,,0,
APP806737,CUST104502,2023-04-12,Personal,Home Renovation,807000,12,21.9,38400,8300,2.179,0,Rejected,0,2023-04-16,0,
APP806738,CUST101983,2023-06-03,Education,Study Abroad,2505000,60,12.24,27500,600,2.062,0,Rejected,0,2023-06-13,0,
APP806739,CUST102159,2023-01-09,Personal,Debt Consolidation,320000,84,21.12,32600,800,0.249,1,Rejected,0,2023-01-10,0,
APP806740,CUST103462,2022-07-17,Business,Business Expansion,1587000,84,14.01,37100,11000,1.097,0,Approved,1273000,2022-08-04,1,0
APP806741,CUST101526,2023-03-13,Home,Home Construction,7075000,48,10.35,34200,3600,3.0,1,Rejected,0,2023-03-21,0,
APP806742,CUST102404,2023-08-19,Personal,Debt Consolidation,875000,48,12.44,146900,17100,0.274,0,Rejected,0,2023-08-25,0,
APP806743,CUST101559,2023-06-25,Business,Working Capital,5481000,36,12.64,37500,12200,3.0,0,Rejected,0,2023-06-30,0,
APP806744,CUST104343,2022-09-16,Education,Higher Studies India,1177000,84,9.1,47000,13000,0.681,1,Approved,978000,2022-09-25,1,0
APP806745,CUST104892,2024-01-05,Gold,Gold Loan,178000,36,10.19,19500,100,0.3,1,Rejected,0,2024-01-21,0,
APP806746,CUST100862,2022-09-01,Personal,Debt Consolidation,906000,36,16.27,43200,14000,1.065,0,Approved,884000,2022-09-19,1,1
APP806747,CUST102277,2022-12-30,Auto,New Car,641000,48,9.69,12300,900,1.386,1,Approved,476000,2023-01-09,1,0
APP806748,CUST102015,2022-12-05,Auto,Two Wheeler,2196000,84,13.68,20200,5700,2.303,1,Rejected,0,2022-12-21,0,
APP806749,CUST101487,2023-09-24,Personal,Debt Consolidation,1465000,60,18.71,85600,17900,0.65,1,Approved,1422000,2023-09-25,1,0
APP806750,CUST103003,2023-06-18,Personal,Wedding,1253000,24,13.68,29400,5000,2.214,0,Rejected,0,2023-06-25,0,
APP806751,CUST101960,2022-11-01,Personal,Travel,1442000,60,21.01,26200,0,1.492,0,Rejected,0,2022-11-13,0,
APP806752,CUST101822,2023-06-24,Auto,Two Wheeler,971000,60,12.63,40800,8400,0.742,1,Approved,871000,2023-07-07,1,0
APP806753,CUST102138,2024-03-23,Personal,Debt Consolidation,241000,36,17.85,52000,9000,0.34,0,Approved,170000,2024-03-29,1,0
APP806754,CUST101850,2023-04-25,Education,Higher Studies India,1922000,36,9.65,53900,16200,1.444,0,Approved,1366000,2023-05-07,1,0
APP806755,CUST102772,2024-02-06,Home,Home Construction,4932000,60,8.95,123400,23900,1.022,1,Approved,4606000,2024-02-09,1,0
APP806756,CUST100491,2023-03-09,Business,Working Capital,3068000,12,15.4,26600,3900,3.0,0,Rejected,0,2023-03-23,0,
APP806757,CUST101332,2024-01-31,Business,Equipment Purchase,4403000,84,17.37,37200,3500,2.536,0,Rejected,0,2024-02-04,0,
APP806758,CUST104760,2023-01-21,Personal,Travel,1364000,60,13.6,83500,6000,0.449,0,Approved,1283000,2023-01-28,1,0
APP806759,CUST100291,2023-12-23,Home,Plot Purchase,5093000,48,10.38,94000,25400,1.654,1,Approved,4523000,2024-01-09,1,0
APP806760,CUST100431,2022-12-16,Auto,New Car,513000,24,9.07,93900,11900,0.376,1,Approved,390000,2022-12-31,1,0
APP806761,CUST100212,2023-10-10,Education,Skill Certification,1256000,36,9.05,55100,0,0.725,1,Approved,1153000,2023-10-23,1,1
APP806762,CUST101992,2022-07-17,Auto,Used Car,1846000,84,9.48,21800,1400,1.447,1,Approved,1543000,2022-07-28,1,0
APP806763,CUST101148,2023-07-05,Education,Study Abroad,1625000,36,12.56,28600,3700,2.029,0,Rejected,0,2023-07-14,0,
APP806764,CUST102186,2022-07-28,Business,Business Expansion,1998000,24,19.08,35400,1700,2.895,0,Rejected,0,2022-08-05,0,
APP806765,CUST102536,2022-07-17,Personal,Home Renovation,659000,84,12.23,42400,14000,0.607,0,Rejected,0,2022-07-19,0,
APP806766,CUST103470,2024-06-17,Business,Equipment Purchase,5946000,12,13.76,32800,9300,3.0,0,Rejected,0,2024-07-06,0,
APP806767,CUST101855,2022-10-08,Home,Plot Purchase,5229000,180,10.19,49300,15700,1.471,1,Approved,5170000,2022-10-23,1,0
APP806768,CUST103148,2022-10-24,Gold,Gold Loan,283000,36,12.48,25200,2200,0.463,1,Approved,265000,2022-11-05,1,0
APP806769,CUST100141,2023-07-18,Auto,Two Wheeler,819000,24,11.33,27500,5000,1.573,1,Rejected,0,2023-07-30,0,
APP806770,CUST101978,2022-08-24,Home,Home Construction,2925000,36,9.32,56100,14200,1.919,1,Approved,2534000,2022-09-08,1,0
APP806771,CUST103438,2022-12-17,Auto,Two Wheeler,2151000,48,13.53,42600,6300,1.514,1,Rejected,0,2022-12-31,0,
APP806772,CUST100056,2024-03-21,Education,Higher Studies India,443000,120,10.59,30600,9100,0.493,0,Approved,416000,2024-03-24,1,0
APP806773,CUST100881,2022-11-10,Auto,Two Wheeler,2127000,12,9.59,72400,24400,2.915,1,Rejected,0,2022-11-27,0,
APP806774,CUST104251,2022-12-01,Auto,Used Car,2133000,60,12.28,95700,2800,0.528,1,Approved,2040000,2022-12-10,1,0
APP806775,CUST104451,2023-07-17,Home,Home Construction,7987000,60,8.66,43800,13700,3.0,1,Rejected,0,2023-08-06,0,
APP806776,CUST101004,2023-12-02,Personal,Wedding,240000,36,21.6,60300,14700,0.395,0,Approved,206000,2023-12-11,1,1
APP806777,CUST103707,2022-11-08,Personal,Medical Emergency,227000,60,23.17,38200,7000,0.351,0,Approved,210000,2022-11-27,1,0
APP806778,CUST100251,2024-06-08,Business,Equipment Purchase,6054000,60,18.89,23100,7900,3.0,0,Rejected,0,2024-06-23,0,
APP806779,CUST101118,2023-12-11,Auto,New Car,2216000,36,12.91,17400,3600,3.0,1,Rejected,0,2023-12-19,0,
APP806780,CUST101543,2024-05-04,Home,Plot Purchase,2894000,120,9.01,44700,13100,1.115,1,Approved,2787000,2024-05-19,1,0
APP806781,CUST102041,2022-07-22,Business,Working Capital,1087000,36,15.49,18400,2900,2.218,0,Rejected,0,2022-08-01,0,
APP806782,CUST104453,2022-12-09,Education,Study Abroad,3044000,84,11.99,56500,2900,1.002,0,Approved,2405000,2022-12-25,1,1
APP806783,CUST102403,2024-03-12,Education,Higher Studies India,490000,24,11.99,12700,800,1.877,0,Approved,410000,2024-03-21,1,0
APP806784,CUST104079,2023-04-29,Auto,New Car,560000,60,13.98,16400,5500,1.128,1,Rejected,0,2023-05-10,0,
APP806785,CUST102128,2024-02-22,Auto,Two Wheeler,1053000,84,13.98,50000,11400,0.622,1,Rejected,0,2024-02-28,0,
APP806786,CUST104119,2024-01-14,Education,Skill Certification,2507000,120,11.88,68400,1700,0.548,0,Approved,2339000,2024-01-15,1,0
APP806787,CUST100398,2023-05-26,Home,Home Construction,7056000,24,9.99,130800,6200,2.537,1,Rejected,0,2023-06-02,0,
APP806788,CUST100572,2024-01-29,Personal,Travel,629000,48,14.84,47100,10700,0.598,0,Rejected,0,2024-02-03,0,
APP806789,CUST101988,2022-10-31,Gold,Gold Loan,589000,24,10.01,188800,60600,0.465,1,Approved,518000,2022-11-06,1,0
APP806790,CUST101169,2024-04-22,Business,Business Expansion,4873000,60,12.17,35800,10400,3.0,0,Rejected,0,2024-05-10,0,
APP806791,CUST100650,2023-01-01,Auto,Two Wheeler,802000,12,13.6,80200,12100,1.046,1,Approved,749000,2023-01-15,1,1
APP806792,CUST103431,2022-11-13,Education,Higher Studies India,296000,12,10.34,12400,3400,2.386,1,Rejected,0,2022-11-30,0,
APP806793,CUST102856,2023-01-29,Home,Balance Transfer,4544000,48,10.05,60000,3400,1.98,1,Approved,3699000,2023-02-18,1,0
APP806794,CUST101993,2023-02-25,Auto,Used Car,1755000,36,9.53,27800,1900,2.088,1,Approved,1321000,2023-03-15,1,0
APP806795,CUST101371,2023-05-18,Auto,Used Car,1863000,48,9.84,34000,5600,1.553,1,Approved,1565000,2023-06-03,1,0
APP806796,CUST102506,2022-08-02,Personal,Travel,1317000,84,22.22,60400,19200,0.832,0,Approved,1103000,2022-08-19,1,0
APP806797,CUST103645,2024-03-30,Personal,Debt Consolidation,1351000,24,16.56,34800,3000,1.997,0,Approved,951000,2024-04-08,1,0
APP806798,CUST101132,2023-06-02,Personal,Home Renovation,890000,48,18.94,23500,8200,1.481,0,Approved,693000,2023-06-11,1,1
APP806799,CUST104814,2023-03-21,Home,Home Purchase,1589000,48,9.63,22700,7000,2.075,1,Rejected,0,2023-03-24,0,
APP806800,CUST101538,2022-08-30,Personal,Travel,1482000,60,14.88,27300,4600,1.458,1,Rejected,0,2022-09-18,0,
APP806801,CUST104073,2024-05-04,Auto,New Car,760000,12,12.8,118100,3200,0.601,1,Approved,633000,2024-05-10,1,0
APP806802,CUST102210,2023-01-08,Personal,Debt Consolidation,191000,60,20.1,48200,2400,0.155,0,Rejected,0,2023-01-13,0,
APP806803,CUST102902,2024-06-13,Auto,New Car,740000,48,11.63,49700,9200,0.574,1,Approved,545000,2024-06-20,1,0
APP806804,CUST100305,2023-10-17,Business,Equipment Purchase,869000,84,16.45,33300,9100,0.799,1,Approved,802000,2023-10-22,1,0
APP806805,CUST103154,2022-10-19,Education,Study Abroad,3893000,120,10.31,24600,8300,2.459,0,Rejected,0,2022-10-30,0,
APP806806,CUST103660,2024-04-17,Gold,Gold Loan,647000,36,10.86,10600,100,2.013,1,Rejected,0,2024-04-19,0,
APP806807,CUST100884,2023-04-04,Auto,New Car,1314000,36,13.71,101400,4300,0.483,1,Approved,1018000,2023-04-14,1,0
APP806808,CUST101588,2023-03-31,Home,Plot Purchase,6730000,84,8.54,107300,28500,1.26,1,Approved,5434000,2023-04-04,1,0
APP806809,CUST101706,2023-09-21,Auto,Used Car,693000,12,12.66,45800,7400,1.512,1,Approved,680000,2023-09-28,1,1
APP806810,CUST100900,2023-04-12,Auto,New Car,721000,84,10.27,10000,1700,1.377,1,Rejected,0,2023-04-22,0,
APP806811,CUST102612,2023-03-14,Personal,Medical Emergency,860000,24,16.36,11700,1000,3.0,0,Rejected,0,2023-03-24,0,
APP806812,CUST100836,2023-12-11,Personal,Home Renovation,652000,24,13.62,63600,15100,0.728,0,Approved,525000,2023-12-15,1,1
APP806813,CUST104102,2022-09-20,Home,Plot Purchase,6823000,12,8.45,36300,7400,3.0,1,Rejected,0,2022-10-01,0,
APP806814,CUST102835,2023-08-11,Auto,Used Car,1216000,48,13.32,60100,14200,0.782,1,Approved,1137000,2023-08-27,1,0
APP806815,CUST104194,2022-11-07,Auto,Used Car,967000,12,11.74,21500,0,3.0,1,Rejected,0,2022-11-13,0,
APP806816,CUST103713,2022-07-02,Gold,Gold Loan,443000,24,11.06,23900,3900,1.027,1,Approved,316000,2022-07-22,1,1
APP806817,CUST102328,2022-07-16,Personal,Medical Emergency,1219000,36,22.53,32000,9300,1.759,0,Rejected,0,2022-07-31,0,
APP806818,CUST102267,2023-01-16,Gold,Gold Loan,699000,36,13.1,126200,15200,0.307,1,Approved,590000,2023-02-05,1,0
APP806819,CUST103116,2022-12-31,Gold,Gold Loan,509000,36,14.04,106900,26100,0.407,1,Approved,383000,2023-01-18,1,0
APP806820,CUST103978,2023-07-06,Home,Home Construction,11789000,120,8.41,21000,7300,3.0,1,Rejected,0,2023-07-09,0,
APP806821,CUST100425,2023-10-11,Gold,Gold Loan,136000,36,12.9,236400,77200,0.346,1,Approved,106000,2023-10-26,1,0
APP806822,CUST102910,2023-07-22,Auto,Used Car,1211000,24,11.4,37400,6700,1.695,1,Rejected,0,2023-08-05,0,
APP806823,CUST100061,2023-12-15,Business,Equipment Purchase,1952000,60,14.86,58200,15500,1.063,0,Approved,1561000,2023-12-16,1,0
APP806824,CUST103866,2022-07-10,Personal,Medical Emergency,73000,84,13.14,51000,14800,0.316,0,Approved,66000,2022-07-18,1,0
APP806825,CUST104307,2024-03-25,Home,Home Construction,6278000,84,9.1,58200,9700,1.906,1,Rejected,0,2024-04-08,0,
APP806826,CUST102985,2023-04-02,Business,Business Expansion,1628000,36,15.67,53900,2300,1.099,0,Rejected,0,2023-04-16,0,
APP806827,CUST103408,2024-05-04,Auto,New Car,2057000,24,10.7,74400,15800,1.498,1,Rejected,0,2024-05-09,0,
APP806828,CUST104297,2023-10-06,Business,Working Capital,4935000,24,13.63,10000,1600,3.0,0,Rejected,0,2023-10-08,0,
APP806829,CUST103497,2024-02-01,Education,Study Abroad,2845000,60,10.3,102500,3800,0.631,0,Approved,2149000,2024-02-06,1,0
APP806830,CUST100913,2022-12-25,Auto,Two Wheeler,647000,24,11.84,18400,1500,1.734,1,Rejected,0,2022-12-29,0,
APP806831,CUST102781,2023-08-25,Personal,Travel,1340000,84,20.52,55200,9900,0.725,0,Approved,957000,2023-09-02,1,0
APP806832,CUST102044,2022-11-12,Home,Plot Purchase,11528000,48,9.93,39200,9000,3.0,1,Approved,9597000,2022-11-30,1,1
APP806833,CUST103079,2023-12-10,Business,Business Expansion,2715000,12,17.92,12000,100,3.0,0,Rejected,0,2023-12-18,0,
APP806834,CUST104052,2023-06-18,Auto,Two Wheeler,261000,12,12.98,161200,50400,0.457,1,Approved,198000,2023-06-26,1,0
APP806835,CUST101357,2023-03-14,Personal,Home Renovation,677000,24,12.06,87100,13600,0.522,0,Approved,495000,2023-04-03,1,1
APP806836,CUST102903,2024-02-28,Education,Skill Certification,1143000,120,10.14,49200,5800,0.427,0,Approved,939000,2024-03-18,1,1
APP806837,CUST104288,2022-09-01,Business,Business Expansion,2837000,84,14.33,64100,3400,0.891,0,Approved,2752000,2022-09-07,1,0
APP806838,CUST100561,2024-05-10,Auto,New Car,872000,84,12.21,33300,200,0.471,1,Rejected,0,2024-05-16,0,
APP806839,CUST103103,2023-08-03,Auto,Used Car,1111000,48,11.19,27700,5600,1.242,1,Rejected,0,2023-08-09,0,
APP806840,CUST101767,2022-11-10,Business,Equipment Purchase,2892000,36,15.06,10000,2600,3.0,0,Rejected,0,2022-11-27,0,
APP806841,CUST104376,2023-10-29,Gold,Gold Loan,422000,36,14.83,10000,500,1.509,1,Rejected,0,2023-11-09,0,
APP806842,CUST101053,2023-05-29,Personal,Debt Consolidation,1490000,48,15.39,96300,16500,0.605,0,Rejected,0,2023-06-03,0,
APP806843,CUST104607,2023-12-09,Auto,Used Car,349000,24,10.69,16600,200,0.988,1,Rejected,0,2023-12-17,0,
APP806844,CUST100474,2022-08-31,Personal,Home Renovation,573000,60,21.08,74400,23700,0.527,0,Approved,524000,2022-09-02,1,0
APP806845,CUST101313,2023-12-08,Business,Equipment Purchase,1699000,36,15.99,40300,6200,1.634,0,Rejected,0,2023-12-24,0,
APP806846,CUST101294,2023-02-11,Home,Balance Transfer,2021000,180,9.22,30500,5500,0.862,1,Rejected,0,2023-02-27,0,
APP806847,CUST101978,2022-08-20,Personal,Travel,155000,84,21.25,56100,11600,0.27,1,Approved,120000,2022-08-26,1,0
APP806848,CUST101326,2023-10-26,Auto,Used Car,885000,24,13.37,29900,2900,1.51,1,Approved,736000,2023-11-09,1,0
APP806849,CUST102280,2022-08-30,Gold,Gold Loan,362000,12,11.94,40500,9600,1.03,1,Approved,321000,2022-09-06,1,1
APP806850,CUST100375,2023-01-05,Business,Working Capital,6270000,60,19.0,36200,7600,3.0,0,Rejected,0,2023-01-14,0,
APP806851,CUST101911,2023-11-01,Gold,Gold Loan,420000,12,12.12,20400,1500,1.908,1,Rejected,0,2023-11-02,0,
APP806852,CUST103738,2022-08-05,Personal,Medical Emergency,1392000,48,11.26,27300,5200,1.515,0,Rejected,0,2022-08-11,0,
APP806853,CUST102307,2023-03-24,Business,Equipment Purchase,351000,84,12.71,41100,2500,0.215,0,Rejected,0,2023-03-29,0,
APP806854,CUST104715,2023-01-20,Personal,Debt Consolidation,1491000,12,20.99,17300,1100,3.0,0,Approved,1123000,2023-01-21,1,0
APP806855,CUST103248,2022-10-18,Personal,Wedding,1313000,60,20.92,10000,1700,3.0,0,Rejected,0,2022-10-29,0,
APP806856,CUST101494,2024-06-10,Education,Study Abroad,2703000,24,9.92,138800,13000,0.992,0,Approved,1908000,2024-06-30,1,0
APP806857,CUST100880,2023-12-15,Auto,Two Wheeler,803000,24,9.97,22200,5500,1.913,1,Rejected,0,2024-01-01,0,
APP806858,CUST104781,2023-03-27,Home,Home Construction,2333000,84,9.5,72500,21700,0.826,1,Rejected,0,2023-03-31,0,
APP806859,CUST101521,2022-10-04,Personal,Debt Consolidation,245000,12,19.25,21400,3600,1.226,0,Approved,222000,2022-10-24,1,1
APP806860,CUST104036,2023-08-23,Auto,Used Car,268000,36,12.2,141300,42200,0.362,1,Approved,210000,2023-08-28,1,0
APP806861,CUST104802,2022-11-14,Auto,New Car,1451000,24,13.69,74500,9600,1.061,1,Rejected,0,2022-11-24,0,
APP806862,CUST104611,2023-11-21,Business,Equipment Purchase,5140000,36,19.25,10000,2200,3.0,0,Rejected,0,2023-12-10,0,
APP806863,CUST103321,2023-09-16,Education,Higher Studies India,2231000,48,9.64,48900,12200,1.4,0,Rejected,0,2023-09-17,0,
APP806864,CUST100942,2024-06-28,Auto,Used Car,563000,24,13.27,76300,5000,0.417,1,Approved,539000,2024-07-11,1,0
APP806865,CUST102497,2022-11-14,Business,Business Expansion,5276000,36,14.25,52700,1600,3.0,1,Rejected,0,2022-11-15,0,
APP806866,CUST102515,2023-12-26,Personal,Medical Emergency,1041000,12,18.11,45800,4000,2.174,0,Rejected,0,2024-01-06,0,
APP806867,CUST102200,2024-04-19,Auto,Two Wheeler,1910000,12,13.06,41400,4000,3.0,1,Rejected,0,2024-04-20,0,
APP806868,CUST104618,2023-11-27,Auto,Two Wheeler,1471000,84,12.63,36200,6500,0.909,1,Approved,1274000,2023-12-13,1,0
APP806869,CUST100027,2023-09-15,Business,Working Capital,6234000,36,15.56,44500,7900,3.0,0,Rejected,0,2023-10-04,0,
APP806870,CUST102770,2024-01-25,Home,Plot Purchase,1635000,24,8.98,11200,3400,3.0,1,Rejected,0,2024-01-27,0,
APP806871,CUST100626,2022-08-13,Auto,New Car,1939000,24,13.49,30200,7900,3.0,1,Rejected,0,2022-08-23,0,
APP806872,CUST102745,2024-06-05,Personal,Travel,1105000,60,13.23,15700,1500,1.704,0,Under Review,0,,0,
APP806873,CUST100171,2023-09-08,Auto,Two Wheeler,705000,36,10.19,48900,1900,0.505,1,Approved,702000,2023-09-22,1,1
APP806874,CUST101208,2023-08-20,Gold,Gold Loan,254000,24,12.96,41800,0,0.289,1,Approved,208000,2023-09-06,1,1
APP806875,CUST102466,2023-10-07,Home,Balance Transfer,8084000,36,9.54,35800,1700,3.0,1,Rejected,0,2023-10-21,0,
APP806876,CUST103759,2022-08-19,Business,Business Expansion,6450000,60,19.18,32900,8500,3.0,0,Rejected,0,2022-09-01,0,
APP806877,CUST100862,2022-11-28,Personal,Travel,609000,12,23.95,43200,7900,1.517,0,Approved,583000,2022-12-11,1,1
APP806878,CUST101598,2023-05-11,Business,Equipment Purchase,2968000,36,17.14,34300,11900,3.0,0,Rejected,0,2023-05-22,0,
APP806879,CUST103854,2023-03-10,Home,Balance Transfer,11830000,36,8.53,42000,700,3.0,1,Rejected,0,2023-03-30,0,
APP806880,CUST104171,2023-05-05,Gold,Gold Loan,80000,24,10.4,38400,4800,0.221,1,Approved,69000,2023-05-10,1,0
APP806881,CUST103859,2022-08-09,Home,Balance Transfer,9317000,84,8.86,93300,18000,1.792,1,Approved,7694000,2022-08-23,1,0
APP806882,CUST100296,2023-04-23,Auto,New Car,1123000,24,12.11,77500,22900,0.979,1,Approved,1080000,2023-04-30,1,0
APP806883,CUST102797,2023-08-24,Education,Skill Certification,290000,12,9.17,10000,2900,2.828,0,Rejected,0,2023-09-09,0,
APP806884,CUST100030,2023-09-02,Personal,Travel,1301000,84,23.25,31300,1600,1.058,0,Approved,1250000,2023-09-05,1,0
APP806885,CUST101707,2024-01-21,Personal,Travel,579000,12,17.96,24100,800,2.237,0,Approved,465000,2024-01-26,1,0
APP806886,CUST100898,2023-10-04,Personal,Home Renovation,1353000,60,21.78,168300,55200,0.549,0,Approved,1286000,2023-10-09,1,0
APP806887,CUST101708,2024-01-05,Gold,Gold Loan,733000,24,12.61,67900,20000,0.806,1,Rejected,0,2024-01-18,0,
APP806888,CUST104615,2023-02-13,Education,Skill Certification,991000,60,11.51,16600,2900,1.492,0,Rejected,0,2023-02-26,0,
APP806889,CUST103834,2023-12-21,Personal,Travel,501000,12,19.58,59900,5200,0.86,0,Approved,434000,2023-12-31,1,0
APP806890,CUST102620,2023-01-18,Personal,Home Renovation,268000,12,20.08,17500,4300,1.665,1,Approved,194000,2023-02-01,1,1
APP806891,CUST101942,2023-08-16,Home,Home Purchase,3485000,120,10.11,186900,43100,0.478,1,Approved,3203000,2023-09-02,1,0
APP806892,CUST101791,2023-09-27,Education,Study Abroad,727000,36,9.47,33700,1500,0.734,0,Rejected,0,2023-10-06,0,
APP806893,CUST101377,2024-01-10,Personal,Debt Consolidation,465000,12,21.39,41200,6600,1.214,1,Approved,376000,2024-01-18,1,0
APP806894,CUST103814,2024-03-21,Gold,Gold Loan,60000,36,11.39,116700,20000,0.188,1,Approved,59000,2024-03-23,1,1
APP806895,CUST104789,2023-11-09,Auto,Two Wheeler,578000,12,11.98,42800,1700,1.241,1,Rejected,0,2023-11-25,0,
APP806896,CUST100174,2023-09-28,Personal,Travel,559000,60,22.81,104800,8000,0.226,0,Approved,462000,2023-10-11,1,0
APP806897,CUST104118,2023-03-02,Personal,Debt Consolidation,1281000,48,23.23,109800,34400,0.689,0,Approved,1186000,2023-03-22,1,0
APP806898,CUST102363,2024-04-08,Home,Plot Purchase,9124000,60,10.35,146900,35800,1.574,1,Rejected,0,2024-04-24,0,
APP806899,CUST101370,2022-09-23,Education,Higher Studies India,2052000,120,11.23,54600,11300,0.73,0,Approved,1441000,2022-10-07,1,1
APP806900,CUST102826,2023-07-28,Personal,Debt Consolidation,1136000,36,21.49,90700,19600,0.691,0,Approved,1091000,2023-08-07,1,0
APP806901,CUST102127,2022-09-26,Home,Home Purchase,4505000,24,8.79,41800,3400,3.0,1,Rejected,0,2022-10-08,0,
APP806902,CUST103114,2022-07-27,Home,Home Construction,11601000,240,8.68,15200,4000,3.0,1,Rejected,0,2022-07-29,0,
APP806903,CUST100664,2024-03-27,Gold,Gold Loan,564000,36,14.9,51200,10200,0.58,1,Approved,435000,2024-04-11,1,0
APP806904,CUST100789,2023-12-22,Personal,Medical Emergency,1347000,36,19.73,88000,200,0.569,0,Approved,1121000,2024-01-06,1,0
APP806905,CUST100309,2023-11-25,Personal,Home Renovation,1416000,84,19.09,126400,26100,0.449,0,Approved,1049000,2023-11-27,1,0
APP806906,CUST103716,2024-01-28,Personal,Medical Emergency,1402000,84,16.74,17900,2500,1.727,0,Rejected,0,2024-02-09,0,
APP806907,CUST102203,2024-06-09,Auto,Used Car,1370000,48,9.95,10000,2800,3.0,1,Rejected,0,2024-06-10,0,
APP806908,CUST100377,2022-08-02,Auto,Two Wheeler,1998000,48,12.42,42400,3200,1.326,1,Approved,1688000,2022-08-13,1,1
APP806909,CUST101373,2024-06-07,Personal,Debt Consolidation,1003000,12,15.34,13200,4200,3.0,0,Under Review,0,,0,
APP806910,CUST101944,2023-04-16,Home,Home Construction,2388000,12,9.15,27900,4600,3.0,1,Rejected,0,2023-04-21,0,
APP806911,CUST101593,2023-12-14,Home,Balance Transfer,3616000,84,9.79,71600,8700,0.954,1,Approved,3361000,2023-12-21,1,0
APP806912,CUST103553,2022-12-08,Education,Skill Certification,801000,36,9.0,10000,1000,2.647,0,Rejected,0,2022-12-23,0,
APP806913,CUST102046,2023-06-22,Business,Business Expansion,3275000,36,14.29,20500,5200,3.0,0,Rejected,0,2023-07-03,0,
APP806914,CUST100376,2022-07-23,Personal,Debt Consolidation,845000,12,17.89,75100,400,1.036,0,Approved,726000,2022-08-10,1,0
APP806915,CUST103513,2024-03-23,Personal,Home Renovation,1332000,48,18.98,49200,8300,0.977,0,Approved,1118000,2024-04-05,1,1
APP806916,CUST101219,2023-02-03,Home,Plot Purchase,2668000,48,8.34,68600,200,0.958,1,Rejected,0,2023-02-15,0,
APP806917,CUST104460,2022-12-13,Auto,Used Car,1295000,60,13.99,42600,8800,0.913,1,Approved,1148000,2022-12-29,1,1
APP806918,CUST102519,2024-06-06,Education,Study Abroad,2905000,120,11.31,36500,9000,1.355,0,Approved,2375000,2024-06-13,1,0
APP806919,CUST102497,2023-10-27,Business,Business Expansion,3886000,12,18.14,52700,3800,3.0,0,Rejected,0,2023-11-13,0,
APP806920,CUST101894,2024-05-21,Gold,Gold Loan,207000,24,12.1,123200,28700,0.312,1,Under Review,0,,0,
APP806921,CUST102757,2024-06-19,Personal,Debt Consolidation,330000,24,12.31,26300,3600,0.73,0,Approved,282000,2024-06-24,1,0
APP806922,CUST103375,2024-04-25,Auto,Two Wheeler,2085000,60,11.95,137200,31800,0.569,1,Approved,1810000,2024-05-03,1,0
APP806923,CUST103933,2023-10-20,Personal,Debt Consolidation,322000,60,14.05,19800,3800,0.571,0,Approved,231000,2023-11-05,1,1
APP806924,CUST102780,2022-12-09,Personal,Travel,323000,84,22.31,34800,200,0.225,0,Rejected,0,2022-12-15,0,
APP806925,CUST100467,2022-07-01,Personal,Wedding,1177000,60,13.81,11100,1900,2.634,0,Rejected,0,2022-07-20,0,
APP806926,CUST104523,2023-02-01,Personal,Medical Emergency,397000,84,13.68,28300,6100,0.477,0,Approved,393000,2023-02-12,1,0
APP806927,CUST101016,2023-02-04,Home,Home Construction,8519000,48,8.08,76300,4200,2.784,1,Rejected,0,2023-02-12,0,
APP806928,CUST102056,2023-03-17,Gold,Gold Loan,594000,12,14.24,57300,700,0.944,1,Rejected,0,2023-03-30,0,
APP806929,CUST101622,2023-04-03,Auto,Two Wheeler,312000,48,13.1,41500,9100,0.421,1,Rejected,0,2023-04-15,0,
APP806930,CUST100281,2022-12-18,Education,Study Abroad,625000,120,11.5,91800,16100,0.271,0,Approved,606000,2022-12-30,1,0
APP806931,CUST103475,2023-03-23,Gold,Gold Loan,88000,24,9.58,74000,20500,0.331,1,Approved,88000,2023-04-04,1,0
APP806932,CUST100640,2023-04-05,Home,Home Purchase,5666000,36,9.59,39700,600,3.0,1,Rejected,0,2023-04-08,0,
APP806933,CUST102801,2024-01-03,Gold,Gold Loan,244000,36,13.04,12600,100,0.66,1,Rejected,0,2024-01-10,0,
APP806934,CUST100549,2022-08-26,Personal,Debt Consolidation,169000,84,23.73,23600,5200,0.395,1,Approved,151000,2022-09-03,1,1
APP806935,CUST103993,2024-06-07,Auto,Two Wheeler,738000,48,10.95,16400,400,1.19,1,Under Review,0,,0,
APP806936,CUST104885,2024-06-10,Auto,New Car,2435000,48,12.41,78800,2200,0.848,1,Approved,2054000,2024-06-23,1,0
APP806937,CUST100647,2023-01-23,Personal,Debt Consolidation,877000,84,16.37,54300,15700,0.613,0,Rejected,0,2023-01-30,0,
APP806938,CUST102192,2023-03-06,Home,Home Purchase,9638000,60,9.32,175900,55400,1.461,1,Rejected,0,2023-03-24,0,
APP806939,CUST103486,2024-06-05,Home,Balance Transfer,8622000,36,9.45,37000,9000,3.0,1,Rejected,0,2024-06-15,0,
APP806940,CUST102282,2022-07-12,Gold,Gold Loan,270000,36,13.1,51600,7600,0.324,1,Approved,246000,2022-07-24,1,0
APP806941,CUST100979,2023-03-11,Personal,Home Renovation,75000,84,17.87,89900,14500,0.179,0,Approved,57000,2023-03-14,1,0
APP806942,CUST100042,2024-05-20,Home,Balance Transfer,5489000,36,10.03,31800,7700,3.0,1,Under Review,0,,0,
APP806943,CUST104490,2024-05-01,Business,Working Capital,3108000,60,15.06,18100,2500,3.0,0,Rejected,0,2024-05-14,0,
APP806944,CUST101351,2023-05-05,Education,Higher Studies India,3119000,24,11.84,72400,18500,2.28,0,Rejected,0,2023-05-20,0,
APP806945,CUST103007,2022-08-14,Gold,Gold Loan,263000,12,12.03,33600,2900,0.783,1,Approved,245000,2022-08-17,1,0
APP806946,CUST100870,2023-09-19,Gold,Gold Loan,330000,24,9.71,14000,2700,1.276,1,Approved,301000,2023-10-06,1,0
APP806947,CUST103271,2024-05-01,Auto,New Car,1148000,60,11.45,20200,2700,1.386,1,Rejected,0,2024-05-21,0,
APP806948,CUST103556,2022-08-31,Auto,Two Wheeler,1339000,48,13.67,41900,10800,1.125,1,Rejected,0,2022-09-06,0,
APP806949,CUST101108,2023-07-05,Personal,Travel,443000,36,12.08,53400,15600,0.568,0,Approved,419000,2023-07-25,1,0
APP806950,CUST102133,2022-07-15,Education,Study Abroad,2834000,60,10.16,25600,400,2.38,0,Rejected,0,2022-07-21,0,
APP806951,CUST100589,2022-11-12,Personal,Medical Emergency,1476000,12,11.08,60800,19000,2.458,0,Rejected,0,2022-11-22,0,
APP806952,CUST100872,2023-12-24,Education,Skill Certification,648000,36,9.7,72100,14000,0.483,0,Approved,471000,2023-12-26,1,0
APP806953,CUST103440,2023-06-15,Education,Skill Certification,702000,48,12.14,91300,2300,0.228,0,Approved,661000,2023-06-27,1,0
APP806954,CUST100776,2023-11-07,Education,Higher Studies India,534000,12,12.46,37500,800,1.29,1,Approved,401000,2023-11-23,1,0
APP806955,CUST101201,2023-06-17,Personal,Debt Consolidation,1434000,12,21.82,37700,2000,3.0,0,Rejected,0,2023-06-24,0,
APP806956,CUST104574,2022-12-05,Auto,Two Wheeler,419000,12,12.93,46700,2900,0.863,1,Approved,377000,2022-12-11,1,0
APP806957,CUST101051,2024-04-24,Gold,Gold Loan,741000,36,13.19,24200,6300,1.295,1,Approved,521000,2024-04-29,1,1
APP806958,CUST101147,2024-06-02,Education,Skill Certification,1985000,84,11.7,38200,5700,1.059,1,Approved,1984000,2024-06-04,1,0
APP806959,CUST100373,2022-10-07,Home,Home Construction,11504000,48,8.74,93200,32400,3.0,1,Rejected,0,2022-10-17,0,
APP806960,CUST101563,2022-09-07,Personal,Debt Consolidation,1290000,48,17.73,50500,14200,1.027,0,Approved,932000,2022-09-16,1,0
APP806961,CUST104348,2023-04-02,Home,Balance Transfer,11667000,48,8.64,40400,7300,3.0,1,Rejected,0,2023-04-20,0,
APP806962,CUST104658,2023-11-06,Gold,Gold Loan,489000,12,9.29,32100,10700,1.668,1,Rejected,0,2023-11-12,0,
APP806963,CUST103324,2023-01-16,Personal,Debt Consolidation,395000,48,21.08,47400,13800,0.549,0,Approved,305000,2023-01-25,1,0
APP806964,CUST104838,2024-03-22,Personal,Travel,185000,12,23.38,10000,3400,2.084,1,Rejected,0,2024-04-11,0,
APP806965,CUST101726,2024-02-12,Personal,Home Renovation,531000,24,16.75,41100,300,0.645,0,Rejected,0,2024-02-29,0,
APP806966,CUST103248,2022-12-22,Auto,New Car,774000,36,10.16,10000,1900,2.693,1,Rejected,0,2022-12-27,0,
APP806967,CUST102205,2022-09-07,Education,Skill Certification,2939000,84,12.72,18000,1700,3.0,1,Approved,2872000,2022-09-22,1,0
APP806968,CUST104133,2023-10-27,Personal,Travel,403000,84,23.5,51100,3500,0.261,1,Rejected,0,2023-10-29,0,
APP806969,CUST104677,2023-11-14,Personal,Wedding,1177000,48,19.03,16200,2200,2.316,0,Rejected,0,2023-11-27,0,
APP806970,CUST102873,2024-04-25,Home,Balance Transfer,3831000,120,8.03,65500,11900,0.892,1,Approved,2837000,2024-05-15,1,0
APP806971,CUST100440,2023-12-04,Personal,Medical Emergency,1457000,24,16.72,24700,2600,3.0,0,Rejected,0,2023-12-12,0,
APP806972,CUST101380,2022-10-02,Auto,Two Wheeler,2192000,60,9.01,104400,36400,0.784,1,Rejected,0,2022-10-06,0,
APP806973,CUST100889,2024-05-09,Home,Home Purchase,8446000,36,8.28,34300,2400,3.0,1,Rejected,0,2024-05-26,0,
APP806974,CUST102435,2022-09-29,Auto,New Car,551000,48,10.38,40200,1300,0.383,1,Approved,390000,2022-10-11,1,0
APP806975,CUST104269,2023-04-16,Personal,Debt Consolidation,1384000,12,12.78,68500,4700,1.872,0,Rejected,0,2023-04-29,0,
APP806976,CUST101284,2023-02-12,Gold,Gold Loan,672000,24,9.83,51800,5700,0.708,1,Approved,522000,2023-03-04,1,0
APP806977,CUST104488,2023-11-20,Personal,Wedding,528000,24,19.39,91600,6300,0.36,1,Approved,395000,2023-11-22,1,0
APP806978,CUST102313,2023-12-05,Education,Skill Certification,3017000,12,11.76,41800,13200,3.0,1,Rejected,0,2023-12-09,0,
APP806979,CUST104511,2024-02-17,Auto,Used Car,420000,12,9.41,61900,10600,0.766,1,Rejected,0,2024-03-02,0,
APP806980,CUST102972,2023-10-22,Personal,Travel,1349000,36,21.35,56900,18100,1.215,0,Rejected,0,2023-11-10,0,
APP806981,CUST101066,2023-06-17,Personal,Travel,1002000,84,19.08,22900,4100,1.127,0,Rejected,0,2023-06-30,0,
APP806982,CUST100807,2024-06-21,Auto,New Car,1317000,12,10.19,18400,3000,3.0,1,Rejected,0,2024-07-11,0,
APP806983,CUST101341,2022-08-01,Personal,Travel,1077000,60,13.83,72600,14900,0.549,0,Approved,887000,2022-08-14,1,0
APP806984,CUST101981,2023-11-11,Auto,Used Car,1876000,24,11.72,49700,2500,1.823,1,Approved,1733000,2023-11-22,1,1
APP806985,CUST100812,2024-05-11,Auto,New Car,1523000,48,11.16,19300,300,2.06,1,Rejected,0,2024-05-29,0,
APP806986,CUST104059,2023-03-29,Personal,Travel,607000,60,15.78,75300,15600,0.402,0,Rejected,0,2023-04-18,0,
APP806987,CUST101534,2023-07-01,Auto,Two Wheeler,797000,36,13.11,22900,5300,1.405,1,Rejected,0,2023-07-19,0,
APP806988,CUST103801,2022-12-28,Personal,Medical Emergency,1280000,24,15.29,118800,11500,0.621,0,Approved,1199000,2023-01-12,1,0
APP806989,CUST102124,2023-05-09,Auto,Used Car,1713000,36,12.74,67200,5300,0.935,1,Approved,1585000,2023-05-14,1,0
APP806990,CUST104243,2023-05-29,Auto,Two Wheeler,534000,48,9.0,98300,17100,0.309,1,Approved,459000,2023-06-15,1,0
APP806991,CUST102563,2024-06-11,Business,Equipment Purchase,3618000,36,18.6,58000,1000,2.292,0,Approved,3553000,2024-06-13,1,0
APP806992,CUST102277,2022-08-02,Personal,Home Renovation,1068000,48,11.63,12300,1500,2.391,0,Rejected,0,2022-08-06,0,
APP806993,CUST100163,2022-09-24,Auto,Two Wheeler,277000,24,9.93,68800,2300,0.219,1,Rejected,0,2022-10-06,0,
APP806994,CUST103021,2023-09-26,Personal,Travel,921000,60,21.04,74200,13900,0.523,0,Approved,841000,2023-10-08,1,0
APP806995,CUST100257,2022-10-25,Personal,Travel,1253000,48,18.98,56600,6600,0.778,0,Rejected,0,2022-11-01,0,
APP806996,CUST101100,2024-05-02,Home,Balance Transfer,9969000,120,8.92,18000,4400,3.0,1,Rejected,0,2024-05-10,0,
APP806997,CUST104630,2023-02-15,Education,Higher Studies India,3247000,12,10.49,109900,13700,2.73,0,Rejected,0,2023-02-16,0,
APP806998,CUST102974,2022-11-30,Personal,Medical Emergency,832000,24,13.91,10000,400,3.0,0,Rejected,0,2022-12-04,0,
APP806999,CUST103063,2023-08-29,Business,Business Expansion,5981000,12,18.47,63600,7600,3.0,0,Approved,4450000,2023-09-17,1,1
APP807000,CUST101755,2022-09-23,Auto,Used Car,2369000,12,10.32,10000,3300,3.0,1,Rejected,0,2022-10-06,0,
APP807001,CUST102333,2023-04-09,Business,Working Capital,490000,12,16.35,52900,4500,0.927,0,Rejected,0,2023-04-16,0,
APP807002,CUST104442,2023-02-28,Personal,Home Renovation,527000,24,18.48,164200,7600,0.207,0,Approved,395000,2023-03-03,1,0
APP807003,CUST102430,2024-01-25,Auto,New Car,561000,60,10.76,30900,8900,0.68,1,Approved,409000,2024-02-14,1,0
APP807004,CUST101870,2024-02-19,Personal,Travel,309000,84,16.81,150100,50900,0.381,0,Approved,274000,2024-03-06,1,0
APP807005,CUST103421,2023-09-13,Personal,Home Renovation,968000,48,12.88,65500,6500,0.495,0,Approved,961000,2023-09-20,1,0
APP807006,CUST101729,2023-12-02,Education,Higher Studies India,294000,24,9.72,91000,18800,0.355,0,Approved,261000,2023-12-20,1,0
APP807007,CUST101695,2022-09-07,Auto,Used Car,355000,12,13.83,82600,9100,0.496,1,Approved,287000,2022-09-11,1,0
APP807008,CUST101419,2023-09-12,Business,Business Expansion,1812000,12,16.42,19900,2200,3.0,0,Rejected,0,2023-09-24,0,
APP807009,CUST100118,2022-10-10,Personal,Medical Emergency,1394000,84,21.13,43600,10300,0.967,0,Rejected,0,2022-10-23,0,
APP807010,CUST104958,2022-12-15,Home,Home Construction,9768000,60,9.66,11500,3900,3.0,1,Rejected,0,2023-01-03,0,
APP807011,CUST103971,2024-02-07,Auto,New Car,588000,48,13.98,42500,4900,0.493,1,Approved,483000,2024-02-26,1,0
APP807012,CUST101878,2022-08-12,Business,Working Capital,3343000,36,15.42,36500,2300,3.0,0,Rejected,0,2022-08-21,0,
APP807013,CUST104463,2022-09-04,Gold,Gold Loan,254000,36,9.85,71600,20900,0.406,1,Approved,195000,2022-09-18,1,0
APP807014,CUST100144,2023-01-15,Business,Business Expansion,5315000,60,16.97,40100,12400,3.0,0,Rejected,0,2023-01-18,0,
APP807015,CUST100022,2023-02-10,Personal,Travel,296000,12,14.31,24000,1000,1.151,0,Approved,227000,2023-02-23,1,0
APP807016,CUST100286,2022-08-16,Auto,Used Car,543000,36,11.14,38200,7800,0.67,1,Approved,433000,2022-09-03,1,0
APP807017,CUST100987,2023-02-15,Auto,Two Wheeler,1663000,48,13.87,68000,18700,0.942,1,Approved,1266000,2023-03-02,1,0
APP807018,CUST101877,2023-09-20,Auto,Two Wheeler,1151000,48,9.67,63600,11900,0.643,1,Approved,1040000,2023-10-10,1,0
APP807019,CUST103355,2024-06-25,Home,Balance Transfer,3822000,60,9.3,51700,8900,1.717,1,Rejected,0,2024-07-11,0,
APP807020,CUST103313,2023-01-24,Business,Business Expansion,2174000,12,15.88,16300,3400,3.0,0,Rejected,0,2023-02-07,0,
APP807021,CUST101049,2023-08-27,Personal,Home Renovation,312000,24,19.44,40400,11500,0.676,0,Approved,247000,2023-09-08,1,0
APP807022,CUST104838,2022-12-06,Auto,Two Wheeler,2267000,60,11.74,10000,200,3.0,1,Rejected,0,2022-12-16,0,
APP807023,CUST102528,2023-12-26,Home,Home Purchase,10343000,120,8.76,70200,18500,2.11,1,Rejected,0,2023-12-27,0,
APP807024,CUST100418,2023-03-05,Personal,Wedding,1209000,60,15.92,75700,17400,0.617,1,Rejected,0,2023-03-24,0,
APP807025,CUST100078,2023-04-23,Auto,Two Wheeler,2397000,12,12.66,17500,200,3.0,1,Rejected,0,2023-05-12,0,
APP807026,CUST100512,2024-03-13,Auto,Two Wheeler,1276000,84,10.01,55900,7200,0.508,1,Rejected,0,2024-03-18,0,
APP807027,CUST104486,2023-06-25,Gold,Gold Loan,324000,12,12.35,39200,12700,1.06,1,Approved,317000,2023-07-06,1,0
APP807028,CUST100530,2022-08-25,Personal,Wedding,1065000,84,12.38,11800,1700,1.748,0,Rejected,0,2022-09-14,0,
APP807029,CUST104309,2024-03-06,Education,Skill Certification,3986000,84,9.11,11600,2600,3.0,0,Approved,3374000,2024-03-07,1,0
APP807030,CUST100503,2022-11-25,Personal,Medical Emergency,717000,84,19.11,14300,1500,1.19,0,Approved,507000,2022-12-10,1,0
APP807031,CUST103346,2023-07-05,Personal,Debt Consolidation,407000,24,15.04,31100,8500,0.908,0,Rejected,0,2023-07-06,0,
APP807032,CUST100686,2023-07-07,Gold,Gold Loan,758000,24,14.43,95300,3100,0.416,1,Approved,637000,2023-07-14,1,0
APP807033,CUST103940,2023-08-26,Auto,New Car,2260000,84,12.48,26900,5000,1.691,1,Approved,2134000,2023-09-11,1,1
APP807034,CUST100155,2023-01-28,Personal,Medical Emergency,123000,12,16.86,45100,6200,0.386,0,Approved,112000,2023-02-12,1,0
APP807035,CUST103675,2024-01-05,Auto,Two Wheeler,1480000,84,11.57,22400,2900,1.28,1,Approved,1404000,2024-01-23,1,1
APP807036,CUST103683,2023-10-09,Personal,Medical Emergency,811000,24,17.63,29500,8400,1.653,1,Approved,743000,2023-10-28,1,1
APP807037,CUST100766,2023-04-17,Education,Study Abroad,335000,36,9.29,19500,3800,0.742,1,Approved,276000,2023-04-28,1,0
APP807038,CUST104413,2024-04-12,Gold,Gold Loan,359000,12,9.63,51600,10500,0.814,1,Approved,280000,2024-04-24,1,0
APP807039,CUST101417,2023-01-29,Business,Working Capital,1573000,12,14.17,113600,18400,1.407,0,Rejected,0,2023-02-15,0,
APP807040,CUST104014,2023-09-25,Personal,Home Renovation,1226000,84,12.89,49800,14100,0.73,0,Approved,1037000,2023-09-26,1,0
APP807041,CUST103596,2024-01-23,Personal,Wedding,235000,12,16.67,35800,11300,0.912,0,Approved,219000,2024-02-03,1,1
APP807042,CUST103377,2024-04-12,Personal,Wedding,493000,84,16.47,34400,10600,0.596,0,Approved,354000,2024-04-22,1,0
APP807043,CUST100691,2024-02-11,Business,Business Expansion,5645000,24,19.03,15400,2500,3.0,0,Rejected,0,2024-02-25,0,
APP807044,CUST102698,2024-01-22,Gold,Gold Loan,462000,24,10.78,22000,1100,1.027,1,Rejected,0,2024-02-07,0,
APP807045,CUST104804,2023-10-07,Home,Home Construction,1783000,24,8.45,111900,29700,0.99,1,Approved,1413000,2023-10-20,1,0
APP807046,CUST100478,2022-11-13,Personal,Wedding,1161000,48,14.63,25000,1600,1.347,0,Approved,1076000,2022-12-03,1,0
APP807047,CUST103930,2024-05-07,Home,Home Construction,6240000,48,9.29,43500,4100,3.0,1,Rejected,0,2024-05-08,0,
APP807048,CUST104836,2024-03-23,Personal,Debt Consolidation,293000,36,11.21,41900,5500,0.361,0,Approved,255000,2024-03-29,1,0
APP807049,CUST100569,2024-01-19,Auto,Used Car,1967000,84,10.01,16800,5700,2.287,1,Rejected,0,2024-02-05,0,
APP807050,CUST100523,2023-04-04,Personal,Home Renovation,616000,24,20.37,33500,7900,1.176,1,Rejected,0,2023-04-09,0,
APP807051,CUST104420,2023-06-29,Home,Home Purchase,7927000,48,10.16,88900,19000,2.483,1,Rejected,0,2023-07-15,0,
APP807052,CUST103288,2023-08-03,Home,Plot Purchase,5198000,60,10.23,13600,3600,3.0,1,Rejected,0,2023-08-21,0,
APP807053,CUST100033,2022-12-31,Education,Study Abroad,1396000,120,10.09,37700,5100,0.626,1,Approved,1274000,2023-01-01,1,0
APP807054,CUST103492,2024-01-03,Auto,Used Car,287000,60,10.17,35100,4500,0.303,1,Approved,280000,2024-01-20,1,0
APP807055,CUST101576,2022-09-05,Business,Business Expansion,1176000,84,13.65,20800,600,1.076,0,Approved,849000,2022-09-16,1,0
APP807056,CUST101135,2024-04-25,Education,Study Abroad,3919000,120,11.29,44100,10200,1.469,0,Rejected,0,2024-05-14,0,
APP807057,CUST103953,2023-05-03,Gold,Gold Loan,212000,24,10.48,35200,4300,0.402,1,Approved,166000,2023-05-06,1,1
APP807058,CUST100975,2023-06-12,Education,Study Abroad,1950000,60,9.74,39200,400,1.059,0,Rejected,0,2023-06-17,0,
APP807059,CUST100087,2023-02-11,Education,Higher Studies India,1027000,84,10.81,40400,10700,0.698,0,Approved,757000,2023-02-25,1,0
APP807060,CUST100734,2022-11-12,Personal,Travel,808000,24,13.93,57200,13100,0.907,0,Rejected,0,2022-11-16,0,
APP807061,CUST102508,2023-02-12,Business,Working Capital,4788000,24,18.09,48300,5100,3.0,0,Rejected,0,2023-02-14,0,
APP807062,CUST101589,2022-12-04,Gold,Gold Loan,210000,12,14.39,36600,1200,0.549,1,Approved,157000,2022-12-18,1,1
APP807063,CUST101833,2023-12-22,Business,Working Capital,790000,12,13.93,27400,600,2.61,0,Rejected,0,2024-01-09,0,
APP807064,CUST102557,2024-01-30,Personal,Travel,384000,60,12.7,47600,10700,0.407,0,Approved,298000,2024-02-06,1,0
APP807065,CUST101923,2023-02-16,Home,Plot Purchase,8661000,48,8.71,26500,6900,3.0,1,Rejected,0,2023-03-04,0,
APP807066,CUST104460,2023-12-13,Auto,New Car,2134000,24,9.97,42600,200,2.314,1,Rejected,0,2023-12-28,0,
APP807067,CUST101760,2023-11-01,Auto,New Car,1152000,84,9.33,98100,20300,0.398,1,Approved,865000,2023-11-10,1,0
APP807068,CUST100555,2023-08-12,Education,Skill Certification,1860000,60,12.05,63200,9400,0.805,0,Rejected,0,2023-09-01,0,
APP807069,CUST104703,2024-02-03,Personal,Travel,1171000,36,14.84,80600,8000,0.602,0,Approved,850000,2024-02-09,1,0
APP807070,CUST104078,2024-04-30,Education,Skill Certification,2838000,24,12.0,76500,1000,1.758,0,Rejected,0,2024-05-09,0,
APP807071,CUST101525,2023-10-23,Personal,Debt Consolidation,1464000,48,20.35,60700,14600,0.98,0,Approved,1415000,2023-11-08,1,0
APP807072,CUST101210,2022-09-25,Home,Plot Purchase,8972000,24,10.35,14300,100,3.0,1,Rejected,0,2022-10-09,0,
APP807073,CUST101216,2024-03-04,Education,Higher Studies India,1906000,24,9.69,172000,21300,0.634,0,Approved,1488000,2024-03-16,1,0
APP807074,CUST101704,2023-08-24,Personal,Travel,361000,36,20.21,40400,8800,0.551,0,Approved,268000,2023-09-11,1,1
APP807075,CUST104411,2023-01-24,Education,Higher Studies India,2299000,60,9.5,218900,27600,0.347,0,Approved,1868000,2023-02-08,1,0
APP807076,CUST100837,2022-07-25,Auto,New Car,2119000,60,9.91,32000,400,1.417,1,Approved,1894000,2022-07-26,1,0
APP807077,CUST104865,2023-08-28,Auto,Used Car,2002000,48,12.55,57200,500,0.94,1,Rejected,0,2023-09-12,0,
APP807078,CUST102133,2023-05-29,Home,Plot Purchase,9031000,36,8.81,25600,1300,3.0,1,Rejected,0,2023-06-11,0,
APP807079,CUST101615,2023-07-30,Personal,Home Renovation,959000,48,14.58,27600,7300,1.226,0,Approved,710000,2023-08-08,1,0
APP807080,CUST101123,2023-07-27,Auto,Used Car,204000,60,13.7,79600,17200,0.275,1,Approved,168000,2023-07-28,1,0
APP807081,CUST104184,2023-04-23,Personal,Medical Emergency,871000,84,18.01,35200,11000,0.833,0,Rejected,0,2023-04-27,0,
APP807082,CUST102271,2023-10-08,Home,Home Purchase,3615000,48,9.69,21200,2700,3.0,1,Rejected,0,2023-10-10,0,
APP807083,CUST103168,2023-03-01,Personal,Home Renovation,469000,84,11.76,22800,1700,0.436,0,Rejected,0,2023-03-06,0,
APP807084,CUST103639,2024-05-28,Personal,Debt Consolidation,429000,60,20.55,74400,9500,0.282,0,Approved,353000,2024-06-08,1,0
APP807085,CUST103365,2023-09-12,Education,Study Abroad,3378000,36,9.47,14700,5000,3.0,0,Rejected,0,2023-09-29,0,
APP807086,CUST103836,2023-03-27,Business,Working Capital,5661000,60,14.27,56300,3700,2.418,1,Rejected,0,2023-04-05,0,
APP807087,CUST104117,2024-06-10,Education,Higher Studies India,3209000,84,12.47,10000,3200,3.0,0,Under Review,0,,0,
APP807088,CUST102044,2023-09-26,Business,Equipment Purchase,561000,84,18.26,39200,8200,0.512,0,Approved,405000,2023-09-30,1,0
APP807089,CUST102185,2022-10-08,Personal,Debt Consolidation,209000,60,12.98,15000,800,0.371,0,Approved,175000,2022-10-13,1,0
APP807090,CUST102273,2023-04-13,Gold,Gold Loan,517000,24,12.79,15800,600,1.591,1,Approved,497000,2023-04-22,1,1
APP807091,CUST101713,2022-10-17,Personal,Debt Consolidation,330000,12,20.07,55300,2500,0.598,0,Approved,254000,2022-11-01,1,0
APP807092,CUST101309,2022-10-16,Home,Home Purchase,9333000,36,8.5,31500,2800,3.0,1,Rejected,0,2022-10-19,0,
APP807093,CUST100794,2023-03-03,Personal,Home Renovation,583000,84,16.16,55700,11700,0.419,0,Approved,552000,2023-03-15,1,0
APP807094,CUST101166,2023-12-24,Home,Balance Transfer,3054000,180,8.05,35200,8000,1.059,1,Rejected,0,2024-01-03,0,
APP807095,CUST103981,2023-09-12,Gold,Gold Loan,781000,24,12.55,29100,5800,1.469,1,Approved,608000,2023-09-19,1,0
APP807096,CUST101668,2023-12-05,Education,Skill Certification,1531000,60,11.25,24800,1400,1.404,0,Approved,1443000,2023-12-17,1,1
APP807097,CUST100724,2024-06-08,Personal,Wedding,260000,36,15.62,29200,7400,0.565,0,Rejected,0,2024-06-23,0,
APP807098,CUST104947,2022-11-08,Education,Study Abroad,1714000,48,9.53,57800,7900,0.882,0,Rejected,0,2022-11-18,0,
APP807099,CUST100010,2023-02-26,Business,Business Expansion,6866000,84,18.21,58400,2500,2.528,0,Approved,6732000,2023-03-08,1,0
APP807100,CUST104493,2023-03-08,Personal,Travel,777000,24,22.49,43000,9400,1.161,0,Rejected,0,2023-03-27,0,
APP807101,CUST103213,2023-02-23,Home,Plot Purchase,3139000,12,8.36,55400,7600,3.0,1,Rejected,0,2023-03-09,0,
APP807102,CUST100337,2023-08-16,Personal,Home Renovation,126000,24,15.64,324200,12000,0.056,1,Approved,108000,2023-09-02,1,0
APP807103,CUST104454,2023-11-22,Personal,Travel,606000,60,12.46,38300,10000,0.617,0,Rejected,0,2023-12-05,0,
APP807104,CUST102546,2023-08-23,Home,Home Construction,4719000,84,8.28,62500,19800,1.504,1,Rejected,0,2023-08-24,0,
APP807105,CUST104175,2023-08-31,Personal,Home Renovation,1431000,12,11.61,31500,6800,3.0,1,Rejected,0,2023-09-02,0,
APP807106,CUST100254,2024-04-16,Auto,Two Wheeler,2213000,36,13.32,65100,8000,1.274,1,Approved,1936000,2024-04-17,1,0
APP807107,CUST102293,2022-10-24,Auto,Used Car,2239000,48,12.29,42800,5100,1.505,1,Rejected,0,2022-11-12,0,
APP807108,CUST104949,2024-03-28,Auto,Used Car,645000,84,10.5,39400,9000,0.504,1,Approved,527000,2024-04-16,1,0
APP807109,CUST103087,2023-04-29,Auto,Used Car,1458000,12,9.01,27900,1800,3.0,1,Rejected,0,2023-05-02,0,
APP807110,CUST103264,2023-08-02,Gold,Gold Loan,57000,36,9.59,43400,6300,0.187,1,Approved,56000,2023-08-17,1,0
APP807111,CUST101513,2024-03-27,Personal,Debt Consolidation,1370000,48,14.46,15300,3400,2.684,0,Rejected,0,2024-04-10,0,
APP807112,CUST104666,2024-03-20,Personal,Wedding,957000,48,13.47,58900,14700,0.69,0,Approved,803000,2024-04-02,1,0
APP807113,CUST103501,2022-10-19,Personal,Travel,1097000,84,21.27,43900,15000,0.916,0,Approved,1019000,2022-10-21,1,1
APP807114,CUST100922,2023-09-05,Auto,Used Car,2020000,24,11.69,11200,3400,3.0,1,Rejected,0,2023-09-19,0,
APP807115,CUST104608,2023-05-31,Business,Working Capital,4559000,84,13.52,26800,5700,3.0,0,Rejected,0,2023-06-15,0,
APP807116,CUST101304,2022-12-29,Auto,New Car,986000,12,9.59,16100,800,3.0,1,Rejected,0,2023-01-01,0,
APP807117,CUST100280,2023-11-28,Auto,Used Car,398000,60,13.1,10000,1700,1.078,1,Rejected,0,2023-12-14,0,
APP807118,CUST104071,2023-07-08,Personal,Medical Emergency,192000,24,11.26,42600,7900,0.396,0,Approved,137000,2023-07-09,1,0
APP807119,CUST103480,2023-09-01,Education,Higher Studies India,2752000,24,11.56,47300,9000,2.917,0,Approved,2480000,2023-09-16,1,0
APP807120,CUST100497,2022-07-26,Home,Plot Purchase,3263000,240,8.3,44100,4700,0.74,1,Rejected,0,2022-08-10,0,
APP807121,CUST103921,2022-11-16,Personal,Home Renovation,447000,12,16.99,14200,1500,2.977,0,Rejected,0,2022-11-29,0,
APP807122,CUST102614,2022-09-20,Personal,Medical Emergency,1029000,36,12.09,35400,2000,1.022,1,Rejected,0,2022-09-24,0,
APP807123,CUST101323,2023-08-01,Personal,Travel,411000,36,13.64,76000,11900,0.34,0,Approved,302000,2023-08-17,1,0
APP807124,CUST103230,2023-06-01,Auto,New Car,1704000,48,13.1,72600,22500,0.941,1,Approved,1468000,2023-06-03,1,0
APP807125,CUST102113,2022-08-22,Personal,Wedding,96000,60,12.31,42400,4800,0.164,0,Approved,82000,2022-08-31,1,0
APP807126,CUST100421,2022-11-29,Auto,New Car,481000,60,12.18,35200,4900,0.445,1,Approved,370000,2022-12-14,1,0
APP807127,CUST102735,2024-05-13,Personal,Travel,1112000,48,14.36,64200,16300,0.73,0,Rejected,0,2024-05-25,0,
APP807128,CUST100255,2023-04-25,Personal,Debt Consolidation,926000,60,17.17,24600,6200,1.193,1,Rejected,0,2023-05-13,0,
APP807129,CUST100036,2023-09-08,Personal,Wedding,989000,24,15.51,48400,12000,1.245,0,Approved,890000,2023-09-26,1,1
APP807130,CUST104305,2023-06-21,Education,Study Abroad,3732000,24,12.78,136400,44700,1.626,0,Rejected,0,2023-07-02,0,
APP807131,CUST103679,2023-11-06,Personal,Travel,1477000,12,11.84,21300,6000,3.0,0,Rejected,0,2023-11-09,0,
APP807132,CUST103154,2023-06-19,Personal,Medical Emergency,498000,84,22.43,24600,2800,0.594,0,Approved,469000,2023-07-05,1,0
APP807133,CUST104075,2023-02-06,Personal,Medical Emergency,483000,48,21.58,10400,1200,1.561,1,Rejected,0,2023-02-11,0,
APP807134,CUST102734,2022-12-24,Gold,Gold Loan,42000,24,9.32,42200,12000,0.33,1,Approved,34000,2023-01-13,1,1
APP807135,CUST100216,2022-09-27,Gold,Gold Loan,509000,12,10.34,47800,14900,1.249,1,Approved,486000,2022-10-09,1,0
APP807136,CUST104741,2023-11-15,Personal,Home Renovation,894000,84,22.12,104000,11400,0.312,1,Approved,859000,2023-11-21,1,0
APP807137,CUST104332,2024-05-22,Personal,Medical Emergency,834000,12,20.15,27400,7700,3.0,0,Under Review,0,,0,
APP807138,CUST100465,2022-07-22,Education,Skill Certification,3325000,24,11.59,90400,21300,1.959,0,Approved,3188000,2022-07-25,1,1
APP807139,CUST101416,2023-10-11,Personal,Debt Consolidation,1124000,36,13.26,52200,2500,0.776,0,Approved,813000,2023-10-30,1,0
APP807140,CUST103079,2024-02-28,Auto,New Car,337000,36,9.74,12000,800,0.968,1,Approved,260000,2024-03-14,1,1
APP807141,CUST104716,2023-12-27,Auto,Two Wheeler,1861000,24,12.43,32000,1600,2.801,1,Rejected,0,2024-01-05,0,
APP807142,CUST100890,2024-03-22,Personal,Debt Consolidation,1240000,36,20.06,26200,600,1.785,1,Rejected,0,2024-03-26,0,
APP807143,CUST101091,2022-07-29,Personal,Home Renovation,438000,24,21.33,42500,12000,0.814,0,Approved,351000,2022-08-12,1,0
APP807144,CUST102041,2024-02-24,Personal,Debt Consolidation,1197000,12,17.78,18400,1200,3.0,0,Rejected,0,2024-02-25,0,
APP807145,CUST104346,2023-02-17,Personal,Wedding,943000,36,20.05,61400,4400,0.643,1,Rejected,0,2023-03-06,0,
APP807146,CUST102786,2024-01-30,Personal,Debt Consolidation,1491000,36,22.4,42000,3000,1.435,0,Approved,1061000,2024-02-05,1,1
APP807147,CUST102874,2024-06-10,Gold,Gold Loan,528000,24,13.28,75300,25900,0.678,1,Approved,512000,2024-06-24,1,0
APP807148,CUST101269,2023-05-17,Personal,Travel,1164000,48,18.68,20000,1000,1.783,0,Approved,863000,2023-06-04,1,1
APP807149,CUST103688,2022-12-18,Personal,Debt Consolidation,1132000,60,17.23,39600,0,0.714,0,Approved,908000,2023-01-03,1,0
APP807150,CUST103890,2023-05-26,Personal,Medical Emergency,882000,48,16.4,10000,2200,2.738,0,Rejected,0,2023-06-11,0,
APP807151,CUST102606,2022-07-13,Education,Skill Certification,3743000,36,9.13,29100,3900,3.0,1,Rejected,0,2022-07-31,0,
APP807152,CUST104954,2023-09-10,Auto,New Car,2450000,12,13.95,15200,3400,3.0,1,Rejected,0,2023-09-24,0,
APP807153,CUST101437,2022-12-14,Business,Business Expansion,2712000,60,13.24,17000,3300,3.0,0,Rejected,0,2022-12-18,0,
APP807154,CUST103859,2022-07-07,Home,Plot Purchase,4638000,180,8.33,93300,31100,0.818,1,Rejected,0,2022-07-20,0,
APP807155,CUST104871,2024-02-08,Home,Plot Purchase,2689000,180,8.79,30800,6000,1.068,1,Rejected,0,2024-02-28,0,
APP807156,CUST102354,2023-04-12,Gold,Gold Loan,295000,12,9.88,33200,3600,0.889,1,Approved,209000,2023-04-22,1,0
APP807157,CUST100647,2022-09-14,Personal,Medical Emergency,1369000,24,16.13,54300,18500,1.576,0,Rejected,0,2022-09-30,0,
APP807158,CUST104706,2022-12-08,Auto,Two Wheeler,1898000,36,13.57,19600,1500,3.0,1,Rejected,0,2022-12-12,0,
APP807159,CUST104813,2023-03-16,Home,Home Purchase,10325000,36,9.55,44000,8500,3.0,1,Rejected,0,2023-04-03,0,
APP807160,CUST103548,2022-11-21,Personal,Travel,388000,60,17.66,82000,9300,0.233,0,Approved,345000,2022-11-27,1,0
APP807161,CUST101483,2022-08-18,Education,Skill Certification,3228000,12,9.11,28300,4900,3.0,0,Rejected,0,2022-08-30,0,
APP807162,CUST100684,2024-06-26,Personal,Medical Emergency,376000,48,13.33,47600,6700,0.354,0,Under Review,0,,0,
APP807163,CUST102548,2022-08-02,Personal,Travel,443000,60,21.7,86000,28700,0.475,0,Approved,345000,2022-08-08,1,0
APP807164,CUST104052,2022-09-06,Home,Home Purchase,10354000,48,8.59,161200,13000,1.667,1,Approved,7879000,2022-09-24,1,0
APP807165,CUST101242,2024-02-27,Personal,Medical Emergency,1210000,60,21.82,63200,13600,0.743,0,Rejected,0,2024-03-09,0,
APP807166,CUST101049,2024-06-15,Personal,Medical Emergency,112000,24,22.76,40400,8200,0.348,0,Under Review,0,,0,
APP807167,CUST100657,2023-05-14,Personal,Wedding,217000,36,18.42,87400,11100,0.217,0,Approved,206000,2023-05-20,1,0
APP807168,CUST102822,2023-01-16,Business,Equipment Purchase,3206000,12,14.44,13500,3800,3.0,0,Rejected,0,2023-01-25,0,
APP807169,CUST102436,2022-07-17,Personal,Debt Consolidation,1306000,24,13.84,59200,13400,1.284,0,Approved,1013000,2022-08-05,1,0
APP807170,CUST100383,2023-10-21,Personal,Home Renovation,1312000,84,15.61,10000,1700,2.747,0,Rejected,0,2023-11-07,0,
APP807171,CUST100332,2022-09-27,Business,Working Capital,2426000,36,12.1,15400,1500,3.0,0,Rejected,0,2022-10-15,0,
APP807172,CUST101149,2022-09-12,Business,Equipment Purchase,4006000,36,18.47,41800,12800,3.0,0,Rejected,0,2022-09-16,0,
APP807173,CUST100575,2023-08-21,Personal,Wedding,503000,60,15.06,205600,19500,0.153,0,Approved,396000,2023-09-02,1,0
APP807174,CUST102667,2022-12-23,Personal,Wedding,1295000,48,22.34,33400,3200,1.325,1,Rejected,0,2022-12-29,0,
APP807175,CUST101879,2024-06-01,Personal,Medical Emergency,1414000,84,16.24,84000,24500,0.628,0,Approved,1081000,2024-06-13,1,0
APP807176,CUST101283,2023-08-14,Auto,Used Car,286000,48,9.23,26200,500,0.292,1,Approved,241000,2023-08-20,1,0
APP807177,CUST102323,2022-07-21,Home,Balance Transfer,11392000,36,9.94,141400,1600,2.609,1,Rejected,0,2022-08-09,0,
APP807178,CUST103973,2023-08-29,Home,Home Construction,4187000,180,9.12,48800,13600,1.156,1,Approved,3156000,2023-09-12,1,0
APP807179,CUST101108,2023-01-23,Personal,Wedding,266000,84,23.03,53400,16100,0.422,0,Approved,190000,2023-02-11,1,0
APP807180,CUST104480,2023-11-08,Home,Home Purchase,10483000,36,8.63,24300,400,3.0,1,Rejected,0,2023-11-15,0,
APP807181,CUST101493,2023-09-22,Personal,Medical Emergency,1153000,12,16.78,32400,10800,3.0,1,Rejected,0,2023-10-06,0,
APP807182,CUST102801,2022-08-19,Business,Working Capital,3716000,36,19.24,12600,400,3.0,0,Rejected,0,2022-08-24,0,
APP807183,CUST103736,2022-11-30,Personal,Debt Consolidation,1107000,24,18.23,49000,2700,1.186,0,Rejected,0,2022-12-10,0,
APP807184,CUST101278,2023-04-23,Home,Home Purchase,10384000,240,8.69,27800,4100,3.0,1,Rejected,0,2023-04-24,0,
APP807185,CUST103459,2024-01-04,Personal,Medical Emergency,286000,60,21.38,74800,25600,0.447,0,Approved,252000,2024-01-06,1,0
APP807186,CUST101110,2023-08-23,Business,Equipment Purchase,778000,84,17.71,23200,4500,0.892,0,Rejected,0,2023-09-09,0,
APP807187,CUST102382,2022-12-19,Auto,Two Wheeler,2061000,36,13.09,39200,2600,1.842,1,Rejected,0,2022-12-30,0,
APP807188,CUST100281,2023-07-03,Auto,Two Wheeler,263000,36,10.48,91800,10000,0.202,1,Approved,196000,2023-07-15,1,0
APP807189,CUST101410,2023-06-13,Personal,Home Renovation,991000,36,14.99,50800,10500,0.883,0,Approved,765000,2023-06-17,1,0
APP807190,CUST101148,2023-12-19,Auto,New Car,1903000,48,13.74,28600,4800,1.975,1,Rejected,0,2024-01-03,0,
APP807191,CUST100274,2023-05-17,Business,Working Capital,1353000,60,17.05,33000,5200,1.177,1,Rejected,0,2023-05-28,0,
APP807192,CUST100654,2022-12-12,Auto,Two Wheeler,1744000,84,11.42,118000,9600,0.338,1,Approved,1654000,2022-12-15,1,0
APP807193,CUST104254,2023-11-17,Personal,Home Renovation,792000,24,17.82,34300,8200,1.389,0,Rejected,0,2023-11-28,0,
APP807194,CUST103969,2022-12-06,Home,Home Purchase,7556000,12,8.54,26100,3100,3.0,1,Rejected,0,2022-12-26,0,
APP807195,CUST101052,2022-12-15,Personal,Home Renovation,850000,84,20.29,37900,100,0.505,0,Approved,674000,2022-12-26,1,0
APP807196,CUST104071,2023-07-20,Business,Working Capital,2705000,36,14.27,42600,1500,2.212,0,Rejected,0,2023-08-07,0,
APP807197,CUST104846,2022-08-23,Personal,Medical Emergency,617000,84,23.93,44700,14600,0.666,0,Approved,593000,2022-08-28,1,0
APP807198,CUST100232,2023-06-11,Education,Skill Certification,511000,24,10.02,71100,5000,0.402,0,Approved,509000,2023-06-20,1,0
APP807199,CUST101669,2024-04-08,Gold,Gold Loan,725000,12,13.94,65800,19900,1.292,1,Approved,655000,2024-04-19,1,0
APP807200,CUST103080,2023-12-22,Auto,Used Car,879000,24,12.63,36600,4800,1.269,1,Approved,844000,2023-12-26,1,0
APP807201,CUST100954,2024-04-28,Auto,New Car,921000,60,11.96,22400,7800,1.262,1,Rejected,0,2024-05-14,0,
APP807202,CUST101400,2022-07-27,Personal,Travel,1343000,24,19.4,41700,4100,1.73,0,Approved,1306000,2022-08-09,1,1
APP807203,CUST102796,2024-03-06,Business,Business Expansion,769000,84,15.67,12200,2000,1.401,0,Rejected,0,2024-03-20,0,
APP807204,CUST100922,2022-09-25,Personal,Wedding,1368000,48,11.1,11200,600,3.0,0,Rejected,0,2022-09-27,0,
APP807205,CUST100247,2024-03-14,Education,Skill Certification,1228000,120,11.61,86800,29800,0.543,1,Approved,1077000,2024-03-16,1,0
APP807206,CUST103933,2023-09-23,Personal,Debt Consolidation,109000,48,16.13,19800,2200,0.268,1,Approved,92000,2023-10-10,1,0
APP807207,CUST103560,2024-05-28,Auto,Used Car,1325000,48,10.49,84000,15100,0.584,1,Approved,931000,2024-05-29,1,0
APP807208,CUST100609,2023-06-14,Personal,Debt Consolidation,458000,36,23.3,17800,800,1.044,1,Rejected,0,2023-06-24,0,
APP807209,CUST103928,2024-02-10,Gold,Gold Loan,639000,24,9.88,28600,8600,1.332,1,Approved,636000,2024-02-26,1,0
APP807210,CUST104095,2023-10-21,Personal,Debt Consolidation,1199000,48,18.66,34300,900,1.065,0,Rejected,0,2023-10-29,0,
APP807211,CUST101306,2022-12-07,Home,Home Purchase,11443000,60,10.11,35600,9200,3.0,1,Rejected,0,2022-12-17,0,
APP807212,CUST102239,2023-02-17,Auto,New Car,2485000,84,11.3,96100,26900,0.727,1,Approved,1832000,2023-03-05,1,0
APP807213,CUST100123,2023-11-12,Home,Home Purchase,4836000,12,10.4,17200,6000,3.0,1,Rejected,0,2023-11-16,0,
APP807214,CUST100984,2023-08-26,Personal,Travel,79000,24,14.98,11300,2800,0.588,0,Rejected,0,2023-09-07,0,
APP807215,CUST104728,2022-10-25,Gold,Gold Loan,128000,24,12.42,25900,5300,0.439,1,Approved,115000,2022-10-29,1,1
APP807216,CUST104707,2022-12-13,Education,Higher Studies India,3625000,24,10.97,59200,19600,3.0,1,Rejected,0,2022-12-18,0,
APP807217,CUST102874,2022-09-22,Personal,Wedding,622000,60,20.42,75300,9000,0.34,0,Approved,581000,2022-10-06,1,0
APP807218,CUST102819,2024-03-26,Personal,Wedding,149000,48,22.95,10000,2700,0.747,1,Approved,135000,2024-04-05,1,0
APP807219,CUST103047,2022-12-26,Personal,Wedding,134000,84,16.97,21300,5000,0.363,0,Approved,103000,2023-01-04,1,1
APP807220,CUST103560,2023-12-14,Business,Equipment Purchase,5341000,12,13.85,84000,20700,3.0,1,Rejected,0,2023-12-23,0,
APP807221,CUST100672,2023-06-04,Personal,Medical Emergency,568000,12,19.25,50600,4300,1.122,0,Approved,500000,2023-06-15,1,0
APP807222,CUST100988,2024-03-01,Personal,Debt Consolidation,453000,36,21.13,11000,3700,1.896,0,Rejected,0,2024-03-09,0,
APP807223,CUST103393,2024-01-17,Home,Home Construction,2262000,180,10.31,21200,4500,1.381,1,Approved,1724000,2024-02-03,1,0
APP807224,CUST101601,2023-11-13,Gold,Gold Loan,551000,36,12.44,10000,1900,2.032,1,Rejected,0,2023-11-15,0,
APP807225,CUST101118,2024-01-30,Auto,Used Car,1868000,60,9.19,17400,5100,2.529,1,Rejected,0,2024-01-31,0,
APP807226,CUST101725,2023-12-28,Personal,Medical Emergency,966000,36,17.74,70000,6500,0.59,0,Approved,716000,2024-01-14,1,0
APP807227,CUST103479,2023-01-29,Home,Balance Transfer,1957000,84,10.12,35200,700,0.948,1,Approved,1691000,2023-02-10,1,0
APP807228,CUST100441,2023-07-05,Education,Skill Certification,1511000,60,9.53,86500,27000,0.679,0,Approved,1121000,2023-07-08,1,0
APP807229,CUST100835,2023-01-17,Personal,Medical Emergency,1251000,12,17.55,80800,23600,1.708,0,Rejected,0,2023-02-05,0,
APP807230,CUST102124,2023-02-17,Gold,Gold Loan,295000,12,9.91,67200,4300,0.45,1,Approved,249000,2023-02-21,1,0
APP807231,CUST102973,2023-01-09,Home,Plot Purchase,3626000,60,10.43,24100,6800,3.0,1,Rejected,0,2023-01-23,0,
APP807232,CUST101475,2023-11-30,Auto,Two Wheeler,1649000,60,13.06,33600,10800,1.439,1,Approved,1587000,2023-12-16,1,0
APP807233,CUST101714,2023-08-04,Personal,Medical Emergency,329000,36,14.1,31000,9400,0.666,1,Rejected,0,2023-08-18,0,
APP807234,CUST101038,2024-05-02,Gold,Gold Loan,307000,24,9.18,10000,200,1.425,1,Rejected,0,2024-05-16,0,
APP807235,CUST101874,2023-08-25,Personal,Medical Emergency,1240000,12,12.1,30400,9200,3.0,0,Rejected,0,2023-09-11,0,
APP807236,CUST100700,2022-09-29,Gold,Gold Loan,355000,36,14.93,43300,13200,0.589,1,Approved,252000,2022-10-02,1,0
APP807237,CUST100446,2022-08-04,Home,Balance Transfer,11301000,84,9.82,20400,2800,3.0,1,Rejected,0,2022-08-06,0,
APP807238,CUST103272,2024-04-13,Personal,Medical Emergency,1203000,24,14.87,18300,300,3.0,0,Rejected,0,2024-05-03,0,
APP807239,CUST101594,2023-03-04,Home,Home Construction,8257000,24,8.66,18900,3100,3.0,1,Rejected,0,2023-03-13,0,
APP807240,CUST103614,2023-05-03,Auto,New Car,1761000,48,9.04,67500,11400,0.818,1,Approved,1718000,2023-05-10,1,0
APP807241,CUST100478,2022-10-13,Personal,Medical Emergency,390000,84,16.32,25000,5600,0.537,0,Approved,336000,2022-10-26,1,0
APP807242,CUST104082,2024-03-04,Home,Balance Transfer,5191000,48,10.31,59000,3200,2.299,1,Rejected,0,2024-03-11,0,
APP807243,CUST103127,2024-04-06,Auto,New Car,2446000,84,11.69,18700,3300,2.465,1,Rejected,0,2024-04-13,0,
APP807244,CUST104282,2023-05-02,Personal,Travel,196000,84,16.25,47100,14600,0.394,1,Approved,178000,2023-05-21,1,0
APP807245,CUST100626,2024-01-09,Personal,Travel,1094000,24,11.98,30200,9500,2.018,0,Rejected,0,2024-01-17,0,
APP807246,CUST100632,2022-08-05,Personal,Wedding,755000,60,17.43,17700,400,1.09,0,Rejected,0,2022-08-13,0,
APP807247,CUST101774,2024-03-19,Auto,New Car,1432000,48,13.85,37800,7200,1.222,1,Approved,1357000,2024-03-28,1,1
APP807248,CUST100547,2022-07-20,Business,Equipment Purchase,2171000,12,16.61,65400,2600,3.0,1,Rejected,0,2022-08-09,0,
APP807249,CUST102825,2022-11-29,Gold,Gold Loan,632000,36,14.3,65400,4000,0.393,1,Approved,515000,2022-12-03,1,0
APP807250,CUST101931,2024-01-11,Business,Equipment Purchase,3495000,24,18.3,116700,15100,1.629,0,Rejected,0,2024-01-28,0,
APP807251,CUST103951,2022-08-10,Home,Home Construction,7253000,24,8.13,77400,4200,3.0,1,Rejected,0,2022-08-12,0,
APP807252,CUST104268,2022-12-05,Personal,Medical Emergency,442000,12,21.53,27500,3500,1.629,0,Approved,442000,2022-12-25,1,0
APP807253,CUST100561,2022-12-10,Auto,Used Car,2144000,48,12.15,33300,2600,1.777,1,Rejected,0,2022-12-22,0,
APP807254,CUST100639,2024-05-23,Personal,Travel,817000,60,19.62,17600,4500,1.473,0,Under Review,0,,0,
APP807255,CUST100111,2024-02-16,Education,Higher Studies India,2440000,48,12.15,60100,6500,1.181,0,Approved,2263000,2024-03-02,1,1
APP807256,CUST103478,2022-12-27,Education,Study Abroad,2587000,60,10.99,18200,1700,3.0,0,Rejected,0,2023-01-06,0,
APP807257,CUST103716,2023-07-26,Personal,Travel,880000,84,15.15,17900,1800,1.052,0,Rejected,0,2023-08-07,0,
APP807258,CUST102888,2024-04-24,Education,Study Abroad,1495000,24,10.5,20200,5800,3.0,0,Rejected,0,2024-04-25,0,
APP807259,CUST104789,2024-01-04,Auto,Two Wheeler,1629000,36,13.78,42800,12700,1.595,1,Rejected,0,2024-01-07,0,
APP807260,CUST102501,2024-02-12,Home,Balance Transfer,8605000,60,9.86,58000,17200,3.0,1,Rejected,0,2024-02-20,0,
APP807261,CUST104273,2023-04-24,Auto,Two Wheeler,1854000,48,13.58,35300,3600,1.527,1,Approved,1605000,2023-05-04,1,0
APP807262,CUST102191,2024-01-13,Home,Balance Transfer,9072000,48,10.06,68700,21200,3.0,1,Rejected,0,2024-01-31,0,
APP807263,CUST100063,2022-09-14,Business,Working Capital,2826000,48,18.46,43400,5000,2.042,0,Rejected,0,2022-09-15,0,
APP807264,CUST102349,2023-08-14,Business,Equipment Purchase,4979000,36,14.95,72100,22100,2.697,0,Approved,4668000,2023-08-25,1,0
APP807265,CUST100014,2022-11-28,Auto,Used Car,382000,12,10.42,14500,1700,2.446,1,Rejected,0,2022-12-08,0,
APP807266,CUST100724,2023-09-07,Education,Skill Certification,3957000,12,10.07,29200,1000,3.0,0,Rejected,0,2023-09-08,0,
APP807267,CUST100809,2024-02-29,Gold,Gold Loan,357000,24,14.95,58400,7500,0.425,1,Approved,329000,2024-03-16,1,0
APP807268,CUST102706,2023-04-02,Personal,Home Renovation,593000,12,16.99,29300,7300,2.096,1,Approved,493000,2023-04-10,1,0
APP807269,CUST102633,2024-04-27,Personal,Medical Emergency,172000,12,21.44,146800,33300,0.336,0,Approved,124000,2024-05-01,1,0
APP807270,CUST103200,2024-05-31,Personal,Home Renovation,359000,36,20.99,91000,2700,0.178,0,Approved,293000,2024-06-07,1,0
APP807271,CUST100331,2023-02-14,Home,Balance Transfer,5572000,84,10.44,31800,3500,3.0,1,Rejected,0,2023-03-04,0,
APP807272,CUST102371,2023-01-22,Personal,Wedding,970000,84,22.12,74900,16600,0.526,0,Approved,761000,2023-01-27,1,0
APP807273,CUST102820,2024-01-20,Business,Working Capital,2319000,12,17.29,28200,6000,3.0,0,Rejected,0,2024-02-04,0,
APP807274,CUST102571,2024-05-11,Auto,New Car,361000,84,12.02,18400,5100,0.623,1,Approved,283000,2024-05-15,1,1
APP807275,CUST102313,2023-09-28,Gold,Gold Loan,37000,24,13.26,41800,10100,0.284,1,Approved,31000,2023-10-18,1,1
APP807276,CUST100057,2023-05-30,Home,Home Purchase,1524000,48,9.88,13300,700,2.954,1,Rejected,0,2023-06-10,0,
APP807277,CUST100215,2023-11-23,Home,Home Construction,10941000,60,8.49,60400,15100,3.0,1,Rejected,0,2023-12-13,0,
APP807278,CUST104741,2022-12-11,Personal,Travel,587000,60,14.42,104000,14300,0.27,1,Approved,435000,2022-12-13,1,0
APP807279,CUST102650,2024-04-25,Home,Home Construction,2220000,48,10.44,10000,0,3.0,1,Rejected,0,2024-05-04,0,
APP807280,CUST103274,2022-07-02,Personal,Travel,580000,36,13.23,28300,1800,0.756,0,Approved,521000,2022-07-16,1,0
APP807281,CUST104044,2024-03-22,Personal,Medical Emergency,1302000,84,22.17,59600,2400,0.554,0,Approved,1272000,2024-04-01,1,0
APP807282,CUST103953,2022-07-23,Personal,Home Renovation,1234000,84,11.76,35200,4000,0.729,0,Approved,1041000,2022-08-05,1,0
APP807283,CUST104586,2023-08-16,Business,Equipment Purchase,590000,84,17.2,46100,6000,0.393,1,Approved,539000,2023-08-31,1,0
APP807284,CUST102945,2024-02-11,Personal,Debt Consolidation,90000,60,23.38,40500,11900,0.357,1,Approved,65000,2024-03-01,1,0
APP807285,CUST102018,2024-04-10,Personal,Wedding,1486000,24,23.58,25100,5700,3.0,0,Rejected,0,2024-04-25,0,
APP807286,CUST104698,2022-10-11,Personal,Home Renovation,955000,12,19.52,36900,6600,2.573,0,Rejected,0,2022-10-25,0,
APP807287,CUST100483,2023-01-01,Auto,New Car,892000,48,11.87,42900,10100,0.782,1,Approved,679000,2023-01-21,1,0
APP807288,CUST104533,2023-01-23,Education,Higher Studies India,204000,120,9.71,38900,1100,0.097,0,Approved,165000,2023-02-10,1,0
APP807289,CUST101659,2022-07-17,Personal,Wedding,1148000,60,22.73,33700,9000,1.222,0,Rejected,0,2022-07-21,0,
APP807290,CUST103807,2023-08-22,Auto,Used Car,1802000,12,12.22,102400,10000,1.663,1,Approved,1552000,2023-09-02,1,0
APP807291,CUST103302,2022-07-26,Home,Home Purchase,11746000,60,9.72,30800,9800,3.0,1,Rejected,0,2022-08-13,0,
APP807292,CUST104584,2024-05-12,Business,Business Expansion,2718000,84,15.3,149200,4600,0.385,0,Approved,2148000,2024-05-13,1,0
APP807293,CUST102764,2024-04-19,Business,Equipment Purchase,937000,48,15.86,51500,15900,0.823,0,Rejected,0,2024-04-22,0,
APP807294,CUST101905,2022-11-15,Personal,Medical Emergency,530000,84,14.74,44600,6500,0.373,1,Rejected,0,2022-11-27,0,
APP807295,CUST103146,2023-08-08,Personal,Home Renovation,548000,24,17.27,21500,3400,1.424,0,Rejected,0,2023-08-14,0,
APP807296,CUST104529,2024-01-08,Personal,Home Renovation,1310000,12,20.85,19800,3900,3.0,0,Rejected,0,2024-01-14,0,
APP807297,CUST100321,2023-12-17,Auto,Used Car,1151000,12,11.24,12200,4000,3.0,1,Rejected,0,2023-12-27,0,
APP807298,CUST101133,2023-04-14,Business,Working Capital,2160000,60,19.2,29000,200,1.947,0,Rejected,0,2023-05-04,0,
APP807299,CUST103223,2023-07-16,Business,Equipment Purchase,778000,84,13.59,98100,25500,0.407,0,Approved,623000,2023-07-20,1,0
APP807300,CUST100042,2022-09-08,Auto,Two Wheeler,325000,12,9.93,31800,1100,0.932,1,Rejected,0,2022-09-28,0,
APP807301,CUST104295,2022-11-09,Personal,Debt Consolidation,886000,24,20.99,66800,2800,0.723,0,Approved,705000,2022-11-16,1,0
APP807302,CUST104231,2023-08-01,Gold,Gold Loan,132000,12,9.15,39700,500,0.304,1,Approved,108000,2023-08-12,1,1
APP807303,CUST102930,2022-09-13,Personal,Medical Emergency,195000,36,15.09,33800,9000,0.467,0,Approved,181000,2022-10-02,1,1
APP807304,CUST103254,2024-04-26,Personal,Travel,985000,36,14.92,33200,100,1.029,0,Rejected,0,2024-05-12,0,
APP807305,CUST102423,2023-02-02,Business,Business Expansion,2995000,84,19.2,19800,1500,3.0,0,Rejected,0,2023-02-13,0,
APP807306,CUST102267,2024-03-30,Home,Home Purchase,2660000,240,9.25,126200,30500,0.435,1,Approved,2347000,2024-04-18,1,0
APP807307,CUST101654,2023-07-26,Auto,New Car,627000,84,12.89,39500,1200,0.318,1,Approved,483000,2023-07-30,1,0
APP807308,CUST100562,2023-03-25,Personal,Travel,1139000,48,15.82,42000,9800,0.999,0,Approved,1085000,2023-04-11,1,0
APP807309,CUST100364,2023-09-03,Business,Business Expansion,5422000,48,13.65,22700,4700,3.0,0,Rejected,0,2023-09-22,0,
APP807310,CUST103310,2023-11-28,Personal,Medical Emergency,872000,48,23.69,32100,200,0.887,1,Rejected,0,2023-12-13,0,
APP807311,CUST101798,2022-09-04,Gold,Gold Loan,618000,36,12.52,33800,900,0.639,1,Approved,568000,2022-09-14,1,0
APP807312,CUST100698,2023-07-15,Personal,Wedding,1234000,36,17.93,35400,5300,1.408,0,Approved,892000,2023-07-22,1,1
APP807313,CUST101603,2023-04-06,Auto,Two Wheeler,1682000,36,9.95,27900,7300,2.206,1,Approved,1506000,2023-04-19,1,0
APP807314,CUST103209,2022-11-07,Personal,Travel,915000,84,21.9,258800,63900,0.33,0,Rejected,0,2022-11-11,0,
APP807315,CUST100955,2023-03-11,Personal,Debt Consolidation,303000,36,22.8,57200,1600,0.232,0,Approved,239000,2023-03-23,1,0
APP807316,CUST100151,2024-02-26,Auto,New Car,2057000,48,13.03,343600,108100,0.475,1,Approved,1673000,2024-03-04,1,0
APP807317,CUST102405,2023-01-01,Education,Study Abroad,3837000,24,11.22,10800,1800,3.0,0,Rejected,0,2023-01-19,0,
APP807318,CUST101236,2023-02-07,Business,Working Capital,2645000,36,14.63,10000,2100,3.0,1,Rejected,0,2023-02-24,0,
APP807319,CUST101629,2022-10-25,Personal,Travel,833000,24,19.56,46400,6900,1.059,0,Rejected,0,2022-11-08,0,
APP807320,CUST103081,2024-06-11,Gold,Gold Loan,37000,36,11.66,42200,9100,0.244,1,Approved,34000,2024-06-20,1,0
APP807321,CUST102053,2023-07-23,Home,Balance Transfer,9133000,240,8.32,10000,1200,3.0,1,Rejected,0,2023-08-07,0,
APP807322,CUST100494,2024-01-18,Auto,Used Car,1743000,36,10.5,33000,2200,1.784,1,Rejected,0,2024-01-24,0,
APP807323,CUST100596,2022-11-18,Personal,Travel,1304000,84,23.72,49600,3500,0.715,0,Rejected,0,2022-11-23,0,
APP807324,CUST102970,2022-07-10,Home,Home Construction,3503000,12,8.68,94900,19900,3.0,1,Rejected,0,2022-07-25,0,
APP807325,CUST100817,2024-01-17,Business,Business Expansion,3924000,60,13.66,121300,18200,0.897,0,Approved,3362000,2024-01-24,1,0
APP807326,CUST100111,2023-01-18,Auto,Two Wheeler,1662000,24,11.04,60100,5800,1.386,1,Approved,1434000,2023-01-24,1,1
APP807327,CUST101463,2024-01-07,Business,Equipment Purchase,3882000,48,16.31,63700,3200,1.786,1,Approved,3842000,2024-01-11,1,0
APP807328,CUST104122,2022-09-03,Education,Study Abroad,3849000,48,9.72,27000,3900,3.0,0,Approved,3203000,2022-09-05,1,1
APP807329,CUST101923,2022-10-30,Gold,Gold Loan,701000,24,10.7,26500,8700,1.556,1,Rejected,0,2022-11-14,0,
APP807330,CUST104939,2024-01-31,Business,Equipment Purchase,5639000,60,19.7,16000,1900,3.0,0,Rejected,0,2024-02-07,0,
APP807331,CUST104747,2023-03-24,Gold,Gold Loan,454000,36,13.14,16500,2000,1.048,1,Approved,342000,2023-04-07,1,0
APP807332,CUST102510,2022-07-02,Gold,Gold Loan,155000,36,10.36,77700,3500,0.11,1,Approved,149000,2022-07-15,1,0
APP807333,CUST104601,2023-01-07,Gold,Gold Loan,554000,36,13.35,41200,400,0.464,1,Approved,492000,2023-01-23,1,0
APP807334,CUST101757,2023-01-17,Personal,Home Renovation,1274000,48,14.83,65700,14600,0.761,0,Approved,1229000,2023-01-28,1,0
APP807335,CUST103092,2023-05-28,Personal,Wedding,144000,12,21.76,47400,14000,0.579,0,Approved,139000,2023-06-07,1,0
APP807336,CUST101299,2023-10-15,Personal,Travel,587000,24,20.5,39000,1200,0.801,1,Rejected,0,2023-11-01,0,
APP807337,CUST103451,2022-08-23,Personal,Wedding,499000,60,13.84,75700,13900,0.336,0,Rejected,0,2022-08-31,0,
APP807338,CUST103120,2022-07-01,Auto,New Car,567000,84,9.05,133300,32600,0.313,1,Approved,436000,2022-07-06,1,0
APP807339,CUST101054,2022-10-27,Business,Working Capital,4065000,84,16.36,19200,6000,3.0,0,Rejected,0,2022-11-14,0,
APP807340,CUST101357,2022-10-29,Auto,New Car,1789000,36,9.06,87100,7800,0.744,1,Approved,1456000,2022-10-30,1,0
APP807341,CUST104728,2022-09-06,Personal,Travel,1324000,36,15.03,25900,6700,2.035,0,Rejected,0,2022-09-09,0,
APP807342,CUST100281,2022-09-18,Auto,Used Car,1771000,24,10.38,91800,2300,0.919,1,Approved,1279000,2022-10-02,1,1
APP807343,CUST102656,2022-09-17,Education,Skill Certification,1913000,60,9.72,18600,1500,2.247,0,Approved,1601000,2022-09-24,1,1
APP807344,CUST102358,2023-02-28,Business,Business Expansion,5972000,12,15.83,91500,25900,3.0,0,Rejected,0,2023-03-13,0,
APP807345,CUST101994,2023-04-28,Personal,Medical Emergency,95000,48,23.0,87800,4800,0.089,0,Approved,73000,2023-04-30,1,0
APP807346,CUST102910,2022-07-22,Business,Business Expansion,6297000,36,12.66,37400,400,3.0,0,Rejected,0,2022-08-08,0,
APP807347,CUST104147,2023-03-06,Personal,Travel,320000,60,22.7,33700,7300,0.482,0,Approved,280000,2023-03-26,1,0
APP807348,CUST103257,2023-10-09,Auto,Two Wheeler,430000,60,11.01,30600,4600,0.455,1,Approved,334000,2023-10-10,1,0
APP807349,CUST100728,2023-03-12,Personal,Home Renovation,874000,84,17.92,52200,14500,0.628,0,Rejected,0,2023-03-16,0,
APP807350,CUST103772,2022-12-22,Personal,Home Renovation,254000,48,23.08,36800,5800,0.38,0,Approved,212000,2023-01-02,1,0
APP807351,CUST104728,2023-12-27,Personal,Debt Consolidation,451000,24,15.95,25900,5600,1.07,0,Rejected,0,2024-01-14,0,
APP807352,CUST104195,2024-02-23,Auto,Used Car,2434000,36,12.9,32300,7400,2.762,1,Rejected,0,2024-03-08,0,
APP807353,CUST103799,2023-07-08,Personal,Medical Emergency,391000,12,13.5,58300,1100,0.619,0,Approved,387000,2023-07-26,1,0
APP807354,CUST102158,2023-02-05,Personal,Debt Consolidation,1359000,24,22.22,100800,11000,0.81,0,Approved,967000,2023-02-17,1,0
APP807355,CUST102742,2022-08-14,Auto,Used Car,394000,60,11.26,18400,2700,0.615,1,Approved,308000,2022-08-28,1,1
APP807356,CUST103090,2023-11-30,Personal,Debt Consolidation,69000,24,23.2,32100,3500,0.222,0,Rejected,0,2023-12-13,0,
APP807357,CUST103982,2023-11-26,Home,Home Construction,9516000,180,9.35,39300,9600,2.75,1,Approved,8951000,2023-12-15,1,1
APP807358,CUST103132,2022-12-01,Home,Balance Transfer,6920000,180,9.79,53800,7400,1.503,1,Approved,5190000,2022-12-03,1,1
APP807359,CUST104142,2024-05-26,Gold,Gold Loan,259000,24,10.58,27100,8000,0.738,1,Approved,196000,2024-06-12,1,0
APP807360,CUST101887,2024-04-14,Personal,Medical Emergency,1358000,48,12.61,55200,2200,0.695,0,Approved,1131000,2024-04-15,1,0
APP807361,CUST104098,2022-11-02,Personal,Medical Emergency,1254000,48,21.95,81000,26300,0.812,0,Rejected,0,2022-11-20,0,
APP807362,CUST104145,2024-03-06,Auto,New Car,2476000,84,11.37,31100,3500,1.492,1,Rejected,0,2024-03-21,0,
APP807363,CUST104813,2023-09-16,Business,Business Expansion,4783000,60,15.08,44000,14200,2.915,0,Rejected,0,2023-09-19,0,
APP807364,CUST102992,2023-06-08,Education,Skill Certification,537000,12,12.37,171900,21800,0.405,1,Approved,434000,2023-06-21,1,0
APP807365,CUST104231,2023-08-09,Business,Equipment Purchase,758000,48,14.78,39700,11500,0.819,0,Rejected,0,2023-08-16,0,
APP807366,CUST101930,2024-04-29,Education,Higher Studies India,592000,60,10.73,22200,1500,0.643,0,Approved,547000,2024-05-04,1,1
APP807367,CUST103468,2023-10-20,Auto,Used Car,1174000,48,11.3,53600,15500,0.858,1,Rejected,0,2023-11-01,0,
APP807368,CUST103767,2023-10-16,Home,Balance Transfer,10396000,84,9.88,32500,5900,3.0,1,Rejected,0,2023-10-21,0,
APP807369,CUST100571,2022-07-10,Home,Plot Purchase,4956000,240,9.75,115700,26400,0.634,1,Approved,4008000,2022-07-17,1,0
APP807370,CUST101129,2023-09-06,Auto,New Car,2074000,84,11.06,35500,9000,1.257,1,Approved,1940000,2023-09-11,1,0
APP807371,CUST102085,2023-11-03,Business,Working Capital,2097000,48,16.02,18600,2700,3.0,0,Approved,2096000,2023-11-07,1,0
APP807372,CUST100883,2022-11-06,Personal,Home Renovation,1139000,12,20.81,148300,11100,0.789,0,Approved,1122000,2022-11-11,1,0
APP807373,CUST104622,2024-03-02,Home,Home Purchase,6296000,240,8.86,46400,10700,1.438,1,Rejected,0,2024-03-22,0,
APP807374,CUST101136,2023-07-20,Auto,Two Wheeler,1798000,48,13.75,66200,7600,0.854,1,Approved,1578000,2023-08-04,1,0
APP807375,CUST100317,2023-06-11,Personal,Medical Emergency,605000,84,18.93,31500,4100,0.545,0,Approved,546000,2023-07-01,1,0
APP807376,CUST100246,2023-07-11,Personal,Medical Emergency,1128000,60,23.96,64400,17200,0.771,0,Approved,955000,2023-07-30,1,0
APP807377,CUST102577,2023-12-22,Home,Plot Purchase,4569000,60,9.9,10000,2100,3.0,1,Rejected,0,2023-12-30,0,
APP807378,CUST102260,2024-04-10,Auto,New Car,1941000,36,9.82,32000,8200,2.206,1,Rejected,0,2024-04-22,0,
APP807379,CUST103165,2024-03-18,Auto,Two Wheeler,2466000,12,12.91,23900,1200,3.0,1,Rejected,0,2024-04-01,0,
APP807380,CUST101183,2022-09-22,Personal,Debt Consolidation,249000,84,17.32,41200,2700,0.19,0,Approved,205000,2022-10-02,1,1
APP807381,CUST103867,2024-05-18,Personal,Travel,371000,60,13.04,10400,2500,1.053,0,Under Review,0,,0,
APP807382,CUST100231,2023-09-28,Gold,Gold Loan,437000,36,9.68,49100,6500,0.418,1,Approved,419000,2023-10-12,1,1
APP807383,CUST100990,2023-07-24,Personal,Medical Emergency,342000,24,18.99,48600,11800,0.597,0,Approved,341000,2023-08-05,1,0
APP807384,CUST103419,2023-02-18,Auto,Two Wheeler,2248000,60,12.72,30700,9600,1.97,1,Approved,1729000,2023-03-01,1,0
APP807385,CUST104265,2023-10-03,Personal,Travel,470000,12,16.73,33200,11100,1.622,0,Approved,371000,2023-10-06,1,1
APP807386,CUST101427,2022-10-21,Home,Plot Purchase,11257000,84,9.96,16300,100,3.0,1,Rejected,0,2022-10-27,0,
APP807387,CUST103673,2022-12-22,Personal,Wedding,155000,48,12.5,34200,600,0.138,1,Rejected,0,2022-12-30,0,
APP807388,CUST100827,2024-06-28,Gold,Gold Loan,426000,36,9.8,40200,4500,0.453,1,Under Review,0,,0,
APP807389,CUST104700,2023-02-02,Home,Balance Transfer,9656000,36,9.42,16100,400,3.0,1,Rejected,0,2023-02-20,0,
APP807390,CUST104178,2023-08-07,Education,Higher Studies India,246000,48,11.25,45900,6700,0.285,0,Approved,189000,2023-08-15,1,0
APP807391,CUST100718,2023-05-28,Auto,Two Wheeler,524000,24,13.81,50600,0,0.497,1,Approved,382000,2023-06-15,1,1
APP807392,CUST101427,2022-11-30,Business,Business Expansion,1988000,48,17.95,16300,3400,3.0,0,Rejected,0,2022-12-19,0,
APP807393,CUST102481,2023-10-01,Home,Home Construction,7331000,36,9.53,34600,1500,3.0,1,Rejected,0,2023-10-11,0,
APP807394,CUST104747,2024-02-02,Home,Plot Purchase,8704000,60,10.06,16500,3600,3.0,1,Rejected,0,2024-02-08,0,
APP807395,CUST102255,2023-03-07,Auto,Used Car,1971000,24,11.86,22700,6800,3.0,1,Approved,1497000,2023-03-18,1,0
APP807396,CUST103691,2024-02-02,Education,Higher Studies India,656000,120,12.93,38000,5600,0.404,1,Approved,629000,2024-02-18,1,1
APP807397,CUST102047,2023-12-20,Auto,New Car,2353000,36,13.16,37000,7700,2.357,1,Approved,1746000,2023-12-24,1,1
APP807398,CUST100678,2024-02-10,Personal,Debt Consolidation,1445000,12,16.63,31000,9700,3.0,0,Rejected,0,2024-02-13,0,
APP807399,CUST100633,2022-09-13,Home,Home Construction,9574000,120,8.58,12800,2100,3.0,1,Rejected,0,2022-09-25,0,
APP807400,CUST100645,2022-08-11,Personal,Wedding,465000,24,19.5,56500,16900,0.715,0,Rejected,0,2022-08-24,0,
APP807401,CUST100066,2022-12-19,Auto,New Car,884000,12,10.56,33200,9200,2.628,1,Rejected,0,2023-01-03,0,
APP807402,CUST102916,2024-05-05,Education,Study Abroad,3079000,36,10.01,88400,25600,1.414,0,Rejected,0,2024-05-24,0,
APP807403,CUST102468,2023-07-21,Education,Skill Certification,2023000,36,10.5,31600,8200,2.342,0,Rejected,0,2023-08-05,0,
APP807404,CUST100522,2023-05-20,Auto,Used Car,1566000,12,9.73,70000,9200,2.095,1,Approved,1493000,2023-05-29,1,1
APP807405,CUST102346,2023-05-14,Education,Higher Studies India,3581000,120,12.7,10900,3100,3.0,0,Rejected,0,2023-05-31,0,
APP807406,CUST100644,2022-10-31,Personal,Medical Emergency,922000,36,22.79,19000,2900,2.025,0,Rejected,0,2022-11-04,0,
APP807407,CUST103946,2024-06-11,Personal,Home Renovation,388000,84,20.56,38600,1100,0.255,0,Approved,360000,2024-06-27,1,1
APP807408,CUST103099,2024-03-07,Personal,Debt Consolidation,1062000,48,12.76,34500,6800,1.02,0,Rejected,0,2024-03-24,0,
APP807409,CUST103270,2022-09-17,Auto,Used Car,2029000,84,13.14,41100,14300,1.249,1,Approved,1857000,2022-10-05,1,1
APP807410,CUST102450,2023-03-18,Business,Equipment Purchase,5098000,12,13.89,62500,800,3.0,0,Rejected,0,2023-04-07,0,
APP807411,CUST102227,2023-11-02,Personal,Travel,254000,24,11.21,94400,12800,0.261,0,Rejected,0,2023-11-15,0,
APP807412,CUST103132,2023-04-25,Auto,Two Wheeler,632000,36,11.17,53800,17800,0.716,1,Approved,561000,2023-05-09,1,0
APP807413,CUST103885,2023-05-09,Home,Home Construction,6384000,36,8.18,71700,7900,2.907,1,Rejected,0,2023-05-28,0,
APP807414,CUST101629,2023-08-31,Auto,Two Wheeler,1839000,48,12.47,46400,12800,1.329,1,Rejected,0,2023-09-17,0,
APP807415,CUST101610,2022-08-07,Gold,Gold Loan,760000,24,10.05,56600,10500,0.805,1,Rejected,0,2022-08-17,0,
APP807416,CUST104345,2023-01-14,Home,Balance Transfer,11310000,240,9.49,26000,8700,3.0,1,Rejected,0,2023-01-21,0,
APP807417,CUST104668,2024-03-13,Auto,Used Car,1002000,24,10.45,41800,7000,1.279,1,Rejected,0,2024-03-26,0,
APP807418,CUST101734,2022-09-17,Personal,Travel,435000,12,18.65,30900,5200,1.464,0,Rejected,0,2022-10-04,0,
APP807419,CUST104064,2023-01-23,Personal,Medical Emergency,475000,60,11.07,114600,14200,0.214,0,Approved,401000,2023-01-30,1,0
APP807420,CUST101276,2024-03-16,Personal,Home Renovation,478000,60,11.98,12900,200,0.837,0,Approved,383000,2024-03-25,1,0
APP807421,CUST101732,2022-08-03,Personal,Wedding,1156000,60,21.95,39600,8400,1.017,0,Rejected,0,2022-08-21,0,
APP807422,CUST101418,2023-04-26,Auto,Used Car,1030000,84,11.64,44600,2600,0.461,1,Approved,819000,2023-04-29,1,0
APP807423,CUST100356,2024-05-20,Home,Balance Transfer,4517000,60,8.79,30400,9800,3.0,1,Approved,3208000,2024-05-30,1,0
APP807424,CUST104766,2022-10-07,Home,Home Construction,3652000,12,10.39,31400,900,3.0,1,Rejected,0,2022-10-13,0,
APP807425,CUST101119,2024-05-20,Auto,New Car,2477000,24,13.58,23600,7000,3.0,1,Rejected,0,2024-05-22,0,
APP807426,CUST100987,2022-09-05,Gold,Gold Loan,400000,12,10.0,68000,22200,0.844,1,Rejected,0,2022-09-21,0,
APP807427,CUST100203,2024-04-01,Business,Business Expansion,743000,12,15.02,31900,10700,2.437,0,Rejected,0,2024-04-13,0,
APP807428,CUST102020,2023-04-26,Home,Balance Transfer,11553000,120,8.11,45100,15000,3.0,1,Rejected,0,2023-04-30,0,
APP807429,CUST100070,2023-10-25,Auto,Two Wheeler,1861000,48,12.42,46900,3300,1.123,1,Rejected,0,2023-10-28,0,
APP807430,CUST101195,2023-02-10,Auto,New Car,1771000,24,11.39,41300,9800,2.242,1,Rejected,0,2023-02-20,0,
APP807431,CUST100966,2022-09-10,Auto,New Car,697000,12,13.71,59900,13200,1.264,1,Approved,679000,2022-09-28,1,0
APP807432,CUST103129,2023-01-19,Gold,Gold Loan,128000,12,9.74,111200,18100,0.264,1,Approved,115000,2023-02-06,1,0
APP807433,CUST102489,2023-11-30,Personal,Home Renovation,74000,60,15.1,38700,7900,0.25,1,Rejected,0,2023-12-14,0,
APP807434,CUST103424,2022-07-22,Education,Study Abroad,1050000,84,12.35,19700,3300,1.119,0,Rejected,0,2022-08-06,0,
APP807435,CUST102972,2022-09-27,Business,Working Capital,1758000,12,13.46,56900,6500,2.88,0,Rejected,0,2022-10-12,0,
APP807436,CUST102995,2023-07-23,Personal,Medical Emergency,971000,24,18.5,13100,3400,3.0,0,Rejected,0,2023-08-12,0,
APP807437,CUST103115,2024-05-29,Gold,Gold Loan,373000,24,10.11,35100,9100,0.749,1,Approved,334000,2024-06-15,1,1
APP807438,CUST100051,2024-05-07,Auto,Two Wheeler,419000,36,12.1,97700,29500,0.445,1,Approved,326000,2024-05-16,1,0
APP807439,CUST101117,2022-11-02,Home,Balance Transfer,10227000,60,9.42,40100,7000,3.0,1,Rejected,0,2022-11-22,0,
APP807440,CUST100297,2022-08-16,Personal,Debt Consolidation,369000,48,17.67,100600,14500,0.251,0,Approved,272000,2022-08-29,1,0
APP807441,CUST101652,2022-09-25,Auto,Two Wheeler,1497000,36,9.63,12200,1700,3.0,1,Rejected,0,2022-09-29,0,
APP807442,CUST104677,2024-03-24,Auto,Two Wheeler,1621000,12,10.4,16200,3400,3.0,1,Rejected,0,2024-04-01,0,
APP807443,CUST100924,2022-09-17,Auto,Two Wheeler,1084000,36,12.41,26200,4600,1.555,1,Rejected,0,2022-10-02,0,
APP807444,CUST102864,2023-10-07,Auto,Used Car,1234000,60,11.97,27800,9200,1.319,1,Approved,1225000,2023-10-16,1,0
APP807445,CUST102718,2023-12-13,Education,Skill Certification,1527000,48,12.12,34200,6900,1.382,0,Rejected,0,2023-12-18,0,
APP807446,CUST103852,2024-03-28,Education,Skill Certification,2140000,24,10.59,21100,2400,3.0,0,Rejected,0,2024-04-17,0,
APP807447,CUST100869,2023-01-02,Home,Balance Transfer,5977000,60,8.03,60400,10000,2.175,1,Approved,4859000,2023-01-21,1,0
APP807448,CUST101806,2022-10-16,Home,Plot Purchase,11236000,48,8.04,20400,1600,3.0,1,Rejected,0,2022-11-03,0,
APP807449,CUST103698,2023-04-17,Business,Working Capital,1813000,60,13.9,10000,2300,3.0,0,Rejected,0,2023-05-02,0,
APP807450,CUST100757,2024-04-20,Education,Skill Certification,2948000,48,9.65,92600,26100,1.084,0,Approved,2693000,2024-05-03,1,0
APP807451,CUST104080,2022-07-13,Home,Plot Purchase,3780000,240,9.01,25800,1700,1.382,1,Rejected,0,2022-07-29,0,
APP807452,CUST102266,2022-11-20,Home,Balance Transfer,1643000,84,8.94,33500,2200,0.852,1,Rejected,0,2022-12-01,0,
APP807453,CUST101259,2023-10-29,Business,Equipment Purchase,4560000,84,17.83,77500,25800,1.564,1,Approved,4110000,2023-11-11,1,0
APP807454,CUST101035,2024-03-04,Education,Skill Certification,395000,84,9.56,22400,100,0.294,0,Approved,373000,2024-03-23,1,0
APP807455,CUST100678,2023-05-02,Personal,Wedding,199000,60,16.28,31000,4200,0.293,1,Approved,178000,2023-05-04,1,0
APP807456,CUST102195,2023-04-20,Auto,Two Wheeler,1973000,84,12.57,28200,7700,1.529,1,Rejected,0,2023-05-07,0,
APP807457,CUST103881,2022-10-15,Personal,Home Renovation,1373000,60,13.2,56500,1100,0.575,0,Approved,1134000,2022-10-21,1,1
APP807458,CUST104401,2023-10-25,Personal,Travel,559000,48,13.77,32000,4900,0.629,0,Approved,508000,2023-11-11,1,0
APP807459,CUST104839,2023-05-10,Personal,Medical Emergency,157000,48,21.94,45200,12300,0.381,0,Approved,125000,2023-05-17,1,0
APP807460,CUST103724,2023-05-19,Business,Working Capital,4541000,36,17.06,42300,300,3.0,0,Approved,3434000,2023-05-25,1,1
APP807461,CUST103869,2022-12-23,Personal,Debt Consolidation,923000,48,13.44,30100,4000,0.963,0,Rejected,0,2023-01-08,0,
APP807462,CUST100212,2023-12-09,Home,Plot Purchase,5157000,180,8.3,55100,12100,1.13,1,Approved,4064000,2023-12-11,1,0
APP807463,CUST102360,2023-10-03,Personal,Home Renovation,335000,84,20.57,129600,3300,0.084,0,Approved,297000,2023-10-07,1,0
APP807464,CUST104193,2023-12-26,Personal,Medical Emergency,834000,84,16.21,56600,3100,0.349,0,Approved,760000,2024-01-07,1,0
APP807465,CUST102193,2023-05-07,Auto,Two Wheeler,926000,36,11.21,57500,16600,0.817,1,Approved,650000,2023-05-20,1,0
APP807466,CUST100031,2022-10-29,Auto,New Car,350000,48,13.98,51900,2000,0.223,1,Approved,330000,2022-10-30,1,0
APP807467,CUST102473,2022-09-05,Home,Home Purchase,5281000,12,9.15,64800,7500,3.0,1,Rejected,0,2022-09-16,0,
APP807468,CUST102195,2023-06-27,Auto,New Car,1492000,12,11.97,28200,5900,3.0,1,Rejected,0,2023-07-05,0,
APP807469,CUST102553,2023-12-07,Personal,Home Renovation,975000,48,21.49,52800,10200,0.77,1,Approved,747000,2023-12-09,1,0
APP807470,CUST100468,2023-02-23,Business,Working Capital,5459000,24,19.96,68800,14200,3.0,0,Rejected,0,2023-03-08,0,
APP807471,CUST101824,2024-02-19,Business,Working Capital,2626000,84,14.84,20500,6600,2.788,0,Approved,2273000,2024-03-03,1,1
APP807472,CUST101400,2022-10-13,Personal,Wedding,1161000,84,11.83,41700,9900,0.727,0,Approved,1005000,2022-11-01,1,0
APP807473,CUST103644,2022-12-26,Gold,Gold Loan,112000,36,11.37,38300,4400,0.211,1,Rejected,0,2023-01-12,0,
APP807474,CUST102124,2024-04-19,Business,Business Expansion,6136000,12,18.57,67200,15200,3.0,0,Rejected,0,2024-05-09,0,
APP807475,CUST104894,2022-12-14,Auto,New Car,862000,36,10.42,68400,1100,0.425,1,Approved,798000,2022-12-19,1,0
APP807476,CUST102613,2024-01-18,Business,Business Expansion,3851000,60,18.66,49400,13000,2.269,0,Rejected,0,2024-01-22,0,
APP807477,CUST100717,2023-01-08,Home,Plot Purchase,4469000,24,8.16,26500,3400,3.0,1,Rejected,0,2023-01-17,0,
APP807478,CUST104381,2023-01-18,Business,Business Expansion,1275000,60,13.97,30200,1100,1.019,0,Rejected,0,2023-01-27,0,
APP807479,CUST103237,2023-01-26,Education,Study Abroad,1336000,60,12.53,11800,2600,2.771,1,Rejected,0,2023-02-09,0,
APP807480,CUST103016,2022-08-26,Education,Higher Studies India,1681000,60,10.36,100800,8000,0.437,0,Approved,1532000,2022-09-15,1,0
APP807481,CUST104555,2023-12-10,Personal,Debt Consolidation,1471000,24,21.3,51900,2000,1.5,0,Rejected,0,2023-12-16,0,
APP807482,CUST101771,2023-11-08,Business,Equipment Purchase,4017000,60,19.79,41300,7800,2.756,0,Rejected,0,2023-11-09,0,
APP807483,CUST103357,2024-05-02,Education,Higher Studies India,3320000,48,9.68,12500,1900,3.0,1,Rejected,0,2024-05-11,0,
APP807484,CUST100555,2022-08-20,Home,Home Construction,1572000,48,10.35,63200,13200,0.845,1,Rejected,0,2022-08-30,0,
APP807485,CUST103581,2023-02-24,Personal,Home Renovation,426000,24,23.39,38800,5800,0.726,0,Rejected,0,2023-03-13,0,
APP807486,CUST104080,2024-05-01,Auto,New Car,2353000,60,12.66,25800,400,2.071,1,Approved,2041000,2024-05-02,1,0
APP807487,CUST102171,2023-11-06,Gold,Gold Loan,460000,12,12.83,11200,3400,3.0,1,Rejected,0,2023-11-10,0,
APP807488,CUST103014,2022-09-26,Personal,Medical Emergency,766000,24,18.52,108200,36100,0.689,0,Rejected,0,2022-09-29,0,
APP807489,CUST104586,2024-04-24,Personal,Medical Emergency,1121000,84,18.22,46100,7600,0.679,0,Approved,1046000,2024-04-27,1,1
APP807490,CUST103498,2022-08-17,Education,Study Abroad,2800000,60,9.48,58700,2700,1.047,0,Rejected,0,2022-08-22,0,
APP807491,CUST102721,2024-03-23,Home,Home Construction,10594000,84,9.15,24200,5700,3.0,1,Rejected,0,2024-03-29,0,
APP807492,CUST103503,2022-07-25,Home,Home Construction,10857000,120,9.57,37900,2200,3.0,1,Rejected,0,2022-07-28,0,
APP807493,CUST101841,2023-11-05,Home,Plot Purchase,6805000,240,9.75,82800,25900,1.092,1,Approved,4820000,2023-11-22,1,0
APP807494,CUST103525,2022-11-19,Business,Working Capital,6583000,24,15.37,28400,9200,3.0,0,Rejected,0,2022-11-25,0,
APP807495,CUST101009,2023-10-30,Personal,Wedding,575000,12,15.58,14700,3600,3.0,1,Approved,496000,2023-11-02,1,0
APP807496,CUST104907,2024-03-20,Home,Home Construction,9310000,60,9.63,123000,21900,1.772,1,Approved,7568000,2024-03-22,1,0
APP807497,CUST100502,2023-08-26,Business,Equipment Purchase,6525000,36,19.74,32600,10700,3.0,0,Rejected,0,2023-09-15,0,
APP807498,CUST100827,2023-05-13,Personal,Wedding,122000,48,17.18,40200,9400,0.322,0,Approved,101000,2023-05-17,1,0
APP807499,CUST101166,2024-04-05,Home,Home Purchase,11071000,36,10.36,35200,4300,3.0,1,Rejected,0,2024-04-10,0,
APP807500,CUST100461,2023-02-14,Education,Skill Certification,810000,84,12.59,36500,6600,0.58,0,Approved,590000,2023-02-23,1,0
